ChEMBL ID,SMILES,Predicted_pIC50
CHEMBL246475,O=C(Nc1ccccc1)Nc1ccc(/C=C2\C(=O)Nc3ccccc32)cc1,6.114724159240723
CHEMBL533057,COc1ccc2nccc([C@@H](O)CN3CCC(NC(=O)C(=Cc4ccc(C#N)cc4)c4ccc(-c5ccccc5)cc4)CC3)c2c1,4.433844566345215
CHEMBL93652,CCN(CC)CCCCN1c2ccccc2C=Cc2ccccc21,4.956101417541504
CHEMBL328738,CCCCC(=O)N(Cc1ccc2c(c1)Oc1ccccc1C=C2c1nnn[nH]1)[C@H](C(=O)O)C(C)C,5.239676475524902
CHEMBL435268,COc1cc2c(cc1OC)C1=C(c3ccccc3OC)C(=O)C(=O)N1CC2,4.5389299392700195
CHEMBL397687,O=C(O)c1cccc(C2=C(c3cc(Br)ccc3OCc3ccccc3)CCC2)c1,5.614063739776611
CHEMBL127674,Cc1ccc(C2=C(c3ccc(S(C)(=O)=O)cc3)CCC2)cc1,5.755997180938721
CHEMBL374173,COC(=O)C1=C(c2ccc(O)cc2)C2OC1C(c1ccccc1)=C2c1ccccc1,4.997331619262695
CHEMBL391100,COc1ccc(/C=C/c2cc(OC)c(CCCCCCCCCCCCCCCCO)c(OC)c2)cc1,5.092355251312256
CHEMBL75720,CCC[C@@H]1C(c2ccc(O)cc2)=C(CC)c2ccc(O)cc21,4.789247512817383
CHEMBL163606,COc1cc(C2=C(c3ccc4c(c3)OCO4)COC2=O)cc(OC)c1OC,4.652732849121094
CHEMBL176232,COc1c(N)cc(/C=C/c2ccc3ccccc3c2)cc1N,4.42996883392334
CHEMBL175736,COc1cc(/C=C/c2cccc(O)c2)cc(OC)c1,4.470743179321289
CHEMBL170258,Fc1ccc(/C(=C(/c2ccccc2)C(F)(F)F)c2ccccc2)cc1,5.889484405517578
CHEMBL265086,CS(=O)(=O)c1ccc(OCc2ccccc2)c(C2=C(c3cccc(C(=O)O)c3)CCC2)c1,5.630987167358398
CHEMBL451311,Oc1cc(O)cc(/C=C/c2ccc(F)cc2)c1,4.166196346282959
CHEMBL170020,Fc1ccccc1C(=C(c1ccccc1)c1ccccc1)C(F)(F)F,5.646349906921387
CHEMBL278139,CCOC(=O)c1ccc(/C=C(\C)c2ccc3c(c2)C(C)(C)CC[S+]3[O-])cc1,5.764359474182129
CHEMBL210063,O=C1CCC2(Cc3ccccc3)Cc3cc(O)ccc3C2=C1c1ccc(OCCN2CCCCC2)cc1,4.795232772827148
CHEMBL200566,CO[C@]1(C#CC(O)C2c3ccccc3C=Cc3ccccc32)CN2CCC1CC2,5.033197402954102
CHEMBL38103,CC(=C(c1ccc(O)cc1)c1ccc(O)cc1)c1ccc(O)cc1,4.322720527648926
CHEMBL146987,CNCCSC1=Cc2ccccc2Oc2ccccc21,5.194833755493164
CHEMBL80443,CC(C)(C)c1ccc(C2=Cc3cc(Cl)ccc3C3=NCCN23)cc1,6.076329231262207
CHEMBL132672,CC1=CC(C)(C)Nc2ccc3c(c21)/C(=C/c1ccccc1C(C)C)Oc1ccc(F)cc1-3,5.8905720710754395
CHEMBL422726,Cc1ccc(C(=C(c2ccccc2)c2ccccc2)C(F)(F)F)cc1,5.827517986297607
CHEMBL284937,CCc1cc2c(cc1/C(C)=C/c1ccc(C(=O)O)cc1)C(C)(C)CCC2(C)C,6.8933210372924805
CHEMBL509559,CCCC(=O)c1ccc2c(c1)/C(=C1\C(=O)N([C@@H]3O[C@H](COC(C)=O)[C@@H](OC(C)=O)[C@H](OC(C)=O)[C@H]3OC(C)=O)c3ccccc31)C(=O)N2,4.674521446228027
CHEMBL295055,C/C(=C(\C(=O)c1ccc(OCCN2CCCC2)cc1)c1ccccc1)c1ccccc1,5.004165172576904
CHEMBL444673,COc1ccccc1/C=C1/C(=O)Nc2ccccc21,5.389484405517578
CHEMBL326388,COc1ccc(C=C2c3ccccc3C(=O)c3ccccc32)cc1OC,5.207488059997559
CHEMBL82537,O=C(O)CCC/C=C\C[C@@H]1[C@H]2CC[C@H](C2)[C@H]1NS(=O)(=O)c1ccc(/C=C/c2ccccc2)cc1,4.35473108291626
CHEMBL133296,O=C(O)c1ccc(C=C2c3cccc(O)c3C(=O)c3c(O)cccc32)cc1,5.491606712341309
CHEMBL11024,Cc1ccc2c(c1)C=Cc1cc(C(C)C(=O)O)ccc1S2,4.215214252471924
CHEMBL455488,Oc1cc(/C=C/c2ccccc2)cc(O)c1O,5.290251731872559
CHEMBL52285,CS(=O)(=O)c1ccc(C2=C(c3cccc(F)c3)C(=O)OC2)cc1,5.371849060058594
CHEMBL304806,CCN(CC)C1=NS(=O)(=O)C(c2ccccc2)=C1c1ccc(OC)cc1,4.915951728820801
CHEMBL140137,C/C(=C\c1ccc(C(=O)O)cc1)c1ccc2c(c1)C(C)(C)CC(C)(C)S2,6.856325149536133
CHEMBL9684,C[Si](C)(C)c1ccc(C2=Cc3ccccc3C3=NCCCN23)cc1,6.578435897827148
CHEMBL465542,COc1ccc(/C=C/c2cc(O)cc(OC)c2)cc1,4.399177074432373
CHEMBL142652,OC[C@H]1O[C@@H](Oc2cc(O)cc(/C=C/c3ccc(O)cc3)c2)[C@H](O)[C@@H](O)[C@@H]1O,3.7823846340179443
CHEMBL422832,Oc1cc(O)cc(/C=C/c2ccc(O)c(Br)c2)c1,4.188721179962158
CHEMBL75284,CCc1ccc(/C=C\c2cc(OC)c(OC)c(OC)c2)cc1,4.644120216369629
CHEMBL498917,COc1cc(O)cc(/C=C/c2ccc(O)cc2)c1,4.263546466827393
CHEMBL449735,CC/C(=C\c1ccc(C(F)(F)F)cc1)c1cc(O)cc(O)c1,4.279911041259766
CHEMBL498439,Oc1ccc(/C=C/c2cc(O)cc3c2[C@H](c2cc(O)cc(O)c2)[C@@H](c2ccc(O)cc2)O3)cc1,4.80355978012085
CHEMBL495365,CC(C)c1onc(COc2c(F)cccc2Cl)c1COc1ccc(/C=C/c2cccc(C(=O)O)c2)c(Cl)c1,4.611138820648193
CHEMBL457853,O=C(O)CC1=C/C(=C\c2ccc(Br)cc2)c2ccc(F)cc21,3.3358888626098633
CHEMBL513053,CC/C(=C\c1cc(O)cc(O)c1)c1ccc2ccccc2c1,5.044624328613281
CHEMBL441672,COc1ccc(/C=C\c2ccc3ccccc3c2)cc1C(=O)CN,4.39539909362793
CHEMBL32530,C[N+](C)(CCCCCC[N+](C)(C)CCCN1C(=O)c2ccccc2/C1=C\c1ccccc1)CCCN1C(=O)c2ccccc2/C1=C\c1ccccc1,7.015767574310303
CHEMBL244723,COc1ccc(/C=C\c2cccc(O)c2)cc1,4.194889068603516
CHEMBL511529,COc1ccc(/C=C\c2cc(OC)c3ccoc3c2)cc1O,4.273455619812012
CHEMBL351785,CN(O)C(=O)/C(=C/c1ccc2ccccc2c1)c1ccccc1,5.195308685302734
CHEMBL367643,CN(O)C(=O)/C(=C/c1ccc2ccccc2c1)c1ccc(Br)cc1,5.138700485229492
CHEMBL221822,COc1ccc(C2=C(c3cc(OC)c(OC)c(OC)c3)C(=O)C(OC(C)=O)C2)cc1F,3.7915449142456055
CHEMBL195287,COc1ccc(/C=C/c2cc(OC)c(O)c(OC)c2)cc1O,4.419618129730225
CHEMBL133930,O=S(=O)([O-])c1cc(N=C=S)ccc1/C=C/c1ccc(N=C=S)cc1S(=O)(=O)[O-].[Na+].[Na+],6.38467264175415
CHEMBL486184,COc1ccc(/C=C\c2cc(OC)c3c(c2)OCO3)cc1NC(=O)[C@@H](N)Cc1ccc(OP(=O)(O)O)cc1,5.288081645965576
CHEMBL132578,CC1=CC(C)(C)Nc2ccc3c(c21)/C(=C/c1ccccc1OC(F)(F)F)Oc1ccc(F)cc1-3,6.022955417633057
CHEMBL359307,COc1ccc(/C=C\c2cc(OC)c3c(c2)OCO3)cc1N,4.121260166168213
CHEMBL91119,C/C(=C/c1ccccc1C(=O)O)c1ccc2c(c1)C(C)(C)CCC2(C)C,6.654787063598633
CHEMBL64172,CN(C)CCOc1ccc(C2=C(c3ccccc3)CCc3ccccc32)cc1,4.789684295654297
CHEMBL73554,O=C1Nc2ccc(C(=O)c3ccccc3)cc2/C1=C/c1cc(Br)c(O)c(Br)c1,5.744848251342773
CHEMBL472468,Oc1ccc(C2=C(c3ccc(OCCN4CCCC4)cc3)CCOc3cc(F)ccc32)cc1,3.849699020385742
CHEMBL139149,O=C1OC(=O)C(c2ccc(O)c(O)c2)=C1c1ccc(O)c(O)c1,4.247825622558594
CHEMBL476494,COc1cc(/C=C/c2ccc(OC)c(O[Si](C)(C)C(C)(C)C)c2O[Si](C)(C)C(C)(C)C)cc(OC)c1OC,7.125571250915527
CHEMBL381099,COc1ccc(C2=C(c3ccc(OC)cc3)C(=O)NC2=O)cc1,5.079977035522461
CHEMBL379415,Oc1ccc2c(c1)OC(c1ccc(OCCN3CCCCC3)cc1)C1=C2COc2cc(O)ccc21,3.6890621185302734
CHEMBL380469,CCCCC12CCC(=O)C(c3ccccc3)=C1c1ccc(O)cc1C2,6.436886787414551
CHEMBL207368,COc1cc(/C=C\c2cc(OC)c(OC)c(OC)c2)cc(OC)c1,4.622225761413574
CHEMBL423604,CCN(CC)CCCCOc1ccccc1/C=C/c1ccccc1,4.158661842346191
CHEMBL320571,COc1ccc(/C=C/c2cc(O)cc(O[C@@H]3O[C@H](CO)[C@@H](O)[C@H](O)[C@H]3OC(=O)c3cc(O)c(O)c(O)c3)c2)cc1O,4.553873062133789
CHEMBL193716,COc1ccc(/C=C(/C)c2cc(OC)c(OC)c(OC)c2)cc1O,4.471951961517334
CHEMBL115002,O=C1c2ccccc2C(=Cc2cc(Cl)cc(Cl)c2)c2ccccc21,5.4258599281311035
CHEMBL527116,COc1cc(/C=C\c2ccc(OC)c3nc4ccccc4nc23)cc(OC)c1OC,5.072551727294922
CHEMBL415043,CN1C(=O)C(Cc2ccc(/C=C/c3ccccc3)cc2)NC(=O)c2cc(Cl)ccc21,5.3455023765563965
CHEMBL364969,COc1ccc(/C=C\c2ccccc2)cc1O,4.833513259887695
CHEMBL195538,COc1ccc(/C=C\c2ccc(C)c(C)c2)cc1F,4.633594512939453
CHEMBL373764,CCc1cccc2c1CNc1c(cccc1CCc1ccccc1)/C=C\2COc1ccc(F)cc1,4.447298526763916
CHEMBL221609,O=c1cc(-c2cccc(/C=C/c3ccc(F)cc3)c2)sc(N2CCOCC2)c1,4.571290016174316
CHEMBL221616,O=c1cc(-c2ccc(/C=C/c3ccc(Cl)cc3)cc2)sc(N2CCOCC2)c1,4.113445281982422
CHEMBL383922,COc1ccc(/C=C/c2ccc(C)cc2)cc1,3.939908742904663
CHEMBL391567,COc1cc2c(cc1OC)/C(=C\c1ccc(O)cc1)C(=O)N2,4.7990312576293945
CHEMBL355343,COc1ccc(C(=C(c2ccccc2)C(F)(F)F)c2ccc(OC)cc2)cc1,6.184469223022461
CHEMBL375547,CCc1cccc2c1CNc1c(cccc1CCc1ccccc1)/C=C\2COc1ccccc1C(F)(F)F,4.551211357116699
CHEMBL219447,CCc1cccc2c1CNc1c(cccc1CCc1ccccc1)/C=C\2COc1cccc(F)c1,4.421022415161133
CHEMBL229955,COc1ccc2c(c1)CCC(c1ccc(OC)c(OC)c1)=C2,4.455147743225098
CHEMBL229304,C1=C(c2ccc3c(c2)OCO3)CCc2ccccc21,4.786623001098633
CHEMBL118915,COc1ccc2c(c1)N(C)C1Nc3ccccc3C1=C2,5.400995254516602
CHEMBL348301,CN1CCN(CCCCOc2ccccc2/C=C/c2ccccc2)CC1,4.114933967590332
CHEMBL86663,C/C(=C/c1ccc(C(=O)O)cc1)c1ccc2c(c1)C(C)(C)CCC2(C)C,6.781250476837158
CHEMBL118104,COc1cc(/C=C/c2ccc(O[Si](C)(C)C(C)(C)C)cc2)cc(OC)c1,7.011325836181641
CHEMBL176181,COCCOc1cc(/C=C\c2ccc3ccccc3c2)ccc1OC,5.322857856750488
CHEMBL109860,COc1cc(O)cc(/C=C/c2ccc(OC)c(OC)c2)c1,4.6249260902404785
CHEMBL364663,CC/C(=C(\c1ccccc1)c1ccc(S(C)(=O)=O)cc1)c1ccccc1,5.883428573608398
CHEMBL187893,CN(C)CCOc1ccc(C2=C(c3ccc(C#N)cc3)CCOc3ccccc32)cc1,5.123680114746094
CHEMBL486585,O=S(=O)([O-])Oc1cc(/C=C/c2ccc(O)cc2)cc(O[C@@H]2O[C@H](CO)[C@@H](O)[C@H](O)[C@H]2O)c1.[K+],4.657174110412598
CHEMBL461031,COc1cc(/C=C/c2ccc(NC(=O)CNP(=O)(OC(C)C)OC(C)C)cc2)cc(OC)c1,6.117858409881592
CHEMBL284167,C/C(=C\c1ccc(C(=O)O)cc1)c1cc2c(cc1Br)C(C)(C)CCC2(C)C,6.725791931152344
CHEMBL237509,C=CCCOc1ccccc1/C=C/c1c(C(=O)O)c(OC)cc2c1C(=O)c1c(OC)cccc1C2=O,4.596513748168945
CHEMBL312130,Fc1ccc(C2=Cc3ccccc3C3=NCCN23)cc1,4.973965644836426
CHEMBL309503,CCCCc1ccc(/C(=C(\CC)c2ccccc2)c2ccc(OCCN(C)C)cc2)cc1,4.834181785583496
CHEMBL190038,CSC1=C(c2ccc(O)cc2)C(=O)c2cc(O)cc(O)c21,4.533590316772461
CHEMBL78137,CC(C)(C)c1ccc(C2=Cc3ccc(Cl)cc3C3=NCCN23)cc1,6.142248153686523
CHEMBL368232,COc1cc(/C=C/c2ccc3c(ccn3S(=O)(=O)c3ccccc3)c2)cc(OC)c1OC,5.96937894821167
CHEMBL256761,COc1cc(/C=C/c2ccc(OC)c([N+](=O)[O-])c2[N+](=O)[O-])cc(OC)c1OC,4.575826168060303
CHEMBL363420,COc1ccc(/C=C2\OC(=O)c3cc([N+](=O)[O-])c([N+](=O)[O-])cc32)cc1,3.599930763244629
CHEMBL181484,CC/C(=C(/CCCCCC(=O)N(C)CCCSCCCC(F)(F)C(F)(F)F)c1ccc(O)cc1)c1ccc(O)cc1,5.195147514343262
CHEMBL470250,Oc1ccc(/C=C/c2cc(O)cc(O[C@@H]3OC[C@@H](O)[C@H](O)[C@H]3O)c2)cc1,3.5281286239624023
CHEMBL196389,CN(C)c1ccc(/C=C/c2ccc(OCC(CO)CF)cc2)cc1,3.653493642807007
CHEMBL86363,COc1ccc(C2=C(c3ccc(S(C)(=O)=O)cc3)CC3(CC3)C2)cc1Br,6.016852378845215
CHEMBL91832,CC1(C)C(=O)C(c2ccc(F)cc2)=C1c1ccc(S(C)(=O)=O)cc1,6.307316303253174
CHEMBL463598,COc1cc(/C=C/c2cc(OC)c3c(c2)OC(C)(C)C=C3)ccc1O,6.84665060043335
CHEMBL179029,COc1ccc(/C=C/c2ccc3ccccc3c2)cc1N,4.6454572677612305
CHEMBL7218,NS(=O)(=O)c1ccc(/C=C/c2ccc(F)cc2)cc1,5.567770957946777
CHEMBL426807,CS(=O)(=O)c1ccc(/C(CO)=C(/C(=O)O)c2ccc(F)c(F)c2)cc1,5.281794548034668
CHEMBL375249,COc1cc(C2=C(c3cc(C)c(OC)c(C)c3)C(OC(C)=O)C/C2=N/O)cc(OC)c1OC,4.257230758666992
CHEMBL313597,COc1ccccc1/C=C\c1cc(OC)c(OC)c(OC)c1,5.3203511238098145
CHEMBL90623,CC1(C)CCC(C)(C)c2cc(/C=C\c3ccc(N)cc3)ccc21,6.937465667724609
CHEMBL498266,COC(=O)c1ccc2c(c1)NC(=O)/C2=C(\Nc1ccc(N(CCN(C)C)S(C)(=O)=O)cc1)c1ccccc1,4.797189235687256
CHEMBL500952,N#Cc1ccc2c(c1)NC(=O)/C2=C(\Nc1ccc(CN2CCCCC2)cc1)c1ccccc1,5.314780235290527
CHEMBL500436,O=C1Nc2cc(C(=O)O)ccc2/C1=C(/Nc1ccc(CN2CCCCC2)cc1)c1ccccc1,5.0508317947387695
CHEMBL324863,COc1ccc(C2=C(c3ccc(S(C)(=O)=O)cc3)CCC2)cc1Cl,5.2631683349609375
CHEMBL18251,CC1(O)OC(=O)C(c2ccc(Cl)c(Cl)c2)=C1c1ccc(S(C)(=O)=O)cc1,5.090863227844238
CHEMBL346307,COC1CCCN(CCCCOc2ccccc2/C=C/c2ccccc2)C1,4.247393608093262
CHEMBL372120,COc1ccc2c(c1)NC(=O)/C2=C/c1cc(OC)c(OC)c(OC)c1,4.610474586486816
CHEMBL229580,COc1ccc(/C=C/c2cc(OC)cc(OC)c2CNC2CCCCC2)cc1,4.565117359161377
CHEMBL298653,O=C1Nc2ccccc2/C1=C\c1ccc2c(c1O)CCCC2,5.536412239074707
CHEMBL90882,CN1CCN(C2=Cc3ccccc3Oc3ccc(Cl)cc32)CC1,4.935090065002441
CHEMBL375725,COc1ccc(/C=C(/C(=O)c2cc(OC)c(OC)c(OC)c2)c2ccc(OC)cc2)cc1,5.27316951751709
CHEMBL423083,CC1(C)OC(c2ccc(S(N)(=O)=O)cc2)=C(c2cccc(Cl)c2)C1=O,6.499201774597168
CHEMBL497165,COc1ccc(/C=C/c2cc(F)c(F)c(F)c2)cc1[N+](=O)[O-],3.8547005653381348
CHEMBL167875,CC/C(=C(\c1ccc(I)cc1)c1ccc(OCCN2CCCC2)cc1)c1ccc(O)cc1,4.249255180358887
CHEMBL216433,COc1ccc(/C=C\c2cc(OC)cc(OC)c2N)cc1,4.677495956420898
CHEMBL160775,C(=C/c1ccccc1OCCCCN1CCOCC1)\c1ccccc1,4.428383827209473
CHEMBL221450,COc1ccc(OC)c(C2=C(c3cc(OC)c(OC)c(OC)c3)/C(=N\O)CC2O[SiH2]C(C)(C)C)c1,6.867871284484863
CHEMBL157145,OC1CCCN(CCCCOc2ccccc2/C=C/c2ccccc2)C1,4.182489395141602
CHEMBL419378,COc1cc(/C=C/c2ccc(OC)c(O)c2)cc(OC)c1,4.208795547485352
CHEMBL103788,CN(C)c1ccc(/C=C2/C(=O)Nc3cc(F)ccc32)cc1,4.500117301940918
CHEMBL69863,Oc1cc(O)cc(/C=C/c2ccc(O)c(O)c2)c1,3.8561930656433105
CHEMBL87089,COc1cc(/C=C/c2ccc(OC(C)=O)cc2)cc(OC)c1OC,4.097170352935791
CHEMBL293174,Cc1ccc(/C(=C(/C#N)c2ccc(O)cc2)c2ccc(O)cc2)cc1,5.548559665679932
CHEMBL154590,CCN(CC)CCOc1ccc(C(C#N)=C(c2ccc(O)cc2)c2ccc(O)cc2)cc1,4.817405700683594
CHEMBL268476,O=C(O)Cc1ccc2c(c1)Oc1ccccc1C=C2,3.437910795211792
CHEMBL424131,COc1ccc(/C=C\c2cc(OC)c3c(c2)OCO3)cc1NC(=O)C(N)CS,5.1109747886657715
CHEMBL469512,Fc1ccc2c(c1)OCCC(c1ccccc1)=C2c1ccc(OCCN2CCCC2)cc1,4.780506610870361
CHEMBL111057,NS(=O)(=O)c1ccc(C2=C(c3ccc(C(F)(F)F)cc3)CCC2)cc1,5.768537521362305
CHEMBL347107,COc1ccc(/C=C\c2cc(OC)c3c(c2)OCO3)cc1NC(=O)C(N)Cc1ccccc1,5.153950214385986
CHEMBL163333,COc1cccc(/C=C2/C(C)=C(CC(=O)O)c3cc(F)ccc32)c1,4.234644889831543
CHEMBL250096,COc1ccc(C2=C(c3ccc(OC)c(OC)c3)C(=O)N3CCCC3C2)cc1,4.732854843139648
CHEMBL404086,COc1cc(/C=C\c2cc(NC(=O)[C@@H](N)CO)c(OC)c(NC(=O)[C@@H](N)CO)c2)cc(OC)c1OC,4.745206832885742
CHEMBL248347,O=C(O)c1c(O)cccc1/C=C/c1ccc(O)cc1,4.937942028045654
CHEMBL369935,CSCCC/C(=C(\c1ccc(O)cc1)c1ccc(OCCN(C)C)cc1)c1ccccc1,4.964396953582764
CHEMBL228378,NCCCCNCCCCNCCCCNC(=O)N1c2ccccc2C=Cc2ccccc21,6.362239837646484
CHEMBL354123,CC1(C)OC(c2ccc(S(C)(=O)=O)cc2F)=C(c2ccccc2)C1=O,6.258635997772217
CHEMBL494194,CC(C)c1onc(COc2c(F)cccc2F)c1COc1ccc(/C=C/c2cccc(C(=O)O)c2)c(Cl)c1,4.471733093261719
CHEMBL192908,CC(=O)OC/C(=C(\C(=O)OCC[N+](C)(C)C)c1ccc(F)c(F)c1)c1ccc(S(C)(=O)=O)cc1.[Br-],7.794337272644043
CHEMBL130257,CC1=CC(C)(C)Nc2ccc3c(c21)/C(=C/c1cccc(F)c1)Oc1c(F)cccc1-3,5.523394584655762
CHEMBL467269,CC(C)c1onc(CCc2c(Cl)cccc2Cl)c1COc1ccc(/C=C/c2cccc(C(=O)O)c2)c(Cl)c1,4.441068172454834
CHEMBL176131,CN(C)c1ccc(/C=C\c2ccc3ccccc3c2)cc1,4.527581214904785
CHEMBL504258,C/C(=C\c1ccc(O)c(O)c1)c1ccc(O)cc1,3.955190658569336
CHEMBL185345,N=C(N)c1ccc2cc(/C=C/c3ccccc3)ccc2c1,4.904674530029297
CHEMBL100994,CN(C(=O)C1C(c2ccccc2)=C1c1cccc(Cl)c1)[C@H]1CCCC[C@@H]1N1CCCC1,4.8194260597229
CHEMBL88550,COc1ccc(C2=C(c3ccc(S(C)(=O)=O)cc3)CC3(CC3)C2)cc1F,6.101480484008789
CHEMBL66352,CCN(CC)CCOc1ccc(/C(=C(\C#N)c2ccccc2)c2ccc(O)cc2)cc1,5.274192810058594
CHEMBL188635,Oc1ccc(/C=C/c2ccc(/C=C/c3ccc(O)cc3)cc2)cc1,3.4622278213500977
CHEMBL56283,Cc1cc(/C=C/c2ccccc2OCc2ccccc2)cc(C)c1O,5.171712875366211
CHEMBL81627,COc1ccc(/C(C#N)=C/c2ccccc2OC)cc1,5.598772048950195
CHEMBL86480,O=C1Nc2ccccc2/C1=C/c1ccc(N2CCOCC2)cc1,5.59160041809082
CHEMBL296701,CC(O)c1ccc(C2=C(c3ccc(S(C)(=O)=O)cc3)OC(C)(C)C2=O)cc1,6.539699077606201
CHEMBL63835,N#CC(=C(c1ccc(O)cc1)c1ccc(O)cc1)c1ccc(O)cc1,5.506195545196533
CHEMBL60007,COc1ccc(/C=C2\C(=O)N(C)c3ccc(Cl)cc32)cc1OC1CC2CCC1C2,4.485251426696777
CHEMBL380565,Nc1ccc(C2=C(c3ccc(O)cc3)Cc3cc(O)ccc32)cc1,4.4499969482421875
CHEMBL27547,CN(C)CCOc1ccc(C2Oc3ccccc3C=C2c2ccccc2)cc1,4.5330400466918945
CHEMBL348128,COc1cccc(/C=C/c2ccccc2)c1OCCCCN(C)C,4.957043647766113
CHEMBL175441,FC(F)(F)Oc1cccc(/C=C\c2ccc3ccccc3c2)c1,5.068748474121094
CHEMBL455632,COc1cc2c(cc1OC)Oc1c(OC)ccc(CCN(C)C)c1C=C2,3.11961030960083
CHEMBL86572,COc1cc(OC)c(OC)cc1/C=C/c1ccccc1,5.221314907073975
CHEMBL223142,CC(C)=CCc1c(O)cc(/C=C/c2cc(O)c3c(c2)C[C@@H]2C(C)(C)[C@H](O)CC[C@@]2(C)O3)cc1O,5.646848678588867
CHEMBL203472,CN(C)CCOc1ccc(/C(=C(/CCN=[N+]=[N-])c2ccccc2)c2ccc(O)cc2)cc1,5.177620887756348
CHEMBL180541,COc1cc(/C=C2\Cc3ccccc3/C(=C\c3ccc([N+](=O)[O-])cc3)C2=O)cc(OC)c1OC,5.7948455810546875
CHEMBL87333,Oc1ccc(/C=C\c2cc(O)cc(O)c2)cc1,3.61561918258667
CHEMBL362600,N=C(N)c1ccc2cc(/C=C/c3ccccc3)cc(Nc3ncccn3)c2c1,5.538407325744629
CHEMBL13022,C/C(=C\c1ccc(C(=O)O)cc1)c1ccc(C(C)(C)C)cc1,6.334266662597656
CHEMBL316378,COc1cc(/C=C/c2ccccc2)cc(OC)c1OC,5.385178089141846
CHEMBL159037,CN1CCN(CCCCOc2ccccc2/C=C/c2ccc(Cl)c(Cl)c2)CC1,4.102235794067383
CHEMBL346372,OC1CCCN(CCCCOc2ccccc2/C=C/c2cccc(F)c2)C1,4.808550834655762
CHEMBL396098,COc1cc2c(cc1OC)/C(=C\c1ccc(NC(=O)Nc3ccc(O)cc3)cc1)C(=O)N2,5.377516746520996
CHEMBL67365,O=C1O/C(=C\c2ccccc2)c2ccccc21,4.493490695953369
CHEMBL170693,Fc1ccc(C(=C(c2ccccc2)c2ccccc2)C(F)(F)F)cc1,5.721182823181152
CHEMBL278738,CC1(O)OC(=O)C(c2ccc(O)cc2)=C1c1ccc(S(C)(=O)=O)cc1,6.183533191680908
CHEMBL99852,Oc1cccc(/C=C/c2cc(O)cc(O)c2)c1,4.250310897827148
CHEMBL78642,C1=C(c2ccc(CN3CCCC3)cc2)N2CCN=C2c2ccccc21,5.251100540161133
CHEMBL375204,COc1ccc(C(=C2CC(c3ccc(OCCN4CCCCC4)cc3)Oc3cc(OC)ccc32)c2ccc(OC)cc2)cc1,4.1858673095703125
CHEMBL216099,O=C1c2ccccc2/C(=C/c2cc(Cl)cc(Cl)c2)c2sccc21,4.787515640258789
CHEMBL419472,CC(C)(C)c1cccc(C2=Cc3ccccc3C3=NCCN23)c1,6.194005966186523
CHEMBL376861,COc1ccc(C2=C(c3cc(OC)c(OC)c(OC)c3)C(=O)C(O)C2)cc1,4.221379280090332
CHEMBL243684,COc1ccc(/C=C\c2ccc(OC)cc2OC)cc1,4.068082809448242
CHEMBL111154,Oc1ccc(C2=C(c3ccccc3)Cc3ccccc3O2)cc1,4.985620021820068
CHEMBL34824,CC1C(=O)C(C)(C)Nc2ccc3c(c21)/C(=C/c1cccc(F)c1)Oc1ccccc1-3,5.488949298858643
CHEMBL429672,Nc1ccc(/C=C/c2ccc(-c3nc4ccc(OCCCF)cc4s3)cc2)cc1,4.804690361022949
CHEMBL310322,Cc1cc(N)ccc1/C=C/c1ccccc1,5.6610260009765625
CHEMBL133483,CCCc1ccccc1/C=C1\Oc2ccc(F)cc2-c2ccc3c(c21)C(C)=CC(C)(C)N3,5.499336242675781
CHEMBL457581,[O-][n+]1onc2ccc(/C=C/c3ccc4c(c3)OCO4)cc21,3.8735857009887695
CHEMBL456828,CC(C)OP(=O)(NCCCCCC(=O)Nc1ccc(/C=C/c2ccccc2)cc1)OC(C)C,6.42016077041626
CHEMBL344627,CC1=CC(C)(C)Nc2ccc3c(c21)/C(=C/c1ccccc1Cl)Oc1ccccc1-3,5.813087463378906
CHEMBL466232,Cc1cc(Cl)cc(C)c1OCc1noc(C(C)C)c1COc1ccc(/C=C/c2cccc(C(=O)O)c2)c(Cl)c1,3.700181484222412
CHEMBL371487,COc1ccc(/C=C\c2cc(OC)c(OC)c(OC)c2)cc1OCCO,5.01281213760376
CHEMBL497055,O=C1Nc2cc(-n3cccc3)ccc2/C1=C(/Nc1ccc(CN2CCCCC2)cc1)c1ccccc1,4.836040496826172
CHEMBL335996,COc1ccccc1/C=C1\Oc2ccc(F)cc2-c2ccc3c(c21)C(C)=CC(C)(C)N3,5.920839786529541
CHEMBL214207,CN(C)CCOc1ccc(C2=C3c4ccc(O)cc4CC3(Cc3ccccc3)CCC2=O)cc1,5.266829490661621
CHEMBL514865,O=C1Nc2cc(F)ccc2/C1=C\c1cccc(C(F)(F)F)c1,5.523412227630615
CHEMBL143334,COc1ccc(/C=C/c2cc(OC)cc(OC)c2Br)cc1,4.996265411376953
CHEMBL46529,COc1cc(C2=C(c3ccc(SC)cc3)CC3CCCN3C2=O)ccc1O,4.724367618560791
CHEMBL102223,[N-]=[N+]=Nc1ccc(C2=C(c3ccccc3)C(=O)OC2)cc1,5.8271403312683105
CHEMBL350887,CN(C)CC/C=C1/c2ccccc2C=Cc2ccc(Cl)cc21,4.948612213134766
CHEMBL402914,O=C(Cc1ccc(O)cc1)N1C(=O)C(c2ccc(O)cc2)=C(c2ccc(O)cc2)C1O,3.994209051132202
CHEMBL14744,C=CCOc1ccc2c(c1)Oc1ccccc1C(CC)=C2c1ccc(O)cc1,4.901777267456055
CHEMBL89580,Oc1ccc(C2=Cc3cc(O)ccc3C2CCCCCCN2CCCC2)cc1,3.6875715255737305
CHEMBL547684,COc1ccc(NC(=O)c2ccc(C=Cc3ccc(C(F)(F)F)cc3)cc2)cc1N1CCN(C)CC1,3.943272829055786
CHEMBL198597,Nc1ccc(/C=C/c2ccc(OCC(CO)CF)cc2)cc1,3.7949509620666504
CHEMBL323478,Oc1ccc2c(c1)OC(c1ccc(OCCN3CCCCC3)cc1)C(c1ccccc1)=C2,4.859603404998779
CHEMBL477459,COc1cc(/C=C(/C(=O)O)c2ccccc2)ccc1OC(C)=O,4.97860050201416
CHEMBL36136,CC(=O)Oc1ccc(C(=C(c2ccccc2)C(C)C)c2ccc(OC(C)=O)cc2)cc1,5.156408786773682
CHEMBL296528,CSc1ccc(C2=C(c3ccc(F)c(F)c3)C(=O)N3CCCC3C2)cc1,4.517053604125977
CHEMBL296717,COc1ccc(C2=C(c3cc(OC)c(OC)c(OC)c3)CC3CCCN3C2=O)cc1O,4.41771936416626
CHEMBL36679,CC/C(=C(\c1ccccc1)c1ccc(/C=C/C(N)=O)cc1)c1ccccc1,4.913346290588379
CHEMBL78928,N=C(Nc1ccccc1I)Nc1ccccc1/C=C/c1ccccc1,6.209660530090332
CHEMBL192540,COc1ccc(/C=C\c2cc(C)c(C)c(C)c2)cc1,3.849147081375122
CHEMBL342340,CC/C(=C(\c1ccc(C)cc1)c1ccc(OCC(=O)O)cc1)c1ccccc1,4.686061859130859
CHEMBL12962,CC(C)(C)c1cccc(/C=C/c2ccc(C(=O)O)cc2)c1,6.195672035217285
CHEMBL190631,CC/C(=C(/CC)c1ccc(OCCN(CC)CC)cc1)c1ccc(OCCN(CC)CC)cc1,3.5367259979248047
CHEMBL198282,CC(=O)Oc1ccc(/C=C2/C(=O)Oc3ccc(OC(C)=O)cc32)cc1,3.5023205280303955
CHEMBL18316,CC1(O)OC(=O)C(c2ccccc2)=C1c1ccc(S(C)(=O)=O)cc1,5.987737655639648
CHEMBL11663,CC/C(=C(\Cc1ccccc1)c1ccc(OCN2CCCCC2)cc1)c1ccccc1,4.421511650085449
CHEMBL278888,CC/C1=C(\c2ccc(O)cc2)c2ccc(OCC(O)CO)cc2SCc2ccccc21,4.671095848083496
CHEMBL373095,O=C1C(c2ccc(O)cc2)=C(c2ccccc2)c2cc(O)ccc21,5.3634819984436035
CHEMBL49606,COc1ccc(N2CC(c3ccc(S(C)(=O)=O)cc3)=C(c3ccc(F)cc3)C2=O)cc1,5.714925765991211
CHEMBL422830,Cc1c(C)c2ccc(/C=C/c3ccccc3)cc2oc1=O,4.250400543212891
CHEMBL98440,CSc1ccc(C2=C(c3ccccc3)CN(C)O2)cc1,4.1756792068481445
CHEMBL75468,C/C(=C\c1ccc(C(=O)O)cc1)c1ccc2c(c1)SCCC2(C)C,7.363831996917725
CHEMBL10088,CC(C)(C)c1ccc(C2=Cc3ccc(N/C(S)=N/C4CCCCC4)cc3C3=NCCCN23)cc1,6.219699859619141
CHEMBL289582,CC/C(=C(/c1ccc(OCCN(C)C)cc1)c1ccc(O)cc1C)c1ccccc1,4.394260406494141
CHEMBL147914,O=C(/C(=C/c1ccccc1)c1ccccc1)c1ccccc1,5.773638725280762
CHEMBL518933,O=S(=O)([O-])Oc1ccc(/C=C/c2cc(O)cc(O[C@@H]3O[C@H](CO)[C@@H](O)[C@H](O)[C@H]3O)c2)cc1.[K+],4.739991664886475
CHEMBL407035,CS(=O)(=O)c1ccc(/C=C(/C(=O)O)c2ccc(F)cc2)cc1,5.496155738830566
CHEMBL401178,COc1ccc(C2=C(c3ccc(Cl)cc3)C(=O)N3CCCC3C2)cc1,4.568193435668945
CHEMBL8462,CCCCCC(O)c1cccc(/C=C\c2ccccc2)c1,5.38204288482666
CHEMBL383533,CN(C)CCOc1ccc(/C(=C(/CCCCO)c2ccccc2)c2ccc(O)cc2)cc1,5.149472713470459
CHEMBL417378,Cc1cc(/C=C/c2ccc(C(=O)O)cc2)cc(C)c1O,3.834028720855713
CHEMBL496463,C[S+]([O-])c1ccc(/C=C2\C=C(CC(=O)O)c3cc(F)ccc32)cc1,3.747493028640747
CHEMBL11225,CC/C(=C(/c1ccccc1)c1ccc(OC(C)=O)cc1)c1ccccc1,5.377371311187744
CHEMBL28094,COC1=C(c2ccccc2)C(=O)c2ccccc21,5.48753547668457
CHEMBL188624,CCCC/C(=C(\c1ccccc1)c1ccc(S(C)(=O)=O)cc1)c1ccccc1,5.617712497711182
CHEMBL34463,C/C(=C\c1ccc(C#N)cc1)c1ccc2c(c1)C(C)(C)CCO2,7.063668251037598
CHEMBL355219,CC(=O)c1ccc(C2=C(c3ccc(S(C)(=O)=O)cc3)OC(C)(C)C2=O)cc1,6.546921730041504
CHEMBL113029,COc1ccc(/C=C/c2cc(O)cc(O)c2)cc1O,4.287574291229248
CHEMBL397302,O=[N+]([O-])c1ccc(/C=C/c2ccc(O)c(O)c2)c([N+](=O)[O-])c1,4.1502275466918945
CHEMBL356326,COc1ccc(/C(C)=C/c2ccc(C(=O)O)cc2)cc1C1(C)CCCCC1,6.904333114624023
CHEMBL468630,COc1ccc(/C(F)=C/c2cc(OC)c(OC)c(OC)c2)cc1O,4.835622787475586
CHEMBL514867,O=C1Nc2ccccc2/C1=C\c1ccccc1C(F)(F)F,5.711808204650879
CHEMBL478145,COc1cccc(OC)c1/C=C1/C(=O)Nc2ccccc21,4.453896522521973
CHEMBL307520,C/C(=C(/F)c1ccc(C(=O)O)cc1)c1ccc2c(c1)C(C)(C)CCC2(C)C,6.689874649047852
CHEMBL201371,COc1ccc(/C=C/c2c3c(c(C)c(C)c2OC)OC(C)(C)CC3)cc1OC,6.1069488525390625
CHEMBL478318,COc1ccc2c(c1)NC(=O)/C2=C/c1cccc(C(F)(F)F)c1,5.154145240783691
CHEMBL341081,COc1cc(/C=C\c2ccc3nccnc3c2)cc(OC)c1OC,4.651505470275879
CHEMBL428125,CC1=CC(C)(C)Nc2ccc3c(c21)/C(=C/c1ccc(F)cc1F)Oc1ccccc1-3,5.838267803192139
CHEMBL235336,Cn1cc(NC(=O)c2cc(NC(=O)c3ccc(/C=C/c4ccc5ccccc5c4)cc3)cn2C)cc1C(=O)NCCN1CCOCC1,5.028260231018066
CHEMBL220355,CCc1cccc2c1CNc1c(cccc1CCc1ccccc1)/C=C\2COc1ccccc1OC,4.023438453674316
CHEMBL471103,CC/C(=C\c1cc(O)cc(O)c1)c1cccc(F)c1,4.837747573852539
CHEMBL334025,CCOC(=O)c1ccc(/C=C(\C)c2ccc3c(c2)CC[C@@H](CC)[S+]3[O-])cc1,3.9465413093566895
CHEMBL275825,CC/C1=C(\c2ccc(O)cc2)c2ccc(OCC(O)CO)cc2CCc2ccccc21,5.134734630584717
CHEMBL422224,CC/C(=C(\c1ccc(OC(C)=O)cc1)c1ccc(OC(C)=O)c(OC(C)=O)c1)c1ccccc1,5.184543132781982
CHEMBL80963,Clc1ccccc1C1=Cc2ccccc2C2=NCCN12,4.323914527893066
CHEMBL376007,COc1cc(/C=C/c2cc(O)c(CC=C(C)C)c(O)c2)cc2c1O[C@]1(C)CC[C@@H](O)C(C)(C)[C@H]1C2,5.646848678588867
CHEMBL227002,[O-][n+]1onc2cc(/C=C/c3ccccc3)ccc21,4.485386848449707
CHEMBL479274,COC(=O)c1ccc(/C=C/c2cccc(Cl)c2)c(C)c1,4.626102447509766
CHEMBL281499,Oc1ccc(C2=Cc3cc(O)ccc3C23Cc2ccccc2C3)cc1,5.208553314208984
CHEMBL167077,COc1cc2c(cc1OC)C1=C(c3ccccc3Cl)C(=O)C(=O)N1CC2,4.6152424812316895
CHEMBL89263,CS(=O)(=O)c1ccc(C2=C(c3ccc(OC(F)(F)F)cc3)CC3(CC3)C2)cc1,5.753596305847168
CHEMBL374958,COC(=O)C1=C(c2ccccc2)C2OC1C(c1ccccc1)=C2c1ccccc1,4.826831817626953
CHEMBL119576,COc1cc(/C=C/c2ccc(O)c(OC)c2)cc(OC)c1,4.388514041900635
CHEMBL497166,COc1ccc(/C=C/c2cc(F)c(F)c(F)c2)cc1N,3.8774728775024414
CHEMBL516421,O=C1Nc2ccccc2/C1=C\c1ccc(F)cc1F,5.85402250289917
CHEMBL360703,N=C(N)c1ccc2cc(/C=C/c3ccccc3)cc(Br)c2c1,5.356410980224609
CHEMBL187400,COc1ccc(C2=C(c3ccc(OCCN(C)C)cc3)c3ccccc3OCC2)cc1,4.762661933898926
CHEMBL481633,Oc1ccc(C2=Cc3cc(O)cc(O)c3[C@@H](c3cc(O)cc(O)c3)[C@@H]2c2ccc(O)cc2)cc1,4.341043472290039
CHEMBL299602,CC/C(=C(\c1ccccc1)c1ccc(OCCCN2CCCC2)cc1)c1ccccc1,4.928003311157227
CHEMBL370403,CC(=O)c1ccc(C2=C(c3ccc(O)cc3)Cc3cc(O)ccc32)cc1,4.2604827880859375
CHEMBL52764,CC/C(=C(/c1ccccc1)c1ccc(OC(C)=O)cc1)c1cccc(OC(C)=O)c1,5.340095520019531
CHEMBL137902,CC1=CC(C)(C)Nc2ccc3c(c21)/C(=C/c1ccc(Br)cc1)Oc1ccccc1-3,5.7733049392700195
CHEMBL74191,COc1cc(/C=C/c2ccc(C)cc2)cc(OC)c1OC,4.687839508056641
CHEMBL140815,Oc1cc(O)cc(/C=C/c2ccc(O)c(I)c2)c1,4.177012920379639
CHEMBL8504,CC(C)(C)c1cc(/C=C/c2ccccc2C(=O)O)cc(C(C)(C)C)c1O,6.469606399536133
CHEMBL197386,CC(C)c1cc(-c2cccc(/C=C(/C(=O)O)c3ccc(S(C)(=O)=O)cc3)c2)c2ncccc2c1,4.915985107421875
CHEMBL456768,O=C(O)CC1=C/C(=C\c2ccc(SC(F)(F)F)cc2)c2ccc(F)cc21,3.968595027923584
CHEMBL166621,COc1cc2c(cc1OC)C1=C(c3ccc(Cl)cc3)C(=O)C(=O)N1CC2,3.8520631790161133
CHEMBL195195,O=C1Oc2ccc(O)cc2/C1=C\c1ccc(O)c(O)c1,4.08904504776001
CHEMBL199140,Oc1ccc(C2=C(Cc3ccccc3)c3ccc(O)cc3C2)cc1,5.032793045043945
CHEMBL12601,O=C(O)c1ccc(/C=C/c2ccccc2)cc1,5.122468948364258
CHEMBL327900,CS(=O)(=O)c1ccc(C2=C(c3ccc(F)cc3)CC3(CCCC3)C2)cc1,6.749313831329346
CHEMBL515985,CCOC(=O)/C=C/c1ccc(O)c2c1C=Cc1cc(O)c(O)cc1O2,4.165075302124023
CHEMBL364442,Oc1ccc(C2=C(c3ccc(Cl)cc3)c3ccc(O)cc3C2)cc1,4.45700740814209
CHEMBL452495,COc1ccc(/C=C/c2cc(O[C@@H]3O[C@H](CO)[C@@H](O)[C@H](O)[C@H]3O)cc(O[C@@H]3O[C@H](CO)[C@@H](O)[C@H](O)[C@H]3O)c2)cc1,4.003158092498779
CHEMBL279282,O=C1/C(=C\c2ccc(Cl)cc2)c2ccccc2N1CCCN1CCN(c2cccc(Cl)c2)CC1,4.426471710205078
CHEMBL274381,Cc1ccc2c(c1)C=Cc1cc(C(C)C(=O)O)ccc1O2,4.180228233337402
CHEMBL86599,COc1cccc(/C=C/c2cc(OC)c(OC)c(OC)c2)c1,4.689009666442871
CHEMBL15130,F/C(=C\c1ccccc1)c1ccccc1,4.955760478973389
CHEMBL178356,Cc1ccc(/C=C(\c2ccccc2)c2ccc(S(C)(=O)=O)cc2)cc1,5.434455871582031
CHEMBL432762,CC1c2ccccc2C=C(N2CCN(C)CC2)c2ccccc21,4.398412704467773
CHEMBL154725,C[C@@H](NCc1ccc(/C=C/c2ccccc2)cc1)C(N)=O,4.425964832305908
CHEMBL297177,CS(=O)(=O)c1ccc(C2=C(c3ccccc3)C(=O)N(c3ccc(C(F)(F)F)cc3)C2)cc1,5.880865573883057
CHEMBL14574,C=CCOc1ccc2c(c1)CCc1ccccc1/C(CC)=C\2c1ccccc1,5.5646514892578125
CHEMBL441643,C(=C/c1cccc(OCc2ccccc2)c1)\c1ccc(OCc2ccccc2)cc1,4.2500410079956055
CHEMBL259401,COc1ccc(/C(=C\c2ccc(S(C)(=O)=O)cc2)C(=O)O)cc1,5.099557876586914
CHEMBL318788,COc1ccc(/C=C2/C(=O)Nc3ccccc32)cc1,5.3205413818359375
CHEMBL81995,Nc1nc(N)c2nc(CN3c4ccccc4C=Cc4cc(O)ccc43)cnc2n1,5.563816070556641
CHEMBL133805,O=C1c2c(O)cccc2C(=Cc2cc(O)c(O)c(O)c2)c2cccc(O)c21,5.629915237426758
CHEMBL533468,O=C1C(c2ccccc2)=C(Nc2ccc([N+](=O)[O-])cc2)c2ccccc21,5.222574234008789
CHEMBL109266,COc1ccc(/C=C/c2cc(O)cc(O[C@@H]3O[C@H](CO)[C@@H](O)[C@H](O)[C@H]3O)c2)cc1O,3.9739632606506348
CHEMBL352602,CC1(C)OC(c2ccc(S(N)(=O)=O)c(F)c2)=C(c2cc(F)cc(F)c2)C1=O,6.331053733825684
CHEMBL118591,O=C1C[C@H](O)C[C@@H](C=C2c3ccccc3C=Cc3ccccc32)O1,3.5615651607513428
CHEMBL126333,O=C(O)c1ccc(/C=C(\c2ccc(CCNS(=O)(=O)c3ccc(Cl)cc3)cc2)c2cccnc2)cc1,5.737614154815674
CHEMBL18955,CN1CCN(/C(=C/c2ccccc2)c2ccccc2)CC1,3.849270820617676
CHEMBL260889,C=C[C@@](C)(/C=C/c1ccc(O)c(/C=C/c2ccc(OC)cc2)c1)CCC=C(C)C,7.116237163543701
CHEMBL370530,Fc1ccc2c(c1)CC/C2=C\c1cccc2cnccc12,5.084888935089111
CHEMBL181035,O=C(O)/C=C/c1ccccc1/C=C/c1ccccc1OCc1ccccc1,4.460698127746582
CHEMBL34882,CC1CC(C)(C)Nc2ccc3c(c21)/C(=C/c1cccc(F)c1)Oc1ccccc1-3,5.540058612823486
CHEMBL512245,COc1cc(/C(F)=C/c2cc(O)c3ccsc3c2)cc(OC)c1OC,4.873285293579102
CHEMBL67783,Oc1ccc(C2=Cc3ccc(O)cc3OC2c2ccc(OCCN3CCCCC3)cc2)cc1,3.8067383766174316
CHEMBL225814,O=C(O)c1ccc(/C=C\c2ccc3c(c2)no[n+]3[O-])cc1,3.7907652854919434
CHEMBL302338,COc1ccc(/C=C2\OC(=O)c3ccccc32)cc1OC,4.606939315795898
CHEMBL111219,Oc1ccc(C2=Cc3ccc(O)cc3OC2c2ccc(O)cc2)cc1,4.232802391052246
CHEMBL352909,BrCCOc1ccc(/C(=C\c2ccccc2)c2ccccc2)cc1,5.03587532043457
CHEMBL500435,O=C1Nc2ccccc2/C1=C(/Nc1ccc(CN2CCCCC2)cc1)c1ccccc1,4.82904052734375
CHEMBL179088,Oc1ccccc1/C=C/c1ccc(F)c(F)c1,4.567391395568848
CHEMBL276335,C=CCOc1ccc2c(c1)SCc1ccccc1/C(CC)=C\2c1ccc(O)cc1,5.029401779174805
CHEMBL490674,CN(C)c1ccc(/C=C/c2cc(O)cc(O)c2)cc1,3.7495133876800537
CHEMBL466867,O=C(O)c1cccc(/C=C/c2ccc(OCc3c(-c4c(Cl)cccc4Cl)noc3C3CCCC3)cc2Cl)c1,4.477886199951172
CHEMBL410284,CC(=O)OCO/N=[N+](\[O-])N(C)CCOC(=O)/C(=C/c1ccc(S(C)(=O)=O)cc1)c1ccc(Br)cc1,5.8789801597595215
CHEMBL473724,COc1cc(/C=C/c2ccc3ccccc3c2)cc(OC)c1,4.802262783050537
CHEMBL92102,Cc1ccc(C2=C(c3ccc(S(C)(=O)=O)cc3)CC3(CC3)C2)cc1,5.672988414764404
CHEMBL501986,COc1cc(/C=C/c2ccc(O)cc2)cc(O[C@@H]2O[C@H](CO[C@@H]3OC[C@](O)(CO)[C@H]3O)[C@@H](O)[C@H](O)[C@H]2O)c1,6.577270030975342
CHEMBL373236,CNc1ccc(/C=C/c2ccc(OCC(CO)CF)cc2)cc1,3.7489285469055176
CHEMBL150511,COc1ccc(/C=C\c2cc(OC)c3c(c2)OCO3)cc1NC(=O)C(N)Cc1c[nH]c2ccccc12,4.612640857696533
CHEMBL436404,O=C(/C(=C\c1ccc(O)cc1)c1ccc(O)cc1)c1ccccc1,5.89916467666626
CHEMBL324079,Cc1ccc(NC(=O)CCC2CCCCC2)cc1/C=C(\C#N)c1ccc(O)cc1,4.787039756774902
CHEMBL137956,CC1=CC(C)(C)Nc2ccc3c(c21)/C(=C/c1cccc(Br)c1)Oc1ccccc1-3,5.775939464569092
CHEMBL514561,O=C(/C=C/c1ccccc1Cl)Nc1ccc(C(=O)Nc2ccc3c(c2)N(O)C(=O)/C3=C(\O)c2ccccc2)cc1,5.317759037017822
CHEMBL474128,C/C(=C\c1cc(O)cc(O)c1)c1ccc(C(F)(F)F)cc1,4.489452838897705
CHEMBL372225,COc1ccc(/C=C\c2cc(OC)c(OC)c(OC)c2)cc1OCC[n+]1ccccc1.[Cl-],5.5231499671936035
CHEMBL546496,COc1ccc(NC2=C(c3ccccc3)C(=O)c3ccccc32)cn1,5.791362285614014
CHEMBL511341,COc1ccc(/C=C\c2cc(Br)c(OC)c(OC)c2)cc1OP(=O)([O-])[O-].[Mg+2],5.892723083496094
CHEMBL515619,O=C1Nc2ccccc2/C1=C\c1cccc2ccccc12,5.083136558532715
CHEMBL217470,COc1cc(/C=C2/C(=O)Nc3ccccc32)cc(OC)c1OC,5.3860015869140625
CHEMBL450995,Oc1c(Br)cc(/C=C/c2ccccc2)cc1Br,5.399050712585449
CHEMBL165655,COc1ccc2[nH]c3c(C)c4cc[n+](CC(=O)NCCCCCNCCOc5ccc(/C(=C(/Cl)c6ccccc6)c6ccccc6)cc5)cc4c(C)c3c2c1.[Cl-],5.088634490966797
CHEMBL435903,O=C(CCCCN1CCN(c2ccc(F)cc2)CC1)NC1c2ccccc2C=Cc2ccccc21,4.9923295974731445
CHEMBL191350,COc1ccc(/C=C\c2cc(F)c(F)c(F)c2)cc1O,4.120946407318115
CHEMBL449587,COc1ccc(/C=C2/C(=O)Nc3cc(F)ccc32)cc1O,4.989236354827881
CHEMBL355729,CCC1(CC)OC(c2ccc(S(C)(=O)=O)cc2)=C(c2ccc(C(F)(F)F)cc2)C1=O,6.157831192016602
CHEMBL347413,COc1ccc2c(c1)OC(C)(C)C(c1ccccc1)=C2c1ccccc1OCCN1CCCC1,5.20821475982666
CHEMBL477527,COc1cc(/C=C/c2ccc(OC)c(OC(C)=O)c2OC(C)=O)cc(OC)c1OC,3.368274688720703
CHEMBL328580,O=C(O)/C(=C/c1cc(OCc2ccsc2)ccc1[N+](=O)[O-])c1ccccc1F,5.032431602478027
CHEMBL347455,C(=C/c1ccccc1OCCCCN1CCCC1)\c1ccccc1,4.244502067565918
CHEMBL113770,O=C1c2ccccc2C(=Cc2ccc(C(F)(F)F)cc2)c2ccccc21,5.489422798156738
CHEMBL350547,COc1ccc2[nH]c3c(C)c4cc[n+](CC(=O)N(CCCCCN)CCOc5ccc(/C(=C(/Cl)c6ccccc6)c6ccccc6)cc5)cc4c(C)c3c2c1.[Cl-],5.249616622924805
CHEMBL84591,Cc1cccc(/C=C/c2ccc(N(C)C)cc2)c1,4.2669172286987305
CHEMBL158769,CN(C)CCCCOc1ccccc1/C=C/c1ccccc1,4.362207889556885
CHEMBL422523,OC1CCCN(CCCCOc2ccccc2/C=C/c2ccc(F)cc2)C1,4.738180160522461
CHEMBL464383,COc1cc(/C=C\c2ccc(OC)c(OP(=O)([O-])[O-])c2O)cc(OP(=O)([O-])[O-])c1OC.[Na+].[Na+].[Na+].[Na+],6.162896156311035
CHEMBL343581,COc1ccc(C2=C(c3ccc(OC)c(OC)c3)C(=O)OC2=O)cc1OC,4.3587141036987305
CHEMBL207989,COc1cc(/C=C/c2cc(C(C)(C)C)c(O)c(C(C)(C)C)c2)cc(OC)c1,6.244863510131836
CHEMBL36464,C/C(=C\c1ccc(C(=O)O)cc1)c1cc2c(cc1Cl)C(C)(C)CCC2(C)C,6.766478538513184
CHEMBL89040,Cc1cccc2c1/C(=C/c1ccc(N3CCN(C=O)CC3)cc1)C(=O)N2,5.740042209625244
CHEMBL93372,CC(=O)Oc1ccc(C2=C(c3ccc(S(C)(=O)=O)cc3)COC2=O)cc1,5.179559230804443
CHEMBL509386,OC[C@H]1O[C@@H](Oc2cc(O)cc(/C=C\c3ccc(O)cc3)c2)[C@H](O)[C@@H](O)[C@@H]1O,3.7823846340179443
CHEMBL457211,CC(C)OP(=O)(N[C@H](C(=O)Nc1ccc(/C=C/c2ccccc2)cc1)C(C)C)OC(C)C,5.740812301635742
CHEMBL147417,COc1ccc(/C=C\c2cc(OC)c3c(c2)OCO3)cc1NC(=O)CN,4.783673286437988
CHEMBL109739,N=C(N)NNC(=O)c1cc(/C=C/c2ccc(F)cc2)ccc1-c1ccc(Cl)cc1,4.770939826965332
CHEMBL463011,COc1cc(/C=C/c2ccc3c(c2)OC(C)(C)C=C3)cc(OC)c1OC,7.289957523345947
CHEMBL327210,COc1ccc(/C=C(\C)c2ccc3c(c2)C(C)(C)CCC3(C)C)cc1N,6.411856174468994
CHEMBL318303,O=C1Nc2ccccc2/C1=C\c1ccc(C(O)O)cc1,5.539041519165039
CHEMBL251747,COc1ccc(C2=C(c3ccc(NCCCCCC(=O)OC(=O)CCCC[C@@H]4SC[C@@H]5NC(=O)N[C@@H]54)cc3)C(=O)N3CCCC3C2)cc1,4.929856777191162
CHEMBL299765,CS(=O)(=O)c1ccc(C2=C(c3ccc(F)c(F)c3)C(=O)N(c3ccccc3)C2)cc1,5.515885353088379
CHEMBL355771,CS(=O)(=O)c1ccc(C2=C(c3ccc(F)cc3)C3CCC2C3)cc1,4.635895729064941
CHEMBL75937,C/C(=C\c1ccc(C(=O)O)cc1)c1ccc2c(c1)C(C)(C)CC[C@@H]2C,6.945552349090576
CHEMBL85067,CN(C)c1ccc(/C=C/c2ccc(Cl)cc2)cc1,4.060834884643555
CHEMBL506632,CNS(=O)(=O)c1ccc2c(c1)/C(=C1\C(=O)N([C@@H]3O[C@H](COC(C)=O)[C@@H](OC(C)=O)[C@H](OC(C)=O)[C@H]3OC(C)=O)c3ccccc31)C(=O)N2,5.276247024536133
CHEMBL468413,COc1cc(/C(F)=C\c2cc(O)c3ccoc3c2)cc(OC)c1OC,5.011367321014404
CHEMBL111095,COc1ccc(C2=C(c3ccc(S(N)(=O)=O)cc3)CCC2)cc1Cl,5.2406086921691895
CHEMBL418153,CCC(=C(c1ccccc1)c1ccccc1)c1ccccc1,5.547809600830078
CHEMBL37515,C/C(=C\c1ccc(C=O)cc1)c1ccc2c(c1)C(C)(C)CCO2,7.036700248718262
CHEMBL107273,O=C1Nc2ccc(C(=O)c3cccs3)cc2/C1=C/c1ccc(F)cc1,5.445267677307129
CHEMBL91928,CCOc1nc2cccc(C(=O)O)c2n1Cc1ccc2c(c1)Oc1ccccc1C=C2c1nnn[nH]1,4.5278449058532715
CHEMBL313313,COc1ccc(C2=C(c3ccc(S(N)(=O)=O)cc3)CC3(CC3)C2)cc1Br,6.009663105010986
CHEMBL511261,CC(C)c1onc(COc2cccc(Cl)c2)c1COc1ccc(/C=C/c2cccc(C(=O)O)c2)c(Cl)c1,3.9627866744995117
CHEMBL394659,O=[N+]([O-])c1ccc(/C=C/c2cccc(O)c2O)c([N+](=O)[O-])c1,4.616938591003418
CHEMBL76347,CCc1ccc(/C=C/c2cc(OC)c(OC)c(OC)c2)cc1,4.644120216369629
CHEMBL319183,COc1ccc(/C=C(/C(N)=O)c2cc(OC)c(OC)c(OC)c2)cc1N,4.653028964996338
CHEMBL65427,CC(C)Oc1ccc(/C(=C(/C#N)c2ccccc2)c2ccc(O)cc2)cc1,6.336962699890137
CHEMBL103333,COc1cc(/C=C\c2ccc(C)c(N)c2)cc(OC)c1OC,4.583280563354492
CHEMBL187391,CCCCCC/C(=C(\c1ccccc1)c1ccc(S(C)(=O)=O)cc1)c1ccccc1,6.095741271972656
CHEMBL388330,O=S(=O)(Oc1ccccc1)C1CC2OC1C(c1ccccc1)=C2c1ccccc1,5.195053577423096
CHEMBL396917,COc1cc(/C=C/c2cc(Br)cc(/C=C/c3ccc(N)c(OC)c3)c2)ccc1N,4.967049598693848
CHEMBL82612,COc1cc(/C=C/c2ccc3ccccc3c2)cc(OC)c1OC,5.310968399047852
CHEMBL157972,NCC(=C(c1ccc(O)cc1)c1ccc(O)cc1)c1ccccc1,5.592642784118652
CHEMBL472172,CC1(C)CC=C(C#Cc2ccccc2)c2cc(/C=C/c3ccc(C(=O)O)cc3)ccc21,7.324203014373779
CHEMBL422246,COc1cc(/C=C\c2ccc(Cl)c(N)c2)cc(OC)c1OC,4.325058937072754
CHEMBL110846,NS(=O)(=O)c1ccc(C2=C(c3ccc(C(F)(F)F)c(F)c3)CCC2)cc1,5.763683795928955
CHEMBL192070,COC(=O)/C=C/c1cccc(N(Cc2ccc(/C=C/c3ccc(OC)cc3)cc2)C(=O)C2CCCCC2)c1,3.7504892349243164
CHEMBL101381,CC(C)c1onc(-c2c(Cl)cccc2Br)c1COc1ccc(/C=C/c2cccc(C(=O)O)c2)c(Cl)c1,4.622060775756836
CHEMBL45802,CC/C(=C(\c1ccccc1)c1ccc(OCCN=C(N)N)cc1)c1ccccc1,5.629768371582031
CHEMBL425504,O=C(CCCN1CCN(c2ccc(C(F)(F)F)cc2)CC1)NC1c2ccccc2C=Cc2ccccc21,4.935890197753906
CHEMBL84003,CN(C)c1ccc(/C=C/c2ccc([N+](=O)[O-])cc2)cc1,4.31387186050415
CHEMBL517658,COc1cccc(/C=C\c2ccc(O[Si](C)(C)C(C)(C)C)cc2)c1,6.774975776672363
CHEMBL275059,CC/C(=C(/c1ccccc1)c1cccc(OC(C)=O)c1)c1ccccc1,5.321948051452637
CHEMBL393703,O=[N+]([O-])c1ccc(/C=C/c2cccc(O)c2)c([N+](=O)[O-])c1,4.520788192749023
CHEMBL354184,O=C(O)c1ccc(/C=C/c2ccc(Nc3c4ccccc4nc4ccccc34)cc2)cc1,5.533402442932129
CHEMBL364311,CS(=O)(=O)c1ccc(/C(COC(=O)c2cccnc2)=C(/C(=O)O)c2ccc(F)c(F)c2)cc1,5.1966776847839355
CHEMBL59436,COc1cccc(/C=C/c2cccc3cc(NS(=O)(=O)C(F)(F)F)ccc23)c1,5.460665702819824
CHEMBL229582,COc1ccc(/C=C/c2cc(OC)cc(OC)c2CNCc2ccc(F)cc2)cc1,5.017632484436035
CHEMBL11389,CC/C(=C(\Cc1ccccc1)c1ccc(OCN(C)C)cc1)c1ccccc1,4.363552093505859
CHEMBL307907,CCN(CC)CCOC(=O)/C(=C/c1ccc(OC)cc1)c1cc(OC)c(OC)c(OC)c1,4.408385276794434
CHEMBL419387,Cc1cc(C=C2c3ccccc3C(=O)c3ccccc32)cc(C)c1O,5.173152923583984
CHEMBL45272,O=C1Oc2ccc(C(=O)c3cccs3)cc2/C1=C/c1ccccc1,5.160820960998535
CHEMBL422369,COc1cc(C2=C(c3ccc([N+](=O)[O-])cc3)COC2=O)cc(OC)c1OC,4.156768321990967
CHEMBL18264,CS(=O)(=O)c1ccc(C2=C(c3ccc(F)c(F)c3)C(=O)OC2)cc1,5.3690185546875
CHEMBL8578,CCCC[C@@H](C[C@@H](CCc1ccc(/C=C/c2ccccc2)cc1)C(=O)N[C@H](C(=O)NC)C(C)(C)C)C(=O)O,5.75749397277832
CHEMBL111039,CSc1ccc(C2=C(c3ccc(S(C)(=O)=O)cc3)CCC2)cc1,5.780104160308838
CHEMBL103288,COc1ccc(/C=C(/C#N)c2ccccc2)cc1N,5.566739559173584
CHEMBL478484,O=C1Nc2ccccc2/C1=C\c1ccc(Cl)cc1Cl,5.6835527420043945
CHEMBL56361,O=C(O)c1ccc(CNc2ccc3c(/C=C/c4cccc(C(F)(F)F)c4)cccc3c2)cc1,5.46257209777832
CHEMBL176087,FC(F)(F)c1ccc(/C=C\c2ccc3ccccc3c2)cc1,4.959781646728516
CHEMBL101659,Oc1cc(O)cc(/C=C/c2cc(O)cc(O)c2)c1,3.666942834854126
CHEMBL327713,C=C1c2ccccc2C=C(C2=CCN(C)CC2)c2ccccc21,4.553658485412598
CHEMBL67210,O=C1C(c2ccc(O)cc2)=C(c2ccccc2)c2ccccc21,5.218320846557617
CHEMBL457194,O=C(O)CC1=C/C(=C\c2ccc(-c3ccc(F)cc3F)cc2)c2ccc(F)cc21,3.4718379974365234
CHEMBL184285,CCCCCSCCCN(C)CCCCCC/C(=C(/CC)c1ccc(O)cc1)c1ccc(O)cc1,4.582422733306885
CHEMBL65053,N#CC(=C(c1ccc(O)cc1)c1ccc(O)cc1)c1ccccc1,6.195897579193115
CHEMBL88717,NS(=O)(=O)c1ccc(C2=C(c3ccc(Cl)cc3)CC3(CC3)C2)cc1,6.12714147567749
CHEMBL302275,CCC1=C(c2ccccc2)C(CC)c2cc(O)ccc21,5.579836845397949
CHEMBL29306,CC/C(=C(\CC(F)(F)F)c1ccc(O)cc1)c1ccc(O)cc1,4.631100177764893
CHEMBL101337,C(=C/c1ccc(OCc2ccccc2)c(OCc2ccccc2)c1)\c1ccccc1,4.449711322784424
CHEMBL125956,COc1cc(/C=C/c2ccc3nccnc3c2)cc(OC)c1OC,4.651505470275879
CHEMBL427528,COC(=O)/C=C/c1cccc(N(Cc2ccc(/C=C/c3cccc(F)c3)cc2)C(=O)C2CCCCC2)c1,4.387125015258789
CHEMBL228727,COc1ccc(C2=C(C(=O)c3cc(OC)c(O)c(OC)c3)c3cc(O)c(OC)cc3C2=O)cc1O,4.2109694480896
CHEMBL365288,CC/C(=C\c1ccccc1)c1ccc(S(C)(=O)=O)cc1,5.259844779968262
CHEMBL325368,O=P(O)(O)C1c2ccccc2C=Cc2ccccc21,5.583697319030762
CHEMBL222369,COc1ccc(C(=C2CC(c3ccc(O)cc3)Oc3cc(OC)ccc32)c2ccc(OC)cc2)cc1,4.248998641967773
CHEMBL207367,COc1cc(/C=C\c2ccc([N+](=O)[O-])cc2)cc(OC)c1,4.591921329498291
CHEMBL167696,CC(C)c1ccc(C2=C(c3ccc(S(C)(=O)=O)cc3)OC3(CCCC3)C2=O)cc1,6.287945747375488
CHEMBL179096,Cn1ccc2cc(/C=C\c3ccc4ccccc4c3)ccc21,4.16336727142334
CHEMBL195691,COc1ccc(/C=C\c2cc(OC)c(OC)c(OC)c2)cc1OCCOS(C)(=O)=O,6.577198505401611
CHEMBL179374,COc1cc(/C=C/c2ccc(F)cc2)cc(OC)c1,4.7593278884887695
CHEMBL476071,COc1cc(/C=C2/C(=O)Nc3ccccc32)ccc1O,5.432120323181152
CHEMBL327223,COc1ccc(/C=C/c2ccccc2)cc1OC,4.982806205749512
CHEMBL8710,CC(=O)Nc1ccc(/C=C/c2ccc(F)cc2)cc1,4.717319965362549
CHEMBL435325,CS(=O)(=O)Nc1ccc(C2=C(c3ccccc3)C(=O)OC2)cc1,5.844875335693359
CHEMBL7037,NS(=O)(=O)c1ccc(/C=C/c2ccc(O)c(O)c2)cc1,5.34165096282959
CHEMBL144863,COc1ccc(/C=C(/C(=O)c2ccccc2)c2ccccc2)cc1,5.845582962036133
CHEMBL358769,OC[C@H]1O[C@@H](Oc2cc(O)cc(/C=C/c3ccc(O)c(O)c3)c2)[C@H](O)[C@@H](O)[C@@H]1O,3.8382813930511475
CHEMBL126334,O=C(O)c1cccc(/C=C(\c2ccc(CCNS(=O)(=O)c3ccc(Cl)cc3)cc2)c2cccnc2)c1,5.78731107711792
CHEMBL459122,COc1ccc(/C=C/c2cc(Cl)c(OC)c(OC)c2)cc1O,4.8170485496521
CHEMBL21362,CN1C2CCC1C(c1ccccc1)=C(c1ccccc1)C2,4.559727668762207
CHEMBL490863,COc1ccc(/C=C2/C(=O)N(c3c(Cl)cccc3Cl)c3ccccc32)cc1OC,5.248501777648926
CHEMBL80903,O=CC(Cc1ccccc1)NC(=O)c1ccccc1/C=C/c1cccc2ccccc12,5.031453609466553
CHEMBL417380,CCCCOc1ccc(/C=C/c2cc(C)c(O)c(C)c2)cc1,4.194243431091309
CHEMBL515155,O=C1Nc2ccccc2/C1=C1\C(=O)Nc2ccccc21,5.154812812805176
CHEMBL11223,CCC(=C(c1ccc(OC(C)=O)cc1)c1ccc(OC(C)=O)cc1)c1ccccc1,5.341073989868164
CHEMBL37130,CC/C(=C(/c1ccc(OCCN(C)C)cc1)c1cccc(F)c1)c1ccccc1,4.9373016357421875
CHEMBL198732,Cc1noc(/C(=C\c2cccc(-c3cc(C(C)(C)S(C)(=O)=O)cc4cccnc34)c2)c2ccc(S(C)(=O)=O)cc2)n1,6.738583564758301
CHEMBL20617,O=C1/C(=C\c2ccccc2)c2ccccc2N1CCCN1CCN(c2cccc(Cl)c2)CC1,4.484708309173584
CHEMBL266405,COc1cc(/C=C/c2ccc(S(N)(=O)=O)cc2)cc(OC)c1,5.477599620819092
CHEMBL458270,COc1ccc(/C=C\c2cc(OC)c(OC)c(O[Si](C)(C)C(C)(C)C)c2)cc1[N+](=O)[O-],7.174572467803955
CHEMBL79136,COc1ccc(/C=C\c2ccc(OC)cc2)cc1,3.84415340423584
CHEMBL90329,COc1cc(/C=C/c2ccc(Br)cc2)cc(OC)c1OC,5.195273399353027
CHEMBL360696,O=C1/C(=C/c2ccc3c(c2)OCO3)Cc2ccccc2/C1=C\c1ccc([N+](=O)[O-])cc1,5.63326358795166
CHEMBL490196,O=C1OC(O)C(c2cccc(-c3csc4ccccc34)c2)=C1c1cccc(-c2csc3ccccc23)c1,4.283623218536377
CHEMBL56531,COc1ccc(/C=C/c2cc(C(C)C)c(O)c(C(C)C)c2)cc1,5.011711120605469
CHEMBL55960,Cc1cc(/C=C/c2ccccc2)cc(C)c1O,5.199328422546387
CHEMBL342573,CN(C)CCSC1=Cc2ccccc2Oc2ccc(Cl)cc21,4.902299880981445
CHEMBL37868,CC/C(=C(/c1ccc(OCCN(C)C)cc1)c1cccc(N)c1)c1ccccc1,5.051666259765625
CHEMBL459123,COc1ccc(/C=C\c2cc(Br)c(OC)c(OC)c2)cc1O,4.989781856536865
CHEMBL451055,COc1ccc(/C=C/c2cc(F)c(OC)c(OC)c2)cc1O,4.981980323791504
CHEMBL195158,COc1ccc(/C=C\c2cc(O)c(OC)c(OC)c2)cc1F,4.8864946365356445
CHEMBL328057,O=C(O)/C(=C/c1cc(OCc2ccsc2)ccc1Br)c1ccccc1,5.089634418487549
CHEMBL208030,O=C1OCC(c2cc(Cl)ccc2OCc2ccccc2)=C1c1cccc(C(=O)O)c1,4.990217208862305
CHEMBL285536,Oc1ccc(C(=Cc2ccc(F)cc2)c2ccc(O)cc2)cc1,4.2652997970581055
CHEMBL426092,O=C1Oc2ccc(O)cc2/C1=C\c1ccc(O)cc1,4.06517219543457
CHEMBL470696,C=CCNC(=O)C(C)(C)C(O)c1ccccc1/C=C/c1ccccc1,6.047255992889404
CHEMBL361538,C(=C/c1ccc2[nH]ccc2c1)\c1ccc2ccccc2c1,4.145340919494629
CHEMBL82936,Nc1nc(N)c2nc(CN3c4ccccc4C=Cc4cc(OCCCCC(=O)O)ccc43)cnc2n1,4.821651458740234
CHEMBL146500,O=C(/C(=C/c1ccc(O)cc1)c1ccccc1)c1ccccc1,5.881608009338379
CHEMBL8709,CC(=O)Nc1ccc(/C=C/c2ccc(Cl)cc2)cc1,4.692200183868408
CHEMBL503466,CC[C@H](C)[C@@H]([C@@H](CC(=O)N1CCC[C@H]1[C@H](OC)[C@@H](C)C(=O)Nc1cc(/C=C\c2cc(OC)c3c(c2)OCO3)ccc1OC)OC)N(C)C(=O)[C@@H](NC(=O)[C@H](C(C)C)N(C)C)C(C)C,4.969462871551514
CHEMBL451641,CCCC(=O)c1ccc2c(c1)/C(=C1\C(=O)N([C@@H]3O[C@H](COC(C)=O)[C@@H](OC(C)=O)[C@H](OC(C)=O)[C@H]3OC(C)=O)c3cc([N+](=O)[O-])ccc31)C(=O)N2,3.866586208343506
CHEMBL510498,CC(=O)OC[C@H]1O[C@@H](N2C(=O)/C(=C3/C(=O)Nc4cc(Cl)ccc43)c3ccccc32)[C@H](OC(C)=O)[C@@H](OC(C)=O)[C@@H]1OC(C)=O,5.1832594871521
CHEMBL224323,Cc1ccc(C2=C(c3ccc(NS(C)(=O)=O)cc3)COC2=O)cc1,5.8471174240112305
CHEMBL42011,CSc1ccc(C2=C3c4ccccc4CCC3OC2=O)cc1,4.670927047729492
CHEMBL241963,CN(C)CCCNC(=O)c1cc(NC(=O)c2cc(NC(=O)CCCN3c4ccccc4C=Cc4ccccc43)cn2C)cn1C,5.435898780822754
CHEMBL372092,O=C(O)c1ccc(C2=C(c3ccc(O)cc3)Cc3cc(O)ccc32)cc1,4.31965446472168
CHEMBL241067,O=C1NCN(c2ccccc2)C12CCN(C1c3ccccc3C=Cc3ccccc31)CC2,4.638876914978027
CHEMBL74189,COc1cc(/C=C/c2ccc(SC)cc2)cc(OC)c1OC,4.717107772827148
CHEMBL78668,Clc1ccc(C2=Cc3ccccc3C3=NCCN23)cc1,5.068966865539551
CHEMBL328710,CN(C)c1ccc(/C=C2\C(=O)Nc3ccccc32)cc1,5.151146411895752
CHEMBL522153,CC(C)c1onc(COc2cc(Cl)ccc2Cl)c1COc1ccc(/C=C/c2cccc(C(=O)O)c2)c(Cl)c1,3.756295680999756
CHEMBL47193,COc1ccc(C2=C(c3ccc(SC)cc3)CC3CCCN3C2)cc1O,3.7775659561157227
CHEMBL355683,CCC1(CC)OC(c2ccc(S(C)(=O)=O)cc2)=C(c2ccccc2)C1=O,5.820929527282715
CHEMBL283264,C1=C(c2ccccc2)C(c2ccc(OCCN3CCCC3)cc2)Oc2ccccc21,4.719555854797363
CHEMBL148805,C1=C(CCN2CCOCC2)c2ccccc2/C1=C\c1cccc2ccccc12,4.812812805175781
CHEMBL49775,CS(=O)(=O)c1ccc(C2=C(c3ccccc3)C(=O)N(c3ccccc3)C2)cc1,5.499034881591797
CHEMBL478504,O=C1Nc2ccccc2/C1=C\c1ccccc1O,5.201240539550781
CHEMBL417964,CC(C)Oc1ccc(/C(=C(\C#N)c2ccccc2)c2ccc(O)cc2)cc1,6.336962699890137
CHEMBL247932,COc1cc(/C=C/c2cccc(/C=C/c3ccc(N(C)C)c(OC)c3)c2)ccc1N(C)C,3.613783597946167
CHEMBL360720,CS(=O)(=O)c1ccc(/C(=C/c2ccc(F)cc2)c2ccccc2)cc1,5.680492401123047
CHEMBL179619,COc1ccc(/C=C/c2cc(Cl)cc(Cl)c2)cc1,4.733333110809326
CHEMBL457805,[O-][n+]1onc2ccc(/C=C\c3ccc4c(c3)OCO4)cc21,3.8735857009887695
CHEMBL104640,CS(=O)(=O)c1ccc(/C=C2\C(=O)Nc3ccc(C(=O)c4cccs4)cc32)cc1,5.838717460632324
CHEMBL246684,O=C(Nc1ccccc1)Nc1ccc(/C=C2\C(=O)Nc3ccc(Cl)cc32)cc1,6.219522476196289
CHEMBL269303,CC/C(=C(\c1ccc(I)cc1)c1ccc(OCCCCCCN2CCCC2)cc1)c1ccccc1,5.126116752624512
CHEMBL209658,CCOC(=O)COn1c(C)[n+]([O-])c2cc(/C=C/c3ccccc3)ccc21,4.30691385269165
CHEMBL167799,Cl/C(=C(/c1ccccc1)c1ccc(OCCBr)cc1)c1ccccc1,5.628629684448242
CHEMBL476409,O=C1Nc2ccccc2/C1=C1\C(=O)Nc2cc(F)ccc21,5.573446273803711
CHEMBL22369,CCOC(=O)c1ccc(/C=C(\C)c2ccc3c(c2)C(C)(C)CCC3(C)C)cc1,6.589716911315918
CHEMBL229532,COc1ccc(/C=C/c2cc(OC)cc(OC)c2/C=N/C2CCCC2)cc1,4.4832611083984375
CHEMBL100553,C(=C/c1cc(OCc2ccccc2)cc(OCc2ccccc2)c1)\c1ccc(OCc2ccccc2)cc1,4.323630332946777
CHEMBL225805,[O-][n+]1onc2cc(/C=C/c3ccc4c(c3)OCO4)ccc21,3.8163585662841797
CHEMBL489283,CC/C(=C\c1cccc(F)c1)c1cc(O)cc(O)c1,4.754214286804199
CHEMBL459547,COc1cc(/C=C/c2ccc(NC(=O)CCCCNP(=O)(OC(C)C)OC(C)C)cc2)cc(OC)c1,6.47285270690918
CHEMBL469511,Oc1ccc(C2=C(c3ccc(OCCN4CCCC4)cc3)c3ccc(O)cc3OCC2)cc1,3.9959616661071777
CHEMBL384499,O=C1O/C(=C\c2ccc(Cl)cc2)c2cc(Cl)c(Cl)cc21,3.1241114139556885
CHEMBL329033,Oc1ccc(/C=C/c2ccc(O)c(O)c2)cc1,3.6953001022338867
CHEMBL465218,COc1ccc(/C=C\c2cc(OC)c3c(c2)OCO3)c(O)c1O,4.453948974609375
CHEMBL457145,CC(C)=CCc1cc(/C=C/c2cc(O)cc(O)c2)ccc1O,4.063913345336914
CHEMBL279268,CC1(O)OC(=O)C(c2ccc(F)c(Cl)c2)=C1c1ccc(S(C)(=O)=O)cc1,5.124882698059082
CHEMBL126652,O=C1Nc2ccccc2/C1=C\c1ccc(Cl)cc1,5.7791948318481445
CHEMBL269374,CC(=O)Nc1ccc(/C=C/c2ccc(C(C)(C)C)cc2)cc1,6.757447242736816
CHEMBL12691,C/C(=C\c1ccc(C(=O)O)cc1)c1ccc(C(C)C)c(C(C)C)c1,4.590183734893799
CHEMBL19195,CC/C(=C(/c1ccc(O)cc1)c1ccc(OCN(C)C)cc1)c1ccccc1,5.038188934326172
CHEMBL388468,COc1cc(/C=C/c2cc3c(c(OC)c2)O[C@@]2(C)CC[C@H](O)C(C)(C)[C@@H]2C3)cc(O)c1CC=C(C)C,5.6566057205200195
CHEMBL469920,OC[C@H]1O[C@@H](Oc2cc(O)cc(/C=C\c3ccc(O)c(O)c3)c2)[C@H](O)[C@@H](O)[C@@H]1O,3.8382813930511475
CHEMBL267385,Oc1ccc(C2=Cc3cc(O)ccc3C23Cc2ccc(OCCN4CCCCC4)cc2C3)cc1,4.180825710296631
CHEMBL332610,COc1cc(/C=C/c2ccc(O)c(O)c2)cc(OC)c1,4.525564670562744
CHEMBL518818,COc1cc(/C=C\c2cc(O)c3ccoc3c2)cc2c1OCO2,4.126489639282227
CHEMBL525443,CCOC(=O)c1ccc2c(c1)NC(=O)/C2=C(\Nc1ccc(CN2CCCCC2)cc1)c1ccccc1,4.974832534790039
CHEMBL415239,O=C(O)c1ccc2c(c1)C(SCCNS(=O)(=O)c1ccccc1)c1ccccc1C=C2,6.05503511428833
CHEMBL525550,COC(=O)c1ccc2c(c1)NC(=O)/C2=C(\Nc1ccc(C(=O)N(C)CCN(C)C)cc1)c1ccccc1,5.260613441467285
CHEMBL519414,O=C1/C(=C/c2ccccc2)c2ccccc2N1c1c(Cl)cccc1Cl,5.184883117675781
CHEMBL128058,CC/C(=C(/CC)c1ccc(OP(=O)(Cl)N(CCCl)CCCl)cc1)c1ccc(OP(=O)(Cl)N(CCCl)CCCl)cc1,5.437870979309082
CHEMBL219082,CCc1cccc2c1CNc1c(cccc1CCc1ccccc1)/C=C\2COc1ccccc1[N+](=O)[O-],4.280160427093506
CHEMBL215186,COc1ccc(/C=C/c2cccc(O)c2O)cc1,5.030244827270508
CHEMBL447596,COc1ccc(/C=C\c2cc(OC)c3c(c2)OCO3)cc1NC(=O)[C@H](Cc1ccc(OP(=O)(OCc2ccccc2)OCc2ccccc2)cc1)NP(=O)(OCc1ccccc1)OCc1ccccc1,5.584485054016113
CHEMBL381734,CCOc1cc(/C=C/c2cc(OC)cc(OC)c2)ccc1O,4.388052940368652
CHEMBL189022,c1ccc(C2=C(c3ccc(OCCN4CCCC4)cc3)c3ccccc3OCC2)cc1,4.784060955047607
CHEMBL469785,CCCN1CC(c2ccc(S(C)(=O)=O)cc2)=C(c2ccc(CO)cc2)C1=O,5.117459297180176
CHEMBL189944,COC(=O)/C=C/c1cccc(N(Cc2ccc(/C=C/c3cc(C(F)(F)F)cc(C(F)(F)F)c3)cc2)C(=O)C(C)C)c1,4.792448043823242
CHEMBL9781,C1=C(c2ccc(-c3ccccc3)cc2)N2CCCN=C2c2ccccc21,5.512429237365723
CHEMBL394010,CC(=O)Nc1cc(C)c(-c2nnc3n2NC(c2ccccc2)=C(c2ccccc2)S3)s1,5.267851829528809
CHEMBL464633,O=C(/C=C/c1ccc(O)c2c1C=Cc1cc(O)c(O)cc1O2)O[C@H](Cc1ccc(O)c(O)c1)C(=O)O,3.3761792182922363
CHEMBL78486,COC(=O)/C(=C/c1ccc(OC)cc1)c1ccc(OC)cc1,4.32234001159668
CHEMBL90447,CS(=O)(=O)c1ccc(C2=C(c3ccc(F)cc3)CC3(CCC3)C2)cc1,6.761240005493164
CHEMBL297772,CS(=O)(=O)c1ccc(C2=C3c4ccccc4CCC3(O)OC2=O)cc1,5.162393093109131
CHEMBL187028,Oc1cc(/C=C/c2ccccc2)cc(OCc2ccccc2)c1,4.948192596435547
CHEMBL133742,N#CC(c1cccnc1)N1CCN(C(=O)/C(=C/c2ccccc2)c2ccccc2)CC1,6.140342712402344
CHEMBL265562,NS(=O)(=O)c1ccc(C2=C(c3ccc(F)cc3)CCC2)cc1,5.683085918426514
CHEMBL245477,CN(C)c1ccc(/C=C/c2cccc(/C=C/c3ccc(N(C)C)cc3)c2)cc1,3.930476665496826
CHEMBL423057,Cc1ccc(C=C2c3ccccc3C(=O)c3ccccc32)cc1,5.280389308929443
CHEMBL231936,COc1ccc(/C=C/c2ccc(O)cc2)cc1OC,4.488884449005127
CHEMBL390117,COc1ccc(C2=Cc3ccccc3CC2)cc1OC,5.208014965057373
CHEMBL389016,O=[N+]([O-])c1ccccc1/C=C\c1ccc2c(c1)no[n+]2[O-],5.120307922363281
CHEMBL473518,COc1ccc(/C=C/c2cc(O)cc(O)c2)cc1OC,4.670505523681641
CHEMBL24950,Oc1cccc(C2=Cc3cc(O)ccc3C23Cc2ccccc2C3)c1,5.206644058227539
CHEMBL225052,O=S(=O)(c1ccccc1)C1CC2OC1C(c1ccccc1)=C2c1ccccc1,4.6395955085754395
CHEMBL54221,COc1ccc(/C=C/c2cc(C)c(O)c(C)c2)cc1,4.391483306884766
CHEMBL405095,COc1ccc(/C(=C\c2ccc(S(C)(=O)=O)cc2)C(=O)OCCO[N+](=O)[O-])cc1,5.507559776306152
CHEMBL276887,CC/C(=C(\c1ccccc1)c1ccc(OC(C)=O)cc1)c1ccccc1,5.377371311187744
CHEMBL389596,CSc1ccc(OCc2ccc(F)cc2)c(C2=C(c3cccc(C(=O)O)c3)CCC2)c1,5.282569885253906
CHEMBL110370,COc1cc(/C=C/c2cc(O)cc(O)c2)ccc1O,4.52871036529541
CHEMBL545942,COc1ccc(N2CCN(CCCCNC(=O)c3ccc(/C=C/c4ccc(Cl)c(Cl)c4)cc3)CC2)c(OC)c1,3.8024258613586426
CHEMBL353744,CS(=O)(=O)c1ccc(C2=C(c3ccc(S(=O)(=O)N=[N+]=[N-])cc3)COC2=O)cc1,5.991184711456299
CHEMBL470662,O=C1Oc2cc(O)cc(/C=C/c3ccc(O)cc3)c2[C@@]12c1c(O)cc(O)cc1O[C@@H]2c1ccc(O)cc1,5.639308929443359
CHEMBL456531,CC(C)(C)Oc1ccc(/C=C2\C=C(CC(=O)O)c3cc(F)ccc32)cc1,5.889284133911133
CHEMBL85163,CC/C(=C(/c1ccc(OCCN(C)C)cc1)c1ccc(S(C)(=O)=O)cc1)c1ccccc1,4.789648532867432
CHEMBL392114,CC(=O)Nc1ccc(/C(=C\c2ccc(S(C)(=O)=O)cc2)C(=O)OCO/N=[N+](/[O-])N2CCCC2)cc1,6.483769416809082
CHEMBL259402,CS(=O)(=O)c1ccc(/C=C(/C(=O)O)c2ccc(Br)cc2)cc1,5.537508010864258
CHEMBL78705,CC1(C)CCC(C)(C)c2cc(C3=Cc4ccccc4C4=NCCN34)ccc21,6.181280136108398
CHEMBL44878,CC1(C)OC(c2ccc(S(C)(=O)=O)cc2)=C(c2cc(F)ccc2F)C1=O,6.051365852355957
CHEMBL239856,O=C(CCl)Nc1cc(-c2ccccc2)c(-c2nnc3n2NC(c2ccccc2)=C(c2ccccc2)S3)s1,5.4001898765563965
CHEMBL467054,CC(C)c1onc(COc2c(F)cc(F)cc2F)c1COc1ccc(/C=C/c2cccc(C(=O)O)c2)c(Cl)c1,3.5937438011169434
CHEMBL476280,COc1cccc(/C=C2/C(=O)Nc3cc(F)ccc32)c1,5.242826461791992
CHEMBL480100,OC[C@H]1O[C@@H](Oc2ccc(/C=C/c3cc(O)cc(O)c3)cc2O)[C@H](O)[C@@H](O)[C@@H]1O,3.75848388671875
CHEMBL505097,CS(=O)(=O)c1ccc(/C=C2\C=C(CC(=O)O)c3cc(F)ccc32)cc1,4.767941951751709
CHEMBL526071,CCN(CC)C(=O)c1cccc(C=Cc2ccc(-c3c(C)[nH]c(C)c(Cl)c3=O)cc2)c1,4.629356384277344
CHEMBL167041,CCC1(C)OC(c2ccc(S(C)(=O)=O)cc2)=C(c2ccccc2F)C1=O,6.232481002807617
CHEMBL264583,C/C(=C\c1ccc(C(=O)O)cc1)c1ccc2c(c1)C(C)(C)CS2.CCCCCCCCCCCCCC(=O)OCC1(C)[C@H]2[C@@H]3C=C(CO)C[C@]4(O)C(=O)C(C)=C[C@H]4[C@@]3(O)[C@H](C)[C@@H](O)[C@]21OC(C)=O,6.1653289794921875
CHEMBL142471,CCc1cccc2c(/C=C(/C(=O)O)c3ccccc3)cc(OC)c(O)c12,4.539608001708984
CHEMBL420208,C1=C(c2ccc(CN3CCSCC3)cc2)N2CCN=C2c2ccccc21,5.436572551727295
CHEMBL323732,CS(=O)(=O)c1ccc(C2=C(c3ccc(C(F)(F)F)c(F)c3)CCC2)cc1,5.789880752563477
CHEMBL99801,Oc1ccc(/C=C/c2ccc(O)c(O)c2)cc1O,3.8228793144226074
CHEMBL349479,COc1cc(C2=C(c3ccc4ccccc4c3)COC2=O)cc(OC)c1OC,5.0282697677612305
CHEMBL136915,CC1=CC(C)(C)Nc2ccc3c(c21)/C(=C/c1ccc(Cl)cc1)Oc1ccccc1-3,5.7869462966918945
CHEMBL166741,CC(=C\C(=O)O)/C(=C/c1ccc2cc(OCCCc3ccccc3)ccc2c1)c1cccc(C(=O)O)c1,5.786623477935791
CHEMBL234289,N#Cc1ccc(OCc2ccc(Cl)cc2)c(C2=C(c3cccc(C(=O)O)c3)CCC2)c1,5.514376640319824
CHEMBL109623,CN(C)c1ccc(C2=C(c3ccc(S(C)(=O)=O)cc3)CCC2)cc1Cl,4.72969913482666
CHEMBL93159,CCCc1nc2c(C)cc(C)nc2n1Cc1ccc2c(c1)Cc1ccccc1C=C2c1nnn[nH]1,4.835253715515137
CHEMBL317867,O=C1Nc2ccccc2/C1=C\c1ccc(Br)cc1,5.805901527404785
CHEMBL197080,Oc1ccc(C2=C(c3ccc(C(F)(F)F)cc3)c3ccc(O)cc3C2)cc1,4.861453056335449
CHEMBL198499,NC(=O)c1ccc(C2=C(c3ccc(O)cc3)Cc3cc(O)ccc32)cc1,4.4387736320495605
CHEMBL179186,Cn1ccc2cc(/C=C/c3ccc4ccccc4c3)ccc21,4.16336727142334
CHEMBL471788,COC1(c2ccccc2)OC(c2ccccc2)=C(c2ccccc2)C1=O,5.848734378814697
CHEMBL439806,Oc1ccc2c(c1)CC1(C2)C(c2ccccc2)=Cc2ccccc21,5.265070915222168
CHEMBL217444,COc1cc(/C=C2/C(=O)Nc3ccc(F)cc32)cc(OC)c1OC,5.073153018951416
CHEMBL202302,CC(=O)NCCC/C(=C(\c1ccc(O)cc1)c1ccc(OCCN(C)C)cc1)c1ccccc1,4.831830024719238
CHEMBL376853,COc1ccc(/C=C2/c3ccccc3C(=O)c3ccsc32)cc1,4.675890922546387
CHEMBL83880,CN(C)c1ccc(/C=C/c2ccccc2)cc1,4.603053092956543
CHEMBL247031,COc1cc2cc(OC)c1OCCOCCOc1ccc(cc1)/C=C\2,4.151541709899902
CHEMBL167821,CC/C(=C(\c1ccc(I)cc1)c1ccc(OCCN2CCCC2)cc1)c1ccc(I)cc1,4.262816429138184
CHEMBL36856,CC/C(=C(/c1ccc(O)cc1)c1cccc(F)c1)c1ccccc1,5.930568695068359
CHEMBL424048,COC(=O)c1ccc2c(c1)/C(=C/c1cc(Br)c(O)c(Br)c1)C(=O)N2,4.937198638916016
CHEMBL160870,c1ccc(C2=C(c3ccccc3)N3CCN=C3S2)cc1,5.278090476989746
CHEMBL450845,[O-][n+]1onc2ccc(/C=C/c3ccccc3)cc21,4.6325225830078125
CHEMBL371089,CC(C)NC(=O)/C(=C/c1cccc(-c2cc(C(C)C)cc3cccnc23)c1)c1ccc(S(C)(=O)=O)cc1,5.295063018798828
CHEMBL117575,COc1cc(/C=C/c2ccc(OC)c(N)c2)cc(OC)c1,4.028368949890137
CHEMBL56009,C/C(=C\c1cc(C)c(O)c(C)c1)c1ccc(F)cc1,3.9652721881866455
CHEMBL179481,Fc1ccc(/C=C/c2cc(F)cc(F)c2)cc1,3.837656021118164
CHEMBL413347,FC(F)(F)C(=C(c1ccccc1)c1ccccc1)c1ccc(C(F)(C(F)(F)F)C(F)(F)F)cc1,5.764104843139648
CHEMBL75283,CCOc1ccc(/C=C\c2cc(OC)c(OC)c(OC)c2)cc1,4.489020347595215
CHEMBL146722,O=C(/C(=C/c1ccc(O)cc1)c1ccc(O)cc1)c1ccc(O)cc1,4.747776031494141
CHEMBL117258,N.N.O=P(O)(O)C(F)(F)c1cccc(/C=C\c2cccc3ccccc23)c1,5.772384166717529
CHEMBL315640,COc1cc(/C=C\c2ccc(Cl)cc2)cc(OC)c1OC,5.128390789031982
CHEMBL482048,COc1cc2c(c(O)c1C)Oc1cccc(O)c1C=C2,4.986306190490723
CHEMBL298059,CC(C)(C)c1cc(/C=C2\C(=O)Oc3ccc(C(=O)c4cccs4)cc32)cc(C(C)(C)C)c1O,5.788911819458008
CHEMBL295617,O=C1Oc2ccc(C(=O)c3cccs3)cc2/C1=C/c1ccc(C(F)(F)F)cc1,5.5367889404296875
CHEMBL516914,COc1ccc(C2=C(c3ccc(OC)c(OC)c3)C[C@H]3CCC[N+]3([O-])C2)cc1,6.136816501617432
CHEMBL224903,COc1cc(C2=C(c3cc(C)c(OC)c(C)c3)C(OC(C)=O)CC2=O)cc(OC)c1OC,3.7659387588500977
CHEMBL81418,CCCCc1ccc(/C(=C(\CC)c2ccccc2)c2ccc(OCCN3CCCC3)cc2)cc1,4.977302551269531
CHEMBL231978,CCCCCCCCCCCCc1c(O)cc(/C=C/c2ccc(O)cc2)cc1O,4.961972236633301
CHEMBL382564,C(=C1c2ccccc2CCc2ccccc21)c1ccccc1,4.509608745574951
CHEMBL123916,CC1=C(CCN2CCOCC2)c2ccccc2/C1=C/c1cccc2ccccc12,4.507547378540039
CHEMBL119934,COc1cc(/C=C\c2ccc(OC)c(N)c2)cc(OC)c1,4.028368949890137
CHEMBL278633,COc1ccc(/C=C2/C(=O)N(CCCN3CCN(c4cccc(Cl)c4)CC3)c3ccccc32)cc1,4.51921272277832
CHEMBL431507,CCN(CC)CC#CCCC1(C2(O)c3ccccc3C=Cc3ccccc32)SCCCS1,5.351722717285156
CHEMBL231937,OCc1ccc(/C=C\c2ccc(O)c(O)c2)cc1,4.348447799682617
CHEMBL229637,COc1ccc(/C=C/c2cc(OC)cc(OC)c2CNCCN2CCOCC2)cc1,4.0713701248168945
CHEMBL232645,COc1cc(/C=C/c2cc3c(c(OC)c2)O[C@]2(C)CC[C@@H](O)C(C)(C)[C@H]2C3)cc(O)c1CC=C(C)C,5.6566057205200195
CHEMBL83562,CCN(CC)CCOc1ccc(/C(=C\c2ccccc2)c2ccc(O)cc2)cc1,4.322914123535156
CHEMBL372575,Cc1noc(/C(=C/c2cccc(-c3cc(C(C)(C)S(C)(=O)=O)cc4cccnc34)c2)c2ccc(S(C)(=O)=O)cc2)n1,6.738583564758301
CHEMBL201013,CN(C)CCOc1ccc(/C(=C(/CCCO)c2ccccc2)c2ccc(O)cc2)cc1,4.926562309265137
CHEMBL371621,CC(C)(C)c1ccc(/C=C(/C(=O)Nc2ccc3c(c2)OCCO3)c2ccccc2)cc1,6.5174970626831055
CHEMBL185209,CC/C(=C(/CCCCCCN(C)CCCSCCCC(F)(F)C(F)(F)F)c1ccc(O)cc1)c1ccc(O)cc1,5.091444969177246
CHEMBL461888,COc1cc(/C=C/c2ccc(NC(=O)[C@@H](NP(=O)(OC(C)C)OC(C)C)C(C)C)cc2)cc(OC)c1,5.862377643585205
CHEMBL184217,CCCCCSCCCN(C)C(=O)CCCCC/C(=C(/CC)c1ccc(O)cc1)c1ccc(O)cc1,4.701088905334473
CHEMBL470938,CC/C(=C\c1ccc(N(C)C)cc1)c1cc(O)cc(O)c1,3.9431557655334473
CHEMBL91923,CS(=O)(=O)c1ccc(C2=C(c3cccc(O)c3)C(=O)OC2)cc1,5.275073528289795
CHEMBL311636,COc1ccc(/C=C\c2cc(OC)cc(OC)c2)cc1,4.109820365905762
CHEMBL276026,C[Si](C)(C)c1ccc(C2=C(Cc3ccccc3)c3ccccc3C3=NCCCN32)cc1,5.92137336730957
CHEMBL429831,COc1ccc(C2=C(c3ccc(Cl)c(Cl)c3)C(=O)N3CCCC3C2)cc1,4.0262956619262695
CHEMBL150461,CC(=C(c1ccc(O)cc1)c1ccc(O)cc1)c1ccccc1,5.446167945861816
CHEMBL255851,Nc1ccc(/C=C/c2ccc(-c3nc4cc(OCCF)ccc4s3)cc2)cc1,4.736354827880859
CHEMBL306487,COc1ccc(C(=C(CCCCCCCCCCCNCCN)c2ccccc2)c2ccc(OC)cc2)cc1,6.469080448150635
CHEMBL471104,CC/C(=C\c1cc(O)cc(O)c1)c1ccc(N(C)C)cc1,4.023007869720459
CHEMBL518508,COc1cc(/C=C/c2ccc(NC(=O)[C@H](CC(C)C)NP(=O)(OC(C)C)OC(C)C)cc2)cc(OC)c1,6.183622360229492
CHEMBL501353,CC(=O)OC[C@H]1O[C@@H](N2C(=O)/C(=C3/C(=O)Nc4ccc(I)cc43)c3ccccc32)[C@H](OC(C)=O)[C@@H](OC(C)=O)[C@@H]1OC(C)=O,5.157400608062744
CHEMBL230329,FC(F)(F)Oc1ccc(/C=C/c2ccc(/C=C/c3ccc(OC(F)(F)F)cc3)cc2)cc1,4.4516096115112305
CHEMBL90654,C[C@@H]1c2ccccc2C=C(C2=CCN(C)CC2)c2ccccc21,4.431277275085449
CHEMBL267340,O=C1c2ccccc2C(=Cc2ccccc2)c2ccccc21,5.093298435211182
CHEMBL460860,OC[C@H]1O[C@@H](Oc2c(O)cc(O)cc2/C=C/c2ccc(O)cc2)[C@H](O)[C@@H](O)[C@@H]1O,3.6089494228363037
CHEMBL67481,CC(=O)NC[C@H]1CN(c2ccc(/C=C(\Br)c3ccccc3C#N)c(F)c2)C(=O)O1,5.07702112197876
CHEMBL296411,COc1ccc(/C=C/c2cc(OC)cc(OC)c2)cc1,4.109820365905762
CHEMBL44509,COc1cc(/C=C/c2ccc(OC)c(OC)c2)cc(OC)c1,4.236135959625244
CHEMBL498088,COC(=O)c1ccc2c(c1)NC(=O)/C2=C(\Nc1ccc(N(CC(=O)N(C)C)C(C)=O)cc1)c1ccccc1,4.526924133300781
CHEMBL18758,CCCCN(CCCC)CC(O)c1cc(/C=C/c2ccc(C(F)(F)F)cc2)cc(/C=C/c2ccc(C(F)(F)F)cc2)c1,4.421640872955322
CHEMBL316919,CN1CC(c2ccc(F)cc2)=C(c2ccc(F)cc2)O1,3.500070571899414
CHEMBL246626,CCOC(=O)[C@@H](N)CSNC(=O)N1c2ccccc2C=Cc2ccccc21,4.737561225891113
CHEMBL207324,Oc1ccc2c(c1)O[C@@H](c1ccc(OCCN3CCCCC3)cc1)C1=C2COc2cc(O)ccc21,3.702219247817993
CHEMBL476677,COc1cccc(/C=C\c2ccc(O)cc2)c1,4.223487854003906
CHEMBL465003,COc1ccc(/C=C\c2cc(OC)c(OC)c([N+](=O)[O-])c2)cc1[N+](=O)[O-],4.759637832641602
CHEMBL483303,CCOC(=O)c1ccc(/C=C/c2ccc(S(=O)(=O)O)cc2)cc1,5.65233850479126
CHEMBL458915,COc1ccc(/C=C\c2cc(Cl)c(OC)c(OC)c2)cc1O,4.817048072814941
CHEMBL166720,CC1(C)OC(c2ccc(S(C)(=O)=O)cc2F)=C(c2cccc(Cl)c2)C1=O,6.154278755187988
CHEMBL512070,CC(C)c1onc(COc2ccc3ccccc3c2)c1COc1ccc(/C=C/c2cccc(C(=O)O)c2)c(Cl)c1,4.264281272888184
CHEMBL414884,COc1ccc(/C=C/c2ccc3ccccc3c2)cc1O,4.743500232696533
CHEMBL476279,COc1cccc(/C=C2/C(=O)Nc3ccc(Cl)cc32)c1,5.31976318359375
CHEMBL9149,CCCCOc1ccc(/C=C/c2ccc(NC(C)=O)cc2)cc1,4.841310977935791
CHEMBL512168,COc1c(CC=C(C)C)c(O)cc(/C=C/c2ccccc2)c1CC=C(C)C,4.752879619598389
CHEMBL363872,O=C1C(c2ccc(O)cc2)=C(Br)c2cc(O)ccc21,4.1127471923828125
CHEMBL474355,CC(C)(C)OC(=O)N1CCN(c2ccc(C(=O)Nc3ccc(/C=C/c4ccc(O)cc4)cc3)cc2)CC1,6.601099491119385
CHEMBL191658,COc1ccc(/C=C2/C(=O)Oc3ccccc32)cc1,4.8408050537109375
CHEMBL381195,COc1ccc(/C=C2/C(=O)Oc3ccccc32)cc1O,5.017773151397705
CHEMBL224268,CS(=O)(=O)Nc1ccc(C2=C(c3ccc(F)cc3)C(=O)OC2)cc1,5.775575160980225
CHEMBL310042,CCCC[C@H]1C(c2ccc(O)cc2)=C(CC)c2ccc(O)cc21,4.860485076904297
CHEMBL119164,CC1=C2CCc3cc(/C=C/c4ccccc4)ccc3N2CCC1=O,4.408000469207764
CHEMBL328444,O=C(O)/C(=C/c1cc(OCc2ccsc2)ccc1[N+](=O)[O-])c1ccccc1Cl,5.000186920166016
CHEMBL92446,O=C(O)/C(=C/c1cc(OCc2ccccc2)ccc1[N+](=O)[O-])c1ccccc1F,5.038285255432129
CHEMBL35766,CC/C(=C(/c1ccc(O)cc1)c1ccc(NC(C)=O)cc1)c1ccccc1,6.192799091339111
CHEMBL29318,CC/C(=C(/CC(F)(F)F)c1ccc(O)cc1)c1ccc(O)cc1,4.631100177764893
CHEMBL175359,C/C(=C\c1ccc(C(=O)OCCCCc2cnc(S)nc2O)cc1)c1ccc2c(c1)C(C)(C)CCC2(C)C,6.747593879699707
CHEMBL190963,COc1cc(/C=C/c2ccc(C(=O)O)cc2)cc(OC)c1OC,4.934319019317627
CHEMBL303307,CONC(=O)CC1=C(C)/C(=C/c2ccc([S+](C)[O-])cc2)c2ccc(F)cc21,4.424356460571289
CHEMBL357824,CCCC(=C(c1ccc(O)cc1)c1ccc(O)cc1)c1ccccc1,5.509909629821777
CHEMBL478503,O=C1Nc2ccccc2/C1=C\c1cc(O)cc(O)c1,5.537650108337402
CHEMBL511800,CC(C)=CCc1c(O)cc2c(c1/C=C/c1ccccc1)CC(O)C(C)(C)O2,5.352784156799316
CHEMBL232644,CC(C)=CCC/C(C)=C/Cc1c(O)cc(/C=C/c2cc(O)c3c(c2)C[C@@H]2C(C)(C)[C@H](O)[C@H](O)C[C@@]2(C)O3)cc1O,5.467783451080322
CHEMBL114507,Oc1cccc(/C(=C(/c2cccc(O)c2)C(F)(F)F)C(F)(F)F)c1,4.510713577270508
CHEMBL274777,CC/C(=C(/c1ccccc1)c1ccc(OC(C)=O)cc1)c1ccc(OC(C)=O)cc1,5.3136305809021
CHEMBL452888,COc1ccc(/C=C/c2cccc(F)c2)cc1OC,4.963006019592285
CHEMBL318748,CC(=O)O[C@H]1C(=O)[C@@]2(C)[C@H]([C@@H]3OC(=O)c4cccc(c4)/C=C\c4ccccc4[C@H](NC(=O)c4ccccc4)[C@@H](O)C(=O)OC4C[C@]3(O)C(C)(C)C1=C4C)[C@]1(OC(C)=O)CO[C@@H]1C[C@@H]2O,5.2923264503479
CHEMBL509714,COc1cc(/C=C\c2cc(O)c3ccsc3c2)cc2sccc12,4.462907791137695
CHEMBL189061,COc1ccc(/C=C2\OC(=O)c3cc(C(=O)O)c(C(=O)O)cc32)cc1,3.4061660766601562
CHEMBL353935,CC1(C)OC(c2ccc(S(N)(=O)=O)cc2F)=C(c2cccc(F)c2)C1=O,6.158996105194092
CHEMBL466554,COc1cc(/C(F)=C\c2cc(O)c3ccsc3c2)cc(OC)c1OC,4.873285293579102
CHEMBL6790,Oc1ccc(/C(=C(/c2ccc(O)cc2)C(F)(F)F)C(F)(F)F)cc1,4.181087017059326
CHEMBL464969,COc1ccc(/C=C\c2cc(N)c(OC)c(OC)c2)cc1N,4.178821563720703
CHEMBL426144,O=C1O/C(=C\c2ccc(Cl)cc2Cl)c2ccccc21,5.001645565032959
CHEMBL102362,O=C(O)c1cc(/C=C/c2cc(O)ccc2O)ccc1O,4.1990838050842285
CHEMBL80103,CCCc1ccc(C2=Cc3ccccc3C3=NCCN23)cc1,4.797455787658691
CHEMBL270369,CNc1ccc(/C=C/c2ccc(-c3nc4ccc(OCCCF)cc4s3)cc2)cc1,5.0228729248046875
CHEMBL93985,C/C(=C\c1cccc(C(=O)O)c1)c1cc2c(cc1C)C(C)(C)CCC2(C)C,6.431468963623047
CHEMBL33899,CC/C(=C(\c1ccccc1)c1ccc(/C=C/C(=O)O)cc1)c1ccccc1,5.5423994064331055
CHEMBL269396,CC1CCN(C2=Cc3cc(Cl)ccc3Cc3ccccc32)CC1,4.608559608459473
CHEMBL32502,CC/C(=C(/CC)c1cccc(OC(C)=O)c1)c1cccc(OC(C)=O)c1,4.176076889038086
CHEMBL44635,COc1ccc(C2=C(c3ccc(SC)cc3)CC3CCCN3C2=O)cc1,4.747391700744629
CHEMBL26867,COc1ccc2c(c1)OCC(c1ccc(F)cc1)=C2c1ccc(OCCN2CCCCC2)cc1,4.171031951904297
CHEMBL7500,CN(C)c1ccc(/C=C/c2ccc(S(N)(=O)=O)cc2)cc1,4.823833465576172
CHEMBL519213,COC(=O)c1ccc2c(c1)NC(=O)/C2=C(\Nc1ccccc1)c1ccccc1,5.343176364898682
CHEMBL220313,COc1ccc(/C=C2\CC(c3ccc(OCCN4CCCCC4)cc3)Oc3cc(OC)ccc32)cc1,3.9676387310028076
CHEMBL90191,Cc1ccccc1/C(=C\c1cc(OCc2ccsc2)ccc1C#N)CO,5.1972832679748535
CHEMBL299063,O=S(=O)(Nc1ccc2c(/C=C/c3cccc(C(F)(F)F)c3)cccc2c1)C(F)(F)F,5.395888805389404
CHEMBL533319,O=C1NC(=O)C(c2cccc(NC(=O)c3ccncc3)c2)=C1c1ccccc1,5.939736843109131
CHEMBL164895,CC(=C\C(=O)O)/C(=C/c1ccc2cc3c(cc2c1)C(C)(C)CCC3(C)C)c1cccc(C(=O)O)c1,6.745319366455078
CHEMBL290016,CCOP(=O)(OCC)Oc1cc(/C=C\c2cc(OC)c(OC)c(OC)c2)ccc1OC,5.744153022766113
CHEMBL335591,CC1=CC(C)(C)Nc2ccc3c(c21)/C(=C/c1ccccc1Br)Oc1ccccc1-3,5.831270694732666
CHEMBL320679,COc1cc(/C(C#N)=C/c2ccc(C)c(N)c2)cc(OC)c1OC,5.146845817565918
CHEMBL233342,COC(=O)/C=C/c1ccc(/C=C\c2ccc(O)c(O)c2)cc1,4.358430862426758
CHEMBL419266,COc1cc(/C=C/c2ccc(C(C)(C)C)cc2)cc(OC)c1OC,6.534974098205566
CHEMBL246065,COc1cc2c(cc1OC)/C(=C\c1ccc(NC(=O)Nc3ccc4c(c3)OCO4)cc1)C(=O)N2,5.769376754760742
CHEMBL72970,CCC1=C(c2ccc(O)cc2)[C@@H](C)c2ccccc21,5.672884941101074
CHEMBL421548,O=C1Nc2ccc(Cl)cc2/C1=C/c1ccc(N2CCOCC2)cc1,5.151233673095703
CHEMBL322240,CC1C(c2ccc(F)cc2)=C(c2ccc(S(C)(=O)=O)cc2)ON1C,5.453977584838867
CHEMBL31376,C[N+](C)(CCCCCC[N+](C)(C)CCCN1C(=O)c2ccccc2/C1=C\c1ccccc1)CCCN1C(=O)c2ccccc2/C1=C/c1ccccc1,7.015767574310303
CHEMBL255257,COc1cc(/C=C\c2ccc(OC)c([N+](=O)[O-])c2[N+](=O)[O-])cc(OC)c1OC,4.575826168060303
CHEMBL170602,COc1ccc(C(=C(c2ccccc2)c2ccccc2)C(F)(F)F)cc1,5.839264869689941
CHEMBL522116,CSCc1cc(/C=C2\C(=O)Nc3ccccc32)cc(CSC)c1O,5.844199180603027
CHEMBL116888,COc1cc(/C=C\c2ccc(OC)c(O)c2)cc(OC)c1,4.208795547485352
CHEMBL512671,CC(=O)O[C@@H]1CO[C@@H](Oc2cc(O)cc(/C=C/c3ccc(O)cc3)c2)[C@H](O)[C@H]1O,3.821180820465088
CHEMBL275696,CN1CCN(C2=Cc3cc(Cl)ccc3Cc3ccccc32)CC1,4.475613594055176
CHEMBL519234,O=C1/C(=C/c2c(Cl)cccc2Cl)c2ccccc2N1c1c(Cl)cccc1Cl,4.482078552246094
CHEMBL67520,N=C(N)c1ccc(/C=C/c2ccc3c(c2)CCN(CC(=O)O)C3=O)cc1,4.071636199951172
CHEMBL328282,Cc1ccccc1C1=C(c2ccccc2)c2ccc(O)cc2C1,4.640578746795654
CHEMBL54947,CC/C(=C(/c1ccccc1)c1cccc(OC(C)=O)c1)c1ccc(OC(C)=O)cc1,5.275938510894775
CHEMBL292910,COc1ccc(/C=C/c2ccc(/C=C/c3ccc(OC)c(C(=O)O)c3)c(I)c2)cc1C(=O)O,4.506262302398682
CHEMBL422965,COc1cc(C=C2c3ccccc3C(=O)c3ccccc32)cc(OC)c1OC,5.531676292419434
CHEMBL517275,O=C(Nc1ccc2c(c1)N(O)C(=O)/C2=C(\O)c1ccccc1)c1ccc(NS(=O)(=O)c2cccs2)cc1,5.2907209396362305
CHEMBL147083,Clc1ccccc1/C=C(/c1ccccc1)c1ccccn1,5.071038722991943
CHEMBL388318,CCOC(=O)C1C2OC(C(c3ccc(O)cc3)=C2c2ccc(O)cc2)C1C(=O)OCC,3.945207357406616
CHEMBL519557,O=C1/C(=C/c2cccc(Cl)c2)c2ccccc2N1c1c(Cl)cccc1Cl,5.261551856994629
CHEMBL74551,COc1ccc(/C=C\c2cc(OC)c(OCc3ccccc3)c(OC)c2)cc1,4.524730682373047
CHEMBL150350,CS(=O)(=O)Nc1cc(C(F)(F)P(=O)(O)O)ccc1/C=C/c1ccccc1,6.020599365234375
CHEMBL306502,CCN(CC)CCOC(=O)/C(=C/c1cccc(OC)c1)c1cc(OC)c(OC)c(OC)c1,4.49043083190918
CHEMBL466552,COc1cc(/C=C\c2cc(O)c3ccsc3c2)cc(OC)c1OC,4.614748477935791
CHEMBL46341,CC/C(=C(\c1ccccc1)c1ccc(OCCn2cccc2)cc1)c1ccccc1,5.519352912902832
CHEMBL302933,COc1ccc(C(C)C)cc1/C(Br)=C/c1ccc(N2C[C@H](CNC(C)=O)OC2=O)cc1F,4.247054100036621
CHEMBL156014,CC(=O)OC1CCCN(CCCCOc2ccccc2/C=C/c2ccccc2)C1,4.018007755279541
CHEMBL346500,CC1CCCN(CCCCOc2ccccc2/C=C/c2ccccc2)C1,4.166090965270996
CHEMBL120980,CCCCCCCCC1CCc2cc(/C(C)=C/c3ccc(C(=O)OCC)cc3)ccc2S1,5.511844158172607
CHEMBL18867,CC(C)c1ccc(C2=C(c3ccc(S(C)(=O)=O)cc3)C(C)(O)OC2=O)cc1,6.247090816497803
CHEMBL389717,COc1ccc(C2=C(c3cc(OC)c(OC)c(OC)c3)/C(=N\O)C(O)C2)cc1O,4.521225929260254
CHEMBL126301,COc1ccc(/C=C2\C(C)=C(CCN3CCOCC3)c3ccccc32)c2ccccc12,4.50160026550293
CHEMBL73262,COC(=O)/C(=C/c1ccc(OC)cc1)c1cc(OC)c(OC)c(OC)c1,4.344146251678467
CHEMBL56633,O=S(=O)(Nc1ccc2c(/C=C/c3ccc(Cl)cc3)cccc2c1)C(F)(F)F,5.856782913208008
CHEMBL6617,CC/C(=C(\c1ccc(I)cc1)c1ccc(OCCCCCCN(C)C)cc1)c1ccccc1,5.073495864868164
CHEMBL268389,CC/C(=C(\c1ccc(I)cc1)c1ccc(OCCCCCN2CCCC2)cc1)c1ccccc1,4.941193580627441
CHEMBL350969,CCC1C(c2ccc(C(C)=O)c(C(C)=O)c2)=C(C)c2cc(C(C)=O)c(C(C)=O)cc21,3.389592170715332
CHEMBL170285,FC(F)(F)C(=C(c1ccccc1)c1ccccc1)c1cccc(C(F)(F)F)c1,5.3963775634765625
CHEMBL78525,COc1ccc(/C=C(/C#N)c2ccc(OC)cc2)cc1,4.967573165893555
CHEMBL336353,CC1=CC(C)(C)Nc2ccc3c(c21)/C(=C/c1ccccc1N(C)C)Oc1ccc(F)cc1-3,5.686183452606201
CHEMBL313092,ONc1ccc(/C=C/c2ccccc2)cc1,4.5161356925964355
CHEMBL588235,O=C1C(c2ccccc2)=C(Nc2ccc(OC(F)(F)F)cc2)c2ccccc21,5.875550270080566
CHEMBL10892,CC/C(=C(\c1ccccc1)c1cccc(OC(C)=O)c1)c1ccccc1,5.321948051452637
CHEMBL208949,COc1cc(/C=C/c2ccc3cc[nH]c3c2)cc(OC)c1OC,5.0254058837890625
CHEMBL204376,CN(C)CCOc1ccc(/C(=C(/CCO)c2ccccc2)c2ccc(O)cc2)cc1,4.966547966003418
CHEMBL115360,O=C1c2ccccc2C(=Cc2ccc(O)c(O)c2)c2ccccc21,5.294593334197998
CHEMBL36550,CC/C(=C(\c1ccccc1)c1ccc(/C=C/C(=O)N(C2CCCCC2)C2CCCCC2)cc1)c1ccccc1,5.239503860473633
CHEMBL279155,CNCCSC1=Cc2ccccc2Sc2ccc(F)cc21,6.152708053588867
CHEMBL363873,COC(=O)/C=C/c1cccc(N(Cc2ccc(/C=C/c3cccc(F)c3)cc2)C(=O)NC(C)C)c1,5.293789863586426
CHEMBL209662,Cc1ccc(/C=C/c2ccc(O)cc2)cc1C,3.7860262393951416
CHEMBL210218,COc1cccc(/C=C/c2cc(OC)cc(OC)c2)c1,4.2494425773620605
CHEMBL510069,C/C(=C\c1cccc(F)c1)c1cc(O)cc(O)c1,4.919539928436279
CHEMBL246064,COc1ccc(NC(=O)Nc2ccc(/C=C3/C(=O)Nc4cc(OC)c(OC)cc43)cc2)cc1,5.417359828948975
CHEMBL314131,CC/C(=C(/c1ccc(OCCN(C)C)cc1)c1ccc([S+](C)[O-])cc1)c1ccccc1,4.832752227783203
CHEMBL191747,COc1ccc(/C=C(/C)c2cc(OC)c(OC)c(OC)c2)cc1,4.63668966293335
CHEMBL513748,CC(C)=CCC/C(C)=C/Cc1c(O)cc(O)cc1/C=C/c1ccc(O)c(O)c1CC=C(C)C,4.618768692016602
CHEMBL312309,COc1ccc(/C=C/c2ccc(OC)c(OC)c2)cc1,4.222599506378174
CHEMBL18790,CC1(OCC(F)(F)F)OC(=O)C(c2ccc(F)cc2)=C1c1ccc(S(C)(=O)=O)cc1,6.062481880187988
CHEMBL289447,Cc1ccc2c(c1)C1=C(c3ccc(S(C)(=O)=O)cc3)C(=O)OC1CC2,4.788749694824219
CHEMBL144897,Oc1ccc2c(c1)C=C(c1ccccc1)C21Cc2ccccc2C1,5.228747844696045
CHEMBL61884,COc1ccc(/C=C2\C(=O)Nc3ccc(Br)cc32)cc1OC1CC2CCC1C2,4.754925727844238
CHEMBL179046,COCCOc1cc(/C=C/c2ccc3ccccc3c2)ccc1OC,5.322857856750488
CHEMBL175548,CC(=O)Oc1ccc(/C=C/c2ccc3ccccc3c2)cc1,4.362840175628662
CHEMBL179637,COc1ccc(/C=C/c2ccc3ccccc3c2)cc1,4.4358673095703125
CHEMBL93411,O=[N+]([O-])c1ccc(OCc2ccsc2)cc1/C=C(/CO)c1ccccc1Cl,5.154162406921387
CHEMBL328786,O=C(O)/C(=C/c1cc(OCc2ccsc2)ccc1[N+](=O)[O-])c1ccccc1,4.9997124671936035
CHEMBL489489,C/C(=C\c1ccc(N(C)C)cc1)c1cc(O)cc(O)c1,3.7300214767456055
CHEMBL483644,Oc1cc(O)cc(/C=C/c2cc(C(Cc3cc(O)cc(O)c3)c3ccc(O)cc3O)c(O)cc2O)c1,4.045856475830078
CHEMBL177972,CS(=O)(=O)c1ccc(C2=C(c3ccc(S(N)(=O)=O)cc3)COC2=O)cc1,5.2635626792907715
CHEMBL239642,CS(=O)(=O)c1ccc(/C=C(/C(=O)OCO/N=[N+](/[O-])N2CCCC2)c2cccc(Br)c2)cc1,6.384500503540039
CHEMBL303459,COc1cc(/C=C2\OC(=O)c3ccccc32)cc(OC)c1OC,4.6105427742004395
CHEMBL198247,COc1cc(/C=C2/C(=O)Oc3ccccc32)cc(OC)c1OC,4.822206974029541
CHEMBL48352,Oc1ccc(C2=C(c3ccccc3)c3ccc(O)cc3C2)cc1,5.656622886657715
CHEMBL488354,CCOC(=O)COc1ccc(/C=C/c2cc(O)cc(O)c2)cc1,3.466041088104248
CHEMBL66825,COc1ccc2c(c1)OC(C)(C)C(c1ccccc1)=C2c1ccc(OCCN2CCCC2)cc1,5.210820198059082
CHEMBL73363,O=C(O)c1cc(C(=O)O)c2cc(/C=C/c3cccc4ccccc34)ccc2n1,5.163478374481201
CHEMBL485374,CNc1ccc(/C=C/c2ccc(N)cc2)cc1,4.2293829917907715
CHEMBL365425,COc1ccc(/C=C\c2cc(OC)c(OC)c(OC)c2)cc1N(CCCl)CCCl,3.9249863624572754
CHEMBL288423,CSc1ccc(C2=C3c4cc(C)ccc4CCC3(O)OC2=O)cc1,5.350808143615723
CHEMBL295990,Cc1ccccc1C1=C(c2ccc(S(C)(=O)=O)cc2)OC(C)(C)C1=O,5.923419952392578
CHEMBL94021,COc1cc(/C=C\c2ccc(OC)c(OP(=O)([O-])[O-])c2OP(=O)([O-])[O-])cc(OC)c1OC.[Na+].[Na+].[Na+].[Na+],5.117116928100586
CHEMBL478928,COc1cc(/C=C\c2ccc(OC)c(O[Si](C)(C)C(C)(C)C)c2O[Si](C)(C)C(C)(C)C)cc(OC)c1OC,7.125571250915527
CHEMBL115055,O=C1c2ccccc2C(=Cc2ccc3c(c2)OCO3)c2ccccc21,5.18147087097168
CHEMBL11069,CCC(=C(c1ccccc1)c1ccccc1)c1cccc(OC(C)=O)c1,5.356348514556885
CHEMBL488745,COc1ccc(/C=C2/C(=O)N(c3c(Cl)cccc3Cl)c3ccccc32)cc1,5.251487731933594
CHEMBL11733,COc1ccc2c(c1OC)C(C#N)N1CCc3cc4c(cc3C1=C2)OCO4,4.981124401092529
CHEMBL178733,Clc1ccc(/C=C/c2cc(Cl)cc(Cl)c2)cc1,4.1718292236328125
CHEMBL155859,COc1cccc(C=C2c3ccccc3C(=O)c3ccccc32)c1,5.197251319885254
CHEMBL300021,COc1ccc(C2=C(c3ccc(S(C)(=O)=O)cc3)CN(c3ccccc3)C2=O)cc1,5.812676429748535
CHEMBL115499,O=C1c2ccccc2C(=Cc2cc(Br)c(O)c(Br)c2)c2ccccc21,4.941287040710449
CHEMBL320784,CC1(C)CC(c2ccc(Cl)cc2)=C(c2ccc(S(C)(=O)=O)cc2)C1,6.775794506072998
CHEMBL494422,C[C@H]1CC[C@H]2[C@H](C1)c1c(O)cc(/C=C/c3ccccc3)cc1OC2(C)C,5.840700626373291
CHEMBL103582,COc1ccc(/C=C(/C#N)c2cc(OC)c(OC)c(OC)c2)cc1N,5.040434837341309
CHEMBL39227,CC/C(=C(\c1ccccc1)c1ccc(/C=C/C(=O)NCCCOC)cc1)c1ccccc1,6.233822822570801
CHEMBL366723,CS(=O)(=O)c1ccc(C2=C(c3ccc(S(=O)(=O)N=[N+]=[N-])cc3)C(=O)OC2)cc1,5.992629051208496
CHEMBL474264,Oc1ccc(/C=C/c2ccc(C(F)(F)F)cc2)cc1O,4.2170305252075195
CHEMBL25580,O=C1c2ccccc2C(=O)C12C(c1cccc(O)c1)=Cc1cc(O)ccc12,5.363838195800781
CHEMBL147272,O=C(/C(=C/c1ccccc1)c1ccccc1)c1ccc(OCCN2CCCC2)cc1,5.027613162994385
CHEMBL168900,COc1cc2c(cc1OC)C1=C(c3ccccc3Br)C(=O)C(=O)N1CC2,4.611446857452393
CHEMBL34530,CC/C(=C(/c1ccc(OCCN(C)C)cc1)c1ccc(O)cc1O)c1ccccc1,4.815961837768555
CHEMBL124023,O=C(O)CCCOc1cccc(/C=C/c2ccc3ccccc3c2)c1,3.7364625930786133
CHEMBL529412,COc1ccccc1C1CCN(CCCCNC(=O)c2ccc(/C=C/c3cc(Cl)cc(Cl)c3)cc2)CC1,4.578702926635742
CHEMBL454382,COc1cc(/C=C\c2ccc(OC)c(NC(=O)OCCN3CCOCC3)c2)cc(OC)c1.Cl,4.603015422821045
CHEMBL103856,COc1ccc(/C=C(/C#N)c2cc(OC)c(OC)c(OC)c2)cc1,5.295821189880371
CHEMBL6823,Nc1nc(N)c2c(/C=C/c3ccc4ccccc4c3)cccc2n1,5.419695854187012
CHEMBL398012,O=C(O)c1cccc(/C=C/c2ccc(OCc3c(-c4c(Cl)cccc4Cl)noc3-c3ccc(-c4ccccc4)cc3)cc2Cl)c1,4.663366794586182
CHEMBL435822,CC1=CC(C)(C)Nc2ccc3c(c21)/C(=C/c1ccccc1F)Oc1ccccc1-3,5.815756797790527
CHEMBL48758,Cc1ccc(N2CC(c3ccc(S(C)(=O)=O)cc3)=C(c3ccccc3)C2=O)cc1,5.803593635559082
CHEMBL348739,C/[N+](=C/c1ccc(/C=C2/C=Cc3ccccc32)cc1)N=O,6.841015338897705
CHEMBL294606,COc1ccc(/C=C2\C(=O)N(C)c3ccc(Br)cc32)cc1OC1CC2CCC1C2,4.3711419105529785
CHEMBL371837,CC(=O)OC/C(=C(\C(=O)O)c1ccc(F)c(F)c1)c1ccc(S(C)(=O)=O)cc1,5.267973899841309
CHEMBL274571,CC(C)(C)c1ccc(/C=C/c2ccc(C(=O)O)cc2)cc1,6.29982852935791
CHEMBL371675,O=c1cc(N2CCOCC2)oc2ccc(/C=C/c3ccccc3)cc12,4.3419318199157715
CHEMBL181574,COc1cc(/C=C2\Cc3ccccc3/C(=C\c3ccc([N+](=O)[O-])cc3)C2=O)ccc1O,5.689002990722656
CHEMBL508948,O=C(O)c1cc(/C=C/c2ccccc2)ccc1O,5.243044853210449
CHEMBL111597,CS(=O)(=O)c1ccc(C2=C(c3ccc(Cl)c(Cl)c3)CCC2)cc1,5.015125274658203
CHEMBL506301,O=C1Nc2ccc(/C=C/c3cccc(F)c3)cc2C1=O,5.337863922119141
CHEMBL85148,CC/C(=C(\c1ccc(S)cc1)c1ccc(OCCN(C)C)cc1)c1ccccc1,4.821018695831299
CHEMBL281498,O=C1C(c2ccc(O)cc2)=C(c2ccc(O)cc2)c2ccc(O)cc21,4.283510208129883
CHEMBL344048,CC1=CC(C)(C)Nc2ccc3c(c21)/C(=C/c1cccc(C)c1)Oc1ccccc1-3,5.803041458129883
CHEMBL320609,COc1cc(CCc2ccc(C3=Cc4ccccc4C4=NC(C)CN34)cc2)cc(OC)c1OC,5.2467427253723145
CHEMBL92107,CS(=O)(=O)c1ccc(C2=C(c3ccc(F)c(F)c3)CC3(CC3)C2)cc1,5.748027801513672
CHEMBL97397,COc1ccc2c(c1)CN(c1ccc(OCCN3CCCCC3)cc1)C1=C2CCc2cc(OC)ccc21,4.228991508483887
CHEMBL23245,CS(=O)(=O)c1ccc(C2=C(c3cccc(F)c3)C(=O)CC2)cc1,5.06876277923584
CHEMBL243446,COc1ccc(/C=C\c2ccccc2OC)cc1,4.5750885009765625
CHEMBL33862,CC/C(=C(/c1ccc(OCCN(C)C)cc1)c1ccc(OS(N)(=O)=O)cc1)c1ccccc1,4.764638900756836
CHEMBL357283,Oc1ccc(C(=C(CC(F)(F)F)c2ccccc2)c2ccc(O)cc2)cc1,5.951509475708008
CHEMBL11281,O=C(O)Cc1ccc2c(c1)C=Cc1cc(F)ccc1O2,3.2489542961120605
CHEMBL372076,COc1ccc(C2=C(c3ccccc3)C(=O)NC2=O)cc1,5.891242504119873
CHEMBL305398,CC1(C)Oc2cc(O)ccc2C(c2ccc(OCCN3CCCCC3)cc2)=C1c1ccccc1,5.152369499206543
CHEMBL105075,COc1ccc(/C=C(\C#N)c2cc(OC)c(OC)c(OC)c2)cc1N,5.040434837341309
CHEMBL255706,COc1cc(/C=C/c2cc([N+](=O)[O-])c(OC)c([N+](=O)[O-])c2)cc(OC)c1OC,4.7706499099731445
CHEMBL255249,COc1cc([N+](=O)[O-])c(/C=C\c2cc(OC)c(OC)c(OC)c2)cc1N,4.447221279144287
CHEMBL181119,O=C1/C(=C/c2ccc(O)cc2)Cc2ccccc2/C1=C\c1ccc([N+](=O)[O-])cc1,5.673064708709717
CHEMBL428102,CC/C(=C(\c1ccc(C=O)cc1)c1ccc(OCCN(C)C)cc1)c1ccccc1,4.847777366638184
CHEMBL384412,CCc1cccc2c1CNc1c(cccc1CCc1ccccc1)/C=C\2COc1ccc(Cl)cc1,4.452171325683594
CHEMBL218923,COc1cc(/C=C2/c3ccccc3C(=O)c3ccsc32)ccc1O,4.723857879638672
CHEMBL466452,CC(C)c1onc(CNc2c(Cl)cccc2Cl)c1COc1ccc(/C=C/c2cccc(C(=O)O)c2)c(Cl)c1,4.432547569274902
CHEMBL315716,COc1cc(/C=C\c2ccc(OP(=O)(OCc3ccccc3)OCc3ccccc3)cc2)cc(OC)c1,5.478065490722656
CHEMBL321217,CC1(C)OC(=O)C(c2cccc(F)c2)=C1c1ccc(S(C)(=O)=O)cc1,6.442758083343506
CHEMBL527877,O=S(=O)([O-])OC[C@H]1O[C@@H](Oc2cc(O)cc(/C=C\c3ccc(O)cc3)c2)[C@H](O)[C@@H](O)[C@@H]1O.[Na+],4.936237335205078
CHEMBL304786,O=C1O/C(=C\c2ccc(Cl)cc2)c2ccccc21,5.008635520935059
CHEMBL230346,C=CCc1cc(/C(CC)=C(\CC)c2ccc(O)c(CC=C)c2)ccc1O,4.326040267944336
CHEMBL191491,CC[N+](CC)(CC)CCOc1ccc(/C=C/c2ccccc2)cc1,6.594422340393066
CHEMBL30204,Oc1ccc(/C(CC(F)(F)F)=C(/CC(F)(F)F)c2ccc(O)cc2)cc1,4.493354320526123
CHEMBL86339,COc1cc(/C=C\c2ccc(O[Si](C)(C)C(C)(C)C)cc2)cc(OC)c1OC,7.28147554397583
CHEMBL144688,CC(=O)Oc1ccc(/C=C(/C(=O)c2ccc(OC(C)=O)cc2)c2ccccc2)cc1,5.5180230140686035
CHEMBL32603,CC1C(=O)C(C)(C)Nc2ccc3c(c21)/C(=C/c1ccccc1)Oc1ccccc1-3,5.5569047927856445
CHEMBL84765,CCN(CC)c1ccc(/C=C/c2ccccc2)cc1,4.136818885803223
CHEMBL30229,COc1ccc(Cl)cc1/C(=C/c1ccccc1)n1ccnc1,5.71177864074707
CHEMBL425822,FC(F)(F)c1cccc(/C=C/c2ccc(/C=C/c3cccc(C(F)(F)F)c3)cc2)c1,4.3454718589782715
CHEMBL283445,CCCCc1nc(Cl)c(CO)n1Cc1ccc(/C=C/c2ccccc2C(=O)O)cc1,4.739716053009033
CHEMBL84787,Cc1ccc(/C=C/c2ccc(N(C)C)cc2)cc1,3.601210832595825
CHEMBL91118,C=C1CC(c2ccc(S(C)(=O)=O)cc2)=C1c1ccccc1,4.5247907638549805
CHEMBL462722,CC1(C)C=Cc2c(O)ccc(C3=Cc4ccc(O)cc4OC3)c2O1,6.095073699951172
CHEMBL18254,CC1(O)OC(=O)C(c2ccc(Cl)cc2Cl)=C1c1ccc(S(C)(=O)=O)cc1,5.272058486938477
CHEMBL470251,OC[C@H]1O[C@@H](Oc2cc(O)cc(/C=C/c3ccccc3)c2)[C@H](O)[C@@H](O)[C@@H]1O,4.685419082641602
CHEMBL258305,CN(C)c1ccc(/C=C/c2ccc(-c3nc4cc(OCCF)ccc4s3)cc2)cc1,4.321563720703125
CHEMBL272532,CNc1ccc(/C=C/c2ccc(-c3nc4ccc(OCCCF)cc4o3)cc2)cc1,5.04036283493042
CHEMBL72969,CCC1=C(c2ccc(O)cc2)[C@H](C)c2ccccc21,5.672884941101074
CHEMBL6744,CC/C(=C(\c1ccc(I)cc1)c1ccc(OCCCCCCCCCN2CCCC2)cc1)c1ccccc1,5.376438617706299
CHEMBL248131,CN(C)c1ccc(/C=C/c2cccc(/C=C/c3ccc(N(C)C)c(O)c3)c2)cc1O,3.782737970352173
CHEMBL282968,COc1ccc2c(c1)OCC(c1ccc(Br)cc1)=C2c1ccc(OCCN2CCCC2)cc1,4.207419395446777
CHEMBL10723,Cc1ccc2c(c1)C=Cc1cc(CC(=O)O)ccc1O2,3.1786949634552
CHEMBL132000,C=CCNc1nc(N2CCC(NCC3c4ccccc4C=Cc4ccccc43)CC2)c2ncn(CC=C)c2n1,3.7494571208953857
CHEMBL315520,COc1c(Cl)cc(C2=C(c3ccc(S(C)(=O)=O)cc3)CC3(CC3)C2)cc1Cl,6.208785533905029
CHEMBL358074,O=C(/C(=C/c1ccccc1)c1ccc(O)cc1)c1ccc(O)cc1,5.879985809326172
CHEMBL282032,COc1ccc(/C=C2\C(=O)N(CCCN3CCN(c4cccc(Cl)c4)CC3)c3ccccc32)cc1,4.51921272277832
CHEMBL124974,C[S+]([O-])c1ccc(/C=C2\C=C(CCN3CCOCC3)c3ccccc32)cc1,4.880025863647461
CHEMBL249687,COc1ccc(C2=C(c3cccc(Cl)c3)C(=O)N3CCCC3C2)cc1,4.937973976135254
CHEMBL512560,COc1ccc(/C=C\c2cc(OC)c3ccsc3c2)cc1,4.439897060394287
CHEMBL157420,CN1CCN(CCCCOc2ccccc2/C=C/c2cccc(Cl)c2)CC1,4.806149482727051
CHEMBL102838,COc1ccc(/C=C(/C#N)c2ccc(OC)c(OC)c2)cc1N,5.027245998382568
CHEMBL376204,COc1ccc(C2=C(c3cc(OC)c(OC)c(OC)c3)C(=O)CC2O[SiH2]C(C)(C)C)cc1,7.101958274841309
CHEMBL137256,C1=C\c2ccc(cc2)C[n+]2ccc(c3ccccc32)NCc2ccc(cc2)Cc2ccc(cc2)CNc2cc[n+](c3ccccc23)Cc2ccc/1cc2,4.142804145812988
CHEMBL471087,CC(C)=CCc1c(O)cc(/C=C/c2ccccc2)cc1O,4.536311149597168
CHEMBL514088,Oc1cc(O)cc(C2c3c(/C=C/c4ccc(O)c(O)c4)cc(O)cc3OC2c2ccc(O)c(O)c2)c1,4.85054874420166
CHEMBL418151,c1ccc(CCc2ccc(C3=C(Cc4ccccc4)c4ccccc4C4=NCCCN43)cc2)cc1,4.898963928222656
CHEMBL268462,C1=C(c2ccc(CCc3ccccc3)cc2)N2CCCN=C2c2ccccc21,5.524007320404053
CHEMBL476674,OC[C@H]1O[C@@H](Oc2ccc(/C=C\c3cc(O)cc(O)c3)cc2)[C@H](O)[C@@H](O)[C@@H]1O,3.8626885414123535
CHEMBL229165,N=C(N)NCc1ccc(/C=C\c2ccc(CNC(=N)N)cc2)cc1,4.486805438995361
CHEMBL245476,COc1ccc(/C=C/c2cc(Br)cc(/C=C/c3ccc(OC)c(OC)c3)c2)cc1OC,5.0596842765808105
CHEMBL474527,Oc1ccc(/C=C/c2ccc3ccccc3c2)cc1O,4.77854061126709
CHEMBL478148,COc1cc(/C=C\c2ccc(OC)c(OC(C)=O)c2OC(C)=O)cc(OC)c1OC,3.368274688720703
CHEMBL390755,COc1ccc(/C=C/c2cc(OC)cc(OC)c2CNCCc2ccc(O)cc2)cc1,4.742914199829102
CHEMBL45886,COc1ccc(C2=C(c3ccc(S(C)(=O)=O)cc3)CN(c3ccc(F)cc3)C2=O)cc1,5.714747428894043
CHEMBL26631,O=CC(Cc1ccccc1)NC(=O)c1ccccc1/C=C/c1ccccc1,5.01442813873291
CHEMBL155497,COc1ccc2c(c1)OC(C)(C)C(c1ccc(OCCN3CCCC3)cc1)=C2c1ccccc1,5.1506829261779785
CHEMBL485996,COc1ccc(/C=C\c2cc(OC)c3c(c2)OCO3)cc1NC(=O)[C@@H](N)CC(=O)[O-].[Na+],4.941625595092773
CHEMBL222357,COc1cc(C2=C(c3ccccc3)C(O[SiH2]C(C)(C)C)CC2=O)cc(OC)c1OC,6.863000869750977
CHEMBL442911,Oc1ccc([C@H]2Oc3cc(O)cc(/C=C/c4ccc5c(c4)[C@H](c4cc(O)cc6c4[C@H](c4cc(O)cc(O)c4)[C@@H](c4ccc(O)cc4)O6)[C@H](c4ccc(O)cc4)O5)c3[C@@H]2c2cc(O)cc(O)c2)cc1,3.8479108810424805
CHEMBL454401,COc1cc(O)cc(/C=C\c2ccc(OC)c(N)c2)c1.Cl,4.359401702880859
CHEMBL223783,COc1ccc(C2=C(c3cc(OC)c(OC)c(OC)c3)C(=O)C(O)C2)cc1F,4.13828706741333
CHEMBL416363,CC1(O)OC(=O)C(c2cc(F)cc(F)c2)=C1c1ccc(S(C)(=O)=O)cc1,5.886050224304199
CHEMBL375881,CS(=O)(=O)Nc1ccc(C2=C(c3ccc(Cl)cc3)C(=O)OC2)cc1,5.799201965332031
CHEMBL219100,COc1cc(/C=C2/c3ccccc3C(=O)c3ccsc32)cc(OC)c1OC,4.652978897094727
CHEMBL130441,COc1ccc(C=C2c3cccc(O)c3C(=O)c3c(O)cccc32)cc1,5.516429901123047
CHEMBL19319,CC(=O)/C(=C(\C(=O)[O-])c1ccc(Cl)cc1)c1ccc(S(C)(=O)=O)cc1.[Na+],5.75718879699707
CHEMBL555150,CC(=O)N1Cc2ccccc2/C=C\c2cc(Cl)ccc21,5.350101470947266
CHEMBL100650,C(=C/c1cc(OCc2ccccc2)cc(OCc2ccccc2)c1)\c1cccc(OCc2ccccc2)c1,4.350984573364258
CHEMBL263413,C[N+]1(C)CC23c4c5c6c7c8c9c%10c%11c%12c%13c%14c%15c%16c%17c%18c%19c%20c(c2c2c4c4c6c6c8c%10c8c%12c%10c%14c(c%15%19)c%12c%20c2c2c4c6c8c%10c%122)C%18C2c4c6c8c%10c(c4-%17)C%16C%13C%114C[N+](C)(C)CC%104C=9C8C7C5=C6C23C1.[I-].[I-],6.21794319152832
CHEMBL168129,CCCCCCCCCCOc1ccc(/C=C(C(/C)=C/C(=O)O)\c2cccc(C(=O)O)c2)cc1,6.139074325561523
CHEMBL296444,C/C(=C(/C(=O)c1ccc(O)cc1)c1ccccc1)c1ccccc1,5.489055156707764
CHEMBL248437,COc1cc2cc(OC)c1OCCCCCCOc1ccc(cc1O)/C=C\2,4.494297027587891
CHEMBL65830,CC(=O)NC[C@H]1CN(c2ccc(/C=C(\Br)c3ccc(C(C)=O)cc3)c(F)c2)C(=O)O1,4.138731002807617
CHEMBL178355,CS(=O)(=O)c1ccc(/C(=C/c2ccccc2)c2ccccc2)cc1,5.276152610778809
CHEMBL43893,CC1(C)OC(c2ccc(S(C)(=O)=O)cc2)=C(c2cc(Cl)cc(Cl)c2)C1=O,6.5433244705200195
CHEMBL215583,COc1ccc(/C=C/c2cccc(OC)c2)cc1,3.988771438598633
CHEMBL375401,CCc1cccc2c1CNc1c(cccc1CCc1ccccc1)/C=C\2COc1ccccc1Cl,3.9950037002563477
CHEMBL354671,CC[C@@]1(O)C(=O)OCc2c1cc1n(c2=O)Cc2cc3c(/C=C/c4ccccc4)cccc3nc2-1,5.583220481872559
CHEMBL167200,COc1cc2c(cc1OC)C1=C(c3ccc(Br)cc3)C(=O)C(=O)N1CC2,3.9082353115081787
CHEMBL244727,COc1ccc(/C=C\c2cccc(OC)c2)cc1,3.988771438598633
CHEMBL195219,COc1ccc(/C=C\c2cc(OC)c(OC)c(OC)c2)cc1OC(=O)N(CCCl)CCCl,4.135582447052002
CHEMBL515204,O=C(O)CC1=C/C(=C\c2cccc3ccccc23)c2ccc(F)cc21,4.402982234954834
CHEMBL366613,COc1c([N+](=O)[O-])cc(/C=C/c2ccc3ccccc3c2)cc1[N+](=O)[O-],5.462296009063721
CHEMBL517909,O=C(O)CC1=C/C(=C\c2ccc(C(F)(F)F)cc2)c2ccc(F)cc21,3.8491716384887695
CHEMBL229912,O=Cc1ccc(/C=C/c2ccc(O)c(O)c2)cc1,4.221096515655518
CHEMBL426955,CS(=O)(=O)c1ccc(/C(=C/c2ccc(F)c(F)c2)c2ccccc2)cc1,5.441123962402344
CHEMBL179204,Cc1ccc(C(=Cc2ccc(S(C)(=O)=O)cc2)c2ccc(C)cc2)cc1,5.375118732452393
CHEMBL317013,COc1ccc(/C(C#N)=C\c2cc(OC)c(OC)c(OC)c2)cc1N,4.9633941650390625
CHEMBL111786,NS(=O)(=O)c1ccc(C2=C(c3ccc(F)c(Cl)c3)CCC2)cc1,4.729313850402832
CHEMBL92154,CS(=O)(=O)c1ccc(C2=C(c3ccc(F)cc3)CC3(CC3)C2)cc1,6.071954250335693
CHEMBL74704,O=C(O)c1cc(/C=C/c2ccc(/C=C/c3ccc(O)c(C(=O)O)c3)c(Br)c2)ccc1O,4.044128894805908
CHEMBL479344,COc1c(O)cc(/C=C/c2cc(O)cc3c2[C@]2(C(=O)O3)c3c(O)cc(O)cc3O[C@@H]2c2ccc(O)cc2)cc1O,5.415970802307129
CHEMBL321002,c1ccc(C2=C(c3ccc(OCCN4CCCC4)cc3)Oc3ccccc3C2)cc1,4.295554161071777
CHEMBL256179,CN(C)c1ccc(/C=C/c2ccc(-c3nc4cc(OCCCF)ccc4s3)cc2)cc1,4.346098899841309
CHEMBL289910,CCCCCCCCOP(=O)(O)Oc1cc(/C=C\c2cc(OC)c(OC)c(OC)c2)ccc1OC.N,6.928532600402832
CHEMBL224001,COc1ccc(C2=C(c3ccc(O)cc3)C3CC(S(=O)(=O)Oc4ccccc4)C2O3)cc1,4.780466079711914
CHEMBL92607,O=C(O)/C(=C/c1cccc(OCc2ccccc2)c1)c1ccccc1,4.798664093017578
CHEMBL80405,NS(=O)(=O)c1ccc(C2=C(c3ccc(F)cc3)c3ccccc3C2)cc1,5.340314865112305
CHEMBL207849,O=C1OCC(c2cccc(C(=O)O)c2)=C1c1cc(Cl)ccc1OCc1ccccc1,5.031917572021484
CHEMBL61704,COc1cc(C2=C(c3ccc4ccccc4c3)CCC2=O)cc(OC)c1OC,5.029386520385742
CHEMBL490673,O=[N+]([O-])c1ccc(/C=C/c2cc(O)cc(O)c2)cc1,4.279478549957275
CHEMBL453861,O=C(O)c1ccc(/C=C/c2cc(Br)c(O)c(C(=O)O)c2)cc1O,4.262879848480225
CHEMBL422521,OC1CCN(CCCCOc2ccccc2/C=C/c2ccccc2)CC1,4.130358695983887
CHEMBL527996,O=C1C(c2ccccc2)=C(Nc2ccc(Cl)cc2)c2ccccc21,5.343003273010254
CHEMBL488192,O=S(=O)([O-])OC[C@H]1O[C@@H](Oc2cc(O)cc(/C=C/c3ccc(O)cc3)c2)[C@H](O)[C@@H](O)[C@@H]1O.[K+],4.89666223526001
CHEMBL32336,CC(=O)Oc1cccc(/C(C)=C(\C)c2cccc(OC(C)=O)c2)c1,4.679224967956543
CHEMBL276714,CC(C)(C)c1ccc(C2=Cc3ccc(NC(=O)NC4CCCCC4)cc3C3=NCCCN23)cc1,6.20451545715332
CHEMBL219050,COc1cc(O)ccc1/C=C/c1cc(O)cc(O)c1,4.343152046203613
CHEMBL218269,COc1cc(O)cc(/C=C/c2ccc(OC)cc2O)c1,4.465147972106934
CHEMBL498105,COC(=O)c1ccc2c(c1)NC(=O)/C2=C(\Nc1ccc(CN(C)C)cc1)c1ccccc1,5.400468826293945
CHEMBL419694,N#Cc1ccc(OCc2ccsc2)cc1/C=C(/CO)c1ccccc1,5.503751754760742
CHEMBL166627,CC1(C)OC(c2ccc(S(C)(=O)=O)c(F)c2)=C(c2ccccc2)C1=O,6.351007461547852
CHEMBL10010,CC(C)(C)c1ccc(C2=Cc3ccc(NC(=O)Cc4ccccn4)cc3C3=NCCCN23)cc1,6.511925220489502
CHEMBL308488,C/C(=C\c1ccc(C(=O)O)cc1)c1ccc2c(c1)C(C)(C)CC[C@H]2C,6.945552349090576
CHEMBL441863,COc1ccc(/C=C2/c3ccccc3C(=O)c3ccsc32)cc1O,4.803452491760254
CHEMBL9906,COc1cc(C2=Cc3ccccc3C3=NCCCN23)cc(OC)c1OC,5.502379417419434
CHEMBL382519,COc1ccc2c(c1)NC(=O)/C2=C/c1cccc(O)c1,4.77858829498291
CHEMBL196754,COc1ccc2c(c1)NC(=O)/C2=C/c1ccc(O)cc1,4.703301429748535
CHEMBL337845,O=C1c2c(O)cccc2C(=Cc2ccc([N+](=O)[O-])cc2)c2cccc(O)c21,5.233816146850586
CHEMBL587233,O=C1C(c2ccccc2)=C(Nc2cc(Cl)cc(Cl)c2)c2ccccc21,5.770939350128174
CHEMBL302528,CCN(CC)CCOc1ccc(C(C#N)=C(c2ccccc2)c2ccccc2)cc1,5.234777450561523
CHEMBL45108,O=C(NCCc1ccccc1)c1cc(/C=C\c2cc(O)ccc2O)ccc1O,4.823807716369629
CHEMBL61705,COc1ccc(C2=C(c3cc(OC)c(OC)c(OC)c3)C(=O)CC2)cc1N,3.9068617820739746
CHEMBL330692,OC1(C2=CN3CCC2CC3)c2ccccc2C=Cc2ccccc21,5.0270304679870605
CHEMBL352641,CC1(C)OC(c2ccc(S(C)(=O)=O)c(F)c2)=C(c2cccc(Cl)c2)C1=O,6.385108947753906
CHEMBL69409,CCC1=C(c2ccc(O)cc2)Cc2ccccc21,5.268462657928467
CHEMBL289612,CC/C(=C(\c1ccccc1)c1ccc(/C=C/C(=O)NCCCO)cc1)c1ccccc1,6.147805213928223
CHEMBL530274,N=C(N)c1ccc(C=Cc2ccc(C(=N)N)cc2O)cc1,3.603041172027588
CHEMBL8843,CC(C)(C)c1cc(/C=C/c2ccc(Cl)cc2)cc(C(C)(C)C)c1O,6.074130535125732
CHEMBL137062,COC(=O)c1ccc(/C=C(/c2ccc3c(c2)C(C)(C)CCO3)C(F)(F)F)cc1,6.707159519195557
CHEMBL470277,CC(C)=CCc1c(O)cc2c(c1/C=C\c1ccccc1)CC(C(C)(C)O)O2,5.416032791137695
CHEMBL11438,CC/C(=C(/Cc1ccc(OCN2CCCC2)cc1)c1ccccc1)c1ccccc1,4.413581848144531
CHEMBL487593,O=S(=O)([O-])O[C@H]1[C@H](Oc2cc(O)cc(/C=C\c3ccc(O)cc3)c2)O[C@H](CO)[C@@H](O)[C@@H]1O.[Na+],4.825016021728516
CHEMBL65759,CC1=C(CC(=O)N(C)O)c2cc(F)ccc2/C1=C\c1ccc([S+](C)[O-])cc1,3.544241428375244
CHEMBL11041,CC/C(=C(\c1ccc(OC(C)=O)cc1)c1cccc(OC(C)=O)c1)c1ccc(OC(C)=O)cc1,4.747151851654053
CHEMBL191349,COc1ccc(/C=C\c2ccc(C)c(C)c2)cc1O,4.20715856552124
CHEMBL192056,COc1ccc(/C=C\c2cc(C)c(C)c(C)c2)cc1F,4.301897048950195
CHEMBL524247,N=C(N)c1ccc(C=Cc2ccc(C(=N)N)cc2O)cc1.O=S(=O)(O)CCO,6.228501796722412
CHEMBL136050,CC1(C)CCSc2ccc(/C(=C/c3ccc(C(=O)O)cc3)C(F)(F)F)cc21,7.250209808349609
CHEMBL524493,COc1cc(/C=C\c2ccc3c(ccn3C)c2)cc(OC)c1,3.507979393005371
CHEMBL27207,Oc1ccc(C2=C(c3ccc(O)cc3)c3ccc(O)cc3CC2)cc1,4.506189346313477
CHEMBL517679,CCC(=C\c1sc2cc(C)c(C)cc2[n+]1CC)/C=C1/Sc2cc(/C=C/c3ccccc3)ccc2N1CC,4.866014003753662
CHEMBL107341,O=C(O)/C(=C/c1ccc(Nc2c3ccccc3nc3ccccc23)cc1)c1ccccc1,5.014618396759033
CHEMBL512469,CC(C)c1onc(CS(=O)(=O)c2c(Cl)cccc2Cl)c1COc1ccc(/C=C/c2cccc(C(=O)O)c2)c(Cl)c1,4.690430641174316
CHEMBL466620,CC(C)c1onc(CNc2c(Cl)cncc2Cl)c1COc1ccc(/C=C/c2cccc(C(=O)O)c2)c(Cl)c1,4.387695789337158
CHEMBL69084,O=C1O/C(=C\c2ccc(O)c(O)c2)c2cccc(O)c21,4.545665740966797
CHEMBL466357,COc1ccc(/C(F)=C\c2cc(OC)c(OC)c(OC)c2)cc1N,4.541291236877441
CHEMBL482162,C/C(=C\c1ccc(C(F)(F)F)cc1)c1ccc(O)c(O)c1,4.469576358795166
CHEMBL354531,COc1ccc(/C(=C(\c2ccccc2)C(F)(F)F)c2ccccc2)cc1,6.026186943054199
CHEMBL471145,CCOC(=O)Nc1nc2cc(/C=C/c3ccc(O)cc3)ccc2[nH]1,4.945321559906006
CHEMBL314217,O=C1Nc2ccccc2/C1=C/c1ccc(N2CCCC2)cc1,5.398505210876465
CHEMBL12122,CC/C(=C(/Cc1ccc(OCN(CC)CC)cc1)c1ccccc1)c1ccccc1,4.20617151260376
CHEMBL56365,Cc1cc(/C=C/c2ccccc2C(=O)O)cc(C)c1O,5.062601566314697
CHEMBL273815,CC1(O)OC(=O)C(c2ccc(Br)cc2)=C1c1ccc(S(C)(=O)=O)cc1,6.386168956756592
CHEMBL313578,O=C1Nc2ccccc2/C1=C/c1ccc(O)cc1,5.341753959655762
CHEMBL11123,CC/C(=C(\Cc1ccccc1)c1ccccc1)c1ccc(OCN(CC)CC)cc1,4.065727710723877
CHEMBL468939,Cc1cccc(C)c1OCc1noc(C(C)C)c1COc1ccc(/C=C/c2cccc(C(=O)O)c2)c(Cl)c1,4.220207691192627
CHEMBL280587,NC(=O)C(=O)C(Cc1ccccc1)NC(=O)c1ccccc1/C=C/c1ccc2ccccc2c1,5.440706253051758
CHEMBL158560,CCCOC1CCCN(CCCCOc2ccccc2/C=C/c2ccccc2)C1,4.4849700927734375
CHEMBL504749,CC(=O)OC[C@H]1O[C@@H](N2C(=O)/C(=C3/C(=O)Nc4ccc(S(=O)(=O)Cl)cc43)c3ccccc32)[C@H](OC(C)=O)[C@@H](OC(C)=O)[C@@H]1OC(C)=O,4.636458873748779
CHEMBL462474,COc1ccc(/C=C\c2cc(OC)c3ccsc3c2)cc1O,4.619394302368164
CHEMBL455092,COc1ccc(/C=C\c2cc(OC)c3c(c2)OCO3)cc1NC(=O)[C@H](C)[C@@H](OC)[C@@H]1CCCN1.O=C(O)C(F)(F)F,4.8788347244262695
CHEMBL87627,COc1cc(/C=C\c2ccc(OP(=O)([O-])[O-])cc2)cc(OC)c1.[Na+].[Na+],5.008136749267578
CHEMBL524740,CCC(=C(CC)c1ccc(O)c(CNC2CCCCC2)c1)c1ccc(O)c(CNC2CCCCC2)c1,4.762289524078369
CHEMBL424885,COc1ccc(/C=C\c2cc(Br)c(OC)c(OC)c2)cc1,5.094381809234619
CHEMBL358349,O=C(/C(=C\c1ccccc1)c1ccccc1)c1ccc(OCCN2CCCC2)cc1,5.027613162994385
CHEMBL18040,CC1(O)OC(=O)C(c2ccc(F)cc2)=C1c1ccc(S(C)(=O)=O)cc1,6.3477630615234375
CHEMBL155578,COc1ccccc1C=C1c2ccccc2C(=O)c2ccccc21,5.166662216186523
CHEMBL149599,CC1=C(CCN2CCOCC2)c2ccccc2/C1=C\c1cccc2ccccc12,4.507547378540039
CHEMBL405185,C=C[C@@](C)(/C=C/c1ccc(O)c(/C=C/c2ccccc2)c1)CCC=C(C)C,6.929061412811279
CHEMBL59001,COc1ccc(C2=C(c3cc(OC)c(OC)c(OC)c3)C(=O)OC2)cc1,4.458775520324707
CHEMBL454575,COc1ccc(/C=C\c2cc(OC)c(OC)c(OC)c2)cc1O[C@@H]1O[C@H](CO)[C@@H](O)[C@H](O)[C@H]1O,4.034190654754639
CHEMBL468734,CC(C)c1onc(CSc2nnnn2C)c1COc1ccc(/C=C/c2cccc(C(=O)O)c2)c(Cl)c1,4.204305648803711
CHEMBL473725,COc1cccc(/C=C/c2ccc(OC)c(OC)c2)c1,4.299276351928711
CHEMBL464755,Oc1ccc(/C=C/c2cccc(F)c2)cc1O,4.647151947021484
CHEMBL12692,CCc1ccc(/C(C)=C/c2ccc(C(=O)O)cc2)cc1CC,4.6634907722473145
CHEMBL85174,COc1cc(/C=C/c2ccc(Cl)cc2)cc(OC)c1OC,5.128390789031982
CHEMBL242396,COc1ccc(/C=C/c2ccc(OC)cc2OC)cc1,4.068082809448242
CHEMBL85057,COc1ccc(/C=C/c2cc(OC)c(OC)c(OC)c2)c(Cl)c1,4.642797946929932
CHEMBL376059,COc1ccc(C2=C(c3cc(OC)c(OC)c(OC)c3)C(=O)CC2O[SiH2]C(C)(C)C)cc1OC,7.1291046142578125
CHEMBL423004,CS(=O)(=O)c1ccc(C2=C(c3ccc(F)c(C(F)(F)F)c3)CCC2)cc1,5.511324882507324
CHEMBL424636,C/C(=C\c1ccc(C(=O)O)cc1)c1cc2c(cc1C(C)C)C(C)(C)CCC2(C)C,6.610868453979492
CHEMBL34014,CC/C(=C(\c1ccc(NC(C)=O)cc1)c1ccc(ON(C)C)cc1)c1ccccc1,5.934056282043457
CHEMBL375529,O=c1cc(-c2cccc(/C=C/c3ccc(Cl)cc3)c2)sc(N2CCOCC2)c1,4.600281238555908
CHEMBL517804,Cc1cccc(/C=C2/C(=O)Nc3ccccc32)c1,5.5315728187561035
CHEMBL10100,C1=C(c2ccc(OCc3ccccc3)cc2)N2CCCN=C2c2ccccc21,5.510102272033691
CHEMBL43582,COc1ccc(/C=C\c2cc(OC)c(OC)c(OC)c2)cc1[O-].[K+],5.02933931350708
CHEMBL44141,CS(=O)(=O)c1ccc(C2=C3c4ccccc4CCC3OC2=O)cc1,4.536723613739014
CHEMBL312992,COc1cc(/C=C\c2ccc(N(C)C)cc2)cc(OC)c1OC,4.419429302215576
CHEMBL222370,COc1ccc(/C=C2\CC(c3ccc(OCCN4CCCC4)cc3)Oc3cc(OC)ccc32)cc1,3.973482608795166
CHEMBL397386,COc1cc2c(cc1OC)/C(=C\c1ccc(C(=O)Nc3ccccc3)cc1)C(=O)N2,5.426629066467285
CHEMBL103062,COc1ccc(/C=C(/C#N)c2cc(OC)c(OC)c(OC)c2)cc1O,5.11196231842041
CHEMBL470459,COc1c(O)cc(/C=C/c2cc(O)cc(O)c2)cc1O,4.581786155700684
CHEMBL502199,COc1cc(/C=C\c2ccc(OC)c(N)c2)cc(OCCO)c1.Cl,4.348595142364502
CHEMBL195143,O=C1Oc2ccccc2/C1=C\c1ccc(O)c(O)c1,5.006240367889404
CHEMBL88405,O=CN1CCN(c2ccc(/C=C3\C(=O)Nc4ccc(Br)cc43)cc2)CC1,5.160996437072754
CHEMBL23698,CN(C)CCOc1ccc2c(c1)CCCC(c1ccccc1)=C2c1ccc(O)cc1,4.639464378356934
CHEMBL65179,CC(C)Oc1ccc(C(=C(C#N)c2ccccc2)c2ccc(OC(C)C)cc2)cc1,6.366286277770996
CHEMBL18007,O=C1/C(=C(/O)c2ccccc2)c2ccccc2C(=O)N1Cc1ccccc1,4.599987030029297
CHEMBL513089,COc1ccc(/C=C\c2cc(Br)c(OC)c(OC)c2)cc1OP(=O)([O-])[O-].[Ca+2],5.947942733764648
CHEMBL514405,[N-]=[N+]=NCc1ccc(/C=C2\C=C(CC(=O)O)c3cc(F)ccc32)cc1,4.2703399658203125
CHEMBL401990,COc1cc([N+](=O)[O-])c(/C=C/c2cc(OC)c(OC)c(OC)c2)cc1[N+](=O)[O-],4.231478691101074
CHEMBL195572,CC/C(=C/c1ccc(OC)c(O)c1)c1cc(OC)c(OC)c(OC)c1,4.3981499671936035
CHEMBL260841,CS(=O)(=O)c1ccc(/C=C(/C(=O)OCCO[N+](=O)[O-])c2ccc(Br)cc2)cc1,5.617464542388916
CHEMBL261651,COc1ccc(/C(=C\c2ccc(S(C)(=O)=O)cc2)C(=O)OCCN(C)/[N+]([O-])=N/OCOC(C)=O)cc1,5.6074724197387695
CHEMBL85303,CC/C(=C(\c1ccc(CO)cc1)c1ccc(OCCN(C)C)cc1)c1ccccc1,4.92208194732666
CHEMBL419924,COC[C@H]1O[C@@H](Oc2cc(/C=C/c3ccc(OC)c(OC)c3)cc(OC)c2)[C@H](OC)[C@@H](OC)[C@@H]1OC,4.854316711425781
CHEMBL43395,COc1cc(/C=C/c2ccc(OC)cc2O)cc(OC)c1,4.414937973022461
CHEMBL295857,O=C(NCCc1ccc(F)cc1)c1cc(/C=C\c2cc(O)ccc2O)ccc1O,4.395772933959961
CHEMBL426322,Oc1ccc2c(c1)OC(c1ccc(OCCN3CCCC3)cc1)C1=C2COc2cc(O)ccc21,3.6827619075775146
CHEMBL426654,O=c1cc(N2CCOCC2)oc2ccc(/C=C/c3ccc(F)cc3)cc12,3.6516289710998535
CHEMBL373004,COc1cc(-c2ccc3c(c2)/C(=C/c2cccc(OC)c2OC)C(=O)N3)ccc1O,4.9086809158325195
CHEMBL181043,COc1ccc(/C=C2\Cc3ccccc3/C(=C\c3ccc([N+](=O)[O-])cc3)C2=O)cc1OC,5.641615867614746
CHEMBL465217,COC(=O)c1ccc2c(c1)NC(=O)/C2=C(\Nc1ccc(CN2CCCC2=O)cc1)c1ccccc1,4.741363525390625
CHEMBL235994,CCC(=C(c1ccc(OCCN2CCOCC2)cc1)c1ccc(OCCN2CCOCC2)cc1)c1ccccc1,5.1371049880981445
CHEMBL510154,COc1cc(/C=C\c2ccc(OC)c(N)c2)cc(OCC(=O)O)c1,3.161485195159912
CHEMBL363504,CN(C)CCOc1ccc(C2=C(c3cccc([N+](=O)[O-])c3)CCOc3ccccc32)cc1,4.584424018859863
CHEMBL194004,COC(=O)/C=C/c1cccc(N(Cc2ccc(/C=C/c3ccc(F)cc3)cc2)C(=O)NC(C)C)c1,5.221698760986328
CHEMBL457569,CC1=C(CCN(C)C)c2cc(NS(=O)(=O)c3ccc4ccccc4c3)ccc2/C1=C\c1ccccc1,4.825418472290039
CHEMBL360301,Oc1cccc(/C=C/c2ccccc2F)c1,5.227311134338379
CHEMBL422715,CCCN1CCN(CCCCOc2ccccc2/C=C/c2ccccc2)CC1,4.19533109664917
CHEMBL156623,COc1cccc(OCCCCN2CCN(C)CC2)c1/C=C/c1ccccc1,3.9902901649475098
CHEMBL345150,Cc1ccccc1C=C1c2ccccc2C(=O)c2ccccc21,5.1080827713012695
CHEMBL430696,N.N.O=P(O)(O)C(F)(F)c1cccc(/C=C\c2ccc(Br)cc2)c1,5.656075954437256
CHEMBL232960,COc1ccc(/C=C/c2cc(OC)c(CCCCCCCCCCO)c(OC)c2)cc1,5.122704029083252
CHEMBL270428,CN(C)c1ccc(/C=C/c2ccc(-c3nc4ccc(OCCF)cc4s3)cc2)cc1,4.317409992218018
CHEMBL468110,O=C(O)c1cccc(/C=C/c2ccc(OCc3c(-c4c(Cl)cccc4Cl)noc3C3CCC3)cc2Cl)c1,4.447564125061035
CHEMBL239645,CCN(CC)/[N+]([O-])=N\OCOC(=O)/C(=C/c1ccc(S(C)(=O)=O)cc1)c1ccc(F)cc1,6.211319446563721
CHEMBL391101,NC(=O)Nc1ccc2c(c1)/C(=C(\c1cccc(N)c1)c1ccc[nH]1)C(=O)N2,5.975199222564697
CHEMBL290179,Nc1cc(N)c(/N=N/c2ccc(/C=C/c3ccc(/N=N/c4c(N)cc(N)cc4C(=O)[O-])cc3S(=O)(=O)[O-])c(S(=O)(=O)[O-])c2)c(C(=O)[O-])c1.[Na+].[Na+].[Na+].[Na+],5.721780300140381
CHEMBL395311,CS(=O)(=O)c1ccc(OCc2ccc(F)cc2)c(C2=C(c3cccc(C(=O)O)c3)CCC2)c1,5.514123439788818
CHEMBL237508,COc1cc2c(c(/C=C/c3cccc4ccccc34)c1C(=O)O)C(=O)c1c(O)cccc1C2=O,4.631344795227051
CHEMBL507741,COc1ccc(/C=C\c2ccc3c(ccn3C)c2)cc1N,3.594069004058838
CHEMBL454219,O=C1Nc2ccccc2/C1=C\c1ccc(F)cc1Cl,5.556327819824219
CHEMBL374170,COc1ccc(C2=C(c3ccc(NS(C)(=O)=O)cc3)COC2=O)cc1,5.849262237548828
CHEMBL92402,O=C(O)CC/C(=C/c1cccc(OCc2ccccc2)c1)c1ccccc1,3.7894062995910645
CHEMBL86545,CC1=C(c2ccc(O)cc2)C(CCCCCCCN)c2ccc(O)cc21,4.9892425537109375
CHEMBL454399,CCOc1cc(/C=C\c2ccc(OC)c(N)c2)cc(OC)c1.Cl,3.9993910789489746
CHEMBL494804,COc1ccc(C2=C(c3ccccc3)C(=O)N3CCC[C@@H]3C2)cc1,5.070208549499512
CHEMBL315041,C#Cc1ccc(/C(=C(\CC)c2ccccc2)c2ccc(OCCN(C)C)cc2)cc1,5.144804000854492
CHEMBL586938,O=C1C(c2ccccc2)=C(Nc2cccc(OC(F)(F)C(F)F)c2)c2ccccc21,5.779449462890625
CHEMBL57959,COc1ccc(C2=C(c3cc(OC)c(OC)c(OC)c3)C(=O)C=C2)cc1,4.798635482788086
CHEMBL56461,Cc1cccc(/C=C/c2cc(C)c(O)c(C)c2)c1,4.567536354064941
CHEMBL263994,COc1ccc(/C=C\c2cc(OC)c(OC)c(OC)c2)cc1OP(=O)([O-])O.[Na+],5.536582946777344
CHEMBL485643,COC(=O)c1ccc2c(c1)NC(=O)/C2=C(\NC1CCN(C)CC1)c1ccccc1,4.536072254180908
CHEMBL111590,NS(=O)(=O)c1ccc(C2=C(c3ccc(Cl)cc3)CCC2)cc1,5.739906311035156
CHEMBL313529,CC1=C(c2ccc(O)cc2)C(CCCCCCN(C)C)c2ccc(O)cc21,4.0176920890808105
CHEMBL369756,CN(C)c1c([N+](=O)[O-])cc(/C=C\c2ccc3ccccc3c2)cc1[N+](=O)[O-],4.346484184265137
CHEMBL314225,NS(=O)(=O)c1ccc(C2=C(c3ccc(F)c(F)c3)CC3(CC3)C2)cc1,5.746620178222656
CHEMBL23170,CS(=O)(=O)c1ccc(C2=C(c3ccccc3)C(=O)CC2)cc1,5.029250621795654
CHEMBL32812,CC1=CC(C)(C)Nc2ccc3c(c21)/C(=C/c1cccc(F)c1)Oc1ccccc1-3,5.791614532470703
CHEMBL468629,COc1ccc(/C(F)=C\c2cc(OC)c(OC)c(OC)c2)cc1O,4.835622787475586
CHEMBL146043,CN(CCSC1=Cc2ccccc2Oc2ccccc21)CC1CC1,3.488056182861328
CHEMBL273568,CCCCNCC(O)c1cc(/C=C/c2ccc(C(F)(F)F)cc2)cc(/C=C/c2ccc(C(F)(F)F)cc2)c1,4.4680376052856445
CHEMBL467765,COc1cc(/C=C\c2cc(O)c3ccoc3c2)cc(OC)c1OC,4.724494934082031
CHEMBL383112,CN(C)CCOc1ccc(/C(=C(/CCCCl)c2ccccc2)c2ccc(O)cc2)cc1,5.028254508972168
CHEMBL297046,COc1ccc(C2=C(c3ccc(OC)c(OC)c3)C(=O)N3CCCC3C2)cc1OC,4.603728294372559
CHEMBL369262,COc1cc(/C=C\c2ccc(F)cc2)cc(OC)c1,4.7593278884887695
CHEMBL92841,COc1ccc(/C(=C\c2cc(OCc3ccsc3)ccc2C#N)C(=O)O)cc1,5.526597023010254
CHEMBL317102,CN(C(=O)C1C(c2ccccc2)=C1c1ccccc1)[C@H]1CCCC[C@@H]1N1CCCC1,4.719680309295654
CHEMBL467060,CC(C)c1onc(CCCc2ccccc2)c1COc1ccc(/C=C/c2cccc(C(=O)O)c2)c(Cl)c1,4.240099906921387
CHEMBL180321,CCN(CC)c1cc(/C=C/c2ccc3ccccc3c2)ccc1OC,4.190114498138428
CHEMBL27594,COc1ccc2c(c1)OCC(c1ccc(Cl)cc1)=C2c1ccc(OCCN2CCCC2)cc1,4.214885711669922
CHEMBL459269,COc1ccc(/C=C/c2cc(OC)c(OC)c(O[Si](C)(C)C(C)(C)C)c2)cc1[N+](=O)[O-],7.174572467803955
CHEMBL90760,CC1(C)CCC(C)(C)c2cc(/C=C/c3ccc(N)cc3)ccc21,6.937465667724609
CHEMBL356693,CCCCC(=C(c1ccc(O)cc1)c1ccc(O)cc1)c1ccccc1,5.551216125488281
CHEMBL324797,COc1cc(C=C2c3ccccc3C(=O)c3ccccc32)ccc1O,5.249344348907471
CHEMBL315049,COc1ccc(/C=C(/C)c2ccc3c(c2)C(C)(C)CCC3(C)C)cc1N,6.411856174468994
CHEMBL69829,O=C1C(c2ccccc2)=C(c2ccccc2)c2ccccc21,4.644618988037109
CHEMBL325501,COc1ccc(/C=C/c2cc(O)cc(O)c2)cc1N,4.263982772827148
CHEMBL25228,O=C1c2ccccc2C(=O)C12C(c1ccc(O)cc1)=Cc1cc(O)ccc12,5.366347312927246
CHEMBL69983,CC(=O)NC[C@H]1CN(c2ccc(/C=C(\Br)c3ccccc3)c(F)c2)C(=O)O1,4.772110939025879
CHEMBL38222,CCCCC(=C(c1ccc(O)cc1)c1ccc(O)cc1)c1ccc(O)cc1,4.6797614097595215
CHEMBL14773,C/C(=C\c1ccccc1)c1ccccc1,5.019783020019531
CHEMBL195609,CC1(C)CC(c2ccc(O)cc2)=C(c2ccc(O)cc2)CC1(C)C,6.300177574157715
CHEMBL68078,CC(=O)NC[C@H]1CN(c2ccc(/C=C(\F)c3cccc(C#N)c3)c(F)c2)C(=O)O1,4.787118911743164
CHEMBL303042,CC(=O)NC[C@H]1CN(c2ccc(/C=C(\Br)c3cccc(C(N)=O)c3)c(F)c2)C(=O)O1,4.68292236328125
CHEMBL56518,CN1CC(c2ccc(/C=C/c3ccccc3)cc2)CCC1=O,3.613229751586914
CHEMBL418455,O=C(O)c1cc(/C=C/c2ccc(/C=C/c3ccc(O)c(C(=O)O)c3)c(I)c2)ccc1O,4.042743682861328
CHEMBL306227,COC(=O)c1cccc(/C(Br)=C/c2ccc(N3C[C@H](CNC(C)=O)OC3=O)cc2F)c1,4.305562496185303
CHEMBL221709,O=c1cc(-c2ccc(/C=C/c3ccc(F)cc3)cc2)sc(N2CCOCC2)c1,4.09761381149292
CHEMBL6410,CC/C(=C(\c1ccc(I)cc1)c1ccc(OCCCCCCCCN2CCCC2)cc1)c1ccccc1,5.341545581817627
CHEMBL363534,CCCCCCCCCCCCCCCC(=O)Oc1cc(O)cc(/C=C/c2ccccc2)c1,5.17225456237793
CHEMBL497739,Nc1ccc2c(c1)NC(=O)/C2=C(\Nc1ccc(CN2CCCCC2)cc1)c1ccccc1,5.064251899719238
CHEMBL288965,CSc1ccc(C2=C(c3ccc(C(F)(F)F)cc3)C(=O)N3CCCC3C2)cc1,5.01455545425415
CHEMBL231724,COC(=O)/C=C/c1ccc(/C=C/c2ccc(OC)c(OC)c2)cc1,4.533997535705566
CHEMBL198476,O=c1cc(N2CCOCC2)oc2c(/C=C/c3ccccc3)cccc12,4.317708969116211
CHEMBL347583,O=C1c2ccccc2C(=Cc2cccc(Cl)c2)c2ccccc21,5.199540138244629
CHEMBL219254,CCc1cccc2c1CNc1c(cccc1CCc1ccccc1)/C=C\2COc1ccccc1F,4.407029151916504
CHEMBL420862,COc1cc(C=C2c3ccccc3C(=O)c3ccccc32)cc(OC)c1,5.221336364746094
CHEMBL422933,CN(C)CCOc1ccc(C2=C(c3ccccc3)CCCc3cc(O)ccc32)cc1,4.679255485534668
CHEMBL103174,COc1ccc(/C=C(/CN)c2cc(OC)c(OC)c(OC)c2)cc1,4.361680507659912
CHEMBL74517,CC/C(=C(/CC)c1ccc(OC)cc1)c1ccc(O)cc1,4.469418048858643
CHEMBL439374,COc1ccc(/C=C/c2cc(OC)cc(OC)c2CNCc2ccco2)cc1,5.047143936157227
CHEMBL527385,COc1ccc2nccc([C@@H](O)CN3CCC(NC(=O)C(=Cc4ccc(Cl)cc4Cl)c4ccc(-c5ccccc5)cc4)CC3)c2c1,4.58875846862793
CHEMBL75275,O=C1Nc2ccccc2/C1=C/c1cc(Br)c(O)c(Br)c1,5.587121963500977
CHEMBL119260,COc1cc(/C=C\c2ccc(O)c(O)c2)cc(OC)c1,4.525564670562744
CHEMBL88464,CN1CCN(C2=Cc3cc(Cl)ccc3Oc3ccccc32)CC1,4.528759956359863
CHEMBL63443,COc1cc(/C=C/c2cc(OC)c(OC)cc2OC)cc(OC)c1,4.422786712646484
CHEMBL90502,CC1=C(c2ccc(O)cc2)C(CCCCCCN)c2ccc(O)cc21,4.902677536010742
CHEMBL38266,CCCC(=C(c1ccc(O)cc1)c1ccc(O)cc1)c1ccc(O)cc1,4.652102470397949
CHEMBL327861,COc1cccc(/C(=C\c2cc(OCc3ccsc3)ccc2C#N)C(=O)O)c1,5.547706604003906
CHEMBL321643,COc1c(Cl)cc(C2=C(c3ccc(S(N)(=O)=O)cc3)CCC2)cc1Cl,5.028210163116455
CHEMBL493948,COc1ccc(/C=C/c2cc(F)c(F)c(F)c2)c(N)c1,4.31857967376709
CHEMBL464382,COc1ccc(/C=C\c2cc(O)c(OC)c(OC)c2)cc1O,4.513034820556641
CHEMBL69476,CCC1=C(c2ccccc2)C(=O)c2cc(O)ccc21,5.53529691696167
CHEMBL195624,Oc1ccc(/C=C/c2ccccc2)cc1,4.727502822875977
CHEMBL359858,FC(F)(F)c1ccc(/C=C/c2ccc3ccccc3c2)cc1,4.959781646728516
CHEMBL489688,COc1ccc(/C=C(/c2cccc(C(F)(F)F)c2)C(F)(F)F)cc1OC,4.895913124084473
CHEMBL433107,Cc1cc(C)cc(COCC(N)C2c3ccccc3C=Cc3ccccc32)c1,4.776506423950195
CHEMBL204970,CN(C)CCOc1ccc(/C(=C(/CCC#N)c2ccccc2)c2ccc(O)cc2)cc1,5.5929341316223145
CHEMBL471627,Oc1cccc(C2=C(c3ccc(OCCN4CCCC4)cc3)c3ccc(F)cc3OCC2)c1,4.185834884643555
CHEMBL428370,O=C(O)c1cccc(C2=C(c3cc(Br)ccc3OCc3ccc(Cl)cc3)CCC2)c1,5.208977222442627
CHEMBL105255,CN(C)c1ccc(/C=C2\C(=O)Nc3ccc(C(=O)c4cccs4)cc32)cc1,5.453197002410889
CHEMBL524453,COC(=O)c1ccc2c(c1)NC(=O)/C2=C(\Nc1ccc(N(C)C(=O)Cn2ccnc2)cc1)c1ccccc1,4.654720306396484
CHEMBL467906,CC(C)c1onc([C@H]2C[C@@H]2c2c(Cl)cccc2Cl)c1COc1ccc(/C=C/c2cccc(C(=O)O)c2)c(Cl)c1,4.572664737701416
CHEMBL372842,CC1(C)C=Cc2cccc(/C=C(/C#N)c3ccc(O)cc3)c2O1,7.3077569007873535
CHEMBL90988,CS(=O)(=O)c1ccc(C2=C(c3ccccc3)C(=O)C23CCCC3)cc1,5.679853439331055
CHEMBL177594,CN(O)C(=O)/C(=C/c1ccc2ccccc2c1)c1ccc(Cl)cc1,5.0815863609313965
CHEMBL328600,N#Cc1ccc(OCc2ccsc2)cc1/C=C(/C(=O)O)c1ccccc1,5.671187400817871
CHEMBL217336,COc1ccc(/C=C\c2cc(OC)c(OC)cc2N)cc1,4.602176666259766
CHEMBL488746,O=C1/C(=C/c2cccc(Oc3ccccc3)c2)c2ccccc2N1c1c(Cl)cccc1Cl,5.206541061401367
CHEMBL491080,C/C(=C\c1ccc(O)cc1)c1cc(O)cc(O)c1,3.7828149795532227
CHEMBL171335,NS(=O)(=O)c1ccc(C2=C(c3ccc(F)cc3)CC3(CCC3)C2)cc1,6.75400447845459
CHEMBL312650,Cc1ccc(C2=Cc3ccccc3C3=NCCN23)cc1,5.143840789794922
CHEMBL80888,CC(C)c1ccc(C2=Cc3ccccc3C3=NCCN23)cc1,5.420331001281738
CHEMBL218802,CCc1cccc2c1CNc1c(cccc1CCc1ccccc1)/C=C\2COc1ccc(C(=O)OC)cc1,3.889533042907715
CHEMBL104767,COc1cc(CCc2ccc(C3=Cc4ccccc4C4=NC(C)(C)CN34)cc2)cc(OC)c1OC,6.230144023895264
CHEMBL330317,Oc1ccc2c(c1)CC(c1ccccc1F)=C2c1ccccc1,4.592349529266357
CHEMBL231774,COc1ccc(/C=C/c2cc(OC)c(CCCCCCCCCCCCCCO)c(OC)c2)cc1,5.10345983505249
CHEMBL188660,COc1ccc(/C=C\c2cc(OC)c(OC)c(OC)c2)cc1OC(=O)CCCc1ccc(N(CCCl)CCCl)cc1,4.2078752517700195
CHEMBL100687,C(=C/c1cc(OCc2ccccc2)cc(OCc2ccccc2)c1)\c1ccccc1,4.3655595779418945
CHEMBL63960,COc1cc(/C=C/c2cc(OC)ccc2OC)cc(OC)c1,4.131618022918701
CHEMBL288049,CCCCCCCCN(C)C(=O)/C=C/c1ccc(/C(=C(/CC)c2ccccc2)c2ccccc2)cc1,5.937929630279541
CHEMBL353419,COc1cc2c(cc1OC)C1=C(c3cccc(Br)c3)C(=O)C(=O)N1CC2,4.175466060638428
CHEMBL330543,Cc1ccccc1/C(=C\c1cc(OCc2ccsc2)ccc1Br)CO,4.832184791564941
CHEMBL11052,CCC(=C(c1ccccc1)c1ccccc1)c1ccc(OC(C)=O)cc1,5.331387519836426
CHEMBL365615,CCCCCCC/C(=C\c1ccccc1)c1ccc(S(C)(=O)=O)cc1,6.305599212646484
CHEMBL132256,CC1=CC(C)(C)Nc2ccc3c(c21)/C(=C/c1ccccc1Cl)Oc1ccc(F)cc1-3,5.830320835113525
CHEMBL466831,CC[C@@H](C)c1onc(-c2c(Cl)cccc2Cl)c1COc1ccc(/C=C/c2cccc(C(=O)O)c2)c(Cl)c1,4.71415901184082
CHEMBL427354,CN(C)CCC1=C/C(=C\c2ccccc2)c2ccccc21,4.2214813232421875
CHEMBL112385,COc1ccc(C=C2c3ccccc3C(=O)c3ccccc32)cc1,5.198141098022461
CHEMBL86945,COc1ccc(/C=C2\C(=O)Nc3ccccc32)cc1C(C)(C)C,6.844954490661621
CHEMBL468580,COc1ccc(/C(F)=C(/F)c2cc(OC)c(OC)c(OC)c2)cc1O,4.955296516418457
CHEMBL193020,O=C(O)/C=C/c1cccc(N(Cc2ccc(/C=C/c3ccccc3)cc2)C(=O)C2CCCCC2)c1,4.151822566986084
CHEMBL328146,CS(=O)(=O)c1ccc(C2=C(c3ccc(F)cc3)CC3(CCCCC3)C2)cc1,6.755467414855957
CHEMBL276306,CCC1=C(c2ccc(O)cc2)c2ccc(OCC(O)CO)cc2Oc2ccccc21,4.594587802886963
CHEMBL75078,COc1cc(/C=C\c2ccc(C(C)(C)C)cc2)cc(OC)c1OC,6.534974098205566
CHEMBL524647,CC(C)NC(=O)c1ccc2c(c1)NC(=O)/C2=C(\Nc1ccc(CN2CCCCC2)cc1)c1ccccc1,4.914024353027344
CHEMBL88180,C/C(=C\c1cccc(C(=O)O)c1)c1ccc2c(c1)C(C)(C)CCC2(C)C,6.491053581237793
CHEMBL45189,CSc1ccc(C2=C(c3ccc(O)cc3)C(=O)N3CCCC3C2)cc1,4.759754180908203
CHEMBL368776,FC(F)(F)C(=C(c1ccccc1)c1ccccc1)c1ccccc1,5.328832626342773
CHEMBL148185,CNCCSC1=Cc2ccccc2Oc2ccc(Cl)cc21,6.123726844787598
CHEMBL11283,CC/C(=C(\Cc1ccccc1)c1ccccc1)c1ccc(OCN2CCCCC2)cc1,4.412832736968994
CHEMBL192503,CS(=O)(=O)c1ccc(/C(COC(=O)[C@@H](N)CCCN=C(N)N)=C(/C(=O)O)c2ccc(F)c(F)c2)cc1,4.762914657592773
CHEMBL78314,C1=C(c2ccc(C3CCCC3)cc2)N2CCN=C2c2ccccc21,4.921070098876953
CHEMBL190553,COC(=O)/C=C/c1cccc(N(Cc2ccc(/C=C/c3c(C)cc(C)cc3C)cc2)C(=O)C(C)C)c1,4.006368637084961
CHEMBL342484,Fc1ccc(/C=C(\CCN2CCN(c3ncccn3)CC2)c2ccc(F)cc2)cc1,4.699542045593262
CHEMBL497949,NC(=O)c1ccc2c(c1)NC(=O)/C2=C(\Nc1ccc(CN2CCCCC2)cc1)c1ccccc1,5.197757244110107
CHEMBL462056,COc1cc(/C=C\c2cc(O)c3ccoc3c2)cc(OC)c1,4.525842666625977
CHEMBL88870,CC(C)=C1c2ccccc2C=C(N2CCN(C)CC2)c2ccccc21,3.732390880584717
CHEMBL497475,O=C(O)c1cn(CCO)c2ccc(/C=C/c3ccccc3)cc2c1=O,4.54883337020874
CHEMBL278392,CS(=O)(=O)c1ccc(C2=C(c3cc(Cl)c(Cl)c(Cl)c3)C(=O)CC2)cc1,4.52010440826416
CHEMBL318280,CCc1onc(Cc2c(Cl)cccc2Cl)c1COc1ccc(/C=C/c2cccc(C(=O)O)c2)c(Cl)c1,4.3830766677856445
CHEMBL174161,CN(O)C(=O)C(=C(c1ccccc1)c1ccccc1)c1ccccc1,4.354482650756836
CHEMBL29685,CC/C(=C(/c1ccc(OC(C)=O)cc1)c1ccc(OC(C)=O)c(OC(C)=O)c1)c1ccccc1,5.184543609619141
CHEMBL92092,N#Cc1ccc(OCc2ccsc2)cc1/C=C(/C(N)=O)c1ccccc1,6.271790504455566
CHEMBL80179,CC1CCCCN1Cc1ccc(C2=Cc3ccccc3C3=NCCN23)cc1,5.248697280883789
CHEMBL431400,FC(F)(F)c1cccc(C2=Cc3ccccc3C3=NCCN23)c1,5.363846778869629
CHEMBL11039,CC/C(=C(\Cc1ccccc1)c1ccc(OCN2CCOCC2)cc1)c1ccccc1,4.563052177429199
CHEMBL86837,O=C1Nc2ccccc2/C1=C/c1ccc(Br)cc1,5.805901527404785
CHEMBL306290,CCC1=C(c2ccc(O)cc2)[C@H](C)c2cc(O)ccc21,4.776114463806152
CHEMBL29729,CC/C(=C(/c1ccccc1)c1ccc(OC(C)=O)cc1)c1ccc(OC(C)=O)c(OC(C)=O)c1,5.328522682189941
CHEMBL299556,CC1C(c2ccccc2)=C(c2ccccc2)c2ccc(O)cc21,5.4556050300598145
CHEMBL51591,Oc1ccc(C2=C(c3ccccc3C(F)(F)F)Cc3cc(O)ccc32)cc1,5.0297017097473145
CHEMBL303146,CC(=O)NC[C@H]1CN(c2ccc(/C=C(\Br)c3cccc(NC(C)=O)c3)c(F)c2)C(=O)O1,4.48731803894043
CHEMBL201986,O=C1Nc2ccccc2/C1=C/c1ccc([N+](=O)[O-])cc1,5.536306381225586
CHEMBL276862,CC/C(=C(/c1ccc(OC(C)=O)cc1)c1cccc(OC(C)=O)c1)c1cccc(OC(C)=O)c1,4.835079193115234
CHEMBL49011,CS(=O)(=O)c1ccc(C2=C(c3ccc(F)cc3)C(=O)N(c3ccc(C(F)(F)F)cc3)C2)cc1,5.77928352355957
CHEMBL28550,Oc1ccc(/C(CC(F)(F)F)=C(\CC(F)(F)F)c2ccc(O)cc2)cc1,4.493354320526123
CHEMBL10063,CC(C)(C)c1ccc(C2=C(Cc3ccccc3)c3ccccc3C3=NCCCN32)cc1,5.91441535949707
CHEMBL196387,CN(C)c1ccc(/C=C/c2ccc(OCC(CO)Cc3ccc(Br)cc3)cc2)cc1,4.389939308166504
CHEMBL23639,CN(C)CCOc1ccc2c(c1)CCCC(c1ccccc1)=C2c1ccccc1,4.627925395965576
CHEMBL74267,COC(=O)/C(=C/c1cccc(OC)c1)c1cc(OC)c(OC)c(OC)c1,4.4228363037109375
CHEMBL441739,COc1ccc(/C=C(/C#N)c2cc(OC)c(OC)c(OC)c2)cc1[N+](=O)[O-],5.485543251037598
CHEMBL193207,COc1ccc2c(c1)C(Br)=C(c1ccc(O)cc1)C2=O,4.674633026123047
CHEMBL209530,O=C1CCC2(Cc3ccc(Cl)cc3)Cc3cc(O)ccc3C2=C1c1ccc(OCCN2CCCCC2)cc1,4.972266674041748
CHEMBL272011,Cc1cccc(/C=C/c2ccc3nc(NC4CCN(C)CC4)n(Cc4nc(C)ccc4O)c3c2)c1,4.880119323730469
CHEMBL118754,C/C(=C\c1ccc(C(=O)O)cc1)c1ccc2c(c1)C(C)(C)CS2,6.906303405761719
CHEMBL183345,CCCCCS(=O)(=O)CCCCCCCCCC/C(=C(/CC)c1ccc(O)cc1)c1cccc(O)c1,6.323502540588379
CHEMBL301582,COc1ccc(C2=C(c3ccc(S(C)(=O)=O)cc3)CN(c3cccc(F)c3)C2=O)cc1,5.517744541168213
CHEMBL267837,NS(=O)(=O)c1ccc2c(c1)/C(=C(\c1ccccc1)c1ccc[nH]1)C(=O)N2,6.04422664642334
CHEMBL515341,COc1ccc2c(c1)NC(=O)/C2=C/c1ccc(OC)c(O)c1,4.531450271606445
CHEMBL470993,Oc1ccc(C2=C(c3ccc(OCCN4CCC4)cc3)c3ccccc3OCC2)cc1,4.793254375457764
CHEMBL22125,CCOC(=O)c1ccc(/C=C(\C)c2ccc3c(c2)C(C)(C)CCO3)cc1,7.237537384033203
CHEMBL246275,COc1cc2c(cc1OC)/C(=C\c1ccc(NC(=O)Nc3ccncc3)cc1)C(=O)N2,6.19948673248291
CHEMBL355755,O=C(CCN1CCN(c2ccc(F)cc2)CC1)NC1c2ccccc2C=Cc2ccccc21,5.026623249053955
CHEMBL204697,CN(C)CCOc1ccc(/C(=C(/CCCC#N)c2ccccc2)c2ccc(O)cc2)cc1,5.412530899047852
CHEMBL146449,COc1ccc(/C(C)=C/c2ccc(C(=O)O)cc2)cc1C12CC3CC(CC(C3)C1)C2,5.508339881896973
CHEMBL508442,CC(=O)OC[C@H]1O[C@@H](N2C(=O)/C(=C3/C(=O)Nc4ccc(Br)cc43)c3ccccc32)[C@H](OC(C)=O)[C@@H](OC(C)=O)[C@@H]1OC(C)=O,5.113457202911377
CHEMBL129017,CN1C(=O)CC[C@]2(C)c3ccc(/C=C\c4ccccc4)cc3CC[C@@H]12,5.725193023681641
CHEMBL60060,COc1ccc(/C=C2/C(=O)N(C)c3ccc([N+](=O)[O-])cc32)cc1OC1CC2CCC1C2,4.3663649559021
CHEMBL329755,COC(=O)C1(C(=O)N(C)[C@H]2CCCC[C@@H]2N2CCCC2)C(c2ccccc2)=C1c1ccccc1,5.375075817108154
CHEMBL317435,N=C(N)NCCN1c2ccccc2C=Cc2ccccc21,5.900839805603027
CHEMBL88649,NS(=O)(=O)c1ccc(C2=C(c3ccc(OC(F)(F)F)cc3)CC3(CC3)C2)cc1,5.745075702667236
CHEMBL303224,CCC1=C(c2ccccc2)Cc2cc(O)ccc21,5.359611511230469
CHEMBL340874,O=C1Nc2ccccc2/C1=C\c1c(Cl)cccc1Cl,4.569441795349121
CHEMBL434922,COc1cccc(N2CCN(CCCC(=O)NC3c4ccccc4C=Cc4ccccc43)CC2)c1,4.735612869262695
CHEMBL56516,O=S(=O)(Nc1ccc2c(/C=C/c3ccc4ccccc4c3)cccc2c1)C(F)(F)F,5.483633041381836
CHEMBL68329,CCC1=C(c2ccc(O)cc2)C(=O)c2ccccc21,5.501356601715088
CHEMBL345022,C/C(=C\c1ccc(C(=O)O)cc1)c1ccc(O)c(C2(C)CCCCC2)c1,6.911616802215576
CHEMBL321797,O=C1Nc2ccccc2/C1=C\c1ccc(N2CCOCC2)cc1,5.59160041809082
CHEMBL150295,O=P(O)(O)C(F)(F)c1ccc(/C=C/c2ccccc2)cc1,5.665506362915039
CHEMBL21889,CCOC(=O)c1ccc(/C=C(\C)c2ccc3c(c2)C(C)(C)CCS3)cc1,7.2563066482543945
CHEMBL390232,COc1ccccc1/C=C/c1ccccc1OC,4.481672286987305
CHEMBL467407,C=C(C)[C@H]1CC[C@H](C)C[C@@H]1c1c(O)cc(/C=C/c2ccccc2O)cc1O,4.699728012084961
CHEMBL451490,COc1cc(/C=C/c2ccc3c(ccn3C)c2)cc(OC)c1OC,3.8780994415283203
CHEMBL474730,COc1ccc(/C(=C/c2cc(OC)cc(OC)c2)C(F)(F)F)cc1,4.655446529388428
CHEMBL473924,Oc1ccc(/C=C/c2ccc(F)cc2)cc1O,4.140350341796875
CHEMBL111787,NS(=O)(=O)c1ccc(C2=C(c3ccc(F)c(F)c3)CCC2)cc1,5.3976945877075195
CHEMBL353485,CC/C(=C(\c1ccc(I)cc1)c1ccc(OCCN2CCCC2)cc1)c1ccc(N)cc1,4.266227722167969
CHEMBL274392,CCOc1ccc(CC2=C(c3ccc(CCc4ccccc4)cc3)N3CCCN=C3c3ccccc32)cc1,4.948158264160156
CHEMBL227918,O=C1OC(O)C(c2ccc3ccccc3c2)=C1c1ccc2ccccc2c1,4.893607139587402
CHEMBL449709,[O-][n+]1onc2cc(/C=C\c3ccc(Cl)cc3)ccc21,3.5432958602905273
CHEMBL102519,CC(C)c1cc(/C=C2/C(=O)Nc3ccccc32)cc(C(C)C)c1O,5.888218402862549
CHEMBL504510,O=C(O)CCCCCOc1ccc(/C=C/c2cc(O)cc(O)c2)cc1,3.858428955078125
CHEMBL316965,OCC/C(=C(\c1ccccc1)c1ccc(O)cc1)c1ccccc1,5.84198522567749
CHEMBL175104,CCOC(=O)c1ccc(/C=C(\C)c2ccc3c(c2)CCCC3)cc1,4.768972873687744
CHEMBL175660,COc1cc(/C=C/c2ccc3ccccc3c2)cc(N)c1OC,5.167937278747559
CHEMBL176943,CN(C)c1c([N+](=O)[O-])cc(/C=C/c2ccc3ccccc3c2)cc1[N+](=O)[O-],4.346484184265137
CHEMBL175526,CCCCOc1ccc(/C=C/c2cc(OC)cc(OC)c2)cc1,4.538002014160156
CHEMBL315546,O=CN1CCN(c2ccc(/C=C3\C(=O)Nc4ccccc43)cc2)CC1,5.572318077087402
CHEMBL180629,COc1cc(/C=C2/C(=O)/C(=C/c3ccc([N+](=O)[O-])cc3)c3ccccc32)cc(OC)c1OC,5.587427616119385
CHEMBL361413,Clc1ccc(/C=C\c2cc(Cl)cc(Cl)c2)cc1,4.1718292236328125
CHEMBL477731,COc1cccc(/C=C/c2ccc(O[Si](C)(C)C(C)(C)C)cc2)c1,6.774975776672363
CHEMBL166400,Cc1cccc(C2=C(c3ccc(S(C)(=O)=O)cc3)OC3(CCCCC3)C2=O)c1,6.120784759521484
CHEMBL80605,CCN(CC)Cc1ccc(/C=C/c2ccccc2C(=O)NC(Cc2ccccc2)C(N)=O)cc1,4.521683216094971
CHEMBL511971,Oc1ccc(C2=C(c3ccc(OCCN4CCCCC4)cc3)c3ccc(F)cc3OCC2)cc1,3.872593402862549
CHEMBL192765,CSC1=C(c2ccc(O)cc2)C(=O)c2ccc(O)cc21,5.212070465087891
CHEMBL104062,CC(=O)Nc1ccc(/C=C2\C(=O)Nc3ccc(C(=O)c4cccs4)cc32)cc1,5.96683406829834
CHEMBL424353,COc1cccc(C2=C3c4cc(OC)c(OC)cc4CCN3C(=O)C2=O)c1,4.047563552856445
CHEMBL246895,COc1cc2c(cc1OC)/C(=C\c1ccc(NC(=O)Nc3ccc(F)cc3)cc1)C(=O)N2,5.318647384643555
CHEMBL87210,COc1cc(/C=C\c2ccc(O)cc2)cc(OC)c1OC,4.781785488128662
CHEMBL45664,COc1ccc(OC)c(/C=C\c2ccc(OC)c(C(=O)NCCc3ccc(F)cc3)c2)c1,4.588834285736084
CHEMBL85330,CC/C(=C(/c1ccc(OCCN(C)C)cc1)c1cccc(I)c1)c1ccccc1,4.919034957885742
CHEMBL142488,COc1cc(/C=C/c2ccc(O)c(CCF)c2)cc(OC)c1,4.633727550506592
CHEMBL197392,Cc1ccc(/C(=C/c2cccc(-c3cc(C(C)C)cc4cccnc34)c2)c2ccc(S(C)(=O)=O)cc2)nc1,5.334352970123291
CHEMBL218867,O=C1c2ccccc2/C(=C/c2ccc(O)cc2)c2sccc21,4.696033954620361
CHEMBL373660,C=CCOc1cc(C2=C(c3cc(OC)c(OC)c(OC)c3)/C(=N\O)C(O)C2)ccc1OC,4.458049774169922
CHEMBL223835,C=CCOc1cc(C2=C(c3cc(OC)c(OC)c(OC)c3)C(=O)C(O)C2)ccc1OC,4.030886173248291
CHEMBL144864,COc1ccc(C(=O)/C(=C\c2ccccc2)c2ccccc2)cc1,5.841775894165039
CHEMBL192166,COc1ccc(/C=C\c2cc(OC)c(OC)c(OC)c2)cc1OCCCl,5.1654558181762695
CHEMBL512641,COc1ccc(/C(F)=C(/Br)c2cc(OC)c(OC)c(OC)c2)cc1O,5.142910003662109
CHEMBL469128,CC(C)c1onc(COc2ccccc2Cl)c1COc1ccc(/C=C/c2cccc(C(=O)O)c2)c(Cl)c1,4.407439708709717
CHEMBL74547,COc1ccc(/C=C/c2cc(OC)c(O[Si](C)(C)C(C)(C)C)c(OC)c2)cc1,7.089428901672363
CHEMBL401101,COc1cc2cc(OC)c1OCCCCCCOc1ccc(cc1)/C=C\2,4.4721479415893555
CHEMBL233858,COc1ccc(COc2ccccc2C2=C(c3cccc(C(=O)O)c3)CCC2)cc1,5.682111740112305
CHEMBL181761,CCc1c(C)nc(O)c(N(C)C)c1C(=O)c1cccc(/C=C/c2ccccc2)c1,4.584064483642578
CHEMBL225806,C(=C/c1ccc2nonc2c1)\c1ccc2c(c1)OCO2,3.8961899280548096
CHEMBL311402,O=C1Nc2ccc(S(=O)(=O)N(CCO)CCO)cc2/C1=C/c1cc(Br)c(O)c(Br)c1,5.969084739685059
CHEMBL225873,[O-][n+]1onc2cc(/C=C/c3cccc(F)c3)ccc21,3.8636555671691895
CHEMBL374239,O=c1cc(-c2cccc(-c3ccc(/C=C/c4ccccc4)cc3)c2)sc(N2CCOCC2)c1,5.175963401794434
CHEMBL500257,CC(C)=CCC/C(C)=C/Cc1c(O)cc(/C=C/c2ccccc2)cc1O,4.420910835266113
CHEMBL524273,O=C(O)/C=C/c1ccc(O)c(O)c1/C(=C/c1ccc(O)c(O)c1)C(=O)O,4.523409843444824
CHEMBL270427,CNc1ccc(/C=C/c2ccc(-c3nc4ccc(OCCF)cc4s3)cc2)cc1,4.869129180908203
CHEMBL257734,CNc1ccc(/C=C/c2ccc(-c3nc4ccc(OCCF)cc4o3)cc2)cc1,4.886011123657227
CHEMBL413126,C#CCN(C)CCSC1=Cc2ccccc2Oc2ccccc21,4.712957382202148
CHEMBL214885,COc1ccc(/C=C/c2cccc(C)c2)cc1,4.393924236297607
CHEMBL58987,Cc1cc(/C=C/c2ccc(F)cc2F)cc(C)c1O,3.978999614715576
CHEMBL160773,CN(C)CCCCOc1ccccc1/C=C/c1ccc(Cl)cc1,4.845346450805664
CHEMBL228674,COc1ccc(/C=C(\C(=O)c2cc(OC)c(OC)c(OC)c2)c2ccc(OC)cc2)cc1,5.27316951751709
CHEMBL194829,O=C1Oc2ccccc2/C1=C\c1cccc(O)c1,4.969146251678467
CHEMBL305634,O=C(O)c1cc(/C=C\c2ccc(/C=C/c3ccc(O)c(C(=O)O)c3)cc2Br)ccc1O,4.044129371643066
CHEMBL466439,CC(C)c1onc(COc2cccc3ccccc23)c1COc1ccc(/C=C/c2cccc(C(=O)O)c2)c(Cl)c1,4.337580680847168
CHEMBL492963,CC(C)c1onc(COc2ccc(Cl)cc2Cl)c1COc1ccc(/C=C/c2cccc(C(=O)O)c2)c(Cl)c1,3.721531391143799
CHEMBL499477,Cc1noc(/C(=C/c2cccc(-n3cc(C(=O)Nc4c(Cl)cncc4Cl)c(=O)c4cccnc43)c2)c2ccc(S(C)(=O)=O)cc2)n1,4.710260391235352
CHEMBL352492,CC1(C)OC(c2ccc(S(N)(=O)=O)c(F)c2)=C(c2cccc(F)c2)C1=O,6.356685638427734
CHEMBL317179,CN(C(=O)C1(C(=O)O)C(c2ccccc2)=C1c1ccccc1)[C@H]1CCCC[C@@H]1N1CCCC1,5.37785005569458
CHEMBL453899,O=C(O)c1cc(/C=C/c2ccccc2)cc(Br)c1O,5.410689353942871
CHEMBL192586,O=C1C(c2ccc(O)cc2)=C(c2ccccc2)c2ccc(O)cc21,5.431633472442627
CHEMBL330255,N#Cc1ccc(OCc2ccsc2)cc1/C=C(/C(=O)O)c1ccc2c(c1)OCO2,5.4573822021484375
CHEMBL501898,COc1cc(/C=C/c2ccc(O)cc2)cc(O[C@@H]2O[C@H](CO[C@@H]3O[C@@H](C)[C@H](O)[C@@H](O)[C@H]3O)[C@@H](O)[C@H](O)[C@H]2O[C@@H]2O[C@@H](C)[C@H](O)[C@@H](O)[C@H]2O)c1,4.669611930847168
CHEMBL6361,Nc1cc[n+](Cc2ccc(/C=C\c3ccc(C[n+]4ccc(N)c5ccccc54)cc3)cc2)c2ccccc12,4.024242401123047
CHEMBL129215,CCC1(CC)CC(c2ccc(F)cc2)=C(c2ccc(S(C)(=O)=O)cc2)C1,7.131605625152588
CHEMBL456682,COc1ccc(/C=C\c2cc(OC)c3c(c2)OCO3)cc1NC(=O)[C@H](Cc1ccc(OC(C)(C)C)cc1)NC(=O)OCc1ccccc1,7.068511962890625
CHEMBL507409,Oc1ccc([C@H]2c3c(O)cc(O)cc3[C@H]3c4c(cc(O)cc4[C@@H]2c2cc(/C=C/c4cc(O)cc5c4[C@H](c4cc(O)cc(O)c4)[C@@H](c4ccc(O)cc4)O5)ccc2O)O[C@@H]3c2ccc(O)cc2)cc1,3.8737521171569824
CHEMBL42271,O=C(O)/C(=C\c1ccccc1)c1cc(C(=O)c2cccs2)ccc1O,5.088258266448975
CHEMBL44382,COc1ccc(C2=C(c3ccc(SC)cc3)CC3CCCN3C2=O)cc1OC(=O)CNC(=O)OC(C)(C)C,5.6636881828308105
CHEMBL255457,COc1cc([N+](=O)[O-])c(/C=C\c2cc(OC)c(OC)c(OC)c2)cc1[N+](=O)[O-],4.231478691101074
CHEMBL210976,COc1cccc(/C=C\c2cc(OC)cc(OC)c2)c1,4.2494425773620605
CHEMBL237297,COc1cc2c(c(/C=C/c3ccccc3)c1C(=O)O)C(=O)c1c(O)cccc1C2=O,4.609411239624023
CHEMBL46552,CC/C(=C(\c1ccccc1)c1ccc(OCCN2CCCCC2)cc1)c1ccccc1,4.907041549682617
CHEMBL175321,O=C1Nc2ccccc2/C1=C1\CCc2cc(O)ccc21,5.016231536865234
CHEMBL353965,CC1(C)OC(c2ccc(S(N)(=O)=O)cc2)=C(c2cccc(C(F)(F)F)c2)C1=O,6.183040142059326
CHEMBL80130,C1=C(c2ccccc2)N2CCN=C2c2ccccc21,4.946133136749268
CHEMBL424725,O=C1CCC2(Cc3ccccc3)Cc3c(ccc4[nH]ncc34)C2=C1c1ccc(OCCN2CCCCC2)cc1,5.006452560424805
CHEMBL75069,C/C(=C\c1ccc(C(=O)O)cc1)c1ccc(SCCC(C)C)cc1,4.517286777496338
CHEMBL82159,CCN(CC)CCOc1ccc(/C(=C(\c2ccccc2)[N+](=O)[O-])c2ccc(O)cc2)cc1,4.8580827713012695
CHEMBL233144,O=C(NCC1CCCO1)c1ccc(/C=C\c2ccc(O)c(O)c2)cc1,2.9882068634033203
CHEMBL318215,COc1cccc(C2=C(c3ccccc3)C2C(=O)N(C)[C@H]2CCCC[C@@H]2N2CCCC2)c1,4.834641456604004
CHEMBL269003,C/C(=C(/C)c1ccc(O)cc1)c1ccc(O)cc1,3.8603296279907227
CHEMBL14527,C=CCOc1ccc2c(c1)SCc1ccccc1/C(CC)=C\2c1ccccc1,5.125637531280518
CHEMBL277511,CC/C1=C(\c2ccc(O)cc2)c2ccc(OCCN(C)C)cc2CCc2ccccc21,5.0749311447143555
CHEMBL280771,CCC(=C(c1ccccc1)c1ccccc1)c1ccc(OC(C)=O)c(OC(C)=O)c1,5.242544174194336
CHEMBL196969,CC(C)c1cc(-c2cccc(/C=C(\c3ccc(S(C)(=O)=O)cc3)c3nccs3)c2)c2ncccc2c1,5.217502593994141
CHEMBL373469,COc1ccc(C2=C(c3cc(OC)c(OC)c(OC)c3)C(=O)CC2O[SiH2]C(C)(C)C)cc1O,6.899847030639648
CHEMBL425978,O=C1c2ccccc2/C(=C/c2ccc([N+](=O)[O-])cc2)c2sccc21,4.504363536834717
CHEMBL467780,COc1ccc(/C(F)=C(/F)c2cc(OC)c(OC)c(OC)c2)cc1[N+](=O)[O-],4.420737266540527
CHEMBL530974,CN(C)CCOc1ccc(/C(=C(/CCCn2ccnc2)c2ccccc2)c2ccc(O)cc2)cc1,4.882936477661133
CHEMBL415524,CCc1ccccc1/C=C1\Oc2ccc(F)cc2-c2ccc3c(c21)C(C)=CC(C)(C)N3,5.896023750305176
CHEMBL136464,CC1=CC(C)(C)Nc2ccc3c(c21)/C(=C/c1ccc(F)cc1)Oc1ccccc1-3,5.794313907623291
CHEMBL164014,CCC1=C(c2cccc(C(C)=O)c2)C(C)c2ccc(C(C)=O)cc21,4.915809631347656
CHEMBL84903,COc1ccc(/C=C\c2ccc3ccccc3c2)cc1O,4.743500232696533
CHEMBL402034,COc1cc(N)c(/C=C\c2cc(OC)c(OC)c(OC)c2)cc1[N+](=O)[O-].Cl,4.73451042175293
CHEMBL198527,CC(C)NC(=O)/C(=C/c1cccc(-c2cc(C(C)(C)S(C)(=O)=O)cc3cccnc23)c1)c1ccc(S(C)(=O)=O)cc1,6.0905375480651855
CHEMBL371037,CC(C)NC(=O)/C(=C/c1cccc(-c2cc(C(C)(C)C#N)cc3cccnc23)c1)c1ccc(S(C)(=O)=O)cc1,6.66144323348999
CHEMBL400695,O=C(Cc1ccc(O)cc1)N1CC(c2ccc(O)cc2)=C(c2ccc(O)cc2)C1=O,4.04018497467041
CHEMBL455940,O=C(O)CC1=C/C(=C\c2ccccc2)c2ccc(F)cc21,4.456160068511963
CHEMBL240343,CC/C(=C(/c1ccc(OCCN)cc1)c1cccc(I)c1)c1ccccc1,5.728699684143066
CHEMBL382128,COc1ccc(C2=C(c3cc(OC)c(OC)c(OC)c3)C(=O)NC2=O)cc1O,4.741607666015625
CHEMBL195170,COc1ccc(/C=C/c2cc(OC)c(OC)c(OC)c2)cc1[N+](=O)[O-],4.714943885803223
CHEMBL209133,O=[N+]([O-])c1ccc(/C=C/c2ccc(O)cc2)cc1,4.201584339141846
CHEMBL8959,COc1ccc(/C=C/c2cc(C(C)(C)C)c(O)c(C(C)(C)C)c2)cc1,6.236626625061035
CHEMBL426563,COc1cc(C2=C(c3ccc(SC)cc3)CC(O[SiH2]C(C)(C)C)C2=O)cc(OC)c1OC,7.09588623046875
CHEMBL67288,CC(=O)NC[C@H]1CN(c2ccc(/C=C(\Br)c3ccc(C#N)cc3)c(F)c2)C(=O)O1,4.605564117431641
CHEMBL137024,O=C1NC(=O)C(c2ccc(O)c(O)c2)=C1c1ccc(O)c(O)c1,4.651392459869385
CHEMBL430821,Nc1nc(N)c2nc(CN3c4ccccc4C=Cc4cc(OCCCC(=O)O)ccc43)cnc2n1,4.441065311431885
CHEMBL75404,COc1cc(/C=C\c2ccc(SC)cc2)cc(OC)c1OC,4.717107772827148
CHEMBL342426,CC1=CC(C)(C)Nc2ccc3c(c21)/C(=C/c1ccc(F)c(F)c1)Oc1ccccc1-3,5.757261753082275
CHEMBL352430,CC1(C)OC(c2ccc(S(C)(=O)=O)cc2)=C(c2ccc(Br)cc2)C1=O,6.594525337219238
CHEMBL207594,C[S+]([O-])c1ccc(C2=C(c3ccccc3)C(=O)OC2)cc1,4.890554428100586
CHEMBL216984,CCc1cccc2c1CNc1c(cccc1CCc1ccccc1)/C=C\2COc1ccc([N+](=O)[O-])cc1,4.4522552490234375
CHEMBL113339,COc1cc(/C=C/c2cc(O)cc(O[C@@H]3O[C@H](CO)[C@@H](O)[C@H](O)[C@H]3O)c2)ccc1O,4.236605167388916
CHEMBL580077,Cc1ccc(N2C(=O)C3C(C2=O)C2(c4ccccc4)C(=O)C3(c3ccccc3)C(c3ccccc3)=C2c2ccccc2)c(C)c1,5.283785343170166
CHEMBL123515,COc1ccc(/C=C2\C=C(CCN3CCOCC3)c3ccccc32)c2ccccc12,4.487057685852051
CHEMBL214699,COc1cc2c(cc1C)NC(=O)/C2=C/c1cc(OC)c(OC)c(OC)c1,3.9760501384735107
CHEMBL387179,COc1cc(/C=C2/C(=O)N(C)c3ccccc32)cc(OC)c1OC,5.281733512878418
CHEMBL218560,COc1cc(/C=C2/C(=O)N(c3ccccc3)c3ccccc32)cc(OC)c1OC,5.4597320556640625
CHEMBL65499,COc1ccc(/C(=C(/C#N)c2ccccc2)c2ccc(O)cc2)cc1,6.300674915313721
CHEMBL300047,CS(=O)(=O)c1ccc(C2=C(c3ccc(F)cc3)C(=O)N(c3ccccc3F)C2)cc1,4.993936538696289
CHEMBL197216,O=C1Oc2ccccc2/C1=C\c1cc(O)c(O)c(O)c1,5.251553535461426
CHEMBL515831,O=C(O)CC1=C/C(=C\c2cccc3cccnc23)c2ccc(F)cc21,3.937234878540039
CHEMBL67688,CC(=O)NC[C@H]1CN(c2ccc(/C=C(\F)c3cccc(C(C)=O)c3)c(F)c2)C(=O)O1,4.524730682373047
CHEMBL109339,Oc1ccc(C2=Cc3ccccc3OC2c2ccc(OCCN3CCCCC3)cc2)cc1,4.8029937744140625
CHEMBL327384,CS(=O)(=O)c1ccc(C2=C(c3ccc(Cl)cc3)CC3(CC3)C2)cc1,6.1317973136901855
CHEMBL395284,O=C(O)c1cccc(C2=C(c3cc(Br)ccc3OCc3ccc(F)cc3)CCC2)c1,5.162753105163574
CHEMBL38776,CCNC(=O)/C=C/c1ccc(/C(=C(/CC)c2ccccc2)c2ccccc2)cc1,5.8533830642700195
CHEMBL480649,COc1c(C)c(O)cc2c1Oc1cccc(O)c1C=C2,4.350034713745117
CHEMBL187145,CCCCCC/C(=C\c1ccccc1)c1ccc(S(C)(=O)=O)cc1,6.246760368347168
CHEMBL387605,O=C(O)c1cccc(C2=C(c3cc(Br)ccc3OCc3ccc(F)cc3F)CCC2)c1,5.027435779571533
CHEMBL395776,Oc1ccc(/C=C/c2c(F)c(F)c(/C=C/c3ccc(O)cc3)c(F)c2F)cc1,4.41647481918335
CHEMBL221938,COc1ccc(C2=C(c3cc(OC)c(OC)c(OC)c3)C(=O)C(OC(C)=O)C2)cc1OC(C)C,3.816997528076172
CHEMBL222404,COc1ccc(C2=C(c3cc(OC)c(OC)c(OC)c3)/C(=N\O)CC2OC(C)=O)cc1O,4.4190521240234375
CHEMBL222191,COc1ccc(C2=C(c3cc(OC)c(OC)c(OC)c3)/C(=N\O)C(O)C2)cc1Cl,4.336083889007568
CHEMBL483227,COc1ccc(C2=C(c3ccc(O)cc3)CN3CCC[C@@H]3C2)cc1OC,4.076059341430664
CHEMBL373656,COc1ccc(C2=C(c3cc(OC)c(OC)c(OC)c3)C(=O)C(O)C2)cc1Cl,3.8282241821289062
CHEMBL219219,COc1cc(O)cc(/C=C/c2ccc(O)cc2OC)c1,4.471677780151367
CHEMBL231773,COc1ccc(/C=C/c2cc(OC)c(CCCCCCCCCCCCO)c(OC)c2)cc1,5.1139678955078125
CHEMBL163161,COc1ccc(/C=C2/C(C)=C(CC(=O)O)c3cc(F)ccc32)cc1,4.153420448303223
CHEMBL462484,COc1ccc2c(c1O)CCCC(c1cc(OC)c(OC)c(OC)c1)=C2,4.271499156951904
CHEMBL74247,COc1cc(/C=C/c2ccc(C(C)C)cc2)cc(OC)c1OC,4.923566818237305
CHEMBL503114,CC(=O)Nc1nc(C)c(S(=O)(=O)Nc2ccc(C(=O)Nc3ccc4c(c3)N(O)C(=O)/C4=C(\O)c3ccccc3)cc2)s1,5.729726791381836
CHEMBL457428,CC(C)OP(=O)(OC(C)C)N1CCC[C@H]1C(=O)Nc1ccc(/C=C/c2ccccc2)cc1,6.084651947021484
CHEMBL186274,Cc1ccc(C2=C(c3ccc(OCCN(C)C)cc3)c3ccccc3OCC2)cc1,4.742609977722168
CHEMBL395394,OCCCCCCCCCCCCc1c(O)cc(/C=C/c2ccc(O)cc2)cc1O,4.991033554077148
CHEMBL234280,COc1ccc(COc2ccc(Br)cc2C2=C(c3cccc(C(=O)O)c3)CCC2)cc1,5.256820201873779
CHEMBL447307,O=C1Nc2ccc(/C=C/c3cccc(Cl)c3)cc2C1=O,5.352657318115234
CHEMBL195515,CC/C(=C(\c1ccc(O)cc1)c1ccc(/C=C/C(=O)O)cc1)c1ccccc1,5.525327205657959
CHEMBL437700,CNCCC/C(=C(\c1ccc(O)cc1)c1ccc(OCCN(C)C)cc1)c1ccccc1,4.844917297363281
CHEMBL175028,CCCCCCCCCCCCCCCC(=C(c1ccccc1)c1ccccc1)c1ccc(S(=O)(=O)OC)cc1,6.125038146972656
CHEMBL352256,CN(C)CCCCOc1ccccc1/C=C/c1ccccc1F,4.872418403625488
CHEMBL477963,COc1cc(/C=C2/C(=O)Nc3ccccc32)cc(OC)c1,5.366570949554443
CHEMBL434819,COC(=O)c1ccc(C=C2c3cccc(O)c3C(=O)c3c(O)cccc32)cc1,5.418863296508789
CHEMBL55961,CC/C(=C(\c1ccccc1)c1cccc(OC(C)=O)c1)c1ccc(OC(C)=O)cc1,5.275938510894775
CHEMBL460649,OC[C@H]1O[C@@H](Oc2cc(O)cc(O)c2/C=C/c2ccc(O)cc2)[C@H](O)[C@@H](O)[C@@H]1O,3.6434640884399414
CHEMBL83891,CCCC1Cc2cc(O)ccc2C2=C1c1ccc(O)cc1CC2CCC,3.0890164375305176
CHEMBL521073,O=C1/C(=C/c2ccccc2Cl)c2ccccc2N1c1c(Cl)cccc1Cl,5.034272193908691
CHEMBL226411,[O-][n+]1onc2cc(/C=C\c3ccc4nonc4c3)ccc21,3.780135154724121
CHEMBL223222,COC(=O)C1=C(C(=O)OC)C2OC1C(c1ccc(O)cc1)=C2c1ccc(O)cc1,3.8990936279296875
CHEMBL173161,O=C(CCCN1CCN(c2ccc(F)cc2)CC1)NC1c2ccccc2C=Cc2ccccc21,5.075219631195068
CHEMBL420943,C1=C(c2ccc(-c3ccccc3)cc2)N2CCN=C2c2ccccc21,4.971590518951416
CHEMBL198722,CC(c1cc(-c2cccc(/C=C(\c3ccc(S(C)(=O)=O)cc3)c3ncc(C(C)(C)O)s3)c2)c2ncccc2c1)S(C)(=O)=O,5.966037750244141
CHEMBL170569,FC(F)(F)C(F)(F)C(=C(c1ccccc1)c1ccccc1)c1ccccc1,5.366193771362305
CHEMBL470939,CC/C(=C\c1cc(OC)cc(OC)c1)c1ccc(OC)c(OC)c1,4.361089706420898
CHEMBL390188,O=C(O)c1cccc(C2=C(c3cc(Br)ccc3OCc3ccc(Cl)cc3F)CCC2)c1,5.022592544555664
CHEMBL65214,COc1cc(/C=C/c2ccc(Br)cc2)cc(OC)c1,4.8387451171875
CHEMBL221452,COc1ccc(C2=C(c3cc(OC)c(OC)c(OC)c3)/C(=N\O)C(O)C2)cc1OC(C)C,4.617695331573486
CHEMBL225526,COc1ccc(C2=C(c3cc(OC)c(OC)c(OC)c3)C(=O)C(OC(C)=O)C2)cc1O,3.8962206840515137
CHEMBL525902,CC(=O)Nc1ccc2c(c1)NC(=O)/C2=C(\Nc1ccc(CN2CCCCC2)cc1)c1ccccc1,5.218282699584961
CHEMBL308843,C/C=C1/c2ccccc2C=C(N2CCN(C)CC2)c2cc(Cl)ccc21,5.391314506530762
CHEMBL464884,O=C(O)/C=C/c1ccc(O)c(O)c1/C=C/c1ccc(O)c(O)c1,4.667234897613525
CHEMBL300647,CN(C)C1C=CC2(CC1)c1ccccc1C=Cc1ccc(Cl)cc12,5.198122024536133
CHEMBL433718,Cc1c2cc[n+](CC(=O)NCCCCCNCCOc3ccc(/C(=C(/Cl)c4ccccc4)c4ccccc4)cc3)cc2c(C)c2c1[nH]c1ccc(O)cc12.[Cl-],5.000940322875977
CHEMBL179510,FC(F)(F)c1ccc(/C=C/c2cc(Cl)cc(Cl)c2)cc1,4.9489946365356445
CHEMBL71789,O=C(O)C1CCCN(CCOC2c3ccccc3C=Cc3ccccc32)C1,4.122894287109375
CHEMBL46909,COc1cc(/C=C/c2ccc(OC)cc2OC)cc(OC)c1,4.127285003662109
CHEMBL92443,C=C1C(c2ccccc2)=C(c2ccc(S(C)(=O)=O)cc2)C1(C)C,5.740659713745117
CHEMBL297505,Cc1ccccc1C1=C(c2ccc(O)cc2)c2ccc(O)cc2C1,4.715649604797363
CHEMBL44704,COc1ccc(/C=C\c2cc(O)c(OC)c(OC)c2)cc1OC,4.627913475036621
CHEMBL208085,Oc1ccc2c(c1)O[C@H](c1ccc(OCCN3CCCCC3)cc1)C1=C2COc2cc(O)ccc21,3.702219247817993
CHEMBL281053,C1=Cc2ccccc2C2(OC[C@H]([C@@H]3CCCCN3)O2)c2ccccc21,5.028347969055176
CHEMBL92766,Cc1ccc(C2=C(c3ccccc3)Cc3cc(O)ccc32)cc1,5.666660308837891
CHEMBL190499,COC(=O)/C=C/c1cccc(N(Cc2ccc(/C=C/c3c(C)cc(C)cc3C)cc2)C(=O)NC(C)C)c1,4.52358865737915
CHEMBL104416,CC/C(=C(/c1ccc(OCC(=O)O)cc1)c1cccc(O)c1)c1ccccc1,4.558692932128906
CHEMBL514390,CCN1C(c2ccccc2)=C(c2ccccc2)S/C1=C/C=C/c1sc2c3ccccc3ccc2[n+]1CC,4.318427085876465
CHEMBL189301,CCc1c(C)nc(O)c(N(C)C)c1C(=O)c1cccc(/C=C(\C#N)c2ccccc2)c1,5.241008281707764
CHEMBL546871,CCC(=C(CC)c1ccc(O)c(CNC2CCCCC2)c1)c1ccc(O)c(CNC2CCCCC2)c1.Cl,4.7988152503967285
CHEMBL477261,COc1ccc(/C=C(/C(=O)O)c2ccccc2)cc1OC,4.980085372924805
CHEMBL432945,COc1ccc(C2=C(c3ccc(S(N)(=O)=O)cc3)CC3(CC3)C2)cc1,5.665737152099609
CHEMBL491079,C/C(=C\c1ccc(C(F)(F)F)cc1)c1ccc(O)cc1,4.358000755310059
CHEMBL175606,Cc1ccc(/C=C\c2ccc3ccccc3c2)cc1,4.619268417358398
CHEMBL266086,CC/C(=C(\c1ccc(I)cc1)c1ccc(OCCCN(C)C)cc1)c1ccccc1,4.773831367492676
CHEMBL158220,NC(=O)C1CCCN(CCCCOc2ccccc2/C=C/c2ccccc2)C1,4.144731521606445
CHEMBL6730,CC/C(=C(\c1ccc(I)cc1)c1ccc(OCCN(C)C)cc1)c1ccccc1,4.807498455047607
CHEMBL18312,CC1(O)OC(=O)C(c2ccc3ccccc3c2)=C1c1ccc(S(C)(=O)=O)cc1,5.895519256591797
CHEMBL161937,C/C(=C\c1ccc(C(=O)O)cc1)c1ccc2c(c1)C(C)(C)CCC2(C)C.Cc1ccc(C2=CCC(C)(C)c3cc4ccc(-c5ccc(C(=O)O)cc5)cc4cc32)cc1,6.9109039306640625
CHEMBL46998,O=C1Oc2ccc(C(=O)c3cccs3)cc2/C1=C/c1ccc(Cl)cc1,5.093210220336914
CHEMBL558340,CS(=O)(=O)c1ccc(C2=C(c3ccc(Cl)c(Cl)c3)CC3(CC3)C2)cc1,5.833219528198242
CHEMBL134421,CC1=CC(C)(C)Nc2ccc3c(c21)/C(=C/c1ccccc1)Oc1ccccc1-3,5.78856086730957
CHEMBL300159,COc1ccccc1/C=C/c1cc(C)c(O)c(C)c1,5.154138565063477
CHEMBL206509,COC(=O)N[C@H](C(=O)NN(Cc1ccc(/C=C/c2ccccc2)cc1)C[C@@](O)(Cc1ccccc1)C(=O)N[C@H]1c2ccccc2C[C@H]1O)C(C)(C)C,6.031765937805176
CHEMBL193099,COC(=O)/C=C/c1cccc(N(Cc2ccc(/C=C/c3c(Cl)cccc3Cl)cc2)C(=O)C(C)C)c1,5.169008255004883
CHEMBL175138,C/C(=C\c1ccc(C(=O)OCCCCc2cnc(S)nc2O)cc1)c1ccc2c(c1)CCCC2,5.084619522094727
CHEMBL297750,CC(C)c1ccc(C2=C(c3ccc(S(C)(=O)=O)cc3)OC(C)(C)C2=O)cc1,6.54075813293457
CHEMBL50995,CC/C(=C(\c1ccccc1)c1ccc(O)cc1)c1ccccc1,5.75674295425415
CHEMBL229531,COc1ccc(/C=C/c2cc(OC)cc(OC)c2CO)cc1,4.778494834899902
CHEMBL486,CC/C(=C(\c1ccccc1)c1ccc(OCCN(C)C)cc1)c1cccc(O)c1,4.80264949798584
CHEMBL447784,COC(=O)/C=C/c1cccc(N(Cc2ccc(/C=C/c3c(F)cccc3F)cc2)C(=O)C(C)C)c1,5.361630916595459
CHEMBL436095,CN1CCC(=C2c3ccccc3C=Cc3ccc(Br)cc32)CC1,4.745594024658203
CHEMBL49933,CC1C(=O)N=CC(c2ccccc2)=C1c1ccccc1,4.785636901855469
CHEMBL186797,CN(C)CCOc1ccc(C2=C(c3ccc(Cl)cc3)CCOc3ccccc32)cc1,4.671467304229736
CHEMBL387980,COc1ccc(/C=C/c2ccc3c(c2)no[n+]3[O-])cc1,3.816438674926758
CHEMBL89130,COc1cc(/C=C/c2ccc(O)cc2)cc(OC)c1OC,4.781785488128662
CHEMBL292185,CCN(CC)CCOc1ccc(/C(=C(/Cl)c2ccc(O)c(OC)c2)c2ccccc2)cc1,4.891173839569092
CHEMBL459057,COc1ccc(/C=C\c2cc(F)c(OC)c(OC)c2)cc1OP(=O)([O-])[O-].[Na+].[Na+],5.929202079772949
CHEMBL88497,COc1ccc(/C=C/c2ccc3c(c2)C(C)(C)CCC3(C)C)cc1,6.8148298263549805
CHEMBL155798,CN1CCN(CCCCOc2ccccc2/C=C/c2ccc(F)cc2)CC1,4.678205490112305
CHEMBL64910,COc1ccc(/C(=C(\C#N)c2ccccc2)c2ccc(O)cc2)cc1,6.300674915313721
CHEMBL476678,COc1cccc(/C=C/c2ccc(O)cc2)c1,4.223487854003906
CHEMBL316204,CC/C(=C(\c1ccc(Cl)cc1)c1ccc(OCCN(C)C)cc1)c1ccccc1,4.8373703956604
CHEMBL160169,COC1CCCN(CCCCOc2ccccc2/C=C/c2ccc(F)cc2)C1,4.812221050262451
CHEMBL87712,COc1cc(/C=C\c2ccc(O)cc2)cc(OC)c1,4.336413860321045
CHEMBL453868,O=C(O)c1cc(/C=C/c2ccc(/C=C/c3cc(C(=O)O)c(O)c(-c4ccco4)c3)cc2)cc(-c2ccco2)c1O,4.838802337646484
CHEMBL476864,O=C1Nc2ccccc2/C1=C\c1ccccc1F,5.690688133239746
CHEMBL185726,O=C(O)c1cc(/C=C/c2ccc(/C=C/c3ccc(O)c(C(=O)O)c3)cc2)ccc1O,4.04915714263916
CHEMBL209090,CN(C)c1ccc(C2Oc3cc(O)ccc3C3=C2c2ccc(O)cc2OC3)cc1,3.482480764389038
CHEMBL175525,CCOc1ccc(/C=C/c2cc(OC)cc(OC)c2)cc1,4.005581855773926
CHEMBL48727,CCCCCCNC(=O)c1cc(/C=C\c2cc(O)ccc2O)ccc1O,4.835526466369629
CHEMBL86326,COc1ccc(/C=C2\C(=O)Nc3ccc(Cl)cc32)cc1C(C)(C)C,7.145879745483398
CHEMBL305628,C/C(=C\c1ccc(C(=O)O)cc1)c1ccc2c(c1)CCCC2(C)C,7.144336700439453
CHEMBL355840,CCC1(CC)OC(c2ccc(S(C)(=O)=O)cc2)=C(c2ccc(C)cc2)C1=O,6.082468509674072
CHEMBL34865,CC(=O)Oc1ccc(C(=C(CC(F)(F)F)c2ccccc2)c2ccc(OC(C)=O)cc2)cc1,5.6034698486328125
CHEMBL43947,O=C(/C(=C/c1ccccc1)c1ccccc1)c1ccc(O)cc1,5.9107279777526855
CHEMBL374932,CCS(=O)(=O)C1CC2OC1C(c1ccc(O)cc1)=C2c1ccc(O)cc1,5.669411659240723
CHEMBL485995,COc1ccc(/C=C\c2cc(OC)c3c(c2)OCO3)cc1NC(=O)[C@H](CC(=O)OC(C)(C)C)NC(=O)OC(C)(C)C,6.798008441925049
CHEMBL74348,O=C(O)c1cc(/C=C\c2ccc(/C=C/c3ccc(O)c(C(=O)O)c3)c(Br)c2)ccc1O,4.044129371643066
CHEMBL548548,CN(C)CCOc1ccc(N2CCN(CCCCNC(=O)c3ccc(/C=C/c4cc(Cl)cc(Cl)c4)cc3)CC2)cc1,4.144589424133301
CHEMBL56422,Cc1cc(/C=C/c2cc(F)cc(F)c2)cc(C)c1O,4.011923789978027
CHEMBL301125,Oc1ccc(C2=C(c3ccccc3)Cc3cc(O)ccc32)cc1,5.56730842590332
CHEMBL486486,O=C1/C(=C/c2ccc(Cl)cc2)c2ccccc2N1c1c(Cl)cccc1Cl,5.182120323181152
CHEMBL215214,C(=C/c1ccc2ccccc2c1)\c1ccccc1,4.202569007873535
CHEMBL180114,CN(C)c1ccc(/C=C/c2ccc3ccccc3c2)cc1,4.527580261230469
CHEMBL10985,CC/C(=C(\Cc1ccccc1)c1ccccc1)c1ccc(OCN2CCCC2)cc1,4.327889442443848
CHEMBL113332,COc1ccc(C=C2c3ccccc3C(=O)c3ccccc32)c(O)c1,5.354203224182129
CHEMBL402068,COc1cc(/C=C\c2cc(N)c(OC)c(N)c2)cc(OC)c1OC.Cl.Cl,3.891627788543701
CHEMBL404231,COc1cc(/C=C\c2cc(N)c(OC)c(N)c2)cc(OC)c1OC,3.7344775199890137
CHEMBL364810,COC(=O)/C=C/c1cccc(N(Cc2ccc(/C=C/c3ccc(F)cc3)cc2)C(=O)C(C)C)c1,4.904162406921387
CHEMBL77968,COc1ccc(/C=C(/C(=O)O)c2cc(OC)c(OC)c(OC)c2)cc1,4.301823139190674
CHEMBL354896,FC(F)(F)C(=C(c1ccccc1)c1ccccc1)c1ccc(C(F)(F)F)cc1,5.480912208557129
CHEMBL296082,CC(C)c1cccc(C2=C(c3ccc(S(C)(=O)=O)cc3)OC(C)(C)C2=O)c1,6.277233123779297
CHEMBL178974,FC(F)(F)Oc1ccc(/C=C/c2ccc3ccccc3c2)cc1,5.132383346557617
CHEMBL447791,COc1ccc(C(=C2CC(c3ccc(OCCN(C)C)cc3)Oc3cc(OC)ccc32)c2ccc(OC)cc2)cc1,4.223976135253906
CHEMBL515823,O=C(O)CC1=C/C(=C\c2ccc3ccccc3c2)c2ccc(F)cc21,4.312503337860107
CHEMBL254440,COc1cc(O)ccc1CCC(c1ccc(O)cc1)c1c(O)cc(O)cc1/C=C/c1ccc(O)cc1,4.668515205383301
CHEMBL394090,COC(=O)/C=C/c1ccc(/C=C/c2ccc(O)c(O)c2)cc1,4.358430862426758
CHEMBL299048,Cc1cc(/C=C/c2ccccc2C(F)(F)F)cc(C)c1O,5.435254096984863
CHEMBL74590,COc1ccc(/C=C\c2ccc(OC)c(OC)c2)cc1,4.222599506378174
CHEMBL243472,COc1ccc(/C=C/c2ccccc2OC)cc1,4.5750885009765625
CHEMBL47941,CC1(C)OC(c2ccc(S(C)(=O)=O)cc2)=C(c2ccccc2Cl)C1=O,5.848306655883789
CHEMBL44001,CC1(C)OC(c2ccc(S(C)(=O)=O)cc2)=C(c2cccc(F)c2)C1=O,6.401001930236816
CHEMBL375382,COc1ccc(OC)c(C2=C(c3cc(OC)c(OC)c(OC)c3)C(=O)CC2O)c1,4.26927375793457
CHEMBL87810,COc1ccc(/C=C2\C(=O)Nc3ccccc32)cc1,5.3205413818359375
CHEMBL225872,O=[N+]([O-])c1ccccc1/C=C/c1ccc2c(c1)no[n+]2[O-],5.120307922363281
CHEMBL381681,Cc1noc(/C(=C/c2cccc(-c3cc(C(C)C)cc4cccnc34)c2)c2ccc(S(C)(=O)=O)cc2)n1,5.93767786026001
CHEMBL155549,COc1ccc2c(c1)OC(C)(C)C(c1ccccc1)=C2c1cccc(OCCN2CCCC2)c1,5.013850212097168
CHEMBL490483,Oc1cc(O)cc(/C=C/c2ccc(C(F)(F)F)cc2)c1,4.282147407531738
CHEMBL6327,CC/C(=C(\c1ccc(I)cc1)c1ccc(OCCCCCN(C)C)cc1)c1ccccc1,4.978826522827148
CHEMBL315585,COc1ccc(C2=C(c3ccc(S(N)(=O)=O)cc3)CC3(CC3)C2)cc1Cl,6.055233478546143
CHEMBL295068,Cc1ccc(N2CC(c3ccc(S(C)(=O)=O)cc3)=C(c3ccc(F)cc3)C2=O)cc1,5.703766822814941
CHEMBL63877,CCN(CC)CCOc1ccc(/C(=C(/C#N)c2ccccc2)c2ccc(O)cc2)cc1,5.274192810058594
CHEMBL295009,CSc1ccc(C2=C(c3ccc(C)cc3)C(=O)N3CCCC3C2)cc1,4.714160919189453
CHEMBL465015,COC(=O)c1ccc2c(c1)NC(=O)/C2=C(\Nc1ccc(NC(=O)CN2CCN(C)CC2)cc1)c1ccccc1,4.942742347717285
CHEMBL211349,CC[C@@]12CCC(=O)C(c3ccccc3)=C1c1ccc3[nH]ncc3c1C2,6.574262619018555
CHEMBL111539,CCCCNC(=O)c1cc(/C=C/c2ccccc2F)ccc1-c1ccc(Cl)cc1,5.543206214904785
CHEMBL48760,CC(C)c1ccc(/C=C2/C(=O)Nc3ccccc32)cc1,5.608497619628906
CHEMBL322949,CS(=O)(=O)c1ccc(C2=C(c3ccc(F)c(Cl)c3)CCC2)cc1,4.749001502990723
CHEMBL287352,Oc1ccc(C(=Cc2ccc(I)cc2)c2ccc(O)cc2)cc1,4.197193145751953
CHEMBL218615,COc1ccc(/C=C/c2cccc(Cl)c2)cc1,4.584214687347412
CHEMBL89723,CC(C)c1cc(/C=C2\C(=O)Nc3ccc(Cl)cc32)cc(C(C)C)c1O,5.086984634399414
CHEMBL84681,C/C(=C/c1ccc(C(=O)O)cc1)c1ccc2c(c1)C1CCC2C1,4.503137588500977
CHEMBL196941,CNc1ccc(/C=C/c2ccc(OCC(CO)CO)cc2)cc1,3.7308883666992188
CHEMBL129938,O=C1c2c(O)cccc2C(=Cc2ccc(C(F)(F)F)cc2)c2cccc(O)c21,5.948196887969971
CHEMBL509720,COc1c(C(=O)O)cc(/C=C/c2ccc(C(=O)O)c(O)c2)cc1-c1ccco1,5.168863773345947
CHEMBL514734,COc1ccc(/C=C\c2cc(F)c(OC)c(OC)c2)cc1OP(=O)(O)O.OCN(CO)CO.OCN(CO)CO,5.000282287597656
CHEMBL503093,COc1cc2nc3c(/C=C\c4cc(OC)c(OC)c(OC)c4)ccc(OC)c3nc2cc1OC,4.270206451416016
CHEMBL255978,Nc1ccc(/C=C/c2ccc(-c3nc4cc(OCCF)ccc4o3)cc2)cc1,4.704524040222168
CHEMBL431650,COc1cc(C(=O)N/N=C/c2ccc(/C=C/c3ccccc3)cc2)ccc1O,4.865333557128906
CHEMBL522423,CC/C(=C\c1ccc(OC)c(OC)c1)c1cc(O)cc(O)c1,4.571205139160156
CHEMBL468648,COc1ccc(/C=C(\F)c2cc(OC)c(OC)c(OC)c2)cc1[N+](=O)[O-],4.700839042663574
CHEMBL468014,COc1ccc(/C(F)=C(/F)c2cc(OC)c(OC)c(OC)c2)cc1N,4.648914337158203
CHEMBL250095,O=C1C(c2ccccc2)=C(c2ccc(OCc3ccccc3)cc2)CC2CCCN12,5.210278511047363
CHEMBL398866,COc1ccc(C2=C(c3ccccc3)C(=O)N3CCCC3C2)cc1,5.274580001831055
CHEMBL56443,O=C(O)C(=O)[C@H]1Cc2ccccc2CN1S(=O)(=O)c1ccc(/C=C/c2ccccc2)cc1,5.550831317901611
CHEMBL193108,CCSC1=C(c2ccc(O)cc2)C(=O)c2cc(O)ccc21,4.843931674957275
CHEMBL370037,CC1=C(c2ccc(O)cc2)C(=O)c2ccc(O)cc21,3.951564311981201
CHEMBL352329,CC1(C)OC(c2ccc(S(C)(=O)=O)cc2F)=C(c2cc(F)cc(F)c2)C1=O,5.894479751586914
CHEMBL385699,COc1ccc(N)c(/C=C\c2cc(OC)c(OC)c(OC)c2)c1,4.68742036819458
CHEMBL145828,CN(C)CCSC1=Cc2ccccc2Oc2ccccc21,3.8685271739959717
CHEMBL228561,COc1ccc(C2=Cc3ccccc3C2)c(OC)c1OC,4.269815444946289
CHEMBL188181,COc1cc(/C=C/c2ccccc2)cc(OC)c1,4.898068428039551
CHEMBL189728,COC(=O)/C=C/c1cccc(N(Cc2ccc(/C=C/c3ccccc3F)cc2)C(=O)C2CCCCC2)c1,4.834216117858887
CHEMBL335249,CC1=CC(C)(C)Nc2ccc3c(c21)/C(=C/c1ccccc1F)Oc1ccc(F)cc1-3,5.945512771606445
CHEMBL234310,N#Cc1ccc(/C=C/c2cccc(S(=O)(=O)N3CCc4cc(Cl)ccc43)c2)c(C(=O)O)c1,6.391351222991943
CHEMBL319590,CN1CC(c2ccccc2)=C(c2ccc(F)cc2)O1,4.505361557006836
CHEMBL210699,Oc1ccc2c(c1)OC(c1ccc(OCCN3CCOCC3)cc1)C1=C2COc2cc(O)ccc21,3.9485177993774414
CHEMBL64918,CN(C)c1ccc(C(=C(C#N)c2ccccc2)c2ccc(N(C)C)cc2)cc1,5.575378894805908
CHEMBL198042,CCC1=C(c2ccc(O)cc2)C(C(=O)Nc2ccc(O)cc2)c2cc(O)ccc21,4.775046348571777
CHEMBL10147,CC/C(=C(/c1ccccc1)c1ccc(OCCN(C)C)cc1)c1ccc(O)cc1,4.762510776519775
CHEMBL375697,O=C1OC(=O)C2C3OC(C(c4ccccc4)=C3c3ccccc3)C12,4.655989170074463
CHEMBL388518,CN1C(=O)C2C3OC(C(c4ccc(O)cc4)=C3c3ccc(O)cc3)C2C1=O,3.7223989963531494
CHEMBL383148,O=C1Nc2ccccc2/C1=C/c1ccccc1N1CCOCC1,5.125618934631348
CHEMBL517586,Oc1ccc2cc1-c1cc(ccc1O)CCc1c(ccc(O)c1O)Oc1cccc(c1)/C=C\2,4.3540143966674805
CHEMBL349927,C/C(=C\c1ccc(C(=O)O)cc1)c1ccc2c(c1)C(C)(C)CCC2(C)C.Cc1ccc(C2=CC(C)(C)Oc3cc4ccc(-c5ccc(C(=O)O)cc5)cc4cc32)cc1,7.00792121887207
CHEMBL180269,COc1ccc(/C=C/c2ccc3ccccc3c2)cc1F,5.203632354736328
CHEMBL436532,CCc1cccc2c1CNc1c(cccc1CCc1ccccc1)/C=C\2COc1ccccc1,3.9545044898986816
CHEMBL426049,CCCCOc1ccc(/C=C\c2cc(OC)cc(OC)c2)cc1,4.5380024909973145
CHEMBL332478,CN1c2cc(Br)ccc2C=C2c3ccccc3NC21,5.841940402984619
CHEMBL332663,Oc1c(/C=C\c2ccccc2)ccc2ccccc12,5.700098037719727
CHEMBL108432,C(=C/c1ccc(Nc2c3ccccc3nc3ccccc23)cc1)\c1ccccc1,5.058230876922607
CHEMBL368298,O=C(CCCN1CCN(C/C=C/c2ccccc2)CC1)NC1c2ccccc2C=Cc2ccccc21,4.481709957122803
CHEMBL110605,Oc1ccc(C2Oc3ccccc3C=C2c2ccccc2)cc1,5.393085479736328
CHEMBL501111,COc1cc(/C=C(\CO)c2cc([C@H]3Oc4cc(-c5cc(=O)c6c(O)cc(O)cc6o5)ccc4O[C@@H]3CO)cc(OC)c2O)ccc1O,4.2791008949279785
CHEMBL206633,COc1cc(/C=C/c2cc(Cl)ccc2O)cc(OC)c1,4.842061519622803
CHEMBL381680,CC1([O-])OC(=O)C(c2ccc(Cl)cc2)=C1c1ccc(S(C)(=O)=O)cc1.[Na+],6.175926685333252
CHEMBL87162,COc1cc(/C=C\c2ccccc2)cc(OC)c1OC,5.385178089141846
CHEMBL372661,O=C1Oc2ccc(O)cc2/C1=C\c1cc(O)c(O)c(O)c1,4.2782979011535645
CHEMBL160881,CNCCCCOc1ccccc1/C=C/c1ccccc1,5.519199371337891
CHEMBL453874,O=C(O)c1ccc(/C=C/c2ccc(O)c(C(=O)O)c2)cc1O,4.141951084136963
CHEMBL194709,COc1ccc(/C(C)=C/c2cc(OC)c(OC)c(OC)c2)cc1O,4.566440582275391
CHEMBL345861,CCCN(CCC)CCCCOc1ccccc1/C=C/c1ccccc1,4.325040817260742
CHEMBL207030,Cc1cccc(NC(=O)c2cccc(/C=C/c3ccccc3)c2)n1,6.343355178833008
CHEMBL47942,C/C(=C(/C(=O)c1ccc(OCCN2CCCC2)cc1)c1ccccc1)c1ccccc1,5.004165172576904
CHEMBL371192,CCC1=C(c2ccc(O)cc2)C(C(=O)Nc2ccc(OCCN(C)C)cc2)c2cc(O)ccc21,4.3566813468933105
CHEMBL458041,COc1ccc(/C=C\c2cc(Br)c(OC)c(OC)c2)cc1OP(=O)([O-])[O-].[K+].[K+],5.888517379760742
CHEMBL446219,COc1ccc(/C=C\c2cc(Br)c(OC)c(OC)c2)cc1OP(=O)([O-])[O-].[Cs+].[Cs+],5.932669639587402
CHEMBL349864,C/C(=C\c1ccc(C(=O)O)cc1)c1ccc2c(c1)C(C)(C)CCC2(C)C.Cc1ccc(C2=CC(C)(C)Oc3cc4ccc(-c5ccc(C(=O)O)cc5)cc4cc32)s1,7.1243896484375
CHEMBL434830,CCN(C)CCSC1=Cc2ccccc2Oc2ccccc21,3.598428249359131
CHEMBL175493,FC(F)(F)c1ccc(/C=C\c2cc(C(F)(F)F)cc(C(F)(F)F)c2)cc1,4.193979740142822
CHEMBL160882,COc1ccccc1/C=C/c1ccccc1OCCCCN(C)C,4.361570835113525
CHEMBL282625,N=C(N)c1cc2c(/C=C/c3ccc4c(c3)OCO4)cccc2s1,5.171340465545654
CHEMBL160891,C(=C/c1ccccc1OCCCCN1CCCCC1)\c1ccccc1,4.269392967224121
CHEMBL463126,CC(C)=CCc1cc(/C=C/c2cc(O)cc(O)c2)c(O)cc1O,3.99440860748291
CHEMBL455201,COc1cc(/C=C\c2ccc3ccn(C)c3c2)cc(OC)c1,3.739938735961914
CHEMBL267426,CC/C(=C(\c1ccc(I)cc1)c1ccc(OCCCCN(C)C)cc1)c1ccccc1,4.927756309509277
CHEMBL195747,COc1ccc(/C=C/c2cc(OC)c(OC)c(OC)c2)cc1N(C)C,4.143395900726318
CHEMBL442697,Nc1cc[n+](Cc2ccc(/C=C/c3ccc(C[n+]4ccc(N)c5ccccc54)cc3)cc2)c2ccccc12,4.024242401123047
CHEMBL376423,COc1cc(C2=C(c3ccc(OCC(=O)[O-])cc3)C(O)CC2=O)cc(OC)c1OC.[Na+],4.636351585388184
CHEMBL313064,O=C1NC(=O)/C(=C2\CN(Cc3ccc(/C=C/c4ccccc4)cc3)S(=O)(=O)c3ccccc32)S1,6.422235488891602
CHEMBL65299,CC1=C(CC(=O)NO)c2cc(F)ccc2/C1=C\c1ccc([S+](C)[O-])cc1,4.176048755645752
CHEMBL354889,COc1cc2c(cc1OC)C1=C(c3cccc(Cl)c3)C(=O)C(=O)N1CC2,4.077662467956543
CHEMBL465618,COc1ccc(/C=C\c2cc(Br)c(OC)c(OC)c2)cc1OP(=O)([O-])[O-].[Na+].[Na+],5.936703681945801
CHEMBL458042,COc1ccc(/C=C\c2cc(Br)c(OC)c(OC)c2)cc1OP(=O)([O-])[O-].[Rb+].[Rb+],5.932669162750244
CHEMBL431110,CCCC/C(=C(/CCCC)c1cccc(OC(C)=O)c1)c1cccc(OC(C)=O)c1,4.472375392913818
CHEMBL390142,O=S(=O)(c1ccccc1)C1CC2OC1C(c1cccc(O)c1)=C2c1ccc(O)cc1,4.80782413482666
CHEMBL93024,CC(=O)Oc1cccc(C2=C(c3ccc(S(C)(=O)=O)cc3)COC2=O)c1,4.988912105560303
CHEMBL73322,C/C(=C\c1ccc(C(=O)O)cc1)c1ccc2c(c1)C(C)(C)CCC2C,6.901684761047363
CHEMBL219526,CCc1cccc2c1CNc1c(cccc1CCc1ccccc1)/C=C\2COc1cccc(C(F)(F)F)c1,4.5263261795043945
CHEMBL450879,CCC(=C(c1ccccc1)c1ccccc1)c1ccc(S(=O)(=O)OC)cc1,6.135622978210449
CHEMBL258337,Nc1ccc(/C=C/c2ccc(-c3nc4ccc(OCCCF)cc4o3)cc2)cc1,4.811007499694824
CHEMBL74731,CNC(=O)/C(=C/c1ccc(OC)cc1)c1cc(OC)c(OC)c(OC)c1,4.493765354156494
CHEMBL46128,CC/C(=C(\c1ccccc1)c1ccc(OCCO)cc1)c1ccccc1,5.7200026512146
CHEMBL396263,COc1ccc2c(c1OC)C(C(Cl)(Cl)Cl)N1CCc3cc4c(cc3C1=C2)OCO4,5.333673000335693
CHEMBL15900,CN(C)CCSC1=Cc2ccccc2Sc2ccc(Cl)cc21,4.937675476074219
CHEMBL340573,CS(=O)(=O)c1ccc(C2=C(c3ccc(Cl)cc3)CCC2)cc1,5.76680850982666
CHEMBL258774,CC(=O)OCO/N=[N+](\[O-])N(C)CCOC(=O)/C(=C/c1ccc(S(C)(=O)=O)cc1)c1ccc(F)cc1,5.831902503967285
CHEMBL10243,CCCCC1=C(c2ccc(C(C)(C)C)cc2)N2CCCN=C2c2ccccc21,6.159550666809082
CHEMBL381489,CC(C)(C)C(=O)Oc1ccc2c(c1)O[C@@H](c1ccc(OCCN3CCCCC3)cc1)C1=C2COc2cc(OC(=O)C(C)(C)C)ccc21,4.694797515869141
CHEMBL176435,COc1cc(/C=C\c2ccc3ccccc3c2)ccc1F,4.934065818786621
CHEMBL316750,COc1ccc(/C(C#N)=C\c2ccc(OC)c(N)c2)cc1,4.970183372497559
CHEMBL249891,COc1ccc(C2=C(c3ccc(N=[N+]=[N-])cc3)C(=O)N3CCCC3C2)cc1,5.540332794189453
CHEMBL483781,COC(=O)c1ccc2c(c1)NC(=O)/C2=C(\NC1CCC(NC(=O)CN(C)C)CC1)c1ccccc1,4.835758686065674
CHEMBL501752,O=C1Nc2cc(Cl)ccc2/C1=C(/Nc1ccc(CN2CCCCC2)cc1)c1ccccc1,5.084917068481445
CHEMBL129939,COc1cc(C=C2c3cccc(O)c3C(=O)c3c(O)cccc32)cc(OC)c1OC,5.8478803634643555
CHEMBL226536,[O-][n+]1onc2cc(/C=C\c3ccccc3)ccc21,4.485386848449707
CHEMBL222390,COc1ccc(C2=C(c3cc(OC)c(OC)c(OC)c3)CC(O)C2=O)cc1[N+](=O)[O-],3.914581060409546
CHEMBL376422,CCOC(=O)COc1ccc(C2=C(c3cc(OC)c(OC)c(OC)c3)C(=O)CC2O)cc1,4.247697830200195
CHEMBL404941,COc1cc(OC)c(/C=C2\C(=O)Nc3ccccc32)c(OC)c1,4.734776020050049
CHEMBL113650,CC/C(=C(/CC)c1ccc(OC)cc1)c1ccc(OC)cc1,4.179990768432617
CHEMBL134602,CC1=CC(C)(C)Nc2ccc3c(c21)/C(=C/c1ccccc1)Oc1ccc(F)cc1-3,5.901947975158691
CHEMBL7430,CN1CCC(C2=Cc3cc(Cl)ccc3Cc3ccccc32)CC1,4.19517707824707
CHEMBL89578,CC1(C)CC(c2ccc(F)cc2)=C(c2ccc(S(C)(=O)=O)cc2)C1,6.730370998382568
CHEMBL402147,COc1cc(/C=C\c2cc([N+](=O)[O-])c(OC)c([N+](=O)[O-])c2)cc(OC)c1OC,4.7706499099731445
CHEMBL340458,CS(=O)(=O)c1ccc(C2=C(c3ccccc3)CCC2)cc1,5.749086380004883
CHEMBL392916,CCC(=C(c1ccc(OCCN2CCCC2)cc1)c1ccc(OCCN2CCCC2)cc1)c1ccccc1,4.906195640563965
CHEMBL518935,Oc1ccc([C@H]2Oc3ccc(/C=C/c4cc(O)cc(O)c4)cc3[C@@H]2c2cc(O)cc(O)c2)cc1,5.0026469230651855
CHEMBL371972,CN(C)CCOc1ccc(/C(=C(/CCCC(=O)O)c2ccccc2)c2ccc(O)cc2)cc1,4.482199668884277
CHEMBL32505,C/C(=C\c1ccc(C(=O)O)cc1)c1cc2c(cc1C)C(C)(C)CCC2(C)C,6.720304489135742
CHEMBL280049,CCC1=C(c2ccccc2)c2ccc(OCCN(C)C)cc2Sc2ccccc21,4.857374668121338
CHEMBL218926,CC(=O)NC/C(=C/c1ccccc1)c1ccccc1,4.982234001159668
CHEMBL148604,COc1ccc(/C=C\c2cc(OC)c3c(c2)OCO3)cc1NC(=O)OCC1c2ccccc2-c2ccccc21,5.162318706512451
CHEMBL49755,O=C(CO)Nc1ccc(/C=C/c2ccccc2)cc1,5.574863433837891
CHEMBL329999,CS(=O)(=O)c1ccc(C2=C(c3ccc(C(F)(F)F)cc3)CC3(CC3)C2)cc1,5.646755218505859
CHEMBL334402,N#C/C(=C\c1ccc(O)cc1)c1ccc(O)cc1,4.612709999084473
CHEMBL136410,CC1(C)CCOc2ccc(/C(=C/c3ccc(C(=O)O)cc3)C(F)(F)F)cc21,7.211178302764893
CHEMBL229581,COc1ccc(/C=C/c2cc(OC)cc(OC)c2CNCc2ccccc2)cc1,4.921969413757324
CHEMBL464650,O=C(O)/C=C/c1ccc(O)c2c1C=Cc1cc(O)c(O)cc1O2,3.758728504180908
CHEMBL23808,CS(=O)(=O)c1ccc(C2=C(c3ccc(F)c(Cl)c3)C(=O)CC2)cc1,4.569949626922607
CHEMBL282309,CC/C(=C(\c1ccccc1)c1ccc(OCCN2CCOCC2)cc1)c1ccccc1,5.159348487854004
CHEMBL215767,COc1ccc(/C=C/c2cccc(F)c2)cc1,4.566986083984375
CHEMBL74762,COc1ccc(/C=C/c2cc(OC)c(OC(C)=O)c(OC)c2)cc1,3.7596311569213867
CHEMBL89556,COc1cc(OC)c(OC)cc1/C=C/c1cc(OC)c(OC)c(OC)c1,4.542496681213379
CHEMBL308170,CC(C)(C)c1cc(C2=Cc3ccc(C(=O)O)cc3OC2)cc(C(C)(C)C)c1O,6.183591842651367
CHEMBL455693,O=C(O)c1cc(/C=C/c2cc(C(=O)O)c(O)c(-c3ccccc3)c2)ccc1O,5.4087300300598145
CHEMBL218866,O=C1c2ccccc2/C(=C/c2ccc(O)c(O)c2)c2sccc21,4.7738447189331055
CHEMBL181427,CC/C(=C(/CC)c1cccc(O)c1)c1ccc(O)cc1,4.491765975952148
CHEMBL58389,COc1ccc(C2=C(c3cc(OC)c(OC)c(OC)c3)C(=O)CC2)cc1O,4.2264533042907715
CHEMBL274221,COc1ccc(C2=C(c3cc(OC)c(OC)c(OC)c3)C(=O)CC2OC(C)=O)cc1NC=O,4.158221244812012
CHEMBL375749,COc1ccc(C2=C(c3cc(OC)c(OC)c(OC)c3)/C(=N\O)C(OC(C)=O)C2)cc1Cl,4.433932304382324
CHEMBL374285,COc1ccc(C2=C(c3cc(OC)c(OC)c(OC)c3)/C(=N\O)C(O)C2)cc1F,4.671667098999023
CHEMBL213838,O=C1CCC2(Cc3ccccc3)Cc3cc(O)ccc3C2=C1c1ccc(OCCN2CCOCC2)cc1,4.995510101318359
CHEMBL109104,COc1ccc2c(c1)OC(c1ccc(OCCN3CCCC3)cc1)C(c1ccccc1)=C2,4.9045000076293945
CHEMBL84523,Nc1ccc(/C=C/c2ccc(F)cc2)cc1,4.0591535568237305
CHEMBL44223,CC1(C)OC(c2ccc(S(C)(=O)=O)cc2)=C(c2cc(F)cc(F)c2)C1=O,6.4187331199646
CHEMBL298468,CC1(C)OC(c2ccc(S(C)(=O)=O)cc2)=C(c2ccccc2)C1=O,6.359025001525879
CHEMBL218562,COc1ccc(/C=C/c2ccccc2F)cc1,5.166353702545166
CHEMBL409954,c1ccc(N[C@@]23CCC[C@@H]2CC(c2ccccc2)=C3c2ccccc2)cc1,5.247453689575195
CHEMBL477239,O=C1Nc2ccccc2/C1=C\c1ccccc1,5.196386337280273
CHEMBL428715,COc1cc(/C=C/c2cc(O)c(C/C=C(\C)CCC=C(C)C)c(O)c2)cc2c1O[C@]1(C)CC[C@@H](O)C(C)(C)[C@H]1C2,5.601354122161865
CHEMBL104631,COc1cc(CCc2ccc(C3=Cc4ccccc4C4=NCC(C)(C)CN34)cc2)cc(OC)c1OC,6.203802108764648
CHEMBL36051,CCCC(=C(c1ccc(OC(C)=O)cc1)c1ccc(OC(C)=O)cc1)c1ccccc1,5.084708213806152
CHEMBL342789,Oc1ccc(/C=C/c2cc(O)cc(O)c2Br)cc1,4.449413776397705
CHEMBL483226,COc1ccc(C2=C(c3ccc(OC)c(OC)c3)C[C@H]3CCCN3C2)cc1,3.957021474838257
CHEMBL193628,CCOC(=O)Cc1ccc(/C=C2/C(=O)Oc3ccccc32)cc1,3.9696121215820312
CHEMBL47911,COc1ccc(OC)c(/C=C\c2ccc(OC)c(C(=O)NCCc3ccccc3)c2)c1,4.735062122344971
CHEMBL1376,CC1=C(CC(=O)O)c2cc(F)ccc2/C1=C/c1ccc([S+](C)[O-])cc1,3.7798495292663574
CHEMBL256178,CNc1ccc(/C=C/c2ccc(-c3nc4cc(OCCCF)ccc4s3)cc2)cc1,5.027480125427246
CHEMBL372896,COc1ccc(/C=C\c2cc(OC)c(O)c(OC)c2)cc1O,4.419618129730225
CHEMBL291838,COc1ccc(/C=C2/C(=O)Nc3ccccc32)cc1OC1CC2CCC1C2,4.806081295013428
CHEMBL380269,O=C1O/C(=C\c2cccc3ccccc23)c2ccccc21,3.9000658988952637
CHEMBL10824,O=C(O)Cc1ccc2c(c1)C=Cc1ccccc1O2,3.4222655296325684
CHEMBL223768,O=S(=O)(Oc1ccc(O)cc1)C1CC2OC1C(c1ccc(O)cc1)=C2c1ccc(O)cc1,4.7678375244140625
CHEMBL82247,Cc1ccccc1/N=C(/N)Nc1ccccc1/C=C/c1ccccc1,6.335826396942139
CHEMBL282924,CS(=O)(=O)c1ccc(C2=C(c3cc(Cl)cc(Cl)c3)C(=O)CC2)cc1,5.423419952392578
CHEMBL145356,CCC(=C(c1ccc(O)cc1)c1ccc(O)cc1)c1ccc(OCC(=O)O)cc1,3.9355475902557373
CHEMBL27283,C1=C(c2ccccc2)C(c2ccc(OCCN3CCCCC3)cc2)Oc2ccccc21,4.821073532104492
CHEMBL298356,CS(=O)(=O)c1ccc(C2=C(c3ccc(F)cc3)C(=O)N(c3ccccc3)C2)cc1,5.71781063079834
CHEMBL120759,C/C(=C\c1ccc(C(=O)O)cc1)c1ccc2c(c1)C(C)(C)CO2,6.4060821533203125
CHEMBL218808,CC(=O)NC/C(=C\c1ccccc1)c1ccccc1,4.982234001159668
CHEMBL466233,CC(C)c1onc(CO)c1COc1ccc(/C=C/c2cccc(C(=O)O)c2)c(Cl)c1,3.9872384071350098
CHEMBL81879,CC/C(=C(\c1ccc(I)cc1)c1ccc(OCCN(CC)CC)cc1)c1ccccc1,4.8677897453308105
CHEMBL429127,COc1ccc(/C=C\c2cc(OC)c(OC)c(OC)c2)c(N)c1N.Cl.Cl,4.914855003356934
CHEMBL217041,COc1ccc(/C=C\c2cc(OC)c(OC)c(OC)c2)c(N)c1,4.6675567626953125
CHEMBL82830,CN(C)c1ccc(/C=C/c2ccccc2F)cc1,5.177225589752197
CHEMBL365089,CCCCCS(=O)(=O)CCCCCCCCCC/C(=C(/CC)c1cccc(O)c1)c1ccc(O)cc1,6.321737766265869
CHEMBL319861,Cc1cc(OCc2c(-c3c(Cl)cccc3Cl)noc2C(C)C)cc(C)c1/C=C/c1cccc(C(=O)O)c1,4.668097972869873
CHEMBL291639,Cc1ccc(/C(=C(\C#N)c2ccccc2)c2ccc(O)cc2)cc1,6.2572102546691895
CHEMBL92876,OC/C(=C/c1cc(OCc2ccsc2)ccc1Br)c1ccccc1,5.024815559387207
CHEMBL283246,CC/C(=C(\c1ccccc1)c1ccc(OC(C)=O)c(OC(C)=O)c1)c1cccc(OC(C)=O)c1,5.29179573059082
CHEMBL195527,Oc1ccc(C2=C(c3ccc(O)cc3)C3CCC2CC3)cc1,3.1412644386291504
CHEMBL338715,O=C1c2c(O)cccc2C(=Cc2ccccc2)c2cccc(O)c21,5.519011974334717
CHEMBL179291,O=S(=O)(c1ccccc1)n1ccc2cc(/C=C/c3ccc4ccccc4c3)ccc21,5.3570966720581055
CHEMBL286793,CC/C(=C(/c1ccc(OCCN(C)C)cc1)c1ccccc1O)c1ccccc1,4.77748441696167
CHEMBL209014,Oc1ccc2c(c1)OC(c1ccccc1)C1=C2COc2cc(O)ccc21,4.7362060546875
CHEMBL310465,CC/C(=C(/c1ccc(Br)cc1)c1ccc(OCCN(C)C)cc1)c1ccccc1,4.835146903991699
CHEMBL226413,[O-][n+]1onc2cc(/C=C/c3ccc(Cl)cc3)ccc21,3.5432958602905273
CHEMBL405623,CS(=O)(=O)c1ccc(C2=C(c3ccc4c(c3)OCO4)CCC2)cc1,5.890968322753906
CHEMBL452813,COc1ccc(/C=C\c2cc(OC)c3c(c2)OCO3)cc1NC(=O)[C@H](C)[C@@H](OC)[C@@H]1CCCN1C(=O)OC(C)(C)C,6.313896179199219
CHEMBL130560,O=C1c2c(O)cccc2C(=Cc2ccc(O)c(O)c2)c2cccc(O)c21,5.633522987365723
CHEMBL75311,CC(C)(C)c1cc(C2=Cc3ccc(C(=O)O)cc3OC2)ccc1O,6.192906379699707
CHEMBL319606,Cc1cc(OCc2c(-c3c(Cl)cccc3Cl)noc2C(C)C)cc(C)c1/C=C/c1ccc(C(=O)O)cc1,4.5416388511657715
CHEMBL460619,COc1cc(/C=C/c2ccc(NC(=O)[C@@H]3CCCN3P(=O)(OC(C)C)OC(C)C)cc2)cc(OC)c1,6.0065178871154785
CHEMBL529732,Cc1ccc(N2C(=O)C3C(C2=O)C2(c4ccccc4)C(=O)C3(c3ccccc3)C(c3ccccc3)=C2c2ccccc2)cc1,5.818462371826172
CHEMBL474127,C/C(=C\c1cc(O)cc(O)c1)c1ccc(O)cc1,3.994041919708252
CHEMBL69609,CC(=O)NC[C@H]1CN(c2ccc(/C=C(\Br)c3cccc(CO)c3)c(F)c2)C(=O)O1,4.422057628631592
CHEMBL395187,CC(C)CCc1sc(NC(=O)c2cc(NC(=O)c3ccc(/C=C/c4ccc5ccccc5c4)cc3)cn2C)nc1C(=O)NCCN1CCOCC1,5.222108840942383
CHEMBL175431,COc1ccc(/C=C\c2cc(OC)c3ccccc3c2)cc1O,4.951534271240234
CHEMBL75848,CC1(C)CCC(C)(C)c2cc(C3=Cc4ccc(C(=O)O)cc4OC3)ccc21,6.672327041625977
CHEMBL194754,Nc1ccc(/C=C/c2ccc(O)cc2)cc1,3.7374205589294434
CHEMBL456769,O=C(O)CC1=C/C(=C\c2ccc3nccnc3c2)c2ccc(F)cc21,3.8987176418304443
CHEMBL18381,C(=C/c1cccc(-c2nn[nH]n2)c1)\c1cccc(OCc2ccc3ccccc3n2)c1,4.5141730308532715
CHEMBL466872,O=C1Nc2ccc(/C=C/c3ccccc3)cc2C1=O,6.012887001037598
CHEMBL69011,Nc1ccc(/C=C/c2ccccc2)cc1,4.9508819580078125
CHEMBL508081,COc1cc2c(cc1OC)Oc1c(O)ccc(CCN(C)C)c1C=C2,3.392930507659912
CHEMBL389013,O=S(=O)(c1ccccc1)C1CC2OC1C(c1ccc(O)cc1)=C2c1ccc(O)cc1,4.7239580154418945
CHEMBL8769,CC(=O)Nc1ccc(/C=C/c2ccc(C#N)cc2)cc1,5.309700965881348
CHEMBL307116,O=C1O/C(=C\c2ccc3c(c2)OCO3)c2ccccc21,4.616096496582031
CHEMBL362318,CS(=O)(=O)c1ccc(/C=C2\OC(=O)c3ccccc32)cc1,5.107361793518066
CHEMBL413309,CC1=CC(C)(C)Nc2ccc3c(c21)/C(=C/c1ccccc1)Oc1c(F)cccc1-3,5.631472587585449
CHEMBL207045,CC1(C)[N+]([O-])=c2ccc(/C=C/c3ccccc3)cc2=[N+]1[O-],5.286281585693359
CHEMBL475135,COc1ccc(/C(C)=C/c2cc(O)cc(O)c2)cc1OC,4.849980354309082
CHEMBL442784,COc1cc(/C=C\c2ccc3[nH]ccc3c2)cc(OC)c1OC,5.013945579528809
CHEMBL178806,COc1ccc(/C=C/c2cc(F)cc(F)c2)cc1,4.620626449584961
CHEMBL478700,COc1cc(/C=C(/C(=O)O)c2ccccc2)ccc1O,4.9742841720581055
CHEMBL457224,COc1cc(/C=C/c2ccc(NC(=O)CCCCCNP(=O)(OC(C)C)OC(C)C)cc2)cc(OC)c1,6.574751853942871
CHEMBL98041,CSc1ccc(C2=C(c3ccc(F)cc3)CN(C)O2)cc1,3.819640874862671
CHEMBL102949,COc1ccc(/C=C(/C#N)c2cc(OC)c(OC)c(OC)c2)cc1NC(C)=O,5.986058712005615
CHEMBL109995,C1=C(c2ccccc2)C(c2cccc(OCCN3CCCCC3)c2)Oc2ccccc21,4.847225666046143
CHEMBL306439,CCC1=C(c2ccc(O)cc2)C(CC)c2ccccc21,5.65428352355957
CHEMBL296009,COc1ccc(C2=C(c3ccc(SC)cc3)CC3CCCN3C2=O)cc1C,4.217453956604004
CHEMBL72365,O=C1Nc2ccc(I)cc2/C1=C/c1cc(Br)c(O)c(Br)c1,4.597599983215332
CHEMBL412451,CCC1=C(c2ccc(O)cc2)C(C)c2cc(O)ccc21,4.43037223815918
CHEMBL284384,O=c1c(C(c2ccc(/C=C/c3ccccc3)cc2)c2c(O)oc3ccccc3c2=O)c(O)oc2ccccc12,5.094515800476074
CHEMBL180217,COc1cc(/C=C\c2ccc(N(C)C)c(N)c2)cc(OC)c1OC,4.003885746002197
CHEMBL468193,COc1ccc(/C(F)=C(\F)c2cc(OC)c(OC)c(OC)c2)cc1N,4.648914337158203
CHEMBL512995,COc1cc(/C=C/c2cc(O)c3ccoc3c2)cc(OC)c1OC,4.724494934082031
CHEMBL100922,Oc1ccc(/C=C/c2ccccc2)cc1O,4.879325866699219
CHEMBL234082,N#Cc1ccc(OCc2ccc(F)cc2)c(C2=C(c3cccc(C(=O)O)c3)CCC2)c1,5.471986770629883
CHEMBL510467,O=C1Nc2ccccc2/C1=C\c1cccc(F)c1,5.8461503982543945
CHEMBL468213,COc1ccc(/C(F)=C\c2cc(OC)c(OC)c(OC)c2)cc1F,4.929163932800293
CHEMBL119259,CC1=C2CCc3cc(/C=C\c4ccccc4)ccc3N2CCC1=O,4.408000469207764
CHEMBL476865,Cc1ccc(/C=C2/C(=O)Nc3ccccc32)cc1,5.398861885070801
CHEMBL176338,O=C(CCCN1CCN(c2ccccc2)CC1)NC1c2ccccc2C=Cc2ccccc21,4.631233215332031
CHEMBL115841,N.N.O=[N+]([O-])c1ccc(/C=C\c2cccc(C(F)(F)P(=O)(O)O)c2)cc1,5.455959320068359
CHEMBL515152,COc1cccc(/C=C2/C(=O)Nc3cc(Cl)ccc32)c1,5.282766342163086
CHEMBL284393,C[N+](C)(CCCCCC[N+](C)(C)CCCN1C(=O)c2ccccc2/C1=C/c1ccccc1)CCCN1C(=O)c2ccccc2/C1=C/c1ccccc1,7.015767574310303
CHEMBL190846,CCCC/C(=C\c1ccc(C(=O)O)cc1)c1ccc2c(c1)C(C)(C)CCC2(C)C,6.486936092376709
CHEMBL168622,CC/C(=C(\c1ccccc1)c1ccc(OCCN2CC2)cc1)c1ccccc1,4.8861894607543945
CHEMBL83126,Nc1ccc(/C=C/c2ccc(N)cc2)cc1,3.7668166160583496
CHEMBL296877,COC(=O)c1cc(/C=C\c2cc(OC)ccc2OC)ccc1OC,4.132716655731201
CHEMBL223046,CC(C)=CCc1c(O)cc(/C=C/c2cc(O)c3c(c2)C[C@@H]2C(C)(C)[C@H](O)[C@H](O)C[C@@]2(C)O3)cc1O,5.503857612609863
CHEMBL496464,CSc1ccc(/C=C2\C=C(CC(=O)O)c3cc(F)ccc32)cc1,3.908259153366089
CHEMBL513583,OC[C@H]1O[C@@H](Oc2ccc(/C=C\c3cc(O)cc(O)c3)cc2O)[C@H](O)[C@@H](O)[C@@H]1O,3.75848388671875
CHEMBL466553,COc1cc(/C=C/c2cc(O)c3ccsc3c2)cc(OC)c1OC,4.614748477935791
CHEMBL219402,CCc1cccc2c1CNc1c(cccc1CCc1ccccc1)/C=C\2COc1ccccc1C(=O)OC,3.9555540084838867
CHEMBL218409,CCc1cccc2c1CNc1c(cccc1CCc1ccccc1)/C=C\2COc1cccc(Cl)c1,4.473464012145996
CHEMBL341872,C1=C(SCCN2CCOCC2)c2ccccc2Oc2ccccc21,4.465031623840332
CHEMBL421773,C/C(=C\c1ccc(C(=O)O)cc1)c1ccc(O)c(C23CC4CC(CC(C4)C2)C3)c1,5.478381156921387
CHEMBL37961,COc1ccc(/C=C\c2cc(OC)c(OC)c(OC)c2)cc1OP(=O)(O)OC.N,6.153610706329346
CHEMBL280009,CC1(O)OC(=O)C(c2ccc(F)c(F)c2)=C1c1ccc(S(C)(=O)=O)cc1,5.901396751403809
CHEMBL370609,CCC1=C(c2ccc(O)cc2)C(C(=O)O)c2cc(O)ccc21,4.834367752075195
CHEMBL147100,COc1ccc(C(=O)/C(=C/c2ccccc2)c2ccccc2)cc1,5.841775894165039
CHEMBL178917,Fc1ccc(/C=C\c2cc(F)cc(F)c2)cc1,3.837656021118164
CHEMBL374109,O=C1c2ccccc2/C(=C/c2cc(Br)c(O)c(Br)c2)c2sccc21,4.444363594055176
CHEMBL368597,CC(=O)NS(=O)(=O)c1ccc(C2=C(c3ccc(S(C)(=O)=O)cc3)COC2=O)cc1,5.639837265014648
CHEMBL56559,CC/C(=C(\c1ccc(OC(C)=O)cc1)c1cccc(OC(C)=O)c1)c1ccccc1,5.290145397186279
CHEMBL497164,COc1ccc(/C=C/c2cc(F)c(F)c(F)c2)c([N+](=O)[O-])c1,3.842898368835449
CHEMBL179243,CCOc1ccc(/C=C\c2cc(OC)cc(OC)c2)cc1,4.005581855773926
CHEMBL513735,CS(=O)(=O)c1ccc(C2=C(c3ccc(OCCN4CCCC4)cc3)c3ccc(F)cc3OCC2)cc1,4.500139236450195
CHEMBL346714,O=C(O)C1CCCN(CCCCOc2ccccc2/C=C/c2ccccc2)C1,4.21724796295166
CHEMBL158160,C(=C/c1ccccc1OCCCCN1CCNCC1)\c1ccccc1,4.346091270446777
CHEMBL489490,COc1cc(/C=C(/c2cccc(C(F)(F)F)c2)C(F)(F)F)cc(OC)c1,4.831178665161133
CHEMBL349117,OCC1CCCN(CCCCOc2ccccc2/C=C/c2ccccc2)C1,4.26798152923584
CHEMBL90051,CC1=C(c2ccc(O)cc2)C(CCCCCCN2CCOCC2)c2ccc(O)cc21,4.16959810256958
CHEMBL202135,COc1ccc(C2=C(c3ccccc3)C(=O)NC2=O)cc1OC,5.866014003753662
CHEMBL254439,COc1cc(O)ccc1CCC(c1ccc(O)cc1)c1c(/C=C/c2ccc(O)cc2)cc(O)cc1OC,4.699113845825195
CHEMBL160165,CN(C)CCCCOc1cccc(/C=C/c2ccccc2)c1,4.346442222595215
CHEMBL160751,COC(=O)C1CCCN(CCCCOc2ccccc2/C=C/c2ccccc2)C1,4.258732795715332
CHEMBL197800,COc1cc(OC)c2c(c1)OC(=O)/C2=C/c1ccc(OC)c(O)c1,4.089601516723633
CHEMBL189425,COC(=O)/C=C/c1cccc(N(Cc2ccc(/C=C/c3cccc(C(F)(F)F)c3)cc2)C(=O)C(C)C)c1,4.772875785827637
CHEMBL231694,O=C(Nc1ccccc1)c1ccc(/C=C/c2ccc(O)c(O)c2)cc1,5.178536891937256
CHEMBL441622,CC1=C(c2ccc(OC(=O)C(C)(C)C)cc2)[C@@H](c2ccc(OCCN3CCCCC3)cc2)Oc2cc(OC(=O)C(C)(C)C)ccc21,4.822596073150635
CHEMBL175834,COc1c(N)cc(/C=C\c2ccc3ccccc3c2)cc1N,4.42996883392334
CHEMBL486595,COc1ccc(/C=C\c2cc(OC)c3c(c2)OCO3)cc1NC(=O)[C@@H](N)Cc1ccc(O)cc1.Cl,4.900897979736328
CHEMBL300687,COc1ccccc1N1CC(c2ccc(S(C)(=O)=O)cc2)=C(c2ccc(F)cc2)C1=O,4.89223051071167
CHEMBL305128,N#CC(=C(c1ccccc1)c1ccccc1)c1ccc(O)cc1,6.195556640625
CHEMBL303801,N#C/C(=C(\c1ccccc1)c1ccc(O)cc1)c1ccccc1,6.259903430938721
CHEMBL119908,N.N.O=P(O)(O)C(F)(F)c1cccc(/C=C\c2ccc(F)cc2)c1,5.634096622467041
CHEMBL158161,CN(C)CCCCOc1ccc(/C=C/c2ccccc2)cc1,4.287276268005371
CHEMBL300446,CN1C(=O)CC[C@]2(C)c3ccc(/C=C/c4ccccc4)cc3CC[C@@H]12,5.725193023681641
CHEMBL49056,COc1ccc(C2=C(c3ccc(S(C)(=O)=O)cc3)CN(c3ccccc3Cl)C2=O)cc1,4.972127437591553
CHEMBL67111,CC(=O)NC[C@H]1CN(c2ccc(/C=C(\Br)c3cccc(N)c3)c(F)c2)C(=O)O1,4.307187557220459
CHEMBL509991,COc1ccc(/C=C\c2cc(OC)c3ccsc3c2)cc1N.Cl,4.612247467041016
CHEMBL106773,CC/C(=C(\c1ccc(O)cc1)c1ccc(OCC(=O)O)cc1)c1ccccc1,4.575909614562988
CHEMBL179124,Oc1cccc(/C=C/c2ccc(F)c(F)c2)c1,4.253969192504883
CHEMBL308330,CC[C@@H]1C(c2ccc(O)cc2)=C(C)c2cc(O)ccc21,4.845269203186035
CHEMBL455867,COc1ccc(/C=C\c2cc(Br)c(OC)c(OC)c2)cc1OP(=O)([O-])[O-].[Li+].[Li+],5.913269519805908
CHEMBL424231,CC(=O)NC[C@H]1CN(c2ccc(/C=C(\Br)c3cccc(C(C)=O)c3)c(F)c2)C(=O)O1,4.53153133392334
CHEMBL280287,CC(=O)/C(=C(\C(=O)[O-])c1ccccc1)c1ccc(S(C)(=O)=O)cc1.[Na+],5.606548309326172
CHEMBL77784,CCCCC(NC(=O)c1ccccc1/C=C/c1ccc(CN(C)C)cc1)C(N)=O,4.949357986450195
CHEMBL446685,CN(C)CCCOc1ccccc1/C=C/c1ccccc1,4.008138179779053
CHEMBL351981,COc1ccccc1C1=C(c2cc(OC)c(OC)c(OC)c2)C(=O)OC1,4.63144063949585
CHEMBL43369,O=S(=O)([O-])c1cc(/N=N/c2ccc3cccnc3c2O)ccc1/C=C/c1ccc(/N=N/c2ccc3cccnc3c2O)cc1S(=O)(=O)[O-].[Na+].[Na+],5.855827331542969
CHEMBL308113,CCC1=C(c2ccc(O)cc2)[C@H](CC)c2cc(O)ccc21,5.0736494064331055
CHEMBL444689,CC(=O)Oc1cc(/C=C/c2ccc(OCCCC[P+](c3ccccc3)(c3ccccc3)c3ccccc3)cc2)cc(OC(C)=O)c1.[I-],5.610593795776367
CHEMBL220472,COc1cc(/C=C/c2cc(O)c(CC=C(C)C)c(O)c2)cc2c1O[C@]1(C)C[C@@H](O)[C@@H](O)C(C)(C)[C@H]1C2,5.490846633911133
CHEMBL328044,CCOC1(CCN(C)C)c2ccccc2C=Cc2ccccc21,4.270427227020264
CHEMBL349135,COc1ccc(C2=C(c3cc(OC)c(OC)c(OC)c3)C(=O)OC2)cc1N,3.8751089572906494
CHEMBL356992,CC(=O)Oc1ccc(/C(=C/c2ccccc2)C(=O)c2ccccc2)cc1,5.556936740875244
CHEMBL38163,COc1ccc(/C=C\c2cc(OC)c(OC)c(OC)c2)cc1OCCCS(=O)(=O)[O-].[Na+],6.383057117462158
CHEMBL454400,COc1cc(/C=C\c2ccc(OC)c(N)c2)cc(OC(C)C)c1.Cl,4.5367631912231445
CHEMBL504476,Oc1cc(O)cc(/C=C/c2ccc(OCCCC[P+](c3ccccc3)(c3ccccc3)c3ccccc3)cc2)c1.[I-],6.083338737487793
CHEMBL115791,N.N.O=P(O)(O)C(F)(F)c1cccc(/C=C\c2ccccc2)c1,5.959964275360107
CHEMBL197188,Cc1ccc(C2=C(c3ccc(O)cc3)Cc3cc(O)ccc32)cc1,4.466874122619629
CHEMBL379830,C[N+](C)(C)CCOc1ccc(/C=C/c2ccccc2)cc1,7.120099067687988
CHEMBL319859,CN1C(=O)/C(=C/c2ccc(Br)cc2)c2ccccc21,5.022921085357666
CHEMBL188193,COc1cccc(C2=C(c3ccc(OCCN(C)C)cc3)c3ccccc3OCC2)c1,4.753210544586182
CHEMBL428699,CC(=O)NC[C@H]1CN(c2ccc(/C=C(\Br)c3cccc(C=O)c3)c(F)c2)C(=O)O1,4.212614059448242
CHEMBL515228,COc1ccc(/C=C\c2cc(F)c(OC)c(OC)c2)cc1OP(=O)([O-])[O-].[Li+].[Li+],5.905134201049805
CHEMBL61802,COc1ccc(C2=C(c3cc(OC)c(OC)c(OC)c3)COC2)cc1,4.752851963043213
CHEMBL151494,CS(=O)(=O)N(c1cc(C(F)(F)P(=O)(O)O)ccc1/C=C/c1ccccc1)S(C)(=O)=O,6.1944475173950195
CHEMBL118165,CN1c2cc(C(F)(F)F)ccc2C=C2c3ccccc3NC21,5.615514755249023
CHEMBL201949,O=C1NC(=O)C(c2ccccc2)=C1c1ccccc1,5.264316558837891
CHEMBL295640,CSc1ccc(C2=C3c4ccccc4CCC3(O)OC2=O)cc1,5.113609313964844
CHEMBL207577,O=C(O)c1cccc(C2=C(c3cc(Cl)ccc3OCc3ccccc3)CCC2)c1,5.710180282592773
CHEMBL422757,COc1ccc2c(c1)OCC(c1ccc(F)cc1)=C2c1ccc(OCCN2CCOCC2)cc1,4.422666549682617
CHEMBL146938,CN(C)CCSC1=Cc2ccccc2Oc2ccc(F)cc21,4.817814826965332
CHEMBL532640,COc1ccc(C2=C(Nc3ccc4oc5ccccc5c4c3)c3ccccc3C2=O)cc1,5.113923072814941
CHEMBL175897,COc1ccc(/C=C/c2cc(OC)c3ccccc3c2)cc1O,4.951534271240234
CHEMBL158274,CCN1CCN(CCCCOc2ccccc2/C=C/c2ccccc2)CC1,4.091678619384766
CHEMBL456609,COc1cc(/C=C/c2ccc(NC(=O)[C@H](Cc3ccccc3)NP(=O)(OC(C)C)OC(C)C)cc2)cc(OC)c1,6.142712116241455
CHEMBL478595,Oc1ccc(/C=C/c2cc(O)cc3c2C(c2cc(O)cc(O)c2)C(c2ccc(O)c(O)c2)O3)cc1,4.778210163116455
CHEMBL38061,COc1ccc(/C=C\c2cc(OC)c(OC)c(OC)c2)cc1OP(=O)(O)Oc1cccc(Cl)c1.N,6.251183986663818
CHEMBL342190,CC1=CC(C)(C)Nc2ccc3c(c21)/C(=C/c1cc(F)cc(F)c1)Oc1ccccc1-3,5.854767799377441
CHEMBL47037,COc1ccc(/C=C\c2cc(OC)c3c(c2)OCO3)cc1O,4.269577980041504
CHEMBL503174,CC(=O)OC[C@H]1O[C@@H](N2C(=O)/C(=C3/C(=O)Nc4ccc(OC(F)(F)F)cc43)c3ccccc32)[C@H](OC(C)=O)[C@@H](OC(C)=O)[C@@H]1OC(C)=O,5.466458320617676
CHEMBL419471,CCc1ccc(C2=Cc3ccccc3C3=NCCN23)cc1,5.041578769683838
CHEMBL284289,COc1ccc(/C=C\c2cc(OC)c(OC)c(OC)c2)cc1OP(=O)([O-])Oc1cc(/C=C\c2cc(OC)c(OC)c(OC)c2)ccc1OC.[Na+],5.8697829246521
CHEMBL428582,COc1ccc(C2=C(c3cc(OC)c(OC)c(OCc4ccccc4)c3)CC3CCCN3C2=O)cc1OC,5.209921360015869
CHEMBL503412,OC[C@H]1O[C@@H](Oc2cc(O)cc([C@H]3c4cc(/C=C/c5cc(O)cc(O)c5)ccc4O[C@@H]3c3ccc(O)cc3)c2)[C@H](O)[C@@H](O)[C@@H]1O,4.349592685699463
CHEMBL282489,CC[C@@H]1Cc2cc(O)ccc2C2=C1c1ccc(O)cc1C[C@H]2CC,3.294260263442993
CHEMBL455060,O=C(O)COc1ccc(/C=C/c2cc(O)cc(O)c2)cc1,2.783535957336426
CHEMBL367432,O=C(C1=C(c2ccccc2)CCc2cc(O)ccc21)c1ccc(OCCN2CCCCC2)cc1,4.929716110229492
CHEMBL289745,C/C(=C(/C)c1ccc2c(c1)C(C)(C)CCC2(C)C)c1ccc(C(=O)O)cc1,6.7090840339660645
CHEMBL229166,Cc1cc[n+](Cc2ccc(/C=C\c3ccc(C[n+]4ccc(N)c5ccccc54)cc3)cc2)c2ccccc12,4.261088848114014
CHEMBL7499,NS(=O)(=O)c1ccc(/C=C/c2ccc(O)cc2)cc1,5.274378776550293
CHEMBL452185,CC(C)NC(=N)c1ccc2[nH]c(-c3ccc(/C=C/c4ccc(-c5nc6cc(C(=N)NC(C)C)ccc6[nH]5)cc4)cc3)nc2c1,4.65748405456543
CHEMBL28211,COc1ccc2c(c1)CCC(c1ccccc1)=C2c1ccc(OCCN2CCCC2)cc1,4.952569961547852
CHEMBL322045,CS(=O)(=O)c1ccc(C2=C(c3ccc(F)cc3)CC(CF)(CF)C2)cc1,7.145989418029785
CHEMBL289935,C(=C/c1ccc(OCc2ccc(CN3CCCCC3)cc2)cc1)\c1ccccc1.O=C(O)C(=O)O,4.670137405395508
CHEMBL48783,CSc1ccc(C2=C(c3ccc(F)c(C)c3)C(=O)N3CCCC3C2)cc1,4.150476455688477
CHEMBL504324,N#Cc1ccc(/C=C2/C(=O)Nc3ccccc32)cc1,5.781223297119141
CHEMBL248133,CNc1cc(/C=C/c2cccc(/C=C/c3ccc(OC)c(NC)c3)c2)ccc1OC,4.2758660316467285
CHEMBL496952,COc1ccc(/C=C\c2cc(F)c(F)c(F)c2)cc1[N+](=O)[O-],3.8547005653381348
CHEMBL397951,O=C(O)c1cc(/C=C/c2ccc(/C=C/c3ccc(O)c(C(=O)O)c3)c(F)c2)ccc1O,4.074569225311279
CHEMBL363806,CCOC(=O)/C(=C(\COC(=O)[C@@H](N)CO)c1ccc(S(C)(=O)=O)cc1)c1ccc(F)c(F)c1,5.278347015380859
CHEMBL32172,CC/C(=C(\c1ccc(OCCN(C)C)cc1)c1ccc(OS(N)(=O)=O)cc1)c1ccccc1,4.764638900756836
CHEMBL202615,CN(C)CCOc1ccc(/C(=C(/CCCN=[N+]=[N-])c2ccccc2)c2ccc(O)cc2)cc1,5.00924825668335
CHEMBL273340,CC1(O)OC(=O)C(c2cccc(F)c2)=C1c1ccc(S(C)(=O)=O)cc1,6.255895614624023
CHEMBL58983,Cc1cc(O)cc(/C=C/c2ccc(O)cc2)c1,3.9854633808135986
CHEMBL29983,CC/C(=C(/c1ccccc1)c1cccc(OC(C)=O)c1)c1ccc(OC(C)=O)c(OC(C)=O)c1,5.303548812866211
CHEMBL275591,CC(=O)Nc1ccc(/C=C/c2ccccc2)cc1,5.859705448150635
CHEMBL352495,CS(=O)(=O)c1ccc(C2=C(c3ccccc3)C(=O)C3(CCCCC3)O2)cc1,6.127466678619385
CHEMBL138965,COc1ccc(C2=C(c3ccc(OC)c(OC)c3)C(=O)NC2=O)cc1OC,4.969568252563477
CHEMBL330314,NS(=O)(=O)c1ccc(C2=C(c3ccc(C(F)(F)F)cc3)CC3(CC3)C2)cc1,5.63638162612915
CHEMBL454834,COc1ccc(/C=C/c2cc(OC)c(OC)c(OC)c2)c(O[C@@H]2O[C@H](CO)[C@@H](O)[C@H](O)[C@H]2O)c1,4.030128479003906
CHEMBL365249,CC(=O)NCC1=Cc2ccccc2Cc2ccccc21,4.966426372528076
CHEMBL111427,COc1ccc(C2=C(c3ccc(S(N)(=O)=O)cc3)CCC2)cc1F,5.595607280731201
CHEMBL455094,COc1ccc(/C=C\c2cc(O[C@@H]3O[C@H](CO)[C@@H](O)[C@H](O)[C@H]3O)cc(O[C@@H]3O[C@H](CO)[C@@H](O)[C@H](O)[C@H]3O)c2)cc1,4.003158092498779
CHEMBL426065,CCCCCS(=O)(=O)CCCCCCCCCC/C(=C(/CC)c1ccc(O)cc1)c1ccc(O)cc1,6.46248722076416
CHEMBL476443,O=C1Nc2ccccc2/C1=C\c1ccc2ccccc2c1,5.19404411315918
CHEMBL313573,COc1cc(/C=C/c2ccc(OC)c(OC)c2OC)cc(OC)c1OC,4.503887176513672
CHEMBL344073,N#CC1(CCCN2CCC(O)(c3ccc(Cl)cc3)CC2)c2ccccc2C=Cc2ccccc21,5.26301383972168
CHEMBL399365,O=C1C(c2ccccc2)=C(c2ccc(O)cc2)CC2CCCN12,5.341446876525879
CHEMBL247713,COc1cc2c(cc1OC)/C(=C\c1ccc(NC(=O)N3CCN(C)CC3)cc1)C(=O)N2,4.131855010986328
CHEMBL49433,C/C(=C(\C(=O)c1ccc(O)cc1)c1ccccc1)c1ccccc1,5.489055633544922
CHEMBL248132,COc1ccc(/C=C/c2cccc(/C=C/c3ccc(OC)c(N)c3)c2)cc1N,4.06241512298584
CHEMBL76112,O=C(O)c1cc(/C=C\c2ccc(/C=C\c3ccc(O)c(C(=O)O)c3)c(Br)c2)ccc1O,4.044129371643066
CHEMBL496951,COc1ccc(/C=C\c2cc(F)c(F)c(F)c2)c([N+](=O)[O-])c1,3.842898368835449
CHEMBL495925,COc1ccc(/C=C\c2cc(F)c(F)c(F)c2)c(N)c1,4.31857967376709
CHEMBL156101,Cc1cccc(C=C2c3ccccc3C(=O)c3ccccc32)c1,5.262714385986328
CHEMBL147439,CNCCSC1=Cc2ccccc2Oc2ccc(SC)cc21,5.6424784660339355
CHEMBL68290,CC(=O)NC[C@H]1CN(c2ccc(/C=C(\Br)c3cccc(C#N)c3)c(F)c2)C(=O)O1,4.802978992462158
CHEMBL10371,C1=C(c2ccccc2)N2CCCN=C2c2ccccc21,5.502274990081787
CHEMBL102702,COc1ccc(/C=C(/CO)c2cc(OC)c(OC)c(OC)c2)cc1,4.654189109802246
CHEMBL263872,CC(C)c1onc(-c2c(Cl)cccc2Cl)c1COc1ccc(/C=C/c2cccc(C(=O)N(Cc3ccccc3)Cc3ccccc3)c2)c(Cl)c1,4.828084468841553
CHEMBL7617,CN1CCN(C2=Cc3ccccc3Cc3ccc(Cl)cc32)CC1,4.944482803344727
CHEMBL185074,CCCCCCCCCCCCCCCC(=O)Oc1cc(/C=C/c2ccccc2)cc(OC(=O)CCCCCCCCCCCCCCC)c1,5.043752670288086
CHEMBL463252,Cc1c(O)cc(/C=C/c2ccccc2)cc1O,5.116006374359131
CHEMBL418892,Nc1nc2c3c(ccc2s1)NC(=O)/C3=C\c1cc(Br)c(O)c(Br)c1,4.092289924621582
CHEMBL411344,COc1cc(/C=C/c2cc(O)c3c(c2)OC(C)(C)C(O)C3)cc2c1O[C@]1(C)C[C@@H](O)[C@@H](O)C(C)(C)[C@H]1C2,5.446943283081055
CHEMBL113837,CC(C)(C)c1cc(C=C2c3ccccc3C(=O)c3ccccc32)cc(C(C)(C)C)c1O,5.851680755615234
CHEMBL41041,COc1ccc(/C=C\c2cc(OC)c(OC)c(OC)c2)cc1O.N,4.675276756286621
CHEMBL437481,CC(C)c1onc(COc2ccc(Cl)c(Cl)c2)c1COc1ccc(/C=C/c2cccc(C(=O)O)c2)c(Cl)c1,3.706310272216797
CHEMBL405910,C[N+]1(C)CC23C4=C5C6=C7C8C9=c%10c%11c%12c%13c%14c%15c%16c%17c%18c%19c%20c%21c%22c%23c(c4c4c2c2c%24c%25c(c%10c(c%11%15)c%10c%16c%19c(c%25%10)c%10c%20c%23c4c%24%10)C2C9C73C1)C1C%22=C2c3c(c6c(c-%13c3C(C%14%17)C23C[N+](C)(C)CC%21%183)C%128)C51.[I-].[I-],6.198182106018066
CHEMBL111045,CS(=O)(=O)c1ccc(C2=C(c3ccc(F)cc3)CC(C(F)(F)F)(C(F)(F)F)C2)cc1,6.143947124481201
CHEMBL413704,C[N+]1(C)CC23c4c5c6c7c8c9c%10c%11c%12c%13c%14c%15c%16c%17c%18c%19c%20c%21c(c2c2c4c4c6c9c6c4c4c2c%21c2c%19c(c%18%14)c9c%13c%10c6c9c24)C2=C4c6c(c-%16c9c%10c6C(C5C7=C%10C5(C[N+](C)(C)CC8%115)C9C%15%12)C43C1)C%17C2%20.[I-].[I-],6.204937934875488
CHEMBL166378,CCC1(C)OC(c2ccc(S(C)(=O)=O)cc2)=C(c2cc(Cl)cc(Cl)c2)C1=O,6.637324810028076
CHEMBL44333,CCCCCCNC(=O)c1cc(/C=C/c2cc(O)ccc2O)ccc1O,4.835526466369629
CHEMBL518867,COC(=O)c1ccc2c(c1)NC(=O)/C2=C(\Nc1ccc(N(C)S(C)(=O)=O)cc1)c1ccccc1,5.569159507751465
CHEMBL51545,O=[N+]([O-])c1ccc(C2=C(c3ccccc3)c3ccc(O)cc3C2)cc1,5.277698993682861
CHEMBL292520,COc1ccc(C2=C(c3cc(OC)c(OC)c(OC)c3)C(=O)CC2)cc1,4.363090515136719
CHEMBL308094,O=C(O)c1cc(C(=O)O)c2cc(/C=C/c3ccc(-c4ccccc4)cc3)ccc2n1,5.2368083000183105
CHEMBL330407,COc1ccc(/C=C\c2cc(OC)c(OC)c(OC)c2)cc1N,4.352269172668457
CHEMBL119991,COc1cc(/C=C\c2ccc(O[Si](C)(C)C(C)(C)C)cc2)cc(OC)c1,7.011325836181641
CHEMBL478709,COc1cccc(/C=C2/C(=O)Nc3cc(OC)ccc32)c1,4.711465835571289
CHEMBL8442,CCCCCC(O)c1cccc(/C=C/c2ccccc2)c1,5.38204288482666
CHEMBL187481,CCC/C(=C\c1ccccc1)c1ccc(S(C)(=O)=O)cc1,5.197292327880859
CHEMBL523942,CCCCc1ccc(C2=C(c3ccc(-c4ccc(CCCC)cc4)cc3)C(O)OC2=O)cc1,4.6900715827941895
CHEMBL486694,O=C1/C(=C/c2ccc(Cl)cc2Cl)c2ccccc2N1c1c(Cl)cccc1Cl,5.237440586090088
CHEMBL47270,COc1ccc(/C(=C(/c2ccccc2)[N+](=O)[O-])c2ccc(OCCN3CCCC3)cc2)cc1,4.999529838562012
CHEMBL457377,Oc1ccc2c(c1)/C=C/c1ccc(O)c(c1)Oc1ccc(cc1)CCc1cccc(c1)O2,4.612226486206055
CHEMBL195653,Fc1ccc2c(c1)CC/C2=C/c1cccc2ncccc12,4.889498710632324
CHEMBL51887,CC/C(=C(/c1ccccc1)c1ccc(O)cc1)c1ccccc1,5.75674295425415
CHEMBL291501,COc1ccc(/C=C/c2cc(O)cc(O)c2)cc1,4.25213623046875
CHEMBL222360,COc1ccc(C2=C(c3cc(OC)c(OC)c(OC)c3)C(=O)C(O)C2)cc1OC(C)C,4.147789001464844
CHEMBL108482,C1=C(c2ccccc2)C(c2ccc(OCCN3CCCCCC3)cc2)Oc2ccccc21,4.826974868774414
CHEMBL374976,COc1cc(C2=C(c3cc(C)c(OC)c(C)c3)C(O[SiH2]C(C)(C)C)CC2=O)cc(OC)c1OC,6.516528606414795
CHEMBL221556,COCOc1cc(C2=C(c3cc(OC)c(OC)c(OC)c3)/C(=N\O)CC2O[SiH2]C(C)(C)C)ccc1OC,7.254438400268555
CHEMBL67878,COc1cc(Nc2c(C#N)cnc3cc(/C=C/c4ccc5ccccc5c4)ccc23)c(Cl)cc1Cl,5.524588108062744
CHEMBL116173,COc1ccc(C=C2c3ccccc3C(=O)c3ccccc32)cc1O,5.337057113647461
CHEMBL469135,CC(C)c1onc(-c2c(Cl)cncc2Cl)c1COc1ccc(/C=C/c2cccc(C(=O)O)c2)c(Cl)c1,4.662205696105957
CHEMBL119320,COc1cc(/C=C\c2ccc(O)c(OC)c2)cc(OC)c1,4.388514041900635
CHEMBL89531,COc1ccccc1/C=C/c1cc(OC)c(OC)c(OC)c1,5.3203511238098145
CHEMBL225115,COc1ccc(C2=C(c3cc(OC)c(OC)c(OC)c3)CC(O)C2=O)cc1N,3.8246490955352783
CHEMBL221451,COc1ccc(C2=C(c3cc(OC)c(OC)c(OC)c3)/C(=N\O)CC2O)cc1O,4.710094451904297
CHEMBL314297,CS(=O)(=O)c1ccc(C2=C(c3ccc(F)cc3F)CC3(CC3)C2)cc1,6.094091415405273
CHEMBL39344,C/C(=C\c1ccc(C(=O)O)cc1)c1ccc2c(c1)C(C)(C)CCS2,7.366441249847412
CHEMBL267600,CC/C(=C(\c1ccc(I)cc1)c1ccc(OCCCCCCCN2CCCC2)cc1)c1ccccc1,5.280694961547852
CHEMBL131667,O=C1c2c(O)cccc2C(=Cc2ccc(O)cc2)c2cccc(O)c21,5.569406509399414
CHEMBL426856,C[S@@+]([O-])c1ccc(C2=C(c3ccccc3)C(=O)OC2)cc1,4.890554428100586
CHEMBL355211,O=[N+]([O-])c1ccc(/C=C/c2ccccc2)cc1,5.184323310852051
CHEMBL581920,COc1ccc(C=Cc2ccc(-c3c(C)[nH]c(C)c(Cl)c3=O)cc2)cc1OC,4.680686950683594
CHEMBL308441,CC(=O)NC[C@H]1CN(c2ccc(/C=C(\F)c3cccc(C=O)c3)c(F)c2)C(=O)O1,4.208778381347656
CHEMBL151300,O=P(O)(O)C(F)(F)c1cccc(/C=C/c2ccccc2)c1,5.775599956512451
CHEMBL33879,Oc1ccc(C(=Cc2ccc(Br)cc2)c2ccc(O)cc2)cc1,4.2623796463012695
CHEMBL21518,C/C(=C\c1ccc(C(=O)O)cc1)c1ccc2c(c1)C(C)(C)CCO2,7.348150253295898
CHEMBL484253,Oc1cc(O)cc(CC(c2ccc(O)cc2O)c2c(O)cc(/C=C/c3ccc(O)cc3O)cc2O)c1,3.820733070373535
CHEMBL513860,COc1cc(/C(F)=C/c2cc(O)c3ccoc3c2)cc(OC)c1OC,5.0113677978515625
CHEMBL83546,CC(CNCCOc1ccc(/C=C/c2ccccc2)cc1)c1ccccc1,4.455835819244385
CHEMBL83168,C=CCNc1nc(NCC=C)nc(N2CCC(NCC3c4ccccc4C=Cc4ccccc43)CC2)n1,5.486398696899414
CHEMBL444477,CCc1ccc(/C=C2/C(=O)Nc3ccccc32)cc1,5.254306793212891
CHEMBL195605,COc1ccc(/C=C\c2cc(F)c(F)c(F)c2)cc1F,4.087536334991455
CHEMBL86672,COc1ccc(/C=C\c2ccc(OC)c(OC)c2OC)cc1,4.512761116027832
CHEMBL195416,O=C1Oc2cc(O)ccc2/C1=C\c1ccc(O)cc1,4.195956230163574
CHEMBL296206,CCCc1ccc(C2=C(c3ccc(S(C)(=O)=O)cc3)OC(C)(C)C2=O)cc1,6.122222900390625
CHEMBL445731,CN(C)c1ccc(/C=C/c2ccc(N)cc2)cc1,3.7792434692382812
CHEMBL439981,COC(=O)c1ccc(/C=C(\C)c2ccc3c(c2)C(C)(C)CC(C)(C)S3)cc1,6.369704246520996
CHEMBL489583,O=C1OC(O)C(c2cccc(-c3ccc4ccccc4c3)c2)=C1c1ccc2ccccc2c1,5.004695415496826
CHEMBL316126,Oc1ccc2c(c1)CC(c1ccccc1)=C2c1ccccc1F,4.5904130935668945
CHEMBL422268,CC1=CC(C)(C)Nc2ccc3c(c21)/C(=C/c1ccccc1C=O)Oc1ccc(F)cc1-3,5.858559608459473
CHEMBL477669,O=C1Nc2ccccc2/C1=C\c1cccc(Cl)c1,5.899881839752197
CHEMBL97641,Oc1ccc(/C=C/c2ccc3ccc(/C=C/c4ccc(O)c(O)c4)c(O)c3n2)cc1O,4.892690658569336
CHEMBL524731,CCCCCn1cc(C(=O)NC23CC4CC(CC(C4)C2)C3)c(=O)c2cc(/C=C/c3ccc(OC)cc3)ccc21,5.259139060974121
CHEMBL409869,Cc1cccc(/C=C/c2ccc3nc(NC4CCN(CCN)CC4)n(Cc4nc(C)ccc4O)c3c2)c1,5.142183780670166
CHEMBL242398,COc1ccc(/C=C/c2c(OC)cccc2OC)cc1,4.32975435256958
CHEMBL75781,C/C(=C\c1ccc(C(=O)O)cc1)c1ccc2ccc(C)c(C)c2c1,3.719547986984253
CHEMBL87080,O=C1Nc2ccc(Br)cc2/C1=C/c1ccc(N2CCOCC2)cc1,5.095714092254639
CHEMBL420984,COC/C(=C/c1cc(OCc2ccsc2)ccc1C#N)c1ccccc1C,5.18795108795166
CHEMBL192224,COc1ccc(/C=C\c2cc(OC)c(OC)c(OC)c2)cc1[N+](=O)[O-],4.714943885803223
CHEMBL243076,FC(F)(F)c1ccc(/C=C/c2ccc(/C=C/c3ccc(C(F)(F)F)cc3)cc2)cc1,4.065056800842285
CHEMBL388469,COc1cc(/C=C/c2cc(O)c(C/C=C(\C)CCC=C(C)C)c(O)c2)cc2c1O[C@@]1(C)CC[C@H](O)C(C)(C)[C@@H]1C2,5.601353645324707
CHEMBL245114,COc1ccc(/C=C/c2ccc(OC)c(O)c2)cc1,4.123374938964844
CHEMBL231977,OCCCCCCCCCCCCCCc1c(O)cc(/C=C/c2ccc(O)cc2)cc1O,4.990384101867676
CHEMBL372372,COc1cc(/C=C2/C(=O)Oc3ccccc32)ccc1O,4.958012580871582
CHEMBL234069,O=C(O)c1cccc(C2=C(c3cc(Br)ccc3OCc3ccc(Cl)c(Cl)c3)CCC2)c1,4.300051212310791
CHEMBL56153,O=S(=O)(Nc1ccc2c(/C=C/c3ccccc3)cccc2c1)C(F)(F)F,5.514339447021484
CHEMBL474936,COc1ccc(/C(C)=C/c2cc(OC)cc(OC)c2)cc1,4.356847286224365
CHEMBL487092,C/C(=C\c1ccc2ccccc2c1)c1cc(O)cc(O)c1,5.066516399383545
CHEMBL196407,CN(C)c1ccc(/C=C/c2ccc(OCC(CO)CO)cc2)cc1,3.6675422191619873
CHEMBL245688,COc1cc(/C=C/c2cc(Br)cc(/C=C/c3ccc(O)c(OC)c3)c2)ccc1O,4.997040748596191
CHEMBL352293,CC(=O)c1cccc(C2=C(C(C)C)c3cc(C(C)=O)ccc3C2(C)C)c1,5.54557991027832
CHEMBL10852,CC/C(=C(\c1ccccc1)c1ccc(OC(C)=O)cc1)c1ccc(OC(C)=O)cc1,5.3136305809021
CHEMBL276795,CC/C1=C(\c2ccccc2)c2ccc(OCC(O)CO)cc2SCc2ccccc21,4.653400421142578
CHEMBL14881,C=CCOc1ccc2c(c1)Sc1ccccc1C(CC)=C2c1ccc(O)cc1,5.194655895233154
CHEMBL352841,CC1(C)OC(c2ccc(S(C)(=O)=O)c(F)c2)=C(c2cccc(F)c2)C1=O,6.366708755493164
CHEMBL233486,CC(C)c1onc(-c2ccc(-c3ccccc3)cc2)c1COc1ccc(/C=C/c2cccc(C(=O)O)c2)c(Cl)c1,4.204366683959961
CHEMBL245479,CN(C)c1ccc(/C=C/c2cc(I)cc(/C=C/c3ccc(N(C)C)cc3)c2)cc1,4.162878036499023
CHEMBL91268,CC1(C)CCC(C)(C)c2cc(/C=C/c3cccc(N)c3)ccc21,6.964239120483398
CHEMBL478319,O=C1Nc2cc(Cl)ccc2/C1=C\c1cccc(C(F)(F)F)c1,5.635401248931885
CHEMBL195580,Fc1ccc2c(c1)CC/C2=C\c1cccc2ncccc12,4.889498710632324
CHEMBL192860,COc1ccc(/C=C\c2cc(OC)c(OC)c(OC)c2)cc1Br,4.803262233734131
CHEMBL498265,COC(=O)c1ccc2c(c1)NC(=O)/C2=C(\Nc1ccc(N(CCN(C)C)C(C)=O)cc1)c1ccccc1,5.125696182250977
CHEMBL91310,C=C1c2ccccc2C=C(N2CCN(C)CC2)c2ccccc21,4.373839378356934
CHEMBL327755,CC[C@@H]1Cc2cc(O)ccc2C2=C1c1ccc(O)cc1C[C@@H]2CC,3.294260263442993
CHEMBL76778,C1=C(c2ccc3c(c2)OCO3)N2CCN=C2c2ccccc21,4.933730602264404
CHEMBL11367,CC/C(=C(\c1ccc(OC(C)=O)cc1)c1cccc(OC(C)=O)c1)c1cccc(OC(C)=O)c1,4.835079193115234
CHEMBL431546,NS(=O)(=O)c1ccc(C2=C(c3ccc(F)cc3)C(=O)OC2)cc1,5.504833221435547
CHEMBL468194,COc1ccc(/C=C(/F)c2cc(OC)c(OC)c(OC)c2)cc1N,4.574509620666504
CHEMBL88286,CS(=O)(=O)c1ccc(C2=C(c3ccc(F)c(Cl)c3)CC3(CC3)C2)cc1,5.542875289916992
CHEMBL313387,NS(=O)(=O)c1ccc(C2=C(c3ccc(Cl)c(Cl)c3)CC3(CC3)C2)cc1,5.754225730895996
CHEMBL456744,COc1ccc(/C=C\c2cc(F)c(OC)c(OC)c2)cc1O,4.981980323791504
CHEMBL73082,CC(C)=C1c2ccccc2C=C(N2CCN(C)CC2)c2cc(Cl)ccc21,4.899143218994141
CHEMBL459270,COc1ccc(/C=C\c2cc(O)c(OC)c(OC)c2)cc1[N+](=O)[O-],4.6846513748168945
CHEMBL246274,O=C(Nc1ccccc1)Nc1ccc(/C=C2\C(=O)N(O)c3ccccc32)cc1,5.147144317626953
CHEMBL348331,OC1CCCN(CCCCOc2ccccc2/C=C/c2cccc(Cl)c2)C1,4.8647990226745605
CHEMBL302085,O=C(O)c1c(O)cccc1/C=C/c1ccc(O)c(O)c1,5.001718044281006
CHEMBL78624,Cc1ccc2c(c1)C1=NCCN1C(c1ccc(C(C)(C)C)cc1)=C2,6.109358787536621
CHEMBL278231,CCOC1(C)OC(=O)C(c2ccc(F)cc2)=C1c1ccc(S(C)(=O)=O)cc1,6.211065292358398
CHEMBL56460,Cc1cc(/C=C/c2ccccc2Br)cc(C)c1O,5.166925430297852
CHEMBL292349,COc1ccc(C2=C(c3cc(OC)c(OC)c(OC)c3)CCC2)cc1,4.9897918701171875
CHEMBL465016,COC(=O)c1ccc2c(c1)NC(=O)/C2=C(\Nc1ccc(NC(=O)CN(C)C)cc1)c1ccccc1,5.509471416473389
CHEMBL355107,C=C1c2ccc(Cl)cc2C=C(N2CCN(C)CC2)c2ccccc21,4.854101181030273
CHEMBL339312,COc1cc(/C=C\c2ccc3nc(C)c(C)nc3c2)cc(OC)c1OC,4.417745590209961
CHEMBL86921,CN(C)c1ccc(/C=C2\C(=O)N(C)c3ccccc32)cc1,5.1314849853515625
CHEMBL260554,CC(=O)OCO/N=[N+](\[O-])N(C)CCOC(=O)/C(=C/c1ccc(S(C)(=O)=O)cc1)c1ccccc1,5.652539253234863
CHEMBL149791,CCC(=C(c1ccc(O)cc1)c1ccc(O)cc1)c1ccccc1,5.812429428100586
CHEMBL18930,CN1CCC(/C(=C/c2ccccc2)c2ccccc2)CC1,3.446967840194702
CHEMBL478753,OC[C@H]1O[C@@H](Oc2ccc(/C=C/c3cc(O)cc(O)c3)cc2)[C@H](O)[C@@H](O)[C@@H]1O,3.8626885414123535
CHEMBL7111,NS(=O)(=O)c1ccc(/C=C/c2cccc(O)c2)cc1,5.140220642089844
CHEMBL74826,COc1ccc(/C(C)=C/c2ccc(C(=O)O)cc2)cc1C(C)(C)C,6.317440509796143
CHEMBL304290,COc1cc(Nc2c(C#N)cnc3cc(/C=C/c4ccc(-c5ccccc5)cc4)ccc23)c(Cl)cc1Cl,5.661496162414551
CHEMBL43951,CSc1ccc(C2=C(c3ccc(O)c(O)c3)C(=O)N3CCCC3C2)cc1,4.808511734008789
CHEMBL360980,C(=C\c1ccc2ccccc2c1)\c1ccc2c(c1)-c1ccccc1C2,4.04782772064209
CHEMBL8635,CC(C)(C)c1cc(/C=C/c2ccc(Cl)c(Cl)c2)cc(C(C)(C)C)c1O,5.388999938964844
CHEMBL298662,CC(=O)N(O)c1ccc(/C=C/c2ccccc2)cc1,4.769611358642578
CHEMBL193376,Nc1ccc(/C=C2\C=Cc3ccccc32)cc1,5.089537620544434
CHEMBL89809,Cc1cccc2c1/C(=C/c1ccc(N(C)C)cc1)C(=O)N2,5.172318458557129
CHEMBL222437,COc1ccc(C2=C(c3cc(OC)c(OC)c(OC)c3)C(=O)C(O)C2)cc1NC(=O)c1ccccc1,4.877562522888184
CHEMBL75732,COc1ccc(C2=Cc3ccc(C(=O)O)cc3OC2)cc1C12C[C@H]3C[C@@H](C1)C[C@@H](C2)C3,5.098971366882324
CHEMBL488546,O=C1/C(=C/c2ccccc2[N+](=O)[O-])c2ccccc2N1c1c(Cl)cccc1Cl,5.036032676696777
CHEMBL505013,CS(=O)(=O)NC(=O)N1c2ccccc2C=Cc2ccccc21,5.846714019775391
CHEMBL33974,C/C(=C\c1ccc(CO)cc1)c1ccc2c(c1)C(C)(C)CCO2,7.00976037979126
CHEMBL163907,CC(=C\C(=O)O)/C(=C/c1ccc2cc(OCc3ccccc3)c(OCc3ccccc3)cc2c1)c1cccc(C(=O)O)c1,5.733757972717285
CHEMBL221566,O=c1cc(-c2ccc(-c3ccc(/C=C/c4ccccc4)cc3)cc2)sc(N2CCOCC2)c1,5.119872093200684
CHEMBL431005,C1=C(c2ccc(C3CCCCC3)cc2)N2CCN=C2c2ccccc21,5.077242851257324
CHEMBL113536,COc1ccc(/C=C/c2cc(O)cc(O[C@@H]3O[C@H](CO)[C@@H](O)[C@H](O)[C@H]3O)c2)cc1,4.166227340698242
CHEMBL345084,COC(=O)c1ccc(/C=C(/c2ccc3c(c2)C(C)(C)CC(C)(C)S3)C(F)(F)F)cc1,6.208883285522461
CHEMBL418327,Oc1ccc(C2=C(c3ccc(OCCN4CCCCC4)cc3)Oc3ccc(O)cc3S2)cc1,3.9611005783081055
CHEMBL293234,Cc1ccc(C(C#N)=C(c2ccc(O)cc2)c2ccc(O)cc2)cc1,5.540252685546875
CHEMBL274652,O=C(O)c1cccc(/C=C/c2ccc(OCc3c(-c4c(Cl)cccc4Cl)noc3-c3ccccc3)cc2Cl)c1,4.703830718994141
CHEMBL328003,CS(=O)(=O)c1ccc(C2=C(c3ccccc3)C(=O)C2)cc1,4.885951995849609
CHEMBL315641,COc1ccc(/C=C/c2ccccc2)c(OC)c1OC,5.279036521911621
CHEMBL322173,COc1ccc(/C=C(\C#N)c2cc(OC)c(OC)c(OC)c2)cc1[N+](=O)[O-],5.485543251037598
CHEMBL22812,CS(=O)(=O)c1ccc(C2=C(c3ccc(F)cc3)C(=O)CC2)cc1,5.194967269897461
CHEMBL277118,CSc1ccc(C2=C(c3ccc(S(C)(=O)=O)cc3)C(C)(O)OC2=O)cc1,6.224715232849121
CHEMBL59502,COc1ccc(C2=C(c3cc(OC)c(OC)c(OC)c3)C(O)CC2)cc1,4.15891170501709
CHEMBL244943,COc1ccc(/C=C/c2ccccc2O)cc1,4.6886067390441895
CHEMBL328464,N#Cc1ccc(OCc2ccsc2)cc1/C=C(/CCC(=O)O)c1ccccc1,4.602657318115234
CHEMBL502126,Cc1ccc(/C=C2\C=C(CC(=O)O)c3cc(F)ccc32)cc1,3.5977885723114014
CHEMBL43823,COc1ccc(C2=C(c3ccc(SC)cc3)CC3CCCN3C2=O)cc1OC(=O)C1CCCN1C(=O)OC(C)(C)C,6.602118492126465
CHEMBL433201,N#Cc1ccc(OCc2ccsc2)cc1/C=C(/C(=O)O)c1ccccc1Cl,5.47829532623291
CHEMBL250564,NCCSNC(=O)N1c2ccccc2C=Cc2ccccc21.O=C(O)C(F)(F)F,6.20125675201416
CHEMBL186366,COc1cc(O)cc(/C=C/c2ccccc2)c1,5.168417930603027
CHEMBL510194,CC(=O)OC[C@H]1O[C@@H](N2C(=O)/C(=C3/C(=O)Nc4ccc(Cl)cc43)c3ccccc32)[C@H](OC(C)=O)[C@@H](OC(C)=O)[C@@H]1OC(C)=O,5.183213233947754
CHEMBL352138,O=C(O)[C@H](Cc1ccc(/C=C/c2ccc([N+](=O)[O-])cc2)cc1)NC(=O)[C@@H]1CCC(=O)N1Cc1ccccc1,5.374063491821289
CHEMBL167614,CC1(C)OC(c2ccc(S(C)(=O)=O)cc2)=C(c2ccc(F)c(Cl)c2)C1=O,5.32757568359375
CHEMBL467598,COc1ccc(/C=C(/F)c2cc(OC)c(OC)c(OC)c2)cc1O,4.769879341125488
CHEMBL137103,CC1=CC(C)(C)Nc2ccc3c(c21)/C(=C/c1cc(F)ccc1F)Oc1ccccc1-3,5.8506178855896
CHEMBL955,CCN(CC)CCOc1ccc(/C(=C(/Cl)c2ccccc2)c2ccc(O)c(OC)c2)cc1,4.889858722686768
CHEMBL468304,CC(C)c1onc(CCc2ccccc2)c1COc1ccc(/C=C/c2cccc(C(=O)O)c2)c(Cl)c1,4.463702201843262
CHEMBL582012,O=C1C(c2ccccc2)=C(Nc2cccc([N+](=O)[O-])c2)c2ccccc21,5.372567176818848
CHEMBL232643,COc1cc(/C=C/c2cc(O)c(CC=C(C)C)c(O)c2)cc2c1O[C@@]1(C)CC[C@H](O)C(C)(C)[C@@H]1C2,5.646848678588867
CHEMBL349754,CC/C(=C(/CC)c1ccc(C(C)=O)c(C(C)=O)c1)c1ccc(C(C)=O)c(C(C)=O)c1,3.892381191253662
CHEMBL142580,O=S(=O)(OC(=C(c1ccccc1)c1ccccc1)c1ccccc1)C(F)(F)F,5.379823684692383
CHEMBL90666,O=C(O)/C(=C/c1cc(OCc2ccccc2)ccc1[N+](=O)[O-])c1ccccc1,4.9939284324646
CHEMBL67100,COc1ccc(/C=C2\OC(=O)c3ccccc32)cc1,4.603287696838379
CHEMBL259820,COc1c(O)ccc2c1-c1ccc3c(c1/C(=C/c1cccc(C)c1F)O2)C(C)=CC(C)(C)N3,5.669432163238525
CHEMBL328026,COc1cc(/C=C/c2ccc(O[Si](C)(C)C(C)(C)C)cc2)cc(OC)c1OC,7.281476020812988
CHEMBL100577,C(=C/c1ccc(OCc2ccccc2)c(OCc2ccccc2)c1)\c1ccc(OCc2ccccc2)cc1,4.393661022186279
CHEMBL484893,O=C1/C(=C\c2cccc3ccccc23)c2ccccc2N1c1c(Cl)cccc1Cl,5.022516250610352
CHEMBL277510,CCC1=C(c2ccccc2)c2ccc(OCCN(C)C)cc2Oc2ccccc21,4.516611576080322
CHEMBL384869,Nc1c(S(=O)(=O)[O-])cc2cc(S(=O)(=O)[O-])ccc2c1/N=N/c1ccc(/C=C/c2ccc(/N=N/c3c(N)c(S(=O)(=O)[O-])cc4cc(S(=O)(=O)[O-])ccc34)cc2S(=O)(=O)[O-])c(S(=O)(=O)[O-])c1.[Na+].[Na+].[Na+].[Na+].[Na+].[Na+],5.338703155517578
CHEMBL352223,Cc1ccccc1/C=C/c1ccccc1OCCCCN(C)C,4.5867180824279785
CHEMBL85281,CC(=O)N(C(C)=O)c1ccc(/C=C/c2ccccc2)cc1,4.786846160888672
CHEMBL454381,COc1ccc(/C=C\c2ccc3[nH]ccc3c2)cc1N.O=C(O)C(=O)O,3.933711528778076
CHEMBL393196,CCC(=C(c1ccc(OCCN2CCCCC2)cc1)c1ccc(OCCN2CCCCC2)cc1)c1ccccc1,5.002547264099121
CHEMBL37775,CCC(=C(c1ccc(O)cc1)c1ccc(O)cc1)c1ccc(O)cc1,4.971856117248535
CHEMBL15081,CCC1=C(c2ccc(O)cc2)c2ccc(OCCN(C)C)cc2Oc2ccccc21,4.539983749389648
CHEMBL247931,CNc1ccc(/C=C/c2cccc(/C=C/c3ccc(NC)c(OC)c3)c2)cc1OC,4.276305675506592
CHEMBL225525,O/N=C1/CC(O)C(c2ccccc2)=C1c1ccccc1,4.695913791656494
CHEMBL84273,Nc1nc(N)c2nc(CN3c4ccccc4C=Cc4cc(OCCC(=O)O)ccc43)cnc2n1,4.307574272155762
CHEMBL487988,O=S(=O)([O-])O[C@H]1[C@H](Oc2cc(O)cc(/C=C/c3ccc(O)cc3)c2)O[C@H](CO)[C@@H](O)[C@@H]1O.[K+],4.7856950759887695
CHEMBL417379,Cc1cc(/C=C/c2ccc(Cl)cc2)cc(C)c1O,3.962568759918213
CHEMBL348853,CC(C)c1cccc(C(C)C)c1NC(=O)C1c2ccccc2C=Cc2ccccc21,5.647939205169678
CHEMBL56196,Cc1cc(/C=C/c2ccc3ccccc3c2)cc(C)c1O,5.050500869750977
CHEMBL84160,Cc1cc(/C=C/c2ccccc2)ccc1N,4.4458441734313965
CHEMBL434308,CC1(C)OC(c2ccc(S(N)(=O)=O)c(F)c2)=C(c2ccccc2)C1=O,6.28424072265625
CHEMBL155858,O=C1c2ccccc2C(=Cc2ccccc2Cl)c2ccccc21,4.785315990447998
CHEMBL225874,[O-][n+]1onc2cc(/C=C/c3ccc(Br)cc3)ccc21,3.5178489685058594
CHEMBL336736,CC1=CC(C)(C)Nc2ccc3c(c21)/C(=C/c1ccccc1C)Oc1ccc(F)cc1-3,5.944428443908691
CHEMBL210300,COc1cc(/C=C/c2ccc([N+](=O)[O-])cc2)cc(OC)c1,4.591921329498291
CHEMBL310102,COc1ccc(/C=C/c2ccc(OC)cc2)cc1,3.84415340423584
CHEMBL432347,CN1CCC(=C2c3ccccc3C=Cc3ccc(C(=O)O)cc32)CC1,4.649317264556885
CHEMBL190238,CC/N=C1/C(c2ccc(O)cc2)=C(O)c2cc(O)cc(O)c21,4.743778228759766
CHEMBL173106,O=C(CCCN1CCN(C(=O)c2ccccc2)CC1)NC1c2ccccc2C=Cc2ccccc21,5.367661476135254
CHEMBL489081,O=C([O-])CCC(O)c1ccc(/C=C/c2cccc(Cl)c2)cc1.[Li+],4.0975422859191895
CHEMBL116776,COc1cc(/C=C\c2ccc(N)cc2)cc(OC)c1,4.473214626312256
CHEMBL167679,CC1(C)OC(c2ccc(S(C)(=O)=O)cc2F)=C(c2cccc(F)c2)C1=O,6.11210823059082
CHEMBL177661,CN(O)C(=O)/C(=C/c1ccc2ccccc2c1)c1ccc(F)cc1,5.084166049957275
CHEMBL66604,CC1(C)Oc2cc(O)ccc2C(c2ccc(OCCN3CCCC3)cc2)=C1c1ccccc1,5.074837684631348
CHEMBL148228,O=C(/C(=C/c1ccccc1)c1ccc(O)cc1)c1ccccc1,5.891482353210449
CHEMBL88899,COc1ccc(C2=C(c3ccc(S(C)(=O)=O)cc3)CC3(CC3)C2)cc1Cl,6.062420845031738
CHEMBL480304,O=C(OC[C@H]1O[C@@H](Oc2cc(O)cc(/C=C/c3ccc(O)cc3)c2)[C@H](O)[C@@H](O)[C@@H]1O)c1cc(O)c(O)c(O)c1,3.9560546875
CHEMBL17184,NS(=O)(=O)c1ccc(C2=C(c3ccc(F)cc3)CC3(CC3)C2)cc1,6.068454265594482
CHEMBL91741,N#Cc1ccc(OCc2ccc3c(c2)OCO3)cc1/C=C(/C(=O)O)c1ccccc1,5.7596540451049805
CHEMBL300435,O=[N+]([O-])c1ccc(C2=C(c3ccc(O)cc3)c3ccc(O)cc3C2)cc1,3.9547266960144043
CHEMBL376511,COc1ccc(/C=C2/c3ccccc3C(=O)c3ccsc32)c(O)c1,4.800690650939941
CHEMBL368154,COc1ccc(/C=C/c2ccc3ccccc3c2)cc1C(=O)CN,4.39539909362793
CHEMBL342089,CSc1ccc2c(c1)C(SCCN(C(C)C)C(C)C)=Cc1ccccc1O2,5.378424167633057
CHEMBL55293,Cc1cc(/C=C/c2ccc(C(C)C)cc2)cc(C)c1O,4.172021389007568
CHEMBL545812,COc1ccc(N2CCN(CCCN3CCN(C(=O)c4ccc(/C=C/c5ccc(Cl)c(Cl)c5)cc4)CC3)CC2)c(OC)c1,4.241991996765137
CHEMBL190772,O=C(O)c1cc2c(cc1C(=O)O)/C(=C/c1ccc(Cl)cc1)OC2=O,3.199239730834961
CHEMBL450239,O=C1Nc2cc(/C=C/c3ccccc3)ccc2C1=O,5.753584861755371
CHEMBL89970,CN1CCN(C2=Cc3ccccc3Oc3ccccc32)CC1,3.4689748287200928
CHEMBL44632,O=C(NCCc1ccccc1)c1cc(/C=C/c2cc(O)ccc2O)ccc1O,4.823807716369629
CHEMBL178940,Cc1ccc(/C=C/c2ccc3ccccc3c2)cc1,4.619268417358398
CHEMBL55737,Cc1cc(/C=C/c2cccc3ccccc23)cc(C)c1O,5.165443420410156
CHEMBL416101,CC1(C)OC(c2ccc(S(C)(=O)=O)cc2)=C(c2ccc(F)c(F)c2)C1=O,6.138366222381592
CHEMBL369169,COc1cc(/C=C/c2ccc(N(C)C)c(N)c2)cc(OC)c1OC,4.003885746002197
CHEMBL463404,COc1cc(/C=C/c2ccc(O)cc2)cc2c1C=CC(C)(C)O2,6.800267219543457
CHEMBL395859,COc1cc2c(cc1OC)N(C)C(=O)/C2=C/c1ccc(NC(=O)Nc2ccccc2)cc1,4.970174312591553
CHEMBL456529,C#Cc1ccc(/C=C2\C=C(CC(=O)O)c3cc(F)ccc32)cc1,4.194091796875
CHEMBL88769,COc1ccc(/C=C/c2ccc3c(c2)C(C)(C)CCC3(C)C)cc1N,6.576712608337402
CHEMBL523466,O=C1/C(=C/c2ccc(O)cc2)c2ccccc2N1c1c(Cl)cccc1Cl,5.310587406158447
CHEMBL60985,COc1ccc(/C=C2\C(=O)Nc3ccccc32)cc1OC1CC2CCC1C2,4.806081295013428
CHEMBL47630,COc1ccc(C2=C(c3ccc(OC)c(OC)c3)CN3CCCC3C2)cc1OC,3.952471971511841
CHEMBL272380,NS(=O)(=O)c1ccc(N/N=C2\C(=O)Nc3cccc(/C=C/c4ccc(O)cc4)c32)cc1,6.10235595703125
CHEMBL352738,CC1(C)OC(c2ccc(S(C)(=O)=O)c(F)c2)=C(c2cc(F)cc(F)c2)C1=O,6.328417778015137
CHEMBL289215,CC(=O)Oc1ccc(C(=Cc2ccccc2)c2ccc(OC(C)=O)cc2)cc1,4.458412170410156
CHEMBL525203,COC(=O)c1ccc2c(c1)NC(=O)/C2=C(\Nc1ccc(CN(C)C(=O)N(C)C)cc1)c1ccccc1,5.170666217803955
CHEMBL234808,COC(=O)c1ccc(/C=C/c2ccc(O)c(O)c2)cc1,4.2797088623046875
CHEMBL375701,CC(=O)Nc1ccc(/C=C\c2ccc3c(c2)no[n+]3[O-])cc1[N+](=O)[O-],4.4966325759887695
CHEMBL225813,O=C(O)c1ccc(/C=C/c2ccc3c(c2)no[n+]3[O-])cc1,3.7907652854919434
CHEMBL393702,C(=C\c1ccccc1)\c1ccccc1,4.2354326248168945
CHEMBL234924,N#Cc1ccc(OCc2ccccc2)c(C2=C(c3cccc(C(=O)O)c3)CCC2)c1,5.93259334564209
CHEMBL234113,CCCNC(=O)c1cccc(/C=C/c2ccc(OCc3c(-c4c(Cl)cccc4Cl)noc3C(C)C)cc2Cl)c1,4.406065940856934
CHEMBL163239,CC(C)=C1c2ccccc2C=C(C2=CCN(C)CC2)c2cc(Cl)ccc21,4.825143814086914
CHEMBL308172,COc1cc(/C=C\c2ccc(C(C)C)cc2)cc(OC)c1OC,4.923567771911621
CHEMBL157664,O=C(N[C@@H](CS)Cc1ccccc1)/C(=C/c1ccccc1)c1ccccc1,5.465340614318848
CHEMBL396773,CC(C)c1onc(-c2ccc3ccccc3c2)c1COc1ccc(/C=C/c2cccc(C(=O)O)c2)c(Cl)c1,4.092097282409668
CHEMBL245478,CN(C)c1ccc(/C=C/c2cc(Br)cc(/C=C/c3ccc(N(C)C)cc3)c2)cc1,4.161078929901123
CHEMBL164845,Nc1nc(N)c2c(/C=C/c3ccccc3)cccc2n1,5.543985366821289
CHEMBL324828,CCOc1ccc(/C=C\c2cccc(C(F)(F)P(=O)(O)O)c2)cc1.N.N,5.1487555503845215
CHEMBL489093,C/C(=C\c1ccc(C(F)(F)F)cc1)c1cc(O)cc(O)c1,4.430515289306641
CHEMBL468646,COc1ccc(/C(F)=C(\F)c2cc(OC)c(OC)c(OC)c2)cc1[N+](=O)[O-],4.420737266540527
CHEMBL457028,CC(C)OP(=O)(N[C@@H](C)C(=O)Nc1ccc(/C=C/c2ccccc2)cc1)OC(C)C,6.023245811462402
CHEMBL325376,C/C(=C(/C)c1cccc(O)c1)c1cccc(O)c1,4.284456253051758
CHEMBL337993,O=C1Nc2ccccc2/C1=C\c1ccc(C(F)(F)F)cc1,5.743227005004883
CHEMBL344577,Fc1ccc(/C=C(\CCN2CCN(c3ncc(F)cn3)CC2)c2ccc(F)cc2)cc1,3.8535075187683105
CHEMBL468998,COc1ccc(/C(F)=C\c2cc(OC)c(OC)c(OC)c2)cc1[N+](=O)[O-],4.685678005218506
CHEMBL188519,c1ccc(C2=C(c3ccc(OCCN4CCCCC4)cc3)c3ccccc3OCC2)cc1,4.814986705780029
CHEMBL166473,COc1cccc(C2=C(c3ccc(S(C)(=O)=O)cc3)OC(C)(C)C2=O)c1,6.30527400970459
CHEMBL436304,COc1ccc(OC)c(C2=C(c3cc(OC)c(OC)c(OC)c3)C(=O)CC2O[SiH2]C(C)(C)C)c1,6.968625068664551
CHEMBL147075,COc1ccc(/C=C\c2cc(OC)c3c(c2)OCO3)cc1N.Cl,4.233194351196289
CHEMBL228463,CC(C)(C)c1cc(/C=C(\C(=O)O)c2ccccc2)c(O)c(C(C)(C)C)c1,6.393681526184082
CHEMBL133534,COc1ccc2c(c1)C(CCNC(=O)C(F)(F)F)=C(c1ccccc1)C2,4.8257670402526855
CHEMBL86736,COc1cc(/C=C\c2ccc(Br)cc2)cc(OC)c1OC,5.195273399353027
CHEMBL466356,COc1ccc(/C=C(\F)c2cc(OC)c(OC)c(OC)c2)cc1N,4.574509620666504
CHEMBL502835,COC(=O)c1ccc2c(c1)NC(=O)/C2=C(\Nc1ccc(N(C)C(=O)CN2CCN(C)CC2)cc1)c1ccccc1,4.563275337219238
CHEMBL510513,O=C1Nc2ccccc2/C1=C\c1ccc(F)cc1,5.75639009475708
CHEMBL457077,O=C(/C=C/c1ccc(O)c(O)c1/C=C/c1ccc(O)c(O)c1)O[C@H](Cc1ccc(O)c(O)c1)C(=O)O,4.610770225524902
CHEMBL466868,CCC(CC)c1onc(-c2c(Cl)cccc2Cl)c1COc1ccc(/C=C/c2cccc(C(=O)O)c2)c(Cl)c1,4.576210021972656
CHEMBL179413,C(=C\c1ccc2[nH]ccc2c1)\c1ccc2ccccc2c1,4.145340919494629
CHEMBL6318,CC/C(=C(\c1ccc(I)cc1)c1ccc(OCCN2CCCC2)cc1)c1ccccc1,4.905429840087891
CHEMBL175891,COc1c([N+](=O)[O-])cc(/C=C\c2ccc3ccccc3c2)cc1[N+](=O)[O-],5.462296009063721
CHEMBL368498,COc1cc(/C=C/c2ccc3ccccc3c2)cc([N+](=O)[O-])c1OC,5.43345308303833
CHEMBL170581,COc1ccc(/C(=C(/c2ccccc2)C(F)(F)F)c2ccccc2)cc1,6.026186943054199
CHEMBL89089,COc1ccc(C2=C(c3ccc(S(C)(=O)=O)cc3)CC3(CC3)C2)cc1,5.673487663269043
CHEMBL57298,CC(C)c1cc(/C=C/c2ccc(F)cc2)cc(C(C)C)c1O,4.596738815307617
CHEMBL516,CN1CCC(=C2c3ccccc3C=Cc3ccccc32)CC1,3.9966366291046143
CHEMBL38827,CCCCN(CCCC)CC(O)c1cc(Cl)cc2c1-c1ccc(Cl)cc1/C2=C/c1ccc(Cl)cc1,3.9585647583007812
CHEMBL180152,CCc1c(C)nc(O)c(N(C)C)c1C(=O)c1cccc(/C=C\c2ccccc2)c1,4.584064483642578
CHEMBL127644,C1=C(CCN2CCOCC2)c2ccccc2/C1=C/c1cccc2ccccc12,4.812812805175781
CHEMBL11702,CC/C(=C(/Cc1ccc(OCN2CCOCC2)cc1)c1ccccc1)c1ccccc1,4.640072822570801
CHEMBL191624,COc1ccc(/C=C/c2cc(OC)c(OC)c(OC)c2)cc1Br,4.803262233734131
CHEMBL155591,CC(C)N(CCOc1ccc(C(C#N)=C(c2ccccc2)c2ccccc2)cc1)C(C)C,5.857053279876709
CHEMBL329367,CN(C)c1ccc(/C=C2\C(=O)Nc3cc(F)ccc32)cc1,4.500117301940918
CHEMBL313259,O=C1Nc2ccccc2/C1=C/c1ccc(C(=O)O)cc1,5.617876052856445
CHEMBL88532,COc1ccc(C2=C(c3ccc(S(N)(=O)=O)cc3)CC3(CC3)C2)cc1F,6.094285488128662
CHEMBL92570,O=C(O)/C(=C/c1cc(OCc2ccsc2)ccc1[N+](=O)[O-])c1c(F)cccc1Cl,4.455338001251221
CHEMBL321966,CC(C)(C)c1cc(/C=C2/C(=O)Nc3ccccc32)cc(Br)c1O,6.880950450897217
CHEMBL441599,COc1ccc(/C=C/c2ccccc2C(=O)NC(Cc2ccccc2)C(=O)C(N)=O)cc1OC,5.503079414367676
CHEMBL272322,CN(C)c1ccc(/C=C/c2ccc(-c3nc4ccc(OCCCF)cc4o3)cc2)cc1,4.3817338943481445
CHEMBL275664,CC1(O)OC(=O)C(c2ccc(Cl)cc2)=C1c1ccc(S(C)(=O)=O)cc1,6.370947360992432
CHEMBL669,CN(C)CCC=C1c2ccccc2C=Cc2ccccc21,4.030210971832275
CHEMBL316045,C(=C\c1ccc2ccccc2c1)\c1ccc2ccccc2c1,4.041415214538574
CHEMBL37672,COC(=O)c1ccc(/C=C(\C)c2ccc3c(c2)C(C)(C)CO3)cc1,5.954174041748047
CHEMBL156189,O=C1c2ccccc2C(=Cc2ccccc2O)c2ccccc21,4.911794662475586
CHEMBL214451,COc1ccc2c(c1)/C(=C\c1cc(OC)c(OC)c(OC)c1)C(=O)N2,4.618221282958984
CHEMBL90624,COc1ccc(/C=C\c2ccc3c(c2)C(C)(C)CCC3(C)C)cc1N,6.576712608337402
CHEMBL387979,[O-][n+]1onc2cc(/C=C\c3ccc4c(c3)OCO4)ccc21,3.8163585662841797
CHEMBL481461,COc1cc(/C=C/c2ccc(O)cc2)cc(O[C@@H]2O[C@H](CO)[C@@H](O)[C@H](O)[C@H]2O)c1,4.096713542938232
CHEMBL415864,Oc1ccc(C(=Cc2ccccc2)c2ccc(O)cc2)cc1,4.891162872314453
CHEMBL43065,Oc1cc(O)cc(/C=C/c2ccc(O)cc2O)c1,3.7390990257263184
CHEMBL491277,COc1cc(/C=C\c2ccc3cc[nH]c3c2)cc(OC)c1,4.5949177742004395
CHEMBL264668,O=C1/C(=C/c2ccc(O)c(Br)c2)Cc2ccccc2/C1=C\c1ccc(O)c(Br)c1,5.962383270263672
CHEMBL315262,Cc1ccccc1/C=C/c1ccc(N(C)C)cc1,4.873597145080566
CHEMBL159484,O=C1NC(=S)S/C1=C\c1ccc(/C=C/c2ccccc2)cc1,6.263430595397949
CHEMBL54169,CCc1cc(/C=C/c2ccc(C)cc2)cc(CC)c1O,4.868076324462891
CHEMBL371346,COC(=O)/C=C/c1cccc(N(Cc2ccc(/C=C/c3ccccc3)cc2)C(=O)C(C)C)c1,5.083724498748779
CHEMBL468647,COc1ccc(/C=C(/F)c2cc(OC)c(OC)c(OC)c2)cc1[N+](=O)[O-],4.700839042663574
CHEMBL279164,O=C1/C(=C/c2cc(Br)c(O)c(Br)c2)Cc2ccccc2/C1=C\c1cc(Br)c(O)c(Br)c1,5.627606391906738
CHEMBL389207,[O-][n+]1onc2cc(/C=C/c3ccc(O)cc3)ccc21,3.6277973651885986
CHEMBL55402,O=C(O)c1ccc2c(c1)CCc1cc(/C=C/c3ccccc3)ccc1-2,5.2556915283203125
CHEMBL455619,OC[C@H]1O[C@@H](Oc2cc(O)cc(/C=C/c3ccc(O[C@@H]4O[C@H](CO)[C@@H](O)[C@H](O)[C@H]4O)cc3O)c2)[C@H](O)[C@@H](O)[C@@H]1O,3.9006547927856445
CHEMBL173408,COc1ccc(N2CCN(CCCC(=O)NC3c4ccccc4C=Cc4ccccc43)CC2)cc1OC,4.710083484649658
CHEMBL478699,COc1ccc(/C=C\c2ccccc2)cc1OC,4.982806205749512
CHEMBL81999,CN(C)c1ccc(/C=C/c2ccc(F)cc2)cc1,4.046815395355225
CHEMBL114651,O=C1c2ccccc2C(=Cc2ccc(O)cc2)c2ccccc21,5.233376502990723
CHEMBL246685,COc1cc2c(cc1OC)/C(=C\c1ccc(NC(=O)Nc3ccccc3)cc1)C(=O)N2,6.200929164886475
CHEMBL254229,COc1ccc(C(CCc2ccc(O)cc2OC)c2c(OC)cc(/C=C/c3ccc(O)cc3)cc2OC)cc1,4.515285491943359
CHEMBL485376,Nc1ccc(/C=C/c2ccc([125I])cc2)cc1,4.026220321655273
CHEMBL485375,Nc1ccc(/C=C/c2ccc(I)cc2)cc1,4.026220321655273
CHEMBL101044,CSc1ccc(C2=C(c3ccc(F)cc3)ON(C)C2)cc1,3.837662935256958
CHEMBL468886,C/C(=C\c1cc(O)cc(O)c1)c1cccc(F)c1,4.944972038269043
CHEMBL269114,CC(=O)Nc1ccc(/C=C/c2ccc(C)cc2)cc1,4.615686893463135
CHEMBL529442,O=C1/C(=C/c2ccc(F)cc2)c2ccccc2N1c1c(Cl)cccc1Cl,5.122407913208008
CHEMBL345000,C1=C(c2ccccc2)C2(Cc3ccccc3C2)c2ccccc21,5.2339067459106445
CHEMBL234809,COC(=O)c1ccc(/C=C/c2ccc(OC)c(OC)c2)cc1,4.038008213043213
CHEMBL167011,CC1(C)OC(c2ccc(S(N)(=O)=O)cc2)=C(c2ccc(F)c(F)c2)C1=O,6.142685890197754
CHEMBL355546,CS(=O)(=O)c1ccc(C2=C(c3cccc(F)c3)C(=O)C3(CCCC3)O2)cc1,6.4982404708862305
CHEMBL315717,COc1ccc(/C=C\c2cc(OC)c(OC)c(OC)c2)c(Cl)c1,4.642797946929932
CHEMBL312567,COc1ccc(C2=Cc3ccccc3C3=NCCN23)cc1OC,5.065038681030273
CHEMBL384970,C[N+]1(C)C[C@]23c4c5c6c7c8c9c%10c%11c%12c%13c%14c%15c%16c%17c%18c%19c%20c%21c(c2c2c4c4c6c9c6c4c4c2c%21c2c(c%16%20)c%15c9c%13c%10c6c9c24)[C@@H]%19[C@H]2c4c6c9c%10c(c4-%18)[C@@H]%17[C@@H]%14C%12=C%10[C@]4(C[N+](C)(C)C[C@@]8%114)[C@H]9[C@@H]7C5=C6[C@]23C1.[I-].[I-],6.222953796386719
CHEMBL321632,COc1cc(C=C2c3ccccc3C(=O)c3ccccc32)cc(OC)c1O,5.208034038543701
CHEMBL497724,CNC(=O)c1ccc2c(c1)NC(=O)/C2=C(\Nc1ccc(CN2CCCCC2)cc1)c1ccccc1,4.864562034606934
CHEMBL81228,COc1ccc(/C(C#N)=C/c2cc(OC)ccc2OC)cc1,5.071349143981934
CHEMBL98713,CSc1ccc(C2=C(c3ccccc3)ON(C)C2)cc1,4.151275634765625
CHEMBL109336,CC(C)NC(=O)c1cc(/C=C/c2ccc(Cl)c(F)c2)ccc1-c1ccc(Cl)cc1,4.181384086608887
CHEMBL286279,Cc1noc(NS(=O)(=O)c2ccccc2-c2ccc(-c3ncco3)cc2/C=C/c2ccccc2)c1C,4.605607986450195
CHEMBL59408,COc1ccc(/C=C2\C(=O)Nc3ccc([N+](=O)[O-])cc32)cc1OC1CC2CCC1C2,4.715383529663086
CHEMBL284402,CCN(CC)CCOc1ccc(C2=C(c3ccc(F)cc3)COc3cc(OC)ccc32)cc1,4.1821818351745605
CHEMBL210648,CN(C)CCOc1ccc(C2Oc3cc(O)ccc3C3=C2c2ccc(O)cc2OC3)cc1,3.7362427711486816
CHEMBL421381,CS(=O)(=O)c1ccc(C2=C(c3ccccc3O)C(=O)OC2)cc1,5.058915615081787
CHEMBL55680,CCCOc1ccc(/C=C/c2cc(C)c(O)c(C)c2)cc1,4.039707183837891
CHEMBL56307,O=C(O)c1ccc(C(=O)Nc2ccc3c(/C=C/c4cccc(C(F)(F)F)c4)cccc3c2)cc1,5.4500932693481445
CHEMBL129868,N=C(N)c1ccc(/C=C/c2ccc3c(c2)CC(CC(=O)O)CC3)cc1,2.839743137359619
CHEMBL163250,C(=C/c1ccc(OCCN2CCCC2)cc1)\c1ccccc1,4.178025245666504
CHEMBL39416,CC/C(=C(\c1ccccc1)c1ccc(/C=C/C(=O)N2CCOCC2)cc1)c1ccccc1,5.120197772979736
CHEMBL190487,O=C1C(c2ccc(O)cc2)=C(Br)c2c(O)cc(O)cc21,3.870375871658325
CHEMBL425374,COC(=O)/C=C/c1cccc(N(Cc2ccc(/C=C/c3ccccc3F)cc2)C(=O)C(C)C)c1,5.505516052246094
CHEMBL176291,COc1cc(/C=C/c2ccc3[nH]ccc3c2)cc(OC)c1OC,5.013945579528809
CHEMBL47044,COc1ccc(/C=C/c2cc(O)c(OC)c(OC)c2)cc1OC,4.627913475036621
CHEMBL401515,CN(C)c1ccc(/C=C/c2ccc(-c3nc4cc(OCCCF)ccc4o3)cc2)cc1,4.358551979064941
CHEMBL49114,CS(=O)(=O)c1ccc(C2=C(c3ccccc3)C(=O)N(c3cccc(Cl)c3)C2)cc1,5.701999664306641
CHEMBL296274,O=C([O-])c1cc(O)cc(O)c1/N=N/c1ccc(/C=C/c2ccc(/N=N/c3c(O)cc(O)cc3C(=O)[O-])cc2S(=O)(=O)[O-])c(S(=O)(=O)[O-])c1.[Na+].[Na+].[Na+].[Na+],6.557147979736328
CHEMBL429767,CCC1=C(c2ccccc2)c2ccc(OC)cc2Sc2ccccc21,5.498043060302734
CHEMBL327955,C(=C/c1ccc(OCc2ccccc2)c(OCc2ccccc2)c1)\c1cccc(OCc2ccccc2)c1,4.41447114944458
CHEMBL296781,COc1ccc(C2=C(c3ccc(SC)cc3)CC3CCCN3C2=O)cc1O,4.59897518157959
CHEMBL466026,CC(C)c1onc(COc2ccc(Cl)cc2)c1COc1ccc(/C=C/c2cccc(C(=O)O)c2)c(Cl)c1,3.804741859436035
CHEMBL466451,CC(C)c1onc(COc2c(Cl)cccc2Cl)c1COc1ccc(/C=C/c2cccc(C(=O)O)c2)c(Cl)c1,4.66468620300293
CHEMBL289345,O=S(=O)([O-])c1cc(/N=N/c2cc(S(=O)(=O)[O-])c3cccnc3c2O)ccc1/C=C/c1ccc(/N=N/c2cc(S(=O)(=O)[O-])c3cccnc3c2O)cc1S(=O)(=O)[O-].[Na+].[Na+].[Na+].[Na+],5.10572624206543
CHEMBL22674,C[N+]1(C)CCC(=C2c3ccccc3C=Cc3ccccc32)CC1.[I-],6.130983352661133
CHEMBL81431,COc1ccc(/C(C#N)=C/c2cccc(OC)c2)cc1,4.877284049987793
CHEMBL453374,COc1cc(/C=C\c2ccc(OC)c(N)c2)cc(OC)c1.O=C(O)C(=O)O,3.5128726959228516
CHEMBL490294,COc1cc(/C=C\c2ccc(OC)c(N)c2)cc(OC)c1.Cl,4.152383327484131
CHEMBL103394,Cc1cc(OCc2c(-c3c(Cl)cccc3Cl)noc2C(C)C)ccc1/C=C/c1cccc(C(=O)O)c1,4.6689453125
CHEMBL353542,C(=C\c1ccc(Nc2c3ccccc3nc3ccccc23)cc1)\c1ccccc1,5.058230876922607
CHEMBL143671,COc1ccc(/C(=C\c2ccccc2)C(=O)c2ccccc2)cc1,5.822718143463135
CHEMBL192772,COC(=O)/C=C/c1cccc(N(Cc2ccc(/C=C/c3cccc(F)c3)cc2)C(=O)C(C)C)c1,4.959503650665283
CHEMBL470940,CC/C(=C\c1cc(O)cc(O)c1)c1ccc(Cl)cc1,4.5912675857543945
CHEMBL491081,COc1ccc(/C=C(\C)c2cc(O)cc(O)c2)cc1OC,4.594773292541504
CHEMBL458719,CC(C)OP(=O)(NCC(=O)Nc1ccc(/C=C/c2ccccc2)cc1)OC(C)C,5.941276550292969
CHEMBL198598,CN(C)c1ccc(/C=C/c2ccc(O)cc2)cc1,3.617673635482788
CHEMBL517883,COc1cc(/C=C/c2ccc(NC(=O)CCNP(=O)(OC(C)C)OC(C)C)cc2)cc(OC)c1,6.005568981170654
CHEMBL309612,COc1ccc(/C=C(/C(=O)O)c2ccc(OC)cc2)cc1,4.052490234375
CHEMBL399363,COc1ccc(C2=C(c3ccccc3Cl)C(=O)N3CCCC3C2)cc1,4.6767897605896
CHEMBL328246,CC(C)=C1c2ccc(Cl)cc2C=C(N2CCN(C)CC2)c2ccccc21,4.790026664733887
CHEMBL424063,NS(=O)(=O)c1ccc(C2=C(c3ccc4c(c3)OCO4)CCC2)cc1,5.873822212219238
CHEMBL116573,N.N.O=P(O)(O)C(F)(F)c1cccc(/C=C\c2ccc(Cl)cc2)c1,5.7100114822387695
CHEMBL273426,CC/C(=C(\Cc1ccccc1)c1ccccc1)c1ccc(OCN2CCOCC2)cc1,4.552647590637207
CHEMBL511269,COc1ccc2c(c1)OCCC(c1ccc(O)cc1)=C2c1ccc(OCCN2CCC2)cc1,4.397902488708496
CHEMBL511632,CN(C)CCOc1ccc(C2=C(c3ccccc3)CCOc3cc(O)ccc32)cc1,4.78120231628418
CHEMBL268016,CC(C)(C)c1ccc(C2=Cc3ccc(NC(=O)Nc4ccc(Cl)cc4Cl)cc3C3=NCCCN23)cc1,6.199772357940674
CHEMBL179097,C(=C/c1cccc2ccccc12)\c1ccc2ccccc2c1,4.0810394287109375
CHEMBL160754,CN(C)CCCCOc1ccccc1/C=C/c1ccccc1Cl,4.560781478881836
CHEMBL146074,CC1(C)Oc2ccc(/C=C/c3ccc(C#N)cc3)cc2[C@@H](n2ccccc2=O)[C@@H]1O,6.458324432373047
CHEMBL300460,CC/C(=C(/c1ccccc1)c1ccc(OCCN(C)C)cc1)c1ccccc1,4.833244323730469
CHEMBL127791,COc1ccc(/C=C/c2cc(O)cc(O[C@@H]3C[C@H](CO)[C@@H](O)[C@H](O)[C@H]3O)c2)cc1,4.028142929077148
CHEMBL324290,COc1cc(/C=C/c2ccc(N)cc2)cc(OC)c1,4.473214626312256
CHEMBL371788,CC1=C(c2ccc(O)cc2)C(=O)c2c(O)cc(O)cc21,4.046741485595703
CHEMBL87746,COc1c(Br)cc(/C=C2\C(=O)Nc3ccccc32)cc1C(C)(C)C,7.031310081481934
CHEMBL466315,COc1ccccc1-c1noc(C(C)C)c1COc1ccc(/C=C/c2cccc(C(=O)O)c2)c(Cl)c1,3.9798216819763184
CHEMBL101377,COc1ccc(/C(=C\c2cc(OC)c(OC)c(OC)c2)C(N)=O)cc1N,4.629150867462158
CHEMBL9748,CC/C(=C(/c1ccccc1)c1ccc(OCCN(C)C)cc1)c1cccc(O)c1,4.802649021148682
CHEMBL505264,COc1cc(/C=C(\C)c2ccc(C(F)(F)F)cc2)cc(OC)c1,4.601612091064453
CHEMBL87147,C/C(=C/c1ccc2c(c1)C(C)(C)CCS2)c1ccc(C(=O)O)cc1,7.588780403137207
CHEMBL72847,CCC1=C(c2ccccc2)[C@H](C)c2cc(O)ccc21,5.579761981964111
CHEMBL274194,C/C(=C\c1ccc(C(=O)O)cc1)c1ccc(C)c(C)c1,3.781787395477295
CHEMBL68055,CC1=C(c2ccc(O)cc2)[C@H](c2ccc(OCCN3CCCCC3)cc2)Oc2cc(O)ccc21,4.077587127685547
CHEMBL474126,COc1ccc(/C=C/c2ccc(N(C)C)cc2)cc1OC,4.026819705963135
CHEMBL438116,FC(F)(F)Oc1cccc(/C=C/c2ccc(/C=C/c3cccc(OC(F)(F)F)c3)cc2)c1,4.463655471801758
CHEMBL411,CC/C(=C(/CC)c1ccc(O)cc1)c1ccc(O)cc1,4.415408134460449
CHEMBL391568,O=C(Nc1ccccc1)Nc1ccc(/C=C2/C(=O)Nc3ccccc32)cc1,6.114724159240723
CHEMBL463371,C1COCCN1.C1COCCN1.COc1ccc(/C=C\c2cc(F)c(OC)c(OC)c2)cc1OP(=O)(O)O,6.416847229003906
CHEMBL102770,O=C1Nc2ccccc2/C1=C\c1ccc(N2CCCC2)cc1,5.398505210876465
CHEMBL188280,CSc1ccc(/C=C2\OC(=O)c3ccccc32)cc1,4.67916202545166
CHEMBL371047,O=C1Oc2ccccc2/C1=C\c1ccc(O)cc1,4.940370559692383
CHEMBL205359,COC(=O)N[C@H](C(=O)NN(Cc1cccc(/C=C/c2ccccc2)c1)C[C@@](O)(Cc1ccccc1)C(=O)N[C@H]1c2ccccc2C[C@H]1O)C(C)(C)C,6.031105995178223
CHEMBL189012,Nc1nc(N)c2nc(CN3c4ccccc4C=Cc4c(C#CCCCC(=O)O)cccc43)cnc2n1,4.222294807434082
CHEMBL350886,CN(C)CCN(C)CCCCOc1ccccc1/C=C/c1ccccc1,3.986741542816162
CHEMBL111657,CS(=O)(=O)c1ccc(C2=C(c3ccc(F)c(F)c3)CCC2)cc1,5.416531562805176
CHEMBL8952,CC(=O)Nc1ccc(/C=C/c2ccc(Br)cc2)cc1,4.759511947631836
CHEMBL65843,Oc1ccc(C2=C(c3ccccc3)c3ccccc3C2)cc1,5.366728782653809
CHEMBL159148,CC(=O)N1CCN(CCCCOc2ccccc2/C=C/c2ccccc2)CC1,4.275063514709473
CHEMBL175515,CCN(CC)c1cc(/C=C\c2ccc3ccccc3c2)ccc1OC,4.190114498138428
CHEMBL225864,N#Cc1ccc(/C=C\c2ccc3c(c2)no[n+]3[O-])cc1,4.354720115661621
CHEMBL398752,O=C1N[C@H]2[C@H](CS[C@H]2CCCCC(=O)OC(=O)CCCCCNOc2ccc(C3=C(c4ccccc4)C(=O)N4CCCC4C3)cc2)N1,5.578459739685059
CHEMBL160292,CN1CCN(CCCCOc2ccccc2/C=C/c2ccccc2F)CC1,4.731724739074707
CHEMBL215428,CCC12CCC(=O)C(c3ccc(O)cc3)=C1c1ccc3[nH]nnc3c1C2,6.288393497467041
CHEMBL369399,O=S(=O)(c1ccccc1)n1ccc2cc(/C=C\c3ccc4ccccc4c3)ccc21,5.357097148895264
CHEMBL347434,OC1CCCN(CCCCOc2ccc(Cl)cc2/C=C/c2ccccc2)C1,4.916321754455566
CHEMBL55435,CCc1cc(/C=C/c2ccc(OC)cc2)cc(CC)c1O,4.923299789428711
CHEMBL530450,COc1ccc(N2CCN(CCCN3CCN(C(=O)c4ccc(/C=C/c5ccc(Cl)c(Cl)c5)cc4)CC3)CC2)c(OC)c1.O=C(O)/C=C/C(=O)O,4.234959125518799
CHEMBL512864,O=S(=O)([O-])Oc1cc(/C=C\c2ccc(O)cc2)cc(O[C@@H]2O[C@H](CO)[C@@H](O)[C@H](O)[C@H]2O)c1.[Na+],4.695954322814941
CHEMBL441050,COc1ccc2c(c1)OC(C)(C)C(c1ccccc1)=C2c1ccc(OCCN2CCCCC2)cc1,5.285851001739502
CHEMBL351357,CN(C)CCCCOc1ccccc1/C=C/c1cccc(F)c1,4.877340793609619
CHEMBL248339,COc1cc(/C=C/c2cccc(/C=C/c3ccc(N4CCCC4)c(OC)c3)c2)ccc1N1CCCC1,4.322681427001953
CHEMBL413391,CC1C2c3cc4c5c6c3C3=C7c8c9c%10c%11c%12c%13c%14c%15c(c-5c5c%16c%15c%15c%17c%18c%19c%20c%21c%22c(c(c8c8c%22c%22c%20c%18c%18c%15c%14c%11c%18c%22c%108)C72)C1C%211CC=%19C1(C%16%17)C1C[N+](C)(C)CC451)C%13C6C31C[N+](C)(C)CC9%121.[I-].[I-],6.1924543380737305
CHEMBL10653,CCOc1cc2c(cc1/C=C\c1ccc(OC)cc1)OCO2,4.641973495483398
CHEMBL489674,O=C([O-])CCC(O)c1ccc(/C=C/c2ccccc2Cl)cc1.[Li+],4.141958236694336
CHEMBL489082,COc1ccc(/C=C/c2ccc(C(O)CCC(=O)[O-])cc2)cc1.[Li+],3.5869016647338867
CHEMBL148115,COc1ccc(/C=C(\C(=O)c2ccccc2)c2ccccc2)cc1,5.845582962036133
CHEMBL463171,COc1ccc(/C=C\c2cc(F)c(OC)c(OC)c2)cc1OP(=O)([O-])[O-].[K+].[K+],5.880620956420898
CHEMBL103464,Oc1cccc(/C=C/c2ccc(O)c(O)c2)c1,4.1706671714782715
CHEMBL14933,C/C(=C/c1ccccc1)c1ccccc1,5.019783020019531
CHEMBL311227,C1=C(c2ccc(CN3CCOCC3)cc2)N2CCN=C2c2ccccc21,5.481509208679199
CHEMBL190769,CCOC(=O)/C(=C(\COC(=O)[C@@H](N)CCCCN)c1ccc(S(C)(=O)=O)cc1)c1ccc(F)c(F)c1,5.136052131652832
CHEMBL98892,Oc1ccc2c(c1)OC(c1ccc(OCCN3CCCC3)cc1)C(c1ccccc1)=C2,4.865743637084961
CHEMBL304890,COc1cc(/C=C/c2cccc(OC)c2OC)cc(OC)c1,4.994563102722168
CHEMBL75988,O=C1Nc2ccc(C(=O)C3CC3)cc2/C1=C/c1cc(Br)c(O)c(Br)c1,4.956465721130371
CHEMBL90977,C/C=C1/c2ccccc2C=C(N2CCN(C)CC2)c2ccccc21,4.627058506011963
CHEMBL255852,CNc1ccc(/C=C/c2ccc(-c3nc4cc(OCCF)ccc4s3)cc2)cc1,4.873769760131836
CHEMBL13001,CC1(C)CCC(C)(C)c2cc3c(cc21)C=C(c1ccc(C(=O)O)cc1)C3,6.783566951751709
CHEMBL192701,COC(=O)/C=C/c1cccc(N(Cc2ccc(/C=C/c3cccc(C(F)(F)F)c3)cc2)C(=O)NC(C)C)c1,5.126692295074463
CHEMBL388977,COc1ccc(/C=C/c2cc(OC)cc(OC)c2OC)cc1,4.61829948425293
CHEMBL18880,C(=C(/c1ccccc1)C1CCN(CCc2ccccc2)CC1)\c1ccccc1,4.014325141906738
CHEMBL72078,CCC1=C(c2ccc(O)cc2)[C@@H](C)c2cc(O)ccc21,4.776114463806152
CHEMBL267537,COc1cc2ccc(/C=C(C(/C)=C/C(=O)O)\c3cccc(C(=O)O)c3)cc2cc1C12C[C@H]3C[C@@H](C1)C[C@@H](C2)C3,5.140206813812256
CHEMBL160583,CN(C)CCOc1ccccc1/C=C/c1ccccc1,3.9660980701446533
CHEMBL350507,CC(=O)c1ccc(C2=C(C(C)C)c3cc(C(C)=O)c(C(C)=O)cc3C2(C)C)cc1C(C)=O,4.647056579589844
CHEMBL258082,Nc1ccc(/C=C/c2ccc(-c3nc4ccc(OCCF)cc4o3)cc2)cc1,4.738584518432617
CHEMBL315701,O=C1Nc2ccccc2/C1=C/c1ccc(N2CCCCC2)cc1,5.683916091918945
CHEMBL231899,O=C(O)c1cccc(/C=C/c2ccc(OCc3c(-c4c(Cl)cccc4Cl)noc3-c3ccc4ccccc4c3)cc2Cl)c1,4.671913146972656
CHEMBL28330,O=C1C(c2ccccc2)=C(c2ccccc2)c2ccc(O)cc21,5.370509624481201
CHEMBL323133,CN(C)c1ccc(/C=C2/C(=O)N(C)c3ccccc32)cc1,5.1314849853515625
CHEMBL10005,CC(C)(C)c1ccc(C2=Cc3ccc(N(Cc4ccccc4)Cc4ccccc4)cc3C3=NCCCN23)cc1,6.437073230743408
CHEMBL239860,CS(=O)(=O)c1ccc(/C=C(/C(=O)OCO/N=[N+](/[O-])N2CCCC2)c2ccc(F)cc2)cc1,6.398387908935547
CHEMBL487592,O=S(=O)([O-])O[C@H]1[C@H](O)[C@@H](O)[C@H](Oc2cc(O)cc(/C=C\c3ccc(O)cc3)c2)O[C@@H]1CO.[Na+],5.206303119659424
CHEMBL271260,CCC(/C=C1\Sc2ccc(/C=C/c3ccccc3)cc2N1CC)=C\c1sc2ccc(C)cc2[n+]1CC.[I-],5.783940315246582
CHEMBL29313,Cc1noc(NS(=O)(=O)c2ccccc2-c2ccc(-c3ncco3)cc2/C=C\c2ccccc2)c1C,4.605607986450195
CHEMBL113074,COC[C@H]1O[C@@H](Oc2cc(/C=C/c3cc(OC)cc(OC)c3)ccc2OC)[C@H](OC)[C@@H](OC)[C@@H]1OC,4.503357410430908
CHEMBL89719,C[C@H]1c2ccccc2C=C(C2=CCN(C)CC2)c2ccccc21,4.431277275085449
CHEMBL101327,CCc1onc(-c2c(F)cccc2C(F)(F)F)c1COc1ccc(/C=C/c2cccc(C(=O)O)c2)c(Cl)c1,4.586716651916504
CHEMBL344480,Oc1cc(O)cc(/C=C/c2ccc(O)c(CCF)c2)c1,4.353458881378174
CHEMBL111299,CC1=C(c2ccccc2)C(c2ccc(OCCN3CCCC3)cc2)Oc2ccccc21,4.547643184661865
CHEMBL357858,CNCCSC1=Cc2ccccc2Oc2ccc(F)cc21,6.094804763793945
CHEMBL309194,COc1ccc(C2=Cc3ccccc3C3=NCCN23)cc1,5.1041259765625
CHEMBL267240,COc1cccc(/C=C/c2ccc(S(N)(=O)=O)cc2)c1,5.171937942504883
CHEMBL156979,OCCN1CCN(CCCCOc2ccccc2/C=C/c2ccccc2)CC1,4.154364585876465
CHEMBL187654,CCCC/C(=C(\c1ccccc1)c1ccc(S(C)(=O)=O)cc1)c1ccc(OC(C)=O)cc1,5.2496795654296875
CHEMBL429769,CNCCSC1=Cc2ccccc2Sc2ccccc21,5.599183082580566
CHEMBL276424,CCCCCC(=O)c1cccc(/C=C\c2ccccc2)c1,5.545434474945068
CHEMBL436090,O=C(CCCN1CCN(CCc2ccccc2)CC1)NC1c2ccccc2C=Cc2ccccc21,4.488282680511475
CHEMBL371066,CN(C)c1ccc(/C=C/c2ccc(OCC3COC(C)(C)OC3)cc2)cc1,5.62363862991333
CHEMBL69408,CCC1=C(c2ccc(O)cc2)Cc2cc(O)ccc21,4.479520797729492
CHEMBL308006,Cc1ccc(/C(=C(\C#N)c2ccc(O)cc2)c2ccc(O)cc2)cc1,5.548559665679932
CHEMBL303987,N#C/C(=C(/c1ccccc1)c1ccc(O)cc1)c1ccccc1,6.259903430938721
CHEMBL73263,COc1cccc(/C=C(/C(=O)O)c2cc(OC)c(OC)c(OC)c2)c1,4.387631416320801
CHEMBL91258,CS(=O)(=O)c1ccc(C2=C(c3ccc(Cl)cc3Cl)CC3(CC3)C2)cc1,6.413360118865967
CHEMBL475539,C/C(=C\c1cc(O)cc(O)c1)c1ccc(Cl)cc1,4.288018703460693
CHEMBL163863,CN1CC=C(C2=Cc3ccccc3Oc3ccccc32)CC1,3.496933937072754
CHEMBL111321,NS(=O)(=O)c1ccc(C2=C(c3ccc(Cl)c(Cl)c3)CCC2)cc1,4.998413562774658
CHEMBL175920,COc1cc(/C=C\c2ccc3c(ccn3S(=O)(=O)c3ccccc3)c2)cc(OC)c1OC,5.969378471374512
CHEMBL176059,COc1cc(/C=C/c2ccc(N(C)C)c([N+](=O)[O-])c2)cc(OC)c1OC,4.826426029205322
CHEMBL177370,C(=C/c1ccc2ccccc2c1)\c1ccc2c(c1)-c1ccccc1C2,4.04782772064209
CHEMBL375478,O=C(O)/C(=C\c1c(O)ccc2ccccc12)c1ccccc1,5.006196975708008
CHEMBL229957,COc1ccc2c(c1)CCC(c1ccc(OC)c(OC)c1OC)=C2,3.5890676975250244
CHEMBL188335,COc1ccc(/C=C2\OC(=O)c3ccc(C(N)=O)cc32)cc1,3.873439311981201
CHEMBL366538,CC(=O)Oc1cccc(/C=C\c2ccc3ccccc3c2)c1,4.335173606872559
CHEMBL321160,COc1c(Cl)cc(C2=C(c3ccc(S(C)(=O)=O)cc3)CCC2)cc1Cl,5.044656753540039
CHEMBL187827,C[S+]([O-])c1ccc(/C=C2\OC(=O)c3ccccc32)cc1,4.523468017578125
CHEMBL72220,CC1c2ccccc2C=C(N2CCN(C)CC2)c2cc(Cl)ccc21,5.386310577392578
CHEMBL432454,O=C1c2ccc(OCCN3CCCCC3)cc2C(=O)C12C(c1ccc(O)cc1)=Cc1cc(O)ccc12,4.343859672546387
CHEMBL133117,CC1=CC(C)(C)Nc2ccc3c(c21)/C(=C/c1ccc(F)cc1)Oc1c(F)cccc1-3,5.556222915649414
CHEMBL175504,COc1cc(/C=C\c2ccc3c(ccn3C)c2)cc(OC)c1OC,3.8780994415283203
CHEMBL114677,O=C1c2ccccc2C(=Cc2cc(O)c(O)c(O)c2)c2ccccc21,5.27347993850708
CHEMBL378545,O=C1O/C(=C\c2ccc(Cl)cc2)c2c1cccc2[N+](=O)[O-],4.530284881591797
CHEMBL112852,CC(C)NC(=O)c1cc(/C=C/c2cccc(Cl)c2)ccc1-c1ccc(Cl)cc1,5.273378849029541
CHEMBL147843,COc1ccc(/C=C(\C=O)c2ccc(OC)cc2)cc1,4.048777103424072
CHEMBL327575,CNCCCCCCC1C(c2ccc(O)cc2)=C(C)c2cc(O)ccc21,4.860610008239746
CHEMBL176130,COc1cc(/C=C/c2ccc3ccccc3c2)cc(NC(C)=O)c1OC,6.325218200683594
CHEMBL96730,COc1ccc(C#N)c(/C=C(/C(=O)O)c2ccccc2)c1,5.72706413269043
CHEMBL424468,CN(C)/C(=C1\C(=O)N(c2cccc(Cl)c2)c2ccccc21)c1ccccc1,5.318325996398926
CHEMBL157252,CN(C)CCCCOc1ccccc1/C=C/c1cccc(Cl)c1,4.932196617126465
CHEMBL415470,C#Cc1ccc(/C(=C(\CC)c2ccccc2)c2ccc(OCCN3CCCC3)cc2)cc1,5.249517917633057
CHEMBL91350,CC1c2ccccc2C=C(C2=CCN(C)CC2)c2ccccc21,4.393047332763672
CHEMBL28145,CC/C(=C(\c1ccccc1)c1ccc(OCCN2CCN(C)CC2)cc1)c1ccccc1,4.919649124145508
CHEMBL288288,COc1ccc(/C=C\c2cc(OC)c(OC)c(OC)c2)cc1OP(=O)(O)OC1CCCCC1.N,5.3230156898498535
CHEMBL298762,CS(=O)(=O)c1ccc(C2=C(c3ccccc3)C(=O)N(c3ccccc3F)C2)cc1,4.80103874206543
CHEMBL489673,O=C([O-])CCC(O)c1ccc(/C=C/c2ccccc2)cc1.[Li+],4.015398025512695
CHEMBL192614,CC1(C)CCC(C)(C)c2cc(/C=C\c3ccc(C(=O)O)cc3)ccc21,7.199586868286133
CHEMBL475134,COc1ccc(/C(C)=C/c2ccc3ccccc3c2)cc1,4.939603805541992
CHEMBL220071,CCc1cccc2c1CNc1c(cccc1CCc1ccccc1)/C=C\2COc1cccc(C(=O)OC)c1,3.9094996452331543
CHEMBL340686,Oc1ccc(/C=C2\C=C(CCN3CCOCC3)c3ccccc32)c2ccccc12,4.921811103820801
CHEMBL374394,O=[N+]([O-])c1ccc(/C=C\c2ccc3c(c2)no[n+]3[O-])cc1,3.9547460079193115
CHEMBL114423,O=C1c2ccccc2C(=Cc2ccc(OCc3ccccc3)cc2)c2ccccc21,5.115591526031494
CHEMBL6547,CC/C(=C(\c1ccc(I)cc1)c1ccc(OCCCCCCCCCCN2CCCC2)cc1)c1ccccc1,5.3970561027526855
CHEMBL395582,O=C(O)c1cccc(C2=C(c3ccccc3OCc3ccccc3)CCC2)c1,5.600456237792969
CHEMBL249484,COc1ccc(C2=C(c3ccc(OC)cc3)C(=O)N3CCCC3C2)cc1,4.595407962799072
CHEMBL547500,CCCCN(CCCC)CCC(O)C(=Cc1ccc(Cl)cc1Cl)c1ccc(C(F)(F)F)cc1N,4.4620161056518555
CHEMBL167123,CCC1(C)OC(c2ccc(S(C)(=O)=O)cc2)=C(c2cccc(OC)c2)C1=O,6.321323394775391
CHEMBL94082,Nc1ccc(OCc2ccsc2)cc1/C=C(/C(=O)O)c1ccccc1F,5.359633922576904
CHEMBL175686,CCCCCCC(=C(c1ccccc1)c1ccccc1)c1ccc(S(=O)(=O)OC)cc1,6.135886192321777
CHEMBL295497,C[S+]([O-])c1ccc(C2=C(c3cc(F)cc(F)c3)C(=O)C(C)(C)O2)cc1,6.434082984924316
CHEMBL195550,CS(=O)(=O)c1ccc(C2=C(c3ccccc3)S(=O)OC2)cc1,5.761897087097168
CHEMBL112516,CNC(=O)c1cc(/C=C/c2ccc(OCc3ccccc3)c(OCc3ccccc3)c2)ccc1-c1ccc(Cl)cc1,5.668893814086914
CHEMBL366274,c1ccc(C2=C(c3ccc(OCCN4CCOCC4)cc3)c3ccccc3OCC2)cc1,5.011117935180664
CHEMBL191804,O=C1Oc2ccccc2/C1=C\c1ccccc1,4.751626014709473
CHEMBL215717,COc1ccc(/C=C/c2ccccc2Cl)cc1,4.843540668487549
CHEMBL219064,O=C1c2ccccc2/C(=C/c2ccccc2)c2sccc21,4.584790229797363
CHEMBL523368,CC(C)c1onc(COc2cc(Cl)cc(Cl)c2)c1COc1ccc(/C=C/c2cccc(C(=O)O)c2)c(Cl)c1,3.860935688018799
CHEMBL80047,CS(=O)(=O)c1ccc(C2=C(c3ccc(F)cc3)c3ccccc3C2)cc1,5.364296913146973
CHEMBL494195,CC(C)c1onc(COc2cccc(Cl)c2Cl)c1COc1ccc(/C=C/c2cccc(C(=O)O)c2)c(Cl)c1,4.774291038513184
CHEMBL98116,Oc1ccc2c(c1)CCC(c1ccccc1)=C2c1ccc(OCCN2CCCC2)cc1,4.837347984313965
CHEMBL34709,Oc1ccc(C=C(c2ccc(O)cc2)c2ccc(O)cc2)cc1,3.746581554412842
CHEMBL276226,CC/C(=C(/c1ccccc1)c1cccc(OC(C)=O)c1)c1cccc(OC(C)=O)c1,5.274270534515381
CHEMBL298888,C[S+]([O-])c1ccc(C2=C(c3cccc(Cl)c3)C(=O)C(C)(C)O2)cc1,6.517216682434082
CHEMBL363849,Fc1ccc2c(c1)CC/C2=C/c1cccc2cnccc12,5.084888935089111
CHEMBL225476,CS(=O)(=O)Nc1ccc(C2=C(c3ccc(Br)cc3)C(=O)OC2)cc1,5.832183837890625
CHEMBL374082,COc1ccc(C2=C(c3cc(OC)c(OC)c(OC)c3)C(=O)C(O[SiH2]C(C)(C)C)C2)cc1OC(C)C,6.926432132720947
CHEMBL190129,CCOC(=O)/C(=C(\COC(=O)C[C@H](N)C(=O)O)c1ccc(S(C)(=O)=O)cc1)c1ccc(F)c(F)c1,4.842649459838867
CHEMBL191976,CCOC(=O)[C@H](N)COC(=O)/C(=C(\COC(C)=O)c1ccc(S(C)(=O)=O)cc1)c1ccc(F)c(F)c1,4.786283016204834
CHEMBL206049,COc1cc(/C=C/c2ccccc2O)cc(OC)c1,4.980949401855469
CHEMBL218307,CCc1cccc2c1CNc1c(cccc1CCc1ccccc1)/C=C\2COc1cccc(OC)c1,4.038939476013184
CHEMBL192739,CCOc1cc(/C=C\c2ccc(OC)c(O)c2)cc(OCC)c1OCC,4.821436882019043
CHEMBL118838,CN1c2cc(Cl)ccc2C=C2c3ccccc3NC21,5.9005889892578125
CHEMBL114428,O=C1c2ccccc2C(=Cc2ccc([N+](=O)[O-])cc2)c2ccccc21,4.990560054779053
CHEMBL100016,Oc1cccc(/C=C/c2cccc(O)c2)c1,4.120966911315918
CHEMBL385774,COc1ccc(C2=C(c3ccc(O)cc3)C3CC(S(=O)(=O)c4ccccc4)C2O3)cc1,4.720364570617676
CHEMBL217259,O=C(O)c1ccc2c(c1)C1CCCOc3ccccc3C1=C2C1CCCCC1,4.423147201538086
CHEMBL386024,CCCCCCCCCCCCCC(=O)OCC1(C)[C@H]2[C@@H]3C=C(CO)C[C@]4(O)C(=O)C(C)=C[C@H]4[C@@]3(O)[C@H](C)[C@@H](O)[C@]21OC(C)=O.COC(=O)c1ccc(/C=C(\C)c2ccc3c(c2)C(C)(C)CS3)cc1,6.020105361938477
CHEMBL419721,CCc1onc(-c2ccccc2OC(F)(F)F)c1COc1ccc(/C=C/c2cccc(C(=O)O)c2)c(Cl)c1,4.497308254241943
CHEMBL432844,CC/C(=C(\c1ccccc1)c1ccc(OC(C)=O)c(OC(C)=O)c1)c1ccc(OC(C)=O)cc1,5.279073715209961
CHEMBL207244,COc1cc(/C=C/c2cccc(OC)c2O)cc(OC)c1,4.854884147644043
CHEMBL22162,O=C1/C(=C/c2ccccc2)c2ccccc2N1CCCN1CCN(c2cccc(Cl)c2)CC1,4.484708309173584
CHEMBL87118,CC1=C(c2ccc(O)cc2)C(CCCCN2CCCC2)c2ccc(O)cc21,3.7416539192199707
CHEMBL41069,CC/C(=C(\c1ccccc1)c1ccc(/C=C/C(=O)N(CC)CC)cc1)c1ccccc1,5.095462799072266
CHEMBL206680,Oc1ccc2c(c1)OC(c1ccc(OCCN3CCCCCC3)cc1)C1=C2COc2cc(O)ccc21,3.6929643154144287
CHEMBL381416,O=C1Nc2cc(O)ccc2/C1=C\c1ccc(O)cc1,4.221057891845703
CHEMBL199051,O=c1cc(N2CCOCC2)oc2cc(/C=C/c3ccc(Cl)cc3)ccc12,3.5492491722106934
CHEMBL376583,COc1ccccc1C1=Cc2ccccc2C1,4.489567756652832
CHEMBL315853,COc1ccc(/C=C\c2cc(O)cc(OC)c2)cc1,4.399177074432373
CHEMBL112192,COc1ccc(C=C2c3ccccc3C(=O)c3ccccc32)c(OC)c1O,5.23870325088501
CHEMBL18929,C(=C(\c1ccccc1)C1CCN(CCCCc2ccccc2)CC1)\c1ccccc1,3.8958797454833984
CHEMBL285197,CCC/C(=C(/CCC)c1cccc(OC(C)=O)c1)c1cccc(OC(C)=O)c1,4.359757423400879
CHEMBL288936,CCOC(=O)c1ccc(/C=C/c2ccc3c(c2)C2CCC3C2)cc1,4.74738883972168
CHEMBL57358,Cc1cc(/C=C/c2ccc(F)cc2)cc(C)c1O,3.9589641094207764
CHEMBL84470,CCC[C@@H]1Cc2cc(O)ccc2C2=C1c1ccc(O)cc1C[C@H]2CCC,3.2543599605560303
CHEMBL432556,C1=C(c2cccc3ccccc23)N2CCN=C2c2ccccc21,4.711830139160156
CHEMBL297431,COc1ccc(C2=C(c3ccc(SC)cc3)CC3CCCN3C2=O)cc1OC,4.821882247924805
CHEMBL466227,Cc1cccc(Cl)c1OCc1noc(C(C)C)c1COc1ccc(/C=C/c2cccc(C(=O)O)c2)c(Cl)c1,4.4664435386657715
CHEMBL348449,C/C(=C\c1ccc(C(=O)O)cc1)c1ccc(O)c(C(C)(C)C)c1,6.33528995513916
CHEMBL514409,CCS(=O)(=O)Nc1ccc2c(c1)/C(=C(/Nc1ccc(CN3CCCCC3)cc1)c1ccccc1)C(=O)N2,5.36814022064209
CHEMBL321855,O=C1Nc2ccc(C(=O)c3cccs3)cc2/C1=C/c1ccccc1,5.535411834716797
CHEMBL500169,CC(=O)c1ccc2c(c1)NC(=O)/C2=C(\Nc1ccc(CN2CCCCC2)cc1)c1ccccc1,5.00003719329834
CHEMBL56551,CCc1ccc(/C=C/c2cc(C)c(O)c(C)c2)cc1,4.38162088394165
CHEMBL78775,COc1ccc(/C=C(/C(N)=O)c2ccc(OC)cc2)cc1,4.715041160583496
CHEMBL513828,CC[C@H](C)c1onc(-c2c(Cl)cccc2Cl)c1COc1ccc(/C=C/c2cccc(C(=O)O)c2)c(Cl)c1,4.71415901184082
CHEMBL513475,CC(C)c1onc(COC(C)(C)C)c1COc1ccc(/C=C/c2cccc(C(=O)O)c2)c(Cl)c1,5.990240573883057
CHEMBL429614,CC(C)(C)c1ccc(C2=Cc3ccc(N)cc3C3=NCCCN23)cc1,6.107644081115723
CHEMBL274893,CS(=O)(=O)c1ccc(C2=C(c3ccc(F)cc3)CCC2)cc1,5.702877998352051
CHEMBL276867,CC1(C)CCC(C)(C)c2cc3c(cc21)CC/C3=C\c1ccc(C(=O)O)cc1,6.778529167175293
CHEMBL36775,COc1ccc(/C=C\c2cc(OC)c(OC)c(OC)c2)cc1OP(=O)(OC)OC,5.867341041564941
CHEMBL294051,N#C/C(=C(/c1ccccc1)c1ccc(O)cc1)c1ccc(O)cc1,6.251339912414551
CHEMBL276655,CCC(=C(c1cccc(OC(C)=O)c1)c1cccc(OC(C)=O)c1)c1ccccc1,4.907412528991699
CHEMBL89505,CC(C)(C)c1cc(/C=C2\C(=O)Nc3ccccc32)cc(C(C)(C)C)c1O,6.734726905822754
CHEMBL421537,CC/C(=C(\c1ccc(OCCN(C)C)cc1)c1ccc(SC)cc1)c1ccccc1,4.859226226806641
CHEMBL418950,Cc1ccccc1C1=C(c2ccccc2)Cc2cc(O)ccc21,4.448547840118408
CHEMBL417580,CC/C(=C(\c1ccccc1)c1ccc(OC(C)=O)cc1)c1cccc(OC(C)=O)c1,5.340095520019531
CHEMBL90094,Cc1ccccc1/C(=C\c1cc(OCc2ccsc2)ccc1Br)C(=O)O,4.829551696777344
CHEMBL98193,CN1CC(c2ccc(S(C)(=O)=O)cc2)=C(c2ccccc2)O1,4.093327522277832
CHEMBL192841,COc1ccc(/C=C\c2cc(OC)c(OC)c(OC)c2)cc1OCCCO,5.1314544677734375
CHEMBL26865,Oc1ccc(C2=C(c3ccc(O)cc3)c3ccc(O)cc3C2)cc1,4.3740339279174805
CHEMBL198674,CC(C)c1cc(-c2cccc(/C=C(/c3ccc(C(C)(C)O)cc3)c3ccc(S(C)(=O)=O)cc3)c2)c2ncccc2c1,6.199775218963623
CHEMBL350217,COc1ccc2c(c1)OC(C)(C)C(c1ccc(O)cc1)=C2c1ccccc1,6.478734016418457
CHEMBL190498,CC(=O)OC/C(=C(\C(=O)OCC[N+](C)(C)C)c1cccc(F)c1)c1ccc(S(C)(=O)=O)cc1.[Br-],7.849569320678711
CHEMBL308234,CC1=C(c2ccc(OC(=O)C(C)(C)C)cc2)[C@H](c2ccc(OCCN3CCCCC3)cc2)Oc2cc(OC(=O)C(C)(C)C)ccc21,4.822596073150635
CHEMBL28380,CC/C(=C(\c1ccccc1)c1ccc(OCCN(CC)CC)cc1)c1ccccc1,4.891665458679199
CHEMBL394377,COc1cccc(/C=C/c2cccc(C(=O)Nc3cc(C(=O)Nc4nc(C(=O)NCCCN(C)C)c(CCC(C)C)s4)n(C)c3)c2)c1,4.6475982666015625
CHEMBL263212,C=CCOc1ccc2c(c1)CCc1ccccc1/C(CC)=C\2c1ccc(O)cc1,5.489195823669434
CHEMBL34464,COC(=O)c1ccc(/C=C(\C)c2ccc3c(c2)C(C)(C)CCO3)cc1,6.836620330810547
CHEMBL14560,C=CCOc1ccc2c(c1)Sc1ccccc1C(CC)=C2c1ccccc1,5.405180931091309
CHEMBL443634,C=CCOc1cc(/C=C\c2ccc(OC)c(N)c2)cc(OC)c1.Cl,4.457256317138672
CHEMBL238576,Cc1cc(NC(=O)CCl)sc1-c1nnc2n1NC(c1ccccc1)=C(c1ccccc1)S2,5.038562774658203
CHEMBL85065,COc1cc(/C=C\c2ccc3ccccc3c2)cc(OC)c1OC,5.310968399047852
CHEMBL223784,COCOc1cc(C2=C(c3cc(OC)c(OC)c(OC)c3)C(=O)CC2O[SiH2]C(C)(C)C)ccc1OC,7.283626556396484
CHEMBL267035,CC/C(=C(\c1ccc(I)cc1)c1ccc(OCCCCN2CCCC2)cc1)c1ccccc1,4.950833320617676
CHEMBL447389,COc1cc(/C=C\c2cc(O)c3ccsc3c2)cc(OC)c1,4.6232805252075195
CHEMBL117087,Cc1ccc(/C=C\c2cccc(C(F)(F)P(=O)(O)O)c2)cc1.N.N,5.437673568725586
CHEMBL388655,O=C(O)c1cccc(C2=C(c3ccccc3OCc3ccc(Cl)cc3F)CCC2)c1,5.308218002319336
CHEMBL87209,COc1cc(/C=C\c2ccc(OC(C)=O)cc2)cc(OC)c1OC,4.097170352935791
CHEMBL259003,COc1cc(/C=C/c2ccc(OP(=O)(O)O)cc2)cc(OC)c1,5.522329330444336
CHEMBL221212,COc1ccc(/C=C2\CC(c3ccc(OCCN(C)C)cc3)Oc3cc(OC)ccc32)cc1,3.7769768238067627
CHEMBL14898,CC/C1=C(\c2ccccc2)c2ccc(OCC(O)CO)cc2CCc2ccccc21,5.086498737335205
CHEMBL89025,C/C(=C/c1cccc(C(=O)O)c1)c1ccc2c(c1)C(C)(C)CCC2(C)C,6.491053581237793
CHEMBL23175,CS(=O)(=O)c1ccc(C2=C(c3ccc(Cl)c(F)c3)C(=O)CC2)cc1,4.589709281921387
CHEMBL7821,CN1CCN(C2=Cc3ccccc3Cc3ccccc32)CC1,3.3031864166259766
CHEMBL68236,CCN(CC)CCOc1ccc(C(=C(C#N)c2ccccc2)c2ccc(OCCN(CC)CC)cc2)cc1,5.264830589294434
CHEMBL307507,COc1ccc(/C=C\c2cc(OC)c(O[Si](C)(C)C(C)(C)C)c(OC)c2)cc1,7.089428901672363
CHEMBL73470,O=C1Nc2ccc(-c3ccccc3)cc2/C1=C/c1cc(Cl)c(O)c(Cl)c1,5.278770446777344
CHEMBL44683,O=C(NCCc1ccc(F)cc1)c1cc(/C=C/c2cc(O)ccc2O)ccc1O,4.395772933959961
CHEMBL449395,COc1cc(CCc2ccc(C3=Cc4ccccc4C4=NCCN34)cc2)cc(OC)c1OC,5.005011558532715
CHEMBL147745,O=C(/C(=C\c1ccccc1)c1ccc(O)cc1)c1ccc(O)cc1,5.879985809326172
CHEMBL1602,CC/C(=C(/CC)c1ccc(OS(=O)(=O)O)cc1)c1ccc(OS(=O)(=O)O)cc1,5.2367401123046875
CHEMBL36113,O=c1cc(-c2nn[nH]n2)oc2cc(/C=C/c3cccc(OCc4ccc5ccccc5n4)c3)ccc12,3.858424663543701
CHEMBL314021,CN1C(=O)/C(=C\c2ccc(Br)cc2)c2ccccc21,5.022921085357666
CHEMBL360195,N=C(N)c1ccc2cc(/C=C/c3ccccc3)cc(-c3ccoc3)c2c1,5.097899436950684
CHEMBL462652,COc1cc(/C=C\c2ccc(OC)c(NC(=O)OCCN3CCOCC3)c2)cc(OC)c1.O=C(O)C(=O)O,4.846851825714111
CHEMBL454376,COc1cc(/C=C\c2ccc(OC)c(NC(=O)OCCN3CCOCC3)c2)cc(OC)c1,4.564645767211914
CHEMBL274224,CC/C1=C(\c2ccccc2)c2ccc(OCCN(C)C)cc2SCc2ccccc21,4.595890045166016
CHEMBL207362,CC(C)(C)C(=O)Oc1ccc2c(c1)O[C@H](c1ccc(OCCN3CCCCC3)cc1)C1=C2COc2cc(OC(=O)C(C)(C)C)ccc21,4.694797515869141
CHEMBL111562,COc1ccc(C2=C(c3ccc(S(N)(=O)=O)cc3)CCC2)cc1,5.759555816650391
CHEMBL108201,COc1ccc(C2=C(c3ccc(S(C)(=O)=O)cc3)CCC2)cc1,5.782017707824707
CHEMBL344493,CCN(CC)CCSC1=Cc2ccccc2Oc2ccccc21,3.929565906524658
CHEMBL361539,COc1cc(/C=C\c2ccc3ccccc3c2)cc(N)c1OC,5.167937278747559
CHEMBL139468,CC1=CC(C)(C)Nc2ccc3c(c21)/C(=C/c1ccc(C)cc1)Oc1ccccc1-3,5.797760963439941
CHEMBL84671,CC/C(=C(\c1ccc(OCCN(C)C)cc1)c1ccc(S(C)(=O)=O)cc1)c1ccccc1,4.789648532867432
CHEMBL461734,COc1cc(/C=C/c2cc(Br)c(O)c(C(=O)O)c2)ccc1/C=C/c1cc(Br)c(O)c(C(=O)O)c1,4.693220138549805
CHEMBL445194,COc1cc(/C=C/c2cc(C(=O)O)c(O)c(-c3ccco3)c2)ccc1/C=C/c1cc(C(=O)O)c(O)c(-c2ccco2)c1,4.979813575744629
CHEMBL442167,Cc1cc(/C=C/c2cccc(C(=O)O)c2)cc(C)c1O,4.309354782104492
CHEMBL383372,CCC1=C(c2ccc(O)cc2)C(C(=O)Nc2ccc(OCCN3CCCCC3)cc2)c2cc(O)ccc21,4.326769828796387
CHEMBL109578,CS(=O)(=O)c1ccc(C2=C(c3ccc(CO)cc3)CCC2)cc1,5.862424373626709
CHEMBL347130,CC(C)CCOc1ccc(C(=C(C#N)c2ccccc2)c2ccc(OCCC(C)C)cc2)cc1,5.898464679718018
CHEMBL74103,CCCOc1ccc(/C=C/c2cc(OC)c(OC)c(OC)c2)cc1,4.8325276374816895
CHEMBL497049,COC(=O)c1ccc2c(c1)NC(=O)/C2=C(\Nc1ccc(CN2CCCCC2)cc1)c1ccccc1,4.770471572875977
CHEMBL280654,O=CC(Cc1ccccc1)NC(=O)c1ccccc1/C=C/c1ccc2ccccc2c1,5.0292510986328125
CHEMBL461243,COc1cc(/C=C/c2ccc(NC(=O)CCCNP(=O)(OC(C)C)OC(C)C)cc2)cc(OC)c1,6.210538387298584
CHEMBL361848,CS(=O)(=O)c1ccc(C=C(c2ccc(Cl)cc2)c2ccc(Cl)cc2)cc1,5.718348979949951
CHEMBL221300,COc1cc(/C=C\c2ccc(OC)cc2OC)cc(OC)c1,4.127285003662109
CHEMBL162404,COc1ccc(C2=C(c3cc(OC)c(OC)c(OC)c3)C(=O)OC2)cc1[N+](=O)[O-],3.8635082244873047
CHEMBL461451,Oc1ccc2c(c1)CCc1ccc(O)c(c1)-c1cc(ccc1O)/C=C\c1cccc(c1)O2,4.485974311828613
CHEMBL67,COc1ccc(/C=C\c2cc(OC)c(OC)c(OC)c2)cc1O,4.546146392822266
CHEMBL458720,CC(C)OP(=O)(NCCC(=O)Nc1ccc(/C=C/c2ccccc2)cc1)OC(C)C,5.848574638366699
CHEMBL455405,COc1cc(/C=C\c2ccc(OC)c(NC(=O)OCCOCCOCCO)c2)cc(OC)c1,5.475764751434326
CHEMBL450905,C/C(=C\c1ccc(O)c(O)c1)c1ccc(Cl)cc1,4.454899787902832
CHEMBL465002,COc1ccc(/C=C\c2cc(O)c(OC)c(OC)c2)cc1N.Cl,4.447511672973633
CHEMBL464942,COc1ccc(/C=C\c2cc(O)c(OC)c(OC)c2)cc1N,4.325145244598389
CHEMBL156859,CCOC1CCCN(CCCCOc2ccccc2/C=C/c2ccccc2)C1,4.207975387573242
CHEMBL381642,CNc1ccc(/C=C/c2ccc(O)cc2)cc1,4.08416223526001
CHEMBL102711,COc1cc(/C(C#N)=C\c2ccc(Cl)c(N)c2)cc(OC)c1OC,5.0744218826293945
CHEMBL440089,CC/C(=C(/Cc1ccc(OCN2CCCCC2)cc1)c1ccccc1)c1ccccc1,4.500994682312012
CHEMBL582136,CS(=O)(=O)c1ccc2c(c1)CCN(CCC1CCC(NC(=O)C(=Cc3cccc(C#N)c3)c3ccc(-c4ccccc4)cc3)CC1)CC2,5.15592098236084
CHEMBL581949,CN(C)S(=O)(=O)c1ccc(N2C(=O)C3C(C2=O)C2(c4ccccc4)C(=O)C3(c3ccccc3)C(c3ccccc3)=C2c2ccccc2)cc1,5.447791576385498
CHEMBL446319,CC(C)(O)[C@H](O)Cc1cc(/C=C/c2cc(O)cc(O)c2)ccc1O,4.974108695983887
CHEMBL503576,O=C1OC(O)C(c2cccc(-c3ccc(Oc4ccccc4)cc3)c2)=C1c1cccc(-c2ccc(Oc3ccccc3)cc2)c1,5.296193599700928
CHEMBL165573,NCCCCCNCCOc1ccc(/C(=C(/Cl)c2ccccc2)c2ccccc2)cc1,6.342904567718506
CHEMBL468714,CC(C)c1onc(C[S+]([O-])c2c(Cl)cccc2Cl)c1COc1ccc(/C=C/c2cccc(C(=O)O)c2)c(Cl)c1,4.645056247711182
CHEMBL10035,CC(C)(C)c1ccc(C2=Cc3ccccc3C3=NCCCN23)cc1,6.564916133880615
CHEMBL14711,CCC1=C(c2ccc(O)cc2)c2ccc(OCCN(C)C)cc2Sc2ccccc21,4.879908084869385
CHEMBL312636,CC[C@H]1Cc2cc(O)ccc2C2=C1c1ccc(O)cc1C[C@@H]2CC,3.2942605018615723
CHEMBL256283,COc1cc(N)c(/C=C\c2cc(OC)c(OC)c(OC)c2)cc1[N+](=O)[O-],4.612200736999512
CHEMBL83314,COc1cc(/C=C/c2ccccc2)c(OC)cc1N,4.869297027587891
CHEMBL261054,CS(=O)(=O)c1ccc(/C=C(/C(=O)OCCO[N+](=O)[O-])c2ccc(F)cc2)cc1,5.559442520141602
CHEMBL63922,N#C/C(=C(\c1ccccc1)c1ccc(O)cc1)c1ccc(O)cc1,6.251339912414551
CHEMBL518114,COc1ccc(/C=C2/C(=O)N(C)c3ccccc32)cc1O,5.077239990234375
CHEMBL145576,CC1=C(c2ccc(O)cc2)C2(Cc3ccccc3C2)c2ccc(O)cc21,4.867474555969238
CHEMBL478474,O=C1Nc2ccccc2/C1=C1\C(=O)Nc2cc(C(F)(F)F)ccc21,5.883166313171387
CHEMBL468303,CC(C)c1onc(Cc2ccccc2)c1COc1ccc(/C=C/c2cccc(C(=O)O)c2)c(Cl)c1,4.379398345947266
CHEMBL467053,CC(C)c1onc(COc2c(Cl)cc(F)cc2Cl)c1COc1ccc(/C=C/c2cccc(C(=O)O)c2)c(Cl)c1,3.578486919403076
CHEMBL442778,CCN(C)CCSC1=Cc2ccccc2Oc2ccc(SC)cc21,4.1763153076171875
CHEMBL450560,O=C(O)c1cc(/C=C/c2ccccc2)cc(-c2ccccc2)c1O,5.457981586456299
CHEMBL462055,COc1cc(/C=C\c2cc(O)c3ccsc3c2)cc2c1OCO2,4.018890380859375
CHEMBL159665,COc1ccc(C2=C(c3cc(OC)c(OC)c(OC)c3)C(=O)OC2)cc1O,4.186923027038574
CHEMBL308044,COc1ccc(/C(=C\c2cc(OC)c(OC)c(OC)c2)C(=O)O)cc1,4.461922645568848
CHEMBL187384,CCCCCCCC/C(=C(\c1ccccc1)c1ccc(S(C)(=O)=O)cc1)c1ccccc1,6.152985572814941
CHEMBL191841,CSC1=C(c2ccc(O)cc2)C(=O)c2cc(O)ccc21,5.1417670249938965
CHEMBL479106,Cc1ccccc1/C=C1/C(=O)Nc2ccccc21,5.348128795623779
CHEMBL193067,COc1ccc(OC)c(/C=C2/C(=O)Nc3ccccc32)c1,5.4047369956970215
CHEMBL318457,CC(C)c1onc(-c2c(Cl)cccc2Cl)c1COc1ccc(/C=C/c2cccc(C(=O)O)c2)c(Cl)c1,4.641111373901367
CHEMBL319326,CN1CC(c2ccc(F)cc2)=C(c2ccccc2)O1,4.4638566970825195
CHEMBL269472,CC/C(=C(\c1ccc(I)cc1)c1ccc(OCCCN2CCCC2)cc1)c1ccccc1,4.90770149230957
CHEMBL399481,COc1ccc(C(CCc2ccc(O)cc2OC)c2c(O)cc(OC)cc2/C=C/c2ccc(O)cc2)cc1,4.71366024017334
CHEMBL277605,CCC1=C(c2ccccc2)c2ccc(OCC(O)CO)cc2Sc2ccccc21,4.914773941040039
CHEMBL42192,CN(C)c1ccc(C(=C(c2ccc(N(C)C)cc2)c2ccc(N(C)C)cc2)c2ccc(N(C)C)cc2)cc1,3.962514877319336
CHEMBL15607,CN(C)CCSC1=Cc2ccccc2Sc2ccc(F)cc21,4.883180618286133
CHEMBL237172,COc1cccc(/C=C/c2ccc(C(=O)Nc3cc(C(=O)Nc4cc(C(=O)NCCCN(C)C)n(C)c4)n(C)c3)cc2)c1,4.439258575439453
CHEMBL72179,O=C1Nc2ccc(C(=O)CCl)cc2/C1=C/c1cc(Br)c(O)c(Br)c1,4.297679424285889
CHEMBL163404,COc1ccccc1/C=C1/C(C)=C(CC(=O)O)c2cc(F)ccc21,4.656505107879639
CHEMBL297626,CC1(C)OC(c2ccc(S(C)(=O)=O)cc2)=C(c2cccc(Cl)c2)C1=O,6.499639987945557
CHEMBL214101,O=C1OCC(c2ccc(-c3nn[nH]n3)cc2)=C1c1ccccc1,4.5032734870910645
CHEMBL356064,C1=C(SCCNCCc2ccccc2)c2ccccc2Oc2ccccc21,4.943966865539551
CHEMBL471626,Oc1ccc(C2=C(c3ccc(OCCN4CCCC4)cc3)c3ccc(F)cc3OCC2)cc1,3.8504064083099365
CHEMBL315541,COc1cccc(/C=C\c2cc(OC)c(OC)c(OC)c2)c1,4.689009666442871
CHEMBL268756,CC(C(=O)O)c1ccc2c(c1)C=Cc1ccccc1O2,4.852330207824707
CHEMBL167352,CCOC(Cc1ccc(OCCN2c3ccccc3C=Cc3ccccc32)cc1)C(=O)O,4.733163833618164
CHEMBL76124,O=C(O)c1cc(C(=O)O)c2cc(/C=C/c3ccccc3)ccc2n1,5.211284637451172
CHEMBL180532,COc1ccccc1/C=C/c1cccc(O)c1,4.932148456573486
CHEMBL469574,CCCN1CC(c2ccc(S(C)(=O)=O)cc2)=C(c2ccc(C(=O)O)cc2)C1=O,4.968689918518066
CHEMBL190807,Nc1nc(N)c2nc(CN3c4ccccc4C=Cc4c(C#CCC(=O)O)cccc43)cnc2n1,3.8514046669006348
CHEMBL189541,NC1=C(c2ccc(O)cc2)C(=O)c2cc(O)ccc21,3.9303488731384277
CHEMBL517806,COc1ccc(/C=C2/C(=O)Nc3ccccc32)cc1O,5.248905658721924
CHEMBL515514,CC(C)OP(=O)(N[C@@H](Cc1ccccc1)C(=O)Nc1ccc(/C=C/c2ccccc2)cc1)OC(C)C,6.173557758331299
CHEMBL190972,CN(C)CCOc1ccc(C2=C(c3ccccc3)CCOc3ccccc32)cc1,4.688055992126465
CHEMBL371414,COC(=O)/C=C/c1cccc(N(Cc2ccc(/C=C/c3cccc(Cl)c3)cc2)C(=O)C2CCCCC2)c1,4.404169082641602
CHEMBL201309,CN(C)CCC/C(=C(\c1ccc(O)cc1)c1ccc(OCCN(C)C)cc1)c1ccccc1,4.634957313537598
CHEMBL23063,CN(C)CCOc1ccc(C2=C(c3ccccc3)CCCc3ccccc32)cc1,4.670780658721924
CHEMBL189369,Nc1nc(N)c2nc(CN3c4ccccc4C=Cc4c(C#CCCC(=O)O)cccc43)cnc2n1,3.9238264560699463
CHEMBL471086,CC(C)=CCc1c(O)cc(O)c(CC=C(C)C)c1/C=C/c1ccccc1,4.658890724182129
CHEMBL179716,C(=C\c1cccc2ccccc12)\c1ccc2ccccc2c1,4.0810394287109375
CHEMBL91411,C/C(=C\c1ccccc1C(=O)O)c1ccc2c(c1)C(C)(C)CCC2(C)C,6.654787063598633
CHEMBL222406,COc1ccc(C2=C(c3cc(OC)c(OC)c(OC)c3)/C(=N\O)C(OC(C)=O)C2)cc1,4.58076286315918
CHEMBL360461,COc1ccc(/C=C2\Cc3ccccc3/C(=C\c3ccc([N+](=O)[O-])cc3)C2=O)cc1,5.642681121826172
CHEMBL1402,CN(C)CCOc1ccc(/C(=C(/CCCl)c2ccccc2)c2ccc(O)cc2)cc1,4.99680233001709
CHEMBL296951,COc1ccc(/C(=C(/c2ccccc2)[N+](=O)[O-])c2ccc(OCCN3CCCC3=O)cc2)cc1,4.857789993286133
CHEMBL150757,COc1ccc(/C=C\c2cc(OC)c3c(c2)OCO3)cc1NC(=O)C(N)C(C)C,4.869824409484863
CHEMBL244944,COc1ccc(/C=C\c2ccc(OC)c(O)c2)cc1,4.123374938964844
CHEMBL302362,CC1=CC(C)(C)Nc2ccc3c(c21)/C(=C/c1ccccc1C)Oc1ccccc1-3,5.836582183837891
CHEMBL483118,COC(=O)CCCCCOc1ccc(/C=C/c2cc(O)cc(O)c2)cc1,4.162363529205322
CHEMBL26827,CC/C(=C(\c1ccccc1)c1ccc(OCCN2CCCC2)cc1)c1ccccc1,4.927483558654785
CHEMBL76176,O=C(O)c1cc(C(=O)O)c2c(/C=C/c3ccccc3)cccc2n1,4.836303234100342
CHEMBL310397,Nc1nc(N)c2nc(CN3c4ccccc4C=Cc4cc(OCC(=O)O)ccc43)cnc2n1,4.161369323730469
CHEMBL79089,CC(C)(C)c1ccc(C2=Cc3ccccc3C3=NCCN23)cc1,6.122176170349121
CHEMBL214972,O=C1CCC2(Cc3ccccc3)Cc3cc(O)ccc3C2=C1c1ccc(O)cc1,5.977792739868164
CHEMBL516888,COc1cccc(/C=C2/C(=O)N(C)c3ccccc32)c1,4.944045543670654
CHEMBL471285,CC1(C)Oc2cc(/C=C/c3ccccc3)cc(O)c2C[C@@H]1O,5.624792575836182
CHEMBL146646,O=C(O)c1ccc(/C=C/c2ccc(O)c(C34CC5CC(CC(C5)C3)C4)c2)cc1,5.514030456542969
CHEMBL375356,COC(=O)c1cc(C2=C(c3cc(OC)c(OC)c(OC)c3)C(=O)CC2O[SiH2]C(C)(C)C)ccc1OC,6.810924530029297
CHEMBL476410,O=C1Nc2ccccc2/C1=C1\C(=O)Nc2cc(Cl)ccc21,5.621999740600586
CHEMBL458300,CC(C)OP(=O)(NCCCCC(=O)Nc1ccc(/C=C/c2ccccc2)cc1)OC(C)C,6.3181891441345215
CHEMBL79464,Nc1nc(N)c2nc(CN3c4ccccc4C=Cc4cc(OCc5ccc(C(=O)O)cc5)ccc43)cnc2n1,5.417877197265625
CHEMBL167801,N=C(N)c1ccc(C2=Cc3ccc(C(=N)N)cc3C2)cc1,3.811924457550049
CHEMBL224394,CCC1(c2ccc(/C=C/c3ccccc3)cc2)Oc2ccccc2-n2cccc2C1=O,5.277116298675537
CHEMBL305168,N#CC(=C(c1ccccc1)c1ccccc1)c1ccccc1,6.198055267333984
CHEMBL374003,COc1ccc(C2=C(c3cc(OC)c(OC)c(OC)c3)CC(O[SiH2]C(C)(C)C)C2=O)cc1[N+](=O)[O-],6.576099395751953
CHEMBL243596,C1=Cc2ccccc2Nc2ccccc21,3.9945545196533203
CHEMBL85839,CC/C(=C(/c1ccc(OCCN(C)C)cc1)c1ccc(SC)cc1)c1ccccc1,4.859226226806641
CHEMBL66013,COc1ccc(/C=C2/c3ccccc3C(=O)N2NC(C)(C)C)cc1,7.085177421569824
CHEMBL581804,COc1cc(NC2=C(c3ccccc3)C(=O)c3ccccc32)ccn1,5.719322204589844
CHEMBL192472,COc1ccc(/C=C\c2cc(OC)c(OC)c(OC)c2)cc1N(C)C,4.143395900726318
CHEMBL87982,COc1ccc(/C=C/c2cc(OC)c(OC)c(OC)c2)cc1,4.617420196533203
CHEMBL222389,COc1ccc(C2=C(c3cc(OC)c(OC)c(OC)c3)C(=O)CC2C)cc1C(=O)[O-].[Na+],4.170244216918945
CHEMBL372944,COc1cc(C2=C(c3ccccc3)C(=O)NC2=O)cc(OC)c1OC,5.813183784484863
CHEMBL341649,O=C(/C(=C/c1ccc(O)cc1)c1ccc(O)cc1)c1ccccc1,5.89916467666626
CHEMBL101506,Oc1cc(O)cc(/C=C/c2ccccc2)c1,4.984667778015137
CHEMBL313687,COc1ccc(/C=C\c2cc(O)cc(O)c2)cc1,4.25213623046875
CHEMBL414976,C[N+]1(C)C[C@@]23C4=C5C6=C7c8c9c%10c%11c%12c%13c%14c%15c%16c%17c%18c%19c%20c%21c%22c%23c%24c%25c%26c%27c(c(c8c8c%10c%13c(c%278)c8c%14c%17c(c%24c%22%18)c%268)[C@@]72C1)[C@H]%25[C@@H]3C=%23[C@@H]4[C@H]%21c1c5c2c3c(c1-%20)[C@H]([C@H]%19%16)[C@@]1(C[N+](C)(C)C[C@]%12%151)C3=C%11[C@H]9[C@H]62.[I-].[I-],6.260737419128418
CHEMBL43442,C[S+]([O-])c1ccc(C2=C3c4ccccc4CCC3(O)OC2=O)cc1,5.134021759033203
CHEMBL446586,COc1cc(/C=C(/c2ccc(F)cc2)C(F)(F)F)cc(OC)c1,5.0377678871154785
CHEMBL463109,C[C@H]1CC[C@H]2[C@H](C1)c1c(O)cc(/C=C/c3ccccc3O)cc1OC2(C)C,5.746514797210693
CHEMBL517946,C=C(C)[C@H]1CC[C@H](C)C[C@@H]1c1c(O)cc(/C=C/c2ccccc2)cc1O,4.735523223876953
CHEMBL180024,COc1cc(/C=C\c2ccc3ccccc3c2)cc([N+](=O)[O-])c1OC,5.43345308303833
CHEMBL105771,COc1cc(/C=C/c2ccccc2)ccc1Nc1c2ccccc2nc2ccccc12,5.222362041473389
CHEMBL303196,CN(C)CCOc1ccc(/C(=C(/CCO)c2ccccc2)c2ccccc2)cc1,4.927834510803223
CHEMBL314798,C/C(=C1\C(=O)Nc2ccccc21)c1ccc(N2CCCCC2)cc1,5.569570541381836
CHEMBL237642,COc1cccc(/C=C/c2ccc(C(=O)Nc3cc(C(=O)Nc4cc(C(=O)NCCN5CCOCC5)n(C)c4)n(C)c3)cc2)c1,4.6270551681518555
CHEMBL186096,CCCCC(CC)C(=O)Oc1cc(O)cc(/C=C/c2ccccc2)c1,5.191042900085449
CHEMBL238043,COc1cccc(/C=C/c2cccc(C(=O)Nc3cc(C(=O)Nc4cc(C(=O)NCCCN(C)C)n(C)c4)n(C)c3)c2)c1,4.442461967468262
CHEMBL87477,COc1cc(/C=C/c2ccc(N)cc2)cc(OC)c1OC,4.951527118682861
CHEMBL229245,COc1ccc(C2=Cc3ccccc3CC2)c(OC)c1OC,4.323487758636475
CHEMBL538406,N#C/C(C(=O)Nc1ccc(/C=C/c2ccc(Cl)cc2)cc1)=C(/O)C1CC1,5.193658828735352
CHEMBL14625,CCC1=C(c2ccc(O)cc2)c2ccc(OCC(O)CO)cc2Sc2ccccc21,4.937338829040527
CHEMBL29945,CC/C(=C(\c1ccccc1)c1ccc(OC(C)=O)c(OC(C)=O)c1)c1ccc(OC(C)=O)c(OC(C)=O)c1,5.237582206726074
CHEMBL402141,CN(C)c1ccc(/C=C/c2ccc(-c3nc4cc(OCCF)ccc4o3)cc2)cc1,4.334016799926758
CHEMBL415282,CNc1ccc(/C=C/c2ccc(-c3nc4cc(OCCF)ccc4o3)cc2)cc1,4.8518781661987305
CHEMBL369757,COc1ccc(/C=C/c2ccc3ccccc3c2)cc1[N+](=O)[O-],5.1666154861450195
CHEMBL453371,COc1cc(/C=C\c2ccc(OC)c(NC(=O)NCCN3CCOCC3)c2)cc(OC)c1.Cl,4.970605850219727
CHEMBL409259,CC1C2c3cc4/c5c6c7c8c9c%10c6c4c4c3C3=C6c%11c%12c%13c%14c%15c(c9c9c%16c8c(c8/c(c%17c%18c%19c(c(c%11c%11c%19c%19c%17c8c%16c(c%149)c%19c%13%11)C62)C1C%181C[N+](C)(C)C1)=C\C\C=5)C7)C%10C4C31C[N+](C)(C)CC%12%151.[I-].[I-],5.823347091674805
CHEMBL472637,Oc1ccc(/C=C/c2ccccc2)c(O)c1,4.806278705596924
CHEMBL520204,COc1ccc(/C=C/c2cc(OC)c(OC)c(OC)c2)c(O)c1O,4.719995498657227
CHEMBL313527,CS(=O)(=O)c1ccc(C2=C(c3ccc(O)cc3)C(=O)OC2)cc1,5.5174455642700195
CHEMBL370969,O=C1Oc2ccccc2/C1=C\c1ccc([N+](=O)[O-])cc1,5.277443885803223
CHEMBL105217,COc1ccc(/C=C(/C[N+](C)(C)C)c2cc(OC)c(OC)c(OC)c2)cc1.[I-],6.626285076141357
CHEMBL45398,CSc1ccc(C2=C(c3ccc(OCC4CO4)cc3)C(=O)N3CCCC3C2)cc1,4.7414326667785645
CHEMBL34648,Oc1ccc(C(=C(Cl)c2ccccc2)c2ccc(O)cc2)cc1,5.63637638092041
CHEMBL334747,CC1=CC(C)(C)Nc2ccc3c(c21)/C(=C/c1ccccc1C#N)Oc1ccc(F)cc1-3,6.065054893493652
CHEMBL8566,CC(C)(C)c1cc(/C=C/c2ccccc2)cc(C(C)(C)C)c1O,6.492069244384766
CHEMBL40007,C/C(=C\c1ccc(C(=O)O)cc1)c1ccc2c(c1)C1CCC2C1,4.503137588500977
CHEMBL352702,Fc1cccc(C(=C(c2ccccc2)c2ccccc2)C(F)(F)F)c1,5.757590293884277
CHEMBL248338,CN(C)c1cc(/C=C/c2cccc(/C=C/c3ccc(O)c(N(C)C)c3)c2)ccc1O,3.9213128089904785
CHEMBL239429,CCN(CC)/[N+]([O-])=N\OCOC(=O)/C(=C/c1ccc(S(C)(=O)=O)cc1)c1cccc(Br)c1,6.214101314544678
CHEMBL428750,COc1ccc(/C=C/c2ccc(NC(=O)NCCCl)cc2)cc1O,5.283026695251465
CHEMBL47833,CCCCCCNC(=O)c1cc(/C=C\c2cc(OC)ccc2OC)ccc1OC,4.875339508056641
CHEMBL463153,C1CCNCC1.C1CCNCC1.COc1ccc(/C=C\c2cc(F)c(OC)c(OC)c2)cc1OP(=O)(O)O,6.238201141357422
CHEMBL440841,CC/C(=C(/c1ccccc1)c1ccc(OC(C)=O)c(OC(C)=O)c1)c1ccccc1,5.239667892456055
CHEMBL312822,NS(=O)(=O)c1ccc(C2=C(c3ccc(F)c(Cl)c3)CC3(CC3)C2)cc1,5.540782451629639
CHEMBL270152,CN(C)c1ccc(/C=C/c2ccc(-c3nc4ccc(OCCCF)cc4s3)cc2)cc1,4.341947078704834
CHEMBL89291,COc1cc(/C=C/c2ccc(N(C)C)cc2)cc(OC)c1OC,4.419429302215576
CHEMBL83176,N#Cc1cc(/C=C/c2ccccc2)ccc1N,5.818653583526611
CHEMBL1084,CS(=O)(=O)c1ccc(C2=C(c3ccccc3)C(=O)OC2O)cc1,5.498873710632324
CHEMBL422678,CO/C=C(/C(=O)OC)c1ccccc1/C=C/c1ccccc1C(F)(F)F,5.72899055480957
CHEMBL514709,COc1ccc(/C=C2/C(=O)Nc3ccccc32)c(OC)c1,5.417295455932617
CHEMBL75426,CCNC(=O)/C(=C/c1ccc(OC)cc1)c1cc(OC)c(OC)c(OC)c1,4.226698875427246
CHEMBL365432,CCC/C(=C(\c1ccccc1)c1ccc(S(C)(=O)=O)cc1)c1ccccc1,5.518139839172363
CHEMBL282836,CC/C(=C(/c1ccccc1)c1ccc(OC(C)=O)c(OC(C)=O)c1)c1cccc(OC(C)=O)c1,5.29179573059082
CHEMBL228325,NCCCCNCCCNCCCCNC(=O)N1c2ccccc2C=Cc2ccccc21,6.336101531982422
CHEMBL508624,COc1ccc(/C=C2/C(=O)Nc3ccccc32)c(O)c1,5.571688652038574
CHEMBL469510,COc1ccc2c(c1)OCCC(c1ccc(O)cc1)=C2c1ccc(OCCN2CCCC2)cc1,4.333414554595947
CHEMBL210442,FC(F)(F)c1cc(/C=C/c2ccccc2)c2[nH]c(N3CCN(c4ncccc4C(F)(F)F)CC3)nc2c1,4.558691501617432
CHEMBL188138,O=C1O/C(=C\c2ccc([N+](=O)[O-])cc2)c2ccccc21,5.039844512939453
CHEMBL368624,FC(F)(F)C(=C(c1ccccc1)c1ccccc1)c1ccc(Cl)cc1,5.722604274749756
CHEMBL36455,COc1ccc(/C=C/c2cc(OC)c(OC)c(OC)c2)cc1O,4.546146392822266
CHEMBL45948,CSc1ccc(C2=C(c3ccc(SC)cc3)C(=O)N3CCCC3C2)cc1,4.738869667053223
CHEMBL264949,O=C1Nc2ccc(I)cc2/C1=C\c1cc(Br)c(O)c(Br)c1,4.597599983215332
CHEMBL192587,COc1cc(O)cc2c1C(Br)=C(c1ccc(O)cc1)C2=O,4.415932655334473
CHEMBL372065,CC1(C)C=Cc2cc(-c3ccco3)cc(/C=C(/C#N)c3ccc(O)cc3)c2O1,6.828000068664551
CHEMBL466621,CC(C)c1onc(CSc2c(Cl)cccc2Cl)c1COc1ccc(/C=C/c2cccc(C(=O)O)c2)c(Cl)c1,4.506248474121094
CHEMBL86944,COc1c(Br)cc(/C=C2\C(=O)Nc3ccc(Cl)cc32)cc1C(C)(C)C,6.809567451477051
CHEMBL88549,CS(=O)(=O)c1ccc(C2=C(c3ccc4c(c3)OCO4)CC3(CC3)C2)cc1,5.686257362365723
CHEMBL422444,CSc1ccccc1/C=C1\Oc2ccc(F)cc2-c2ccc3c(c21)C(C)=CC(C)(C)N3,5.937878608703613
CHEMBL313702,COc1cc(OC)c(/C=C/c2ccccc2)c(OC)c1,5.131718635559082
CHEMBL214521,CCOc1ccc(/C=C/c2ccccc2)cc1,4.171274662017822
CHEMBL183683,CCCCCSCCCCCCCCCC/C(=C(/CC)c1ccc(O)cc1)c1cccc(O)c1,5.495597839355469
CHEMBL186667,CCCCCSCCCCCCCCCC/C(=C(/CC)c1cccc(O)c1)c1ccc(O)cc1,5.496559143066406
CHEMBL132565,C=CCNc1nc(N2CCC(NCC3c4ccccc4C=Cc4ccccc43)CC2)nc2c1ncn2CC=C,4.092629909515381
CHEMBL92485,CC1(C)C(=O)C(c2ccc(S(C)(=O)=O)cc2)=C1c1ccccc1,6.075654983520508
CHEMBL217139,COc1ccc(/C=C\c2cc(OC)c(OC)c(OC)c2N)cc1,4.829700946807861
CHEMBL80936,CCCCc1ccc(C2=Cc3ccccc3C3=NCCN23)cc1,5.085843563079834
CHEMBL80647,C=CCN(CC=C)Cc1ccc(C2=Cc3ccccc3C3=NCCN23)cc1,5.506429672241211
CHEMBL214664,COc1cc(/C=C2/C(=O)Nc3cccc(Cl)c32)cc(OC)c1OC,5.503612518310547
CHEMBL217446,COc1cc(/C=C2/C(=O)Nc3ccc(O)cc32)cc(OC)c1OC,4.749711036682129
CHEMBL15974,CNCCSC1=Cc2ccccc2Sc2ccc(Cl)cc21,6.1566162109375
CHEMBL26556,COC(=O)c1c(C(=O)N2CCN(CCO)CC2)cc2cc(OC)c(OC)cc2c1/C=C/c1cc(OC)c(OC)c(OC)c1,4.551405906677246
CHEMBL8813,CC(C)(C)c1cc(/C=C/c2ccc(F)cc2)cc(C(C)(C)C)c1O,6.014665603637695
CHEMBL513397,c1ccc(C2=C(c3ccc(OCCN4CCC4)cc3)c3ccccc3OCC2)cc1,4.8513054847717285
CHEMBL73157,O=C1Nc2ccc(C(=O)c3ccco3)cc2/C1=C/c1cc(Cl)c(O)c(Cl)c1,5.209953308105469
CHEMBL129158,COc1ccc(/C=C2\C(C)=C(CCN3CCOCC3)c3ccccc32)cc1,4.915693283081055
CHEMBL483722,CSc1ccc(C2=C(c3ccccc3)C(=O)N3CCCC3C2)cc1,5.458028793334961
CHEMBL69973,Oc1ccc(C2=C(c3ccccc3)Cc3ccccc32)cc1,5.224425792694092
CHEMBL15291,C=CCOc1ccc2c(c1)Oc1ccccc1C(CC)=C2c1ccccc1,5.076267242431641
CHEMBL340948,COc1cc(/C=C\c2ccc3ncccc3c2)cc(OC)c1OC,5.041236877441406
CHEMBL430930,N=C(N)NCCC[C@H](NC(=O)[C@H](CC1CCCCC1)NC(=O)c1n[nH]c(NC(=O)/C(=C/c2ccccc2)c2ccccc2)n1)C(=O)N[C@@H](Cc1ccccc1)C(N)=O,5.716467380523682
CHEMBL27513,COc1ccc2c(c1)OCC(c1ccccc1)=C2c1ccc(OCCN2CCCC2)cc1,4.810131072998047
CHEMBL88568,COc1ccc(/C=C\c2ccc3c(c2)C(C)(C)CCC3(C)C)cc1,6.8148298263549805
CHEMBL455694,O=C(O)c1cc(/C=C/c2ccc(/C=C/c3cc(Br)c(O)c(C(=O)O)c3)cc2)cc(Br)c1O,4.200533866882324
CHEMBL294403,Oc1c(Cl)cc(Cl)cc1/C=C/c1ccc(Cl)c(Cl)c1,3.9935498237609863
CHEMBL93023,C/C(=C(\c1ccccc1)c1ccc(OCCN(C)C)cc1)c1ccccc1,4.76017951965332
CHEMBL280246,CC/C1=C(\c2ccccc2)c2ccc(OCCN(C)C)cc2CCc2ccccc21,5.02701997756958
CHEMBL321142,CC(=O)Oc1ccc(/C=C/c2cc(OC(C)=O)cc3c2[C@H](c2cc(OC(C)=O)cc(OC(C)=O)c2)[C@@H](c2ccc(OC(C)=O)cc2)O3)cc1,4.2717108726501465
CHEMBL319544,Cc1cc(OCc2c(-c3c(Cl)cccc3Cl)noc2C)cc(C)c1/C=C/c1cccc(C(=O)O)c1,4.800267219543457
CHEMBL110004,CC(C)NC(=O)c1cc(/C=C/c2ccc(OCc3ccccc3)cc2)ccc1-c1ccc(Cl)cc1,5.958269119262695
CHEMBL490864,CN(C)c1ccc(/C=C2/C(=O)N(c3c(Cl)cccc3Cl)c3ccccc32)cc1,5.447669506072998
CHEMBL73321,C/C(=C\c1ccc2c(c1)C(C)(C)CCS2)c1ccc(C(=O)O)cc1,7.588780403137207
CHEMBL415449,C/C(=C/c1ccc(C(=O)O)cc1)c1ccc2c(c1)C(C)(C)CCS2,7.366441249847412
CHEMBL73520,CCC[C@H]1C(c2ccc(O)cc2)=C(CC)c2ccc(O)cc21,4.789247512817383
CHEMBL390550,N#Cc1ccc(/C=C/c2ccc3c(c2)no[n+]3[O-])cc1,4.354720115661621
CHEMBL306878,CCC1=C(c2ccc(O)cc2)C(CC)c2cc(O)ccc21,4.848468780517578
CHEMBL467774,COc1ccc(/C=C(\F)c2cc(OC)c(OC)c(OC)c2)cc1O,4.769879341125488
CHEMBL506965,COc1cccc(/C=C2/C(=O)Nc3ccccc32)c1,5.356727600097656
CHEMBL355779,COc1ccc(/C(=C(/c2ccc(F)cc2)C(F)(F)F)c2ccccc2)cc1,5.996870040893555
CHEMBL515154,O=C1Nc2ccccc2/C1=C1\C(=O)Nc2ccc(Cl)cc21,5.4359259605407715
CHEMBL23936,Oc1ccc2c(c1)CCC1=C2CCc2cc(O)ccc21,3.884920120239258
CHEMBL277727,CN(C)c1ccc(/C=C/c2ccc(-c3nc4ccc(OCCF)cc4o3)cc2)cc1,4.353702545166016
CHEMBL376378,O=C1C2C3OC(C(c4ccc(O)cc4)=C3c3ccc(O)cc3)C2C(=O)N1c1ccccc1,5.382137775421143
CHEMBL370479,COC(=O)/C=C/c1cccc(N(Cc2ccc(/C=C/c3cccc(Cl)c3)cc2)C(=O)C(C)C)c1,4.987718105316162
CHEMBL142304,N=C(N)c1ccc(/C=C/c2ccc(C(=N)N)cc2)cc1,3.6017000675201416
CHEMBL128402,CC/C(=C(/CC)c1ccc(OP(N)(=O)N(CCCl)CCCl)cc1)c1ccc(OP(N)(=O)N(CCCl)CCCl)cc1,5.4319748878479
CHEMBL157821,CC(C)N(CCOc1ccc(C(=C(C#N)c2ccccc2)c2ccc(OCCN(C(C)C)C(C)C)cc2)cc1)C(C)C,5.783049583435059
CHEMBL514234,O=C1Nc2ccccc2/C1=C\c1cccc(Oc2ccccc2)c1,5.222664833068848
CHEMBL332541,COc1ccc(/C=C\c2cc(O)cc(O)c2)cc1N,4.263982772827148
CHEMBL110057,COc1ccc(C2=C(C(=O)c3ccc(OCCN4CCCC4)cc3)c3ccccc3CC2)cc1,5.071331024169922
CHEMBL89944,CC1=C(c2ccc(O)cc2)C(CCCCCCNCc2ccccc2)c2ccc(O)cc21,5.729401588439941
CHEMBL85263,CC/C(=C(/c1ccc(OCCN(C)C)cc1)c1ccc(C2CO2)cc1)c1ccccc1,4.831353187561035
CHEMBL314774,COc1cc(/C=C/c2ccc([N+](=O)[O-])cc2)cc(OC)c1OC,4.9909234046936035
CHEMBL147683,COc1ccc(/C(=C/c2ccccc2)C(=O)c2ccccc2)cc1,5.822718143463135
CHEMBL440409,COC(=O)c1ccc(/C=C/c2cc(OC)cc(OC)c2)cc1,4.021312236785889
CHEMBL338557,COc1cc(/C=C\c2ccc3cccnc3c2)cc(OC)c1OC,5.0353851318359375
CHEMBL222638,COc1ccc(C2=C(c3cc(OC)c(OC)c(OC)c3)/C(=N\O)CC2O[SiH2]C(C)(C)C)cc1OC,7.099998474121094
CHEMBL310866,Clc1ccc(C2=Cc3ccccc3C3=NCCN23)cc1Cl,4.211637496948242
CHEMBL190104,CCSC1=C(c2ccc(O)cc2)C(=O)c2ccc(O)cc21,4.827635288238525
CHEMBL190830,COC(=O)/C=C/c1cccc(N(Cc2ccc(/C=C/c3ccc(F)cc3)cc2)C(=O)C2CCCCC2)c1,4.319860458374023
CHEMBL234710,CS(=O)(=O)c1ccc(OCc2ccc(F)cc2F)c(C2=C(c3cccc(C(=O)O)c3)CCC2)c1,5.463445663452148
CHEMBL103586,O=C(O)c1cc(/C=C/c2ccc(O)c(O)c2)ccc1O,4.234100818634033
CHEMBL430032,Nc1ccc(/C=C/c2ccc(-c3nc4cc(OCCCF)ccc4s3)cc2)cc1,4.808144569396973
CHEMBL18498,COC1(C)OC(=O)C(c2ccc(F)cc2)=C1c1ccc(S(C)(=O)=O)cc1,6.193144798278809
CHEMBL89538,CC1=C(c2ccc(O)cc2)C(CCCCCCCCN2CCCC2)c2ccc(O)cc21,4.365920066833496
CHEMBL485891,O=C(O)c1ccc(-c2ccc(F)cc2)cc1/C=C/c1cccc(-c2ccccc2)c1,5.451249122619629
CHEMBL469643,O=C1Oc2cc(O)cc(/C=C/c3ccc(O)cc3)c2[C@]12c1c(O)cc(O)cc1O[C@@H]2c1ccc(O)cc1,5.639308929443359
CHEMBL43740,COc1cc(/C=C/c2ccc(OC)cc2F)cc(OC)c1,4.6955389976501465
CHEMBL372526,Oc1ccc(C2=C(c3ccc(CBr)cc3)c3ccc(O)cc3C2)cc1,4.846120357513428
CHEMBL111032,CCC1=C(c2ccccc2)C(c2ccc(OCCN3CCCC3)cc2)Oc2cc(OC)ccc21,4.996459484100342
CHEMBL268010,COc1ccc(/C=C/c2cc(C(C)(C)C)c(O)c(C(C)(C)C)c2)cc1OC,6.251026153564453
CHEMBL298484,COc1ccc(C2=C(c3ccc(SC)cc3)CC3CCCN3C2=O)cc1Br,4.395173072814941
CHEMBL309232,C[C@@H]1Cc2cc(O)ccc2C2=C1c1ccc(O)cc1C[C@@H]2C,2.6994640827178955
CHEMBL348316,CN(C)CCCCCOc1ccccc1/C=C/c1ccccc1,4.7486467361450195
CHEMBL144431,Oc1cccc(C2=Cc3ccc(O)cc3C23Cc2ccccc2C3)c1,5.243751525878906
CHEMBL456530,COc1ccc(/C=C2\C=C(CC(=O)O)c3cc(F)ccc32)cc1,4.008402347564697
CHEMBL84390,CC/C(=C(\c1ccc(O)cc1)c1ccc(OCCN(CC)CC)cc1)c1ccccc1,4.849922180175781
CHEMBL15016,C/C(=C/c1ccc(O)cc1)c1ccccc1,5.064825057983398
CHEMBL325432,CCOC(=O)c1ccc(C=C2c3ccccc3C(=O)c3ccccc32)cc1,5.12876558303833
CHEMBL426804,CCN(CC)CCOc1ccc(C2=C(c3ccccc3)CCOc3ccccc32)cc1,4.800976753234863
CHEMBL192030,COc1ccc(/C=C\c2cc(OC)c(OC)c(OC)c2)cc1OCC[N+](C)(C)C.[I-],8.021586418151855
CHEMBL111356,CN(C)c1ccc(C2=C(c3ccc(S(N)(=O)=O)cc3)CCC2)cc1Cl,4.713745594024658
CHEMBL34720,COc1ccc(/C=C\c2cc(OC)c(OC)c(OC)c2)cc1OP(=O)(O)OCC(F)(F)F.N,6.169650554656982
CHEMBL461052,O=C(Nc1ccc2c(c1)N(O)C(=O)/C2=C(\O)c1ccccc1)c1ccc(NC(=O)c2cccs2)cc1,5.251758575439453
CHEMBL376082,COc1cc(C2=C(c3cc(C)c(OC)c(C)c3)C(O)CC2=O)cc(OC)c1OC,3.8596696853637695
CHEMBL435140,CC(C)(C)[SiH2]OC1CC(=O)C(c2ccccc2)=C1c1ccccc1,6.928299427032471
CHEMBL11848,COc1ccc2c(c1OC)CN1CCc3cc4c(cc3C1=C2)OCO4,3.7680604457855225
CHEMBL102944,COc1cc(/C(C#N)=C\c2ccc(C)c(N)c2)cc(OC)c1OC,5.146845817565918
CHEMBL476923,CC(C)=CCC/C(C)=C/Cc1c(O)cc(/C=C/c2ccc(O)c(O)c2)cc1O,3.460566282272339
CHEMBL434586,CCCCc1nc(Cl)c(CC(=O)OC)n1Cc1ccc(N2C(=O)C(c3ccccc3)=C(c3ccccc3)C2=O)cc1,4.387756824493408
CHEMBL448472,C1=C(c2ccccc2)C(c2ccccc2OCCN2CCCCC2)Oc2ccccc21,4.658450126647949
CHEMBL68936,C[N+](C)(CCCCCC[N+](C)(C)CCCN1C(=O)c2ccccc2/C1=C\c1ccccc1)CCCN1C(=O)c2ccccc2/C1=C\c1ccccc1.[Br-].[Br-],7.0131940841674805
CHEMBL33596,CC/C(=C(/CC)c1cccc(O)c1)c1cccc(O)c1,4.502200126647949
CHEMBL370250,COc1ccc(/C=C\c2cc(C)c(C)c(C)c2)cc1O,3.877167224884033
CHEMBL224240,O=S(=O)(Oc1ccc(O)cc1)[C@H]1CC2OC1C(c1ccccc1)=C2c1ccccc1,5.309866905212402
CHEMBL240076,CCN(CC)/[N+]([O-])=N\OCOC(=O)/C(=C/c1ccc(S(C)(=O)=O)cc1)c1ccc(NC(C)=O)cc1,6.488861560821533
CHEMBL225807,C(=C\c1ccc2nonc2c1)\c1ccc2c(c1)OCO2,3.8961899280548096
CHEMBL130305,COC(=O)c1cc(/C=C/c2cc(OC)ccc2OC)ccc1O,4.266606330871582
CHEMBL225808,CN(C)c1ccc(/C=C/c2ccc3c(c2)no[n+]3[O-])cc1,3.9058117866516113
CHEMBL77227,O=C(NC1CCCCC1)Oc1ccc(/C=C/c2ccccc2)cc1,5.674457550048828
CHEMBL209688,O=C1O/C(=C\c2ccccc2Cl)c2ccccc21,4.309720039367676
CHEMBL115488,COc1cccc(C=C2c3ccccc3C(=O)c3ccccc32)c1O,5.16950798034668
CHEMBL47022,CC1(C)OC(c2ccc(S(C)(=O)=O)cc2)=C(c2cccc(C(F)(F)F)c2)C1=O,6.210287094116211
CHEMBL93803,CS(=O)(=O)c1ccc(C2=C(c3ccccc3)CC2)cc1,5.640461444854736
CHEMBL80774,C1=C(c2ccc(CN(C3CCCCC3)C3CCCCC3)cc2)N2CCN=C2c2ccccc21,5.345367431640625
CHEMBL56896,CC/C(=C(/c1ccc(OC(C)=O)cc1)c1cccc(OC(C)=O)c1)c1ccccc1,5.290145397186279
CHEMBL466148,COc1ccc(/C(F)=C/c2cc(OC)c(OC)c(OC)c2)cc1[N+](=O)[O-],4.685678005218506
CHEMBL303478,COc1cc(Nc2c(C#N)cnc3cc(/C=C/c4ccccc4)c(OC)cc23)c(Cl)cc1Cl,5.683404445648193
CHEMBL192357,CCOc1cc(/C=C\c2ccc(OC)c(F)c2)cc(OCC)c1OCC,5.040085792541504
CHEMBL364234,COc1cc(/C=C\c2ccc(C)c(C)c2)cc(OC)c1OC,4.575761795043945
CHEMBL73754,CC[C@H]1C(c2ccc(O)cc2)=C(C)c2cc(O)ccc21,4.845269203186035
CHEMBL24009,CS(=O)(=O)c1ccc(C2=C(c3cc(F)cc(F)c3)C(=O)CC2)cc1,5.177224159240723
CHEMBL92842,N#Cc1ccc(OCc2cccnc2)cc1/C=C(/C(=O)O)c1ccccc1,5.725572109222412
CHEMBL167779,CCN(CC)CCOc1ccc(/C(=C(\Cl)c2ccccc2)c2ccccc2)cc1,4.950423240661621
CHEMBL360310,CS(=O)(=O)c1ccc(/C(=C/c2ccc(Cl)cc2)c2ccccc2)cc1,5.75390625
CHEMBL44806,CSc1ccc(C2=C(c3ccc(Br)cc3)C(=O)N3CCCC3C2)cc1,4.744466781616211
CHEMBL298439,CSc1ccc(C2=C(c3ccc(OCCN4CCOCC4)cc3)C(=O)N3CCCC3C2)cc1,4.825335502624512
CHEMBL91787,CC1=C(c2ccc(O)cc2)C(CCCCCCN2CCCCC2)c2ccc(O)cc21,3.981228828430176
CHEMBL353959,CC(=O)c1ccc(C2=C(c3ccc(S(N)(=O)=O)cc3)OC(C)(C)C2=O)cc1,6.552017688751221
CHEMBL291710,Cc1ccc(/C=C/c2cc(C)c(O)c(C)c2)cc1,4.037212371826172
CHEMBL221555,COc1ccc(C2=C(c3cc(OC)c(OC)c(OC)c3)C(=O)CC2O)cc1O,4.2322001457214355
CHEMBL517921,CN(CCC(=O)N1CCN(c2ccc([N+](=O)[O-])cc2)CC1)CCC1c2ccccc2C=Cc2ccccc21,4.435952186584473
CHEMBL330516,CC1(C)C(c2ccc(S(C)(=O)=O)cc2)=C(c2ccccc2)/C1=N/O,6.829832077026367
CHEMBL447074,COc1ccc(/C=C\c2cc(OC)c3c(c2)OCO3)cc1NC(=O)[C@H](Cc1ccc(OP(=O)(OCc2ccccc2)OCc2ccccc2)cc1)NC(=O)OCc1ccccc1,5.57863712310791
CHEMBL246773,COc1ccc(/C=C\c2ccc(NC(=O)NCCCl)cc2)cc1O,5.283026695251465
CHEMBL507494,COc1ccc(/C=C/c2cc(OC)c(OC)c(OC)c2)c(O)c1,4.771441459655762
CHEMBL219977,COc1ccc(/C=C2\CC(c3ccc(O)cc3)Oc3cc(OC)ccc32)cc1,4.611878395080566
CHEMBL125535,COc1cc(/C=C/c2ccc3nc(C)c(C)nc3c2)cc(OC)c1OC,4.417745590209961
CHEMBL364033,O=C1Oc2ccccc2/C1=C\c1ccc(F)cc1,5.141842842102051
CHEMBL356748,CCN(CC)CCSC1=Cc2ccccc2Oc2ccc(SC)cc21,4.422421455383301
CHEMBL81881,CC/C(=C(/c1ccc(I)cc1)c1ccc(OCCN(C)C)cc1)c1ccccc1,4.807498455047607
CHEMBL151670,COc1ccc(/C=C\c2cc(OC)c3c(c2)OCO3)cc1NC(=O)C(N)CO,5.007192611694336
CHEMBL274882,CC/C(=C(\c1ccccc1)c1cccc(OC(C)=O)c1)c1cccc(OC(C)=O)c1,5.274270534515381
CHEMBL187551,O=C1Nc2ccc([N+](=O)[O-])cc2/C1=C/c1ccccc1O,5.316793441772461
CHEMBL319926,N=C(N)NCc1ccc(/C=C/c2ccccc2)cc1,5.790201187133789
CHEMBL179194,COc1cc(/C=C\c2ccc(N(C)C)c([N+](=O)[O-])c2)cc(OC)c1OC,4.826426029205322
CHEMBL422087,Cc1ccc(C=C2c3cccc(O)c3C(=O)c3c(O)cccc32)cc1,5.5902581214904785
CHEMBL366681,O=C(CCCN1CCN(Cc2ccccc2)CC1)NC1c2ccccc2C=Cc2ccccc21,4.507108688354492
CHEMBL168138,N=C(N)c1ccc(C2=Cc3cc(C(=N)N)ccc3S2(=O)=O)cc1,5.050400733947754
CHEMBL494880,Cc1cc(C)cc(/C=C/c2ccccc2)c1,5.597084045410156
CHEMBL449027,Brc1cc(Br)cc(/C=C/c2ccccc2)c1,5.321934223175049
CHEMBL362133,CC(=O)NCCN1c2ccccc2C=Cc2ccccc21,5.439048767089844
CHEMBL364806,CCC(=O)NCCN1c2ccccc2C=Cc2ccc(OC)cc21,5.2802414894104
CHEMBL18089,CC(C)OC1(C)OC(=O)C(c2ccc(F)cc2)=C1c1ccc(S(C)(=O)=O)cc1,5.744778633117676
CHEMBL234281,CSc1ccc(OCc2ccccc2)c(C2=C(c3cccc(C(=O)O)c3)CCC2)c1,5.736795425415039
CHEMBL140454,O=C(O)C(=O)C1Cc2ccccc2CN1S(=O)(=O)c1ccc(/C=C/c2ccccc2)cc1,5.448757648468018
CHEMBL144704,CC/C(=C(\c1ccccc1)c1ccc(OCC(=O)O)cc1)c1ccccc1,4.611083984375
CHEMBL283290,O=C1C(c2ccccc2)=C(c2ccccc2)C(=O)C1c1ccccc1,4.781408309936523
CHEMBL459271,COc1ccc(/C=C/c2cc(O)c(OC)c(OC)c2)cc1[N+](=O)[O-],4.6846513748168945
CHEMBL109486,COCc1ccc(C2=C(c3ccc(S(C)(=O)=O)cc3)CCC2)cc1,5.753476619720459
CHEMBL1056,CCN(CC)CCOc1ccc(/C(=C(/Cl)c2ccccc2)c2ccc(O)cc2)cc1,4.902786731719971
CHEMBL405127,CS(=O)(=O)c1ccc(/C=C(/C(=O)O)c2ccccc2)cc1,5.134210109710693
CHEMBL73796,CC/C(=C(/CC)c1ccc(O)c(O)c1)c1ccc(O)c(O)c1,4.458229064941406
CHEMBL99302,CC[C@@H]1Cc2cc(O)ccc2C2=C1c1ccc(O)cc1CC2,3.6578147411346436
CHEMBL221828,COc1ccc(C2=C(c3cc(OC)c(OC)c(OC)c3)C(=O)CC2O)cc1,4.379076957702637
CHEMBL96836,OC/C(=C/c1cccc(OCc2ccccc2)c1)c1ccccc1,4.328152179718018
CHEMBL256278,COc1ccc(/C=C\c2cc(OC)c(OC)c(OC)c2)c(N)c1N,4.754778861999512
CHEMBL175749,COc1cccc(/C=C\c2ccc3ccccc3c2)c1,4.470009803771973
CHEMBL519928,COc1c(O)cc(/C=C/c2cc(O)cc(O)c2)c2c1OC(=O)[C@@]21c2c(O)cc(O)cc2O[C@@H]1c1ccc(O)cc1,5.612687110900879
CHEMBL129525,C1=C(CCN2CCOCC2)c2ccccc2/C1=C/c1ccccc1,4.824945449829102
CHEMBL337262,CC1=CC(C)(C)Nc2ccc3c(c21)/C(=C/c1cccc(Cl)c1)Oc1ccccc1-3,5.794116497039795
CHEMBL164733,BrCCOc1ccc(/C(=C/c2ccccc2)c2ccccc2)cc1,5.03587532043457
CHEMBL424386,CC(=C\C(N)=O)/C(=C/c1ccc2cc3c(cc2c1)C(C)(C)CCC3(C)C)c1cccc(C(N)=O)c1,7.130245208740234
CHEMBL22486,CC/C(=C(/CC)c1ccc(OCCCC(=O)NCc2ccc(-c3c4ccc(=O)cc-4oc4cc(O)ccc34)c(C(=O)O)c2)cc1)c1ccc(O)cc1,3.7738242149353027
CHEMBL47376,O=C1CC(c2nnn[nH]2)Oc2cc(/C=C/c3cccc(OCc4ccc5ccccc5n4)c3)ccc21,3.564377546310425
CHEMBL418799,O=C1Nc2ccccc2/C1=C\c1ccc(N2CCCCC2)cc1,5.683916091918945
CHEMBL193148,COC(=O)/C=C/c1cccc(N(Cc2ccc(/C=C/c3cc(C(F)(F)F)cc(C(F)(F)F)c3)cc2)C(=O)C2CCCCC2)c1,4.243418216705322
CHEMBL94067,CC(C)=C1c2ccccc2C=C(C2=CCN(C)CC2)c2ccccc21,4.04931116104126
CHEMBL125199,COc1ccc(/C=C2\C=C(CCN3CCOCC3)c3ccccc32)cc1OC,4.900368690490723
CHEMBL78310,Clc1cccc(C2=Cc3ccccc3C3=NCCN23)c1,5.1685285568237305
CHEMBL369609,CCCCC(=C(c1ccccc1)c1ccccc1)c1ccc(S(=O)(=O)OC)cc1,5.751155376434326
CHEMBL482141,CC(=O)OC1(c2ccccc2)OC(c2ccccc2)=C(c2ccccc2)C1=O,5.0442728996276855
CHEMBL459937,COc1ccc(/C=C/c2cc(OC)c3ccoc3c2)cc1O,4.273455619812012
CHEMBL171576,O=C(CCCN1CCN(c2ccccc2F)CC1)NC1c2ccccc2C=Cc2ccccc21,4.879215240478516
CHEMBL325042,Cc1ccccc1/C=C\c1cccc(C(F)(F)P(=O)(O)O)c1.N.N,6.022736549377441
CHEMBL111314,COc1ccc(C2=C(c3ccc(S(C)(=O)=O)cc3)CCC2)cc1F,5.618188858032227
CHEMBL6456,Oc1ccc(/C(=C(/c2ccccc2)C(F)(F)F)C(F)(F)F)cc1,5.229645729064941
CHEMBL515074,CC(C)OP(=O)(NCCCC(=O)Nc1ccc(/C=C/c2ccccc2)cc1)OC(C)C,6.055932521820068
CHEMBL232427,COc1cc(/C=C(\C(=O)O)c2ccc(Cl)cc2)c([N+](=O)[O-])cc1OC,4.278483867645264
CHEMBL397957,N#Cc1ccc(OCc2ccc(F)cc2F)c(C2=C(c3cccc(C(=O)O)c3)CCC2)c1,5.2611188888549805
CHEMBL280612,COc1ccc2c(c1)OCC(c1ccc(F)cc1)=C2c1ccc(OCCN2CCCC2)cc1,4.155838966369629
CHEMBL276614,CCCCC1=C(c2ccc(CCc3ccccc3)cc2)N2CCCN=C2c2ccccc21,5.2180094718933105
CHEMBL46619,NCC1c2ccccc2C=Cc2ccccc21,4.1295881271362305
CHEMBL366422,CC(=O)NS(=O)(=O)c1ccc(C2=C(c3ccc(S(C)(=O)=O)cc3)C(=O)OC2)cc1,5.638487815856934
CHEMBL469723,CC(C)=CCCC1(C)C=Cc2c(O)cc(/C=C/c3ccc(O)c(O)c3)cc2O1,6.346218109130859
CHEMBL103429,O=C1C(=O)c2ccccc2C(O)=C1c1ccccc1,4.533009052276611
CHEMBL358140,CS(=O)(=O)c1ccc(C2=C(c3cc(F)c(F)c(F)c3)CCC2)cc1,5.166728973388672
CHEMBL91810,Cc1ccccc1/C(=C\c1cc(OCc2ccsc2)ccc1C#N)C(=O)O,5.409337997436523
CHEMBL400295,CC(C)(C)c1ccc(/C=C(\C#N)c2ccc(C(F)(F)F)cc2)cc1,6.45717716217041
CHEMBL359178,COc1ccc(/C=C\c2cc(OC)c3c(c2)OCO3)cc1[N+](=O)[O-],4.433667182922363
CHEMBL515325,CC(C)=CCC/C(C)=C/Cc1cc(/C=C/c2cc(O)c(CC=C(C)C)c(O)c2)cc(O)c1O,3.8903274536132812
CHEMBL276797,CC/C1=C(\c2ccc(O)cc2)c2ccc(OCCN(C)C)cc2SCc2ccccc21,4.613753318786621
CHEMBL234709,CSc1ccc(OCc2ccc(F)cc2F)c(C2=C(c3cccc(C(=O)O)c3)CCC2)c1,5.078204154968262
CHEMBL221464,COc1ccc(C2=C(c3cc(OC)c(OC)c(OC)c3)C(=O)C(OC(C)=O)C2)cc1Cl,3.7332279682159424
CHEMBL520895,O=S(=O)([O-])O[C@H]1[C@H](O)[C@@H](O)[C@H](Oc2cc(O)cc(/C=C/c3ccc(O)cc3)c2)O[C@@H]1CO.[K+],5.1658172607421875
CHEMBL186728,Cc1cccc(C2=C(c3ccc(OCCN(C)C)cc3)c3ccccc3OCC2)c1,4.714348793029785
CHEMBL157649,CN(C)CCCCOc1ccccc1/C=C/c1ccc(F)cc1,4.815881729125977
CHEMBL351418,C/C(=C\c1ccc(C(=O)O)cc1)c1ccc2c(c1)C(C)(C)CCC2(C)C.Cc1ccc(C2=CC(C)(C)Sc3cc4ccc(-c5ccc(C(=O)O)cc5)cc4cc32)cc1,7.0988922119140625
CHEMBL337856,CC1=CC(C)(C)Nc2ccc3c(c21)/C(=C/c1ccccc1C)Oc1c(F)cccc1-3,5.669825553894043
CHEMBL11512,CC/C(=C(\Cc1ccccc1)c1ccc(OCN(CC)CC)cc1)c1ccccc1,4.129123210906982
CHEMBL341725,O=C(c1cc2c(cc1Cl)Sc1nccn1S2(=O)=O)N1c2ccccc2C=Cc2ccccc21,5.2955641746521
CHEMBL281101,CC/C(=C(/c1ccccc1)c1ccc(OC(C)=O)c(OC(C)=O)c1)c1ccc(OC(C)=O)cc1,5.279073715209961
CHEMBL176382,CCCCCCCCCC(=C(c1ccccc1)c1ccccc1)c1ccc(S(=O)(=O)OC)cc1,6.158098220825195
CHEMBL428052,COc1ccc(C2=C(c3cccc(N)c3)C(=O)N3CCCC3C2)cc1,5.024297714233398
CHEMBL467957,COc1ccc(/C(F)=C/c2cc(OC)c(OC)c(OC)c2)cc1F,4.929163932800293
CHEMBL410417,CCCc1nc2c(C)cc(C)nc2n1Cc1ccc2c(c1)Oc1ccccc1C=C2c1nnn[nH]1,4.802392959594727
CHEMBL176509,O=C(C1=C(c2ccc(O)cc2)CCc2cc(O)ccc21)c1ccc(OCCN2CCCCC2)cc1,3.953503370285034
CHEMBL457404,O=C(O)CC1=C/C(=C\c2ccc(-c3ccccc3)cc2)c2ccc(F)cc21,4.502203941345215
CHEMBL514887,CC(C)C[C@H](NP(=O)(OC(C)C)OC(C)C)C(=O)Nc1ccc(/C=C/c2ccccc2)cc1,6.0699968338012695
CHEMBL11199,CC/C(=C(\Cc1ccccc1)c1ccccc1)c1ccc(OCN(C)C)cc1,4.300383567810059
CHEMBL167900,CC/C(=C(/CC)c1cccc(C(C)=O)c1)c1cccc(C(C)=O)c1,4.83076286315918
CHEMBL525909,COC(=O)c1ccc2c(c1)NC(=O)/C2=C(\Nc1ccc(N(CCCN(C)C)C(C)=O)cc1)c1ccccc1,5.021596908569336
CHEMBL6596,CC/C(=C(\c1ccc(I)cc1)c1ccc(OCCCCCCCCCCN(C)C)cc1)c1ccccc1,5.275847911834717
CHEMBL264707,O=C1c2ccccc2C(=Cc2cccc([N+](=O)[O-])c2)c2ccccc21,4.991311550140381
CHEMBL137685,CC1(C)CC(C)(C)c2cc(/C(=C/c3ccc(C(=O)O)cc3)C(F)(F)F)ccc2S1,6.677321910858154
CHEMBL109618,CCCCNCC(O)COc1ccc(C2Oc3ccccc3C=C2c2ccccc2)cc1,4.98173713684082
CHEMBL258254,C1=C\c2ccc(cc2)C[n+]2ccc(c3ccccc32)NCCCCCCCCCCNc2cc[n+](c3ccccc23)Cc2ccc/1cc2,5.448105812072754
CHEMBL358975,CC/C(=C(\c1ccc(O)cc1)c1ccc(CC(=O)O)cc1)c1ccccc1,4.569575309753418
CHEMBL190467,O=C1C(c2ccc(O)cc2)=C(Br)c2ccc(O)cc21,4.146318435668945
CHEMBL312225,C1=C(c2ccc(CN3CCCCC3)cc2)N2CCN=C2c2ccccc21,5.212621688842773
CHEMBL335510,O=[N+]([O-])c1ccc(O)c(C=C2c3cc([N+](=O)[O-])cc([N+](=O)[O-])c3-c3c2cc([N+](=O)[O-])cc3[N+](=O)[O-])c1,3.1974587440490723
CHEMBL11019,CCC(=C(c1cccc(OC(C)=O)c1)c1cccc(OC(C)=O)c1)c1cccc(OC(C)=O)c1,4.511804103851318
CHEMBL38797,CC/C(=C(\c1ccccc1)c1ccc(/C=C/C(=O)N(CC)CCN(C)C)cc1)c1ccccc1,4.734992980957031
CHEMBL303857,CN(C)Cc1cc(C(=C(C#N)c2ccccc2)c2ccc(O)c(CN(C)C)c2)ccc1O,5.003307819366455
CHEMBL286605,CC(=O)Oc1ccc(C(=C(C)c2ccccc2)c2ccc(OC(C)=O)cc2)cc1,5.383396148681641
CHEMBL90009,Oc1ccc(C2=C(c3ccccc3)Cc3cc(O)ccc32)c(F)c1,4.656101703643799
CHEMBL336011,NS(=O)(=O)c1ccc(C2=C(c3cc(F)c(F)c(F)c3)CCC2)cc1,5.148490905761719
CHEMBL387009,CCc1cccc2c1CNc1c(cccc1CCc1ccccc1)/C=C\2COc1cccc([N+](=O)[O-])c1,4.499208450317383
CHEMBL322446,COc1ccc(/C=C(\C#N)c2cc(OC)c(OC)c(OC)c2)cc1,5.295821189880371
CHEMBL466248,CC(C)c1onc(COc2ccccc2)c1COc1ccc(/C=C/c2cccc(C(=O)O)c2)c(Cl)c1,4.365493297576904
CHEMBL136938,COC(=O)c1ccc(/C=C(/c2ccc3c(c2)C(C)(C)CCS3)C(F)(F)F)cc1,6.7857866287231445
CHEMBL101547,CCc1onc(-c2c(Cl)cccc2Cl)c1COc1cc(C)c(/C=C/c2ccc(C(=O)O)cc2)c(C)c1,4.716440677642822
CHEMBL225812,CN(C)c1ccc(/C=C/c2ccc3nonc3c2)cc1,4.001011848449707
CHEMBL444805,CC1C(c2ccccc2)=C(c2ccc(S(C)(=O)=O)cc2)ON1C,4.778646469116211
CHEMBL15162,CCC1=C(c2ccccc2)c2ccc(OCC(O)CO)cc2Oc2ccccc21,4.574672222137451
CHEMBL266816,CC1CCN(C2=Cc3ccccc3Cc3ccc(Cl)cc32)CC1,4.984747886657715
CHEMBL85675,CCN(CC)CCOc1ccc(/C(=C(/Br)c2ccccc2)c2ccc(O)cc2)cc1,4.820743560791016
CHEMBL192325,O=C1C(c2ccc(O)cc2)=C(O)c2ccc(O)cc21,4.211636066436768
CHEMBL179723,CS(=O)(=O)c1ccc(C=C(c2ccc(F)cc2)c2ccc(F)cc2)cc1,5.7181477546691895
CHEMBL199292,COc1ccc(/C(=C\c2ccc(OC)c(OC)c2)CN2CCCC[C@H]2C)cc1,3.861809253692627
CHEMBL102557,COc1ccc(/C=C(/C=O)c2cc(OC)c(OC)c(OC)c2)cc1,4.636459827423096
CHEMBL496861,CN(C)C(=O)c1ccc2c(c1)NC(=O)/C2=C(\Nc1ccc(CN2CCCCC2)cc1)c1ccccc1,4.905486583709717
CHEMBL427636,CN(C)CCC1=C(c2ccc(C(C)(C)C)cc2)N2CCCN=C2c2ccccc21,5.595605850219727
CHEMBL450921,O=C(O)CC1=C/C(=C\c2ccc(C(=O)O)cc2)c2ccc(F)cc21,3.894706964492798
CHEMBL457184,O=C(O)CC1=C/C(=C\c2ccc(F)c3ccccc23)c2ccc(F)cc21,4.397576808929443
CHEMBL364845,CC(=O)NCC(=O)N1c2ccccc2C=Cc2ccccc21,4.999927520751953
CHEMBL197819,COc1ccc(/C(=C\c2ccc(OC)c(OC)c2)CN2CCCC[C@@H]2C)cc1,3.861809253692627
CHEMBL464004,COc1ccc(/C=C\c2cc(O)cc(O[C@@H]3O[C@H](CO)[C@@H](O)[C@H](O)[C@H]3O)c2)cc1,4.166227340698242
CHEMBL514522,O=C1Nc2cc(C(F)(F)F)ccc2/C1=C1\C(=O)Nc2ccc(Cl)cc21,5.047332763671875
CHEMBL476375,O=C1Nc2cc(C(F)(F)F)ccc2/C1=C1\C(=O)Nc2ccc(F)cc21,4.9388885498046875
CHEMBL217824,COc1ccc(/C=C\c2cc(OC)c(OC)c(OC)c2[N+](=O)[O-])cc1,4.803847312927246
CHEMBL179821,FC(F)(F)c1cccc(/C=C\c2cc(Cl)cc(Cl)c2)c1,5.200282096862793
CHEMBL189830,CN(C)CCOc1ccc(/C(=C/c2ccccc2)c2ccccc2)cc1,3.986114740371704
CHEMBL390533,COc1ccc(/C=C/c2cc(OC)cc(OC)c2CNC2CCCC2)cc1,4.411973476409912
CHEMBL72162,C=C1c2ccccc2C=C(N2CCN(C)CC2)c2cc(Cl)ccc21,5.094057559967041
CHEMBL303768,CC1=CC(C)(C)Nc2ccc3c(c21)C(=C(c1ccccc1)c1ccccc1)Oc1ccc(F)cc1-3,5.83024263381958
CHEMBL361541,FC(F)(F)c1cccc(/C=C/c2cc(Cl)cc(Cl)c2)c1,5.200282096862793
CHEMBL190440,COC(=O)/C=C/c1cccc(N(Cc2ccc(/C=C/c3ccccc3F)cc2)C(=O)NC(C)C)c1,5.898493766784668
CHEMBL56576,Cc1ccc(C)c(/C=C/c2cc(C)c(O)c(C)c2)c1,4.042181968688965
CHEMBL180216,Oc1ccc(/C=C/c2ccc3ccccc3c2)cc1,4.620923042297363
CHEMBL440541,O=C1c2ccccc2C(=Cc2ccc(F)cc2)c2ccccc21,4.891578674316406
CHEMBL326023,COc1ccc2c(c1)OC(c1ccc(OCCN3CCCCC3)cc1)C(c1ccccc1)=C2,4.916634559631348
CHEMBL179749,COc1ccc(/C=C\c2ccc3ccccc3c2)cc1N,4.6454572677612305
CHEMBL104367,CC/C(=C(/c1ccc(O)cc1)c1cccc(OCC(=O)O)c1)c1ccccc1,4.579622268676758
CHEMBL335282,COc1ccc(C=C2c3cccc(O)c3C(=O)c3c(O)cccc32)cc1OC,5.514415264129639
CHEMBL82022,COc1ccc(/C=C(\C#N)c2ccc(OC)cc2)cc1,4.967573165893555
CHEMBL225116,COc1cc(C2=C(c3ccc(SC)cc3)CC(O)/C2=N/O)cc(OC)c1OC,4.611136436462402
CHEMBL388150,COc1ccc(C2=C(c3cc(OC)c(OC)c(OC)c3)C(=O)C(OC(C)=O)C2)cc1,3.939732313156128
CHEMBL222241,CC(=O)OC1C/C(=N/O)C(c2ccccc2)=C1c1ccccc1,4.6286468505859375
CHEMBL199043,O=C1Oc2ccccc2/C1=C\c1ccc(OC(=O)c2ccccc2)cc1,4.710407257080078
CHEMBL222336,COc1ccc(C2=C(c3cc(OC)c(OC)c(OC)c3)/C(=N\O)CC2O)cc1,4.95297908782959
CHEMBL221499,COc1ccc(C2=C(c3cc(OC)c(OC)c(OC)c3)C(=O)C(O[SiH2]C(C)(C)C)C2)cc1,7.099521636962891
CHEMBL224936,COc1ccc(C2=C(c3cc(OC)c(OC)c(OC)c3)/C(=N\O)C(O)C2)cc1,4.594448089599609
CHEMBL109802,OC[C@H]1O[C@@H](Oc2cc(/C=C/c3cc(O)cc(O)c3)ccc2O)[C@H](O)[C@@H](O)[C@@H]1O,3.803138256072998
CHEMBL313685,CC/C(=C(\c1ccc(Br)cc1)c1ccc(OCCN(C)C)cc1)c1ccccc1,4.835146903991699
CHEMBL334586,CC1=CC(C)(C)Nc2ccc3c(c21)/C(=C/c1ccccc1Br)Oc1ccc(F)cc1-3,5.931837558746338
CHEMBL78319,CCOc1ccc(/C=C/c2cc(OC)c(OC)c(OC)c2)cc1,4.489020347595215
CHEMBL192466,COc1cc(/C=C\c2ccc(C(=O)O)cc2)cc(OC)c1OC,4.934319019317627
CHEMBL511492,Fc1ccc(C2=C(c3ccc(OCCN4CCCC4)cc3)c3ccc(F)cc3OCC2)cc1,3.8918545246124268
CHEMBL499861,Oc1ccc(/C=C/c2cc(O)cc3c2[C@@H](c2cc(O)cc4c2[C@H](c2cc(O)cc5c2[C@@H](c2cc(O)cc(O)c2)[C@H](c2ccc(O)cc2)O5)[C@@H](c2ccc(O)cc2)O4)[C@H](c2ccc(O)cc2)O3)cc1,3.891575813293457
CHEMBL361212,FC(F)(F)c1ccc(/C=C/c2cc(C(F)(F)F)cc(C(F)(F)F)c2)cc1,4.193979263305664
CHEMBL75048,O=C(O)c1ccc2c(c1)OCC(c1ccc(O)c(C34C[C@H]5C[C@@H](C3)C[C@@H](C4)C5)c1)=C2,4.992003440856934
CHEMBL242853,O=C(O)c1cc(/C=C/c2c(F)c(F)c(/C=C/c3ccc(O)c(C(=O)O)c3)c(F)c2F)ccc1O,4.013505458831787
CHEMBL438335,COc1cc2c(cc1OC)/C(=C\c1ccc(NC(=O)Nc3ccc(N(C)C)cc3)cc1)C(=O)N2,5.002100944519043
CHEMBL130728,N#Cc1ccc(C=C2c3cccc(O)c3C(=O)c3c(O)cccc32)cc1,5.907477378845215
CHEMBL43741,COc1cc(/C=C/c2cc(OC)c(OC)c(OC)c2)cc(OC)c1,4.622225761413574
CHEMBL362265,COc1cccc(/C=C\c2cc(Cl)cc(Cl)c2)c1,4.918684482574463
CHEMBL366280,CCCCCSCCCCCCCCCC/C(=C(/CC)c1ccc(O)cc1)c1ccc(O)cc1,5.382707595825195
CHEMBL466318,CC(C)c1onc(-c2ccc(S(C)(=O)=O)cc2Cl)c1COc1ccc(/C=C/c2cccc(C(=O)O)c2)c(Cl)c1,3.9306328296661377
CHEMBL90277,Cc1cccc2c1/C(=C/c1ccc(N3CCOCC3)cc1)C(=O)N2,5.680961608886719
CHEMBL378103,Cc1n(O)c2ccc(/C=C/c3ccccc3)cc2[n+]1[O-],5.092519760131836
CHEMBL189735,COC(=O)/C=C/c1cccc(N(Cc2ccc(/C=C/c3c(Cl)cccc3Cl)cc2)C(=O)C2CCCCC2)c1,4.56965446472168
CHEMBL370265,CC/C(=C(\c1ccccc1)c1ccc(S(C)(=O)=O)cc1)c1ccc(OC(C)=O)cc1,5.4458723068237305
CHEMBL441240,O=C(/C(=C\c1ccccc1)c1ccccc1)c1ccc(O)cc1,5.9107279777526855
CHEMBL67837,CC1=C(c2ccc(O)cc2)[C@@H](c2ccc(OCCN3CCCCC3)cc2)Oc2cc(O)ccc21,4.077587127685547
CHEMBL216956,COc1ccc(/C=C\c2cc(OC)c(OC)c(OC)c2N)cc1N,4.482285499572754
CHEMBL103307,O=C1Nc2ccccc2/C1=C\c1ccc(O)cc1,5.341753959655762
CHEMBL258268,CNc1ccc(/C=C/c2ccc(-c3nc4cc(OCCCF)ccc4o3)cc2)cc1,5.005588531494141
CHEMBL429322,Nc1ccc(/C=C/c2ccc(-c3nc4cc(OCCCF)ccc4o3)cc2)cc1,4.776300430297852
CHEMBL390304,NCCCNCCCCNCCCNC(=O)N1c2ccccc2C=Cc2ccccc21,6.199687480926514
CHEMBL459765,COc1cc(/C=C/c2ccc(NC(=O)[C@H](C)NP(=O)(OC(C)C)OC(C)C)cc2)cc(OC)c1,6.133217811584473
CHEMBL177719,CCCCCC(=C(c1ccccc1)c1ccccc1)c1ccc(S(=O)(=O)OC)cc1,5.9713592529296875
CHEMBL78545,C[Si](C)(C)c1ccc(C2=Cc3ccccc3C3=NCCN23)cc1,6.134814739227295
CHEMBL227066,[O-][n+]1onc2cc(/C=C/c3ccc(C(F)(F)F)cc3)ccc21,3.9918880462646484
CHEMBL354660,CC/C(=C(/c1ccc(I)cc1)c1ccc(OCCN2CCCC2)cc1)c1ccc(O)cc1,4.249255180358887
CHEMBL8636,Cc1ccc(/C=C/c2cc(C(C)(C)C)c(O)c(C(C)(C)C)c2)cc1,6.223395824432373
CHEMBL532557,CS(=O)(=O)c1ccc2c(c1)CCN(CCC1CCC(NC(=O)C(=Cc3ccc(Cl)cc3Cl)c3ccc(-c4ccccc4)cc3)CC1)CC2,5.064065933227539
CHEMBL328521,CC1(C)C(c2ccc(S(C)(=O)=O)cc2)=C(c2ccccc2)C1O,5.909222602844238
CHEMBL421891,CCCNC(=O)c1cc(/C=C/c2ccc(F)cc2)ccc1-c1ccc(Cl)cc1,4.512291431427002
CHEMBL167357,CC1(C)OC(c2ccc(S(N)(=O)=O)cc2F)=C(c2cc(F)cc(F)c2)C1=O,5.953761100769043
CHEMBL309876,C1=C(c2ccc3ccccc3c2)N2CCN=C2c2ccccc21,4.9128313064575195
CHEMBL10448,O=C(O)Cc1ccc2c(c1)C=Cc1ccc(Cl)cc1O2,3.3751587867736816
CHEMBL297804,CSc1ccc(C2=C(c3ccc(F)cc3)C(=O)N3CCCC3C2)cc1,4.670098304748535
CHEMBL29525,CC/C(=C(/c1ccccc1)c1ccc(OC(C)=O)c(OC(C)=O)c1)c1ccc(OC(C)=O)c(OC(C)=O)c1,5.237582206726074
CHEMBL208559,COc1cc(/C=C\c2ccc3cc[nH]c3c2)cc(OC)c1OC,5.0254058837890625
CHEMBL219439,COc1ccc(/C=C2/c3ccccc3C(=O)c3ccsc32)c(OC)c1O,4.598364353179932
CHEMBL196213,COc1ccc(S(=O)(=O)OCC(CO)COc2ccc(/C=C/c3ccc(N(C)C)cc3)cc2)cc1,4.310338497161865
CHEMBL16669,O=C1NCc2c(-c3ccccc3)cc3[nH]c4ccc(/C=C/c5ccccc5)cc4c3c21,4.7526726722717285
CHEMBL298024,COc1ccccc1C1=C(c2ccc(S(C)(=O)=O)cc2)OC(C)(C)C1=O,5.699660301208496
CHEMBL10997,CCC(=C(c1ccc(OC(C)=O)cc1)c1ccc(OC(C)=O)cc1)c1ccc(OC(C)=O)cc1,4.532311916351318
CHEMBL11374,CC/C(=C(/Cc1ccc(OCN(C)C)cc1)c1ccccc1)c1ccccc1,4.431528568267822
CHEMBL48332,CS(=O)(=O)c1ccc(C2=C(c3ccccc3)C(=O)N(c3ccc(F)cc3)C2)cc1,5.71972131729126
CHEMBL11325,CC/C(=C(\Cc1ccccc1)c1ccc(OCN2CCCC2)cc1)c1ccccc1,4.3365678787231445
CHEMBL441035,COc1cc(/C=C/c2cc(OC)cc(OC)c2)cc(OC)c1,4.153225421905518
CHEMBL518587,O=C(O)/C(=C/c1ccccc1O)c1ccccc1,4.781460285186768
CHEMBL125587,COC(=O)c1ccc(/C=C(\C)c2ccc3c(c2)C(C)(C)CCS3)cc1,6.89235782623291
CHEMBL274853,CCCCCC(=O)c1cccc(/C=C/c2ccccc2)c1,5.545434474945068
CHEMBL352854,CCC1(C)OC(c2ccc(S(C)(=O)=O)cc2)=C(c2cccc(C(F)(F)F)c2)C1=O,6.5823822021484375
CHEMBL489156,COc1cc(OC)c(/C=C2/C(=O)Nc3ccccc32)c(OC)c1,4.734776020050049
CHEMBL74707,COc1ccc(/C=C\c2cc(OC)c(OC(C)=O)c(OC)c2)cc1,3.759631395339966
CHEMBL382323,O=C1Nc2ccccc2/C1=C\c1cccc(O)c1,5.377065658569336
CHEMBL192326,O=C1C(c2ccc(O)cc2)=C(O)c2cc(O)cc(O)c21,4.416022300720215
CHEMBL363681,COc1ccc(/C=C\c2cc(OC)c(OC)c(OC)c2)cc1N(CCO)CCO,3.8256654739379883
CHEMBL508741,COc1ccc2c(c1)CCCC(c1cc(OC)c(OC)c(OC)c1)=C2,4.485879898071289
CHEMBL247930,COc1cc(/C=C/c2cccc(/C=C/c3ccc(N)c(OC)c3)c2)ccc1N,4.362277030944824
CHEMBL344644,CC1=CC(C)(C)Nc2ccc3c(c21)/C(=C/c1c(F)cccc1F)Oc1ccccc1-3,5.7887773513793945
CHEMBL72732,CC/C(=C(/CC)c1ccc(O)c(O)c1)c1ccc(O)cc1,4.456503868103027
CHEMBL387031,CCc1cccc2c1CNc1c(cccc1CCc1ccccc1)/C=C\2COc1ccc(OC)cc1,4.046853542327881
CHEMBL240342,CC/C(=C(/c1ccc(Br)cc1)c1ccc(OCCN)cc1)c1ccccc1,5.666693687438965
CHEMBL445702,COc1cc(O)cc(/C=C/c2ccccc2)c1CC=C(C)C,5.220248222351074
CHEMBL81715,Oc1ccc(C2=Cc3ccccc3C3=NCCN23)cc1,5.061117649078369
CHEMBL93596,O=[N+]([O-])c1ccc(OCc2ccsc2)cc1/C=C(/CO)c1ccccc1,5.079631805419922
CHEMBL190025,CCSC1=C(c2ccc(O)cc2)C(=O)c2cc(O)cc(O)c21,4.728945732116699
CHEMBL466358,COc1ccc(/C(F)=C/c2cc(OC)c(OC)c(OC)c2)cc1N,4.541291236877441
CHEMBL310855,NC(=O)C(Cc1ccccc1)NC(=O)c1ccccc1/C=C/c1cccc2ccccc12,4.652621746063232
CHEMBL48675,N#Cc1ccc(C2=C(c3ccc(O)cc3)c3ccc(O)cc3C2)cc1,4.99238920211792
CHEMBL433317,CCC[C@H]1Cc2cc(O)ccc2C2=C1c1ccc(O)cc1C[C@@H]2CCC,3.2543599605560303
CHEMBL374139,COc1ccc(/C=C2/c3ccccc3C(=O)c3ccsc32)cc1OC,4.671991348266602
CHEMBL114890,Cc1ccc(NC(=O)CCC2CCCCC2)cc1/C=C(\C#N)c1ccc2c(c1)OCO2,4.927433967590332
CHEMBL460742,CN1CCN(c2ccccc2/C=C2/C(=O)Nc3ccccc32)CC1,4.582633018493652
CHEMBL194766,COc1ccc(/C=C/c2cc(OC)c(OC)c(OC)c2)cc1OCCCO,5.1314544677734375
CHEMBL310238,Fc1ccccc1C1=Cc2ccccc2C2=NCCN12,4.632216453552246
CHEMBL512217,COc1ccc(/C=C\c2ccc3c(c2)C(C)(C)CCC3(C)C)cc1O,6.644308090209961
CHEMBL490482,Oc1cc(O)cc(/C=C/c2cccc(F)c2)c1,4.702749252319336
CHEMBL487587,Oc1cc(O)cc(/C=C/c2ccc3ccccc3c2)c1,4.896744728088379
CHEMBL279249,CS(=O)(=O)c1ccc(C2=C(c3ccc(F)c(F)c3)C(=O)CC2)cc1,5.018587112426758
CHEMBL67727,CN(C)Cc1cc(/C(=C(\C#N)c2ccccc2)c2ccc(O)cc2)ccc1O,5.326168060302734
CHEMBL474731,COc1ccc(/C=C(/c2cc(OC)cc(OC)c2)C(F)(F)F)cc1,4.687091827392578
CHEMBL150510,COc1ccc(/C=C\c2cc(OC)c3c(c2)OCO3)cc1NC(=O)C(N)Cc1ccc(O)cc1,4.876930236816406
CHEMBL148177,CC(=O)Oc1ccc(/C(=C\c2ccccc2)C(=O)c2ccccc2)cc1,5.556936740875244
CHEMBL378162,O=C1Nc2cc(O)ccc2/C1=C\c1cccc(O)c1,4.684256076812744
CHEMBL115451,COC(=O)c1cc(C=C2c3ccccc3C(=O)c3ccccc32)ccc1O,5.284061908721924
CHEMBL377088,O=C1c2ccccc2C(O)C1C1c2ccccc2C=Cc2ccccc21,4.699740409851074
CHEMBL433372,Oc1ccc(C2=Cc3cc(O)ccc3C2CCCCCCN2CCCCC2)cc1,3.618248224258423
CHEMBL6718,CC/C(=C(\c1ccc(I)cc1)c1ccc(OCCCCCCCCN(C)C)cc1)c1ccccc1,5.228410720825195
CHEMBL282979,COc1ccc(/C=C/c2ccccc2C(=O)NC(C=O)Cc2ccccc2)cc1OC,5.145415306091309
CHEMBL232243,COc1cc(/C=C/c2cc(O)c(C/C=C(\C)CCC=C(C)C)c(O)c2)cc2c1O[C@]1(C)C[C@@H](O)[C@@H](O)C(C)(C)[C@H]1C2,5.457462310791016
CHEMBL485642,COC(=O)c1ccc2c(c1)NC(=O)/C2=C(\Nc1cccc(C(=O)N(C)CCN(C)C)c1)c1ccccc1,5.233647346496582
CHEMBL184374,CC/C(=C\c1ccc(C)cc1)c1ccc(S(C)(=O)=O)cc1,5.366105556488037
CHEMBL200933,COc1cc(-c2ccc3c(c2)NC(=O)/C3=C\c2cccc(OC)c2OC)ccc1O,4.889860153198242
CHEMBL381410,O=C1Oc2ccc(O)cc2/C1=C\c1ccccc1,4.924895286560059
CHEMBL186237,COc1ccccc1C1=C(c2ccc(OCCN(C)C)cc2)c2ccccc2OCC1,4.428777694702148
CHEMBL441231,Cc1cc2c(cc1/C=C/c1ccc(C(=O)O)cc1)C(C)(C)CCC2(C)C,6.7564215660095215
CHEMBL371777,CC1=C(c2ccc(O)cc2)C(=O)c2cc(O)ccc21,3.9620273113250732
CHEMBL375438,O=S(=O)(Oc1ccccc1)C1CC2OC1C(c1cccc(O)c1)=C2c1ccc(O)cc1,4.861710548400879
CHEMBL86745,CCN(CC)CCCCCCC1C(c2ccc(O)cc2)=C(C)c2cc(O)ccc21,3.9695963859558105
CHEMBL355875,CCC1(CC)OC(c2ccc(S(C)(=O)=O)cc2)=C(c2cccc(C)c2)C1=O,5.797492027282715
CHEMBL349666,COc1cccc(C2=C(c3cc(OC)c(OC)c(OC)c3)C(=O)OC2)c1,4.5539231300354
CHEMBL106521,COc1cc(CCc2ccc(C3=Cc4ccccc4C4=NCCCN34)cc2)cc(OC)c1OC,5.566204071044922
CHEMBL18797,CSc1ccc(/C=C2/C(C)=C(CC(=O)O)c3cc(F)ccc32)cc1,4.097441673278809
CHEMBL328616,CC(=O)Oc1ccccc1C1=C(c2ccc(S(C)(=O)=O)cc2)COC1=O,4.4309916496276855
CHEMBL76233,C/C(=C\c1ccc(C(=O)O)cc1)c1ccc2c(c1)C(C)(C)CCC2,7.163162708282471
CHEMBL142945,Oc1ccc(/C=C/c2cc(O)c(I)c(O)c2)cc1,4.2700419425964355
CHEMBL144357,O=C(/C(=C\c1ccc(O)cc1)c1ccccc1)c1ccc(O)cc1,5.920024871826172
CHEMBL247111,CCO[C@@H](Cc1ccc(OC/C=C/c2cc(/C=C/c3ccccc3)cc(/C=C/c3ccccc3)c2)cc1)C(=O)O,3.8972833156585693
CHEMBL390532,COc1ccc(/C=C/c2cc(OC)cc(OC)c2/C=N/C2CCCCC2)cc1,4.582372188568115
CHEMBL48821,Oc1ccc(C2=C(c3ccc(Br)cc3)Cc3cc(O)ccc32)cc1,4.440871238708496
CHEMBL442233,OCc1ccc(/C=C/c2ccc(O)c(O)c2)cc1,4.348447799682617
CHEMBL502484,COc1ccc(/C=C\c2cc(OC)c3occc3c2)cc1O,3.956012010574341
CHEMBL466641,CC(C)c1onc(COc2c(Cl)cc(Cl)cc2Cl)c1COc1ccc(/C=C/c2cccc(C(=O)O)c2)c(Cl)c1,3.549909830093384
CHEMBL166406,CCC1(C)OC(c2ccc(S(C)(=O)=O)cc2)=C(c2cccc(Cl)c2)C1=O,6.645087718963623
CHEMBL249485,COc1ccc(C2=C(c3ccc(C)cc3)C(=O)N3CCCC3C2)cc1,4.648593902587891
CHEMBL88493,COc1c(Cl)cc(C2=C(c3ccc(S(N)(=O)=O)cc3)CC3(CC3)C2)cc1Cl,6.208898544311523
CHEMBL63770,N=C(N)c1ccc(/C=C\c2ccc3c(c2)CCN(CC(=O)O)C3=O)cc1,4.071636199951172
CHEMBL338105,CS(=O)(=O)c1ccc(C2=C(c3ccc(C#N)cc3)CCC2)cc1,5.970780849456787
CHEMBL398751,COc1ccc(C2=C(c3cccc(NCCCCCC(=O)OC(=O)CCCC[C@@H]4SC[C@@H]5NC(=O)N[C@@H]54)c3)C(=O)N3CCCC3C2)cc1,5.088658332824707
CHEMBL103212,COc1ccc(/C=C2/C(=O)Nc3ccccc32)cc1C(C)(C)C,6.844954490661621
CHEMBL477753,COc1cc(/C=C/c2ccc(O)cc2)cc(O[C@@H]2O[C@H](CO[C@@H]3O[C@@H](C)[C@H](O)[C@@H](O)[C@H]3O)[C@@H](O)[C@H](O)[C@H]2O)c1,4.350832462310791
CHEMBL76282,CCCC[C@@H]1C(c2ccc(O)cc2)=C(CC)c2ccc(O)cc21,4.860485076904297
CHEMBL318034,CN(C(=O)C1C(c2ccccc2)=C1c1ccc(Cl)cc1)[C@H]1CCCC[C@@H]1N1CCCC1,4.73679256439209
CHEMBL487532,CN1CCN(c2ccc(N/C=C3\C(=O)NC(=O)c4ccc(/C=C/c5ccccc5)cc43)cc2)CC1,4.523129940032959
CHEMBL139631,COc1cccc(/C=C2\Oc3ccccc3-c3ccc4c(c32)C(C)=CC(C)(C)N4)c1,5.7762370109558105
CHEMBL383273,COc1cc(/C=C/c2cc(OC)c(O)c(OC)c2)cc(OC)c1,4.530573844909668
CHEMBL395876,N=C(N)NCCC[C@H](NC(=O)[C@H](Cc1ccc(/C=C/c2ccccc2)cc1)NC(=O)[C@@H](N)CCCNC(=N)N)C(N)=O,5.119028091430664
CHEMBL93999,C1=Cc2ccccc2N(CCCCN2CCCC2)c2ccccc21,4.979527473449707
CHEMBL167828,CC1(C)OC(c2ccc(S(N)(=O)=O)cc2F)=C(c2ccccc2)C1=O,6.292370796203613
CHEMBL301769,Nc1nc(N)c2nc(CN3c4ccccc4C=Cc4ccccc43)cnc2n1,5.243609428405762
CHEMBL135138,CC1=CC(C)(C)Nc2ccc3c(c21)/C(=C/c1cccc(F)c1F)Oc1ccccc1-3,5.901205062866211
CHEMBL18719,C(=C(\c1ccccc1)N1CCN(CCCCc2ccccc2)CC1)\c1ccccc1,3.914764404296875
CHEMBL76975,COc1ccc(C2=C(c3cc(OC)c(OC)c(OC)c3)CCS2)cc1O,4.645328044891357
CHEMBL321182,Cc1cc(F)ccc1C1=C(c2ccc(S(C)(=O)=O)cc2)CCC1,5.089720726013184
CHEMBL177065,Oc1cccc(/C=C\c2ccc3ccccc3c2)c1,4.658376693725586
CHEMBL78527,COC(=O)/C(=C\c1ccc(OC)cc1)c1ccc(OC)cc1,4.32234001159668
CHEMBL233231,O=C(O)c1cccc(C2=C(c3ccccc3OCc3ccc(Cl)c(Cl)c3)CCC2)c1,4.805992603302002
CHEMBL391315,CC(=O)Nc1cc(-c2ccccc2)c(-c2nnc3n2NC(c2ccccc2)=C(c2ccccc2)S3)s1,5.731164455413818
CHEMBL355074,CCCCc1ccc(C2=C(c3ccc(S(C)(=O)=O)cc3)OC(C)(C)C2=O)cc1,6.169981002807617
CHEMBL510988,COc1cc2c(c(O)c1C)Oc1c(O)ccc(OC)c1C=C2,3.6924705505371094
CHEMBL372633,O=c1cc(N2CCOCC2)oc2c(/C=C/c3ccc(F)cc3)cccc12,4.414763450622559
CHEMBL113598,COc1ccc(/C=C/c2cc(O)cc(O[C@@H]3O[C@H](COC(=O)c4cc(O)c(O)c(O)c4)[C@@H](O)[C@H](O)[C@H]3O)c2)cc1O,4.268745422363281
CHEMBL386803,COc1ccc(/C=C\c2cc(OC)c(OC)c(OC)c2N)cc1O,4.6995439529418945
CHEMBL231775,OCCCCCCCCCCc1c(O)cc(/C=C/c2ccc(O)cc2)cc1O,4.992396354675293
CHEMBL179143,COc1ccc(/C=C\c2ccc3ccccc3c2)cc1[N+](=O)[O-],5.1666154861450195
CHEMBL109030,CS(=O)(=O)c1ccc(C2=C(c3ccc(C(F)(F)F)cc3)CCC2)cc1,5.799906253814697
CHEMBL270429,Nc1ccc(/C=C/c2ccc(-c3nc4ccc(OCCF)cc4s3)cc2)cc1,4.732866287231445
CHEMBL229139,C1=C(c2ccc3c(c2)OCO3)Cc2ccccc21,4.5923004150390625
CHEMBL260539,CS(=O)(=O)c1ccc(/C=C(/C(=O)OCCO[N+](=O)[O-])c2ccccc2)cc1,5.55220365524292
CHEMBL171872,COc1ccc(/C=C/c2ccccc2NC(=O)c2ccc(OC)cc2)cc1,4.997632026672363
CHEMBL34733,C[Si](C)(C)c1cccc(/C=C/c2ccc(C(=O)O)cc2)c1,6.162284851074219
CHEMBL323572,CC(C)(C)c1cc(/C=C2/C(=O)Nc3ccccc32)cc(C(C)(C)C)c1O,6.73472785949707
CHEMBL206345,C[N+]1(C)C2CCC1CC(OC1c3ccccc3C=Cc3ccccc31)C2,5.53378963470459
CHEMBL417621,C/C(=C\c1ccc(O)cc1)c1ccccc1,5.064825057983398
CHEMBL301304,CCCC/C(=C\c1cc(C)c(O)c(C)c1)c1ccc(F)cc1,4.094985008239746
CHEMBL82991,C(=C/c1ccc(OCCNCc2ccccc2)cc1)\c1ccccc1,4.707576751708984
CHEMBL233696,CC(C)(C)c1onc(-c2c(Cl)cccc2Cl)c1COc1ccc(/C=C/c2cccc(C(=O)O)c2)c(Cl)c1,5.736246109008789
CHEMBL414213,CCC1Cc2cc(O)ccc2C2=C1c1ccc(O)cc1CC2CC,3.024951934814453
CHEMBL85021,CC(C)c1cc(/C=C2\C(=O)Nc3ccccc32)cc(C(C)C)c1O,5.888218402862549
CHEMBL178866,COc1ccc(/C=C\c2cc(F)cc(F)c2)cc1,4.620626449584961
CHEMBL238295,O=c1oc2ccccc2c(O)c1C(c1ccc(/C=C/c2ccccc2)cc1)c1c(O)c2ccccc2oc1=O,4.731410980224609
CHEMBL49468,O=[N+]([O-])c1cccc(C2=C(c3ccc(O)cc3)c3ccc(O)cc3C2)c1,4.845098495483398
CHEMBL434688,COc1ccc(C2=C3c4cc(OC)c(OC)cc4CCN3C(=O)C2=O)cc1,3.820690870285034
CHEMBL188163,COc1ccc(/C=C\c2cc(OC)c(OC)c(OC)c2)cc1OCCN(CCCl)CCCl,4.202540874481201
CHEMBL37688,CCCCOP(=O)(OCCCC)Oc1cc(/C=C\c2cc(OC)c(OC)c(OC)c2)ccc1OC,6.2886786460876465
CHEMBL75387,C/C(=C\c1ccc(C(=O)O)cc1)c1ccc2c(C)c(C)c(C)c(C)c2c1,3.7073960304260254
CHEMBL312268,Clc1ccc(C2=Cc3ccccc3C3=NCCN23)c(Cl)c1,4.400201320648193
CHEMBL233230,O=C(O)c1cccc(C2=C(c3ccccc3OCc3ccc(F)cc3F)CCC2)c1,5.303936958312988
CHEMBL166295,CC1(C)OC(c2ccc(S(N)(=O)=O)cc2)=C(c2ccccc2)C1=O,6.332310676574707
CHEMBL86895,COc1cc(/C=C\c2ccc([N+](=O)[O-])cc2)cc(OC)c1OC,4.9909234046936035
CHEMBL190682,O=C1C(c2ccc(O)cc2)=C(c2ccccc2)c2c(O)cc(O)cc21,5.350010871887207
CHEMBL276874,Clc1ccc(C2=Cc3ccccc3C3=NCCCN23)cc1,5.5123748779296875
CHEMBL246569,COc1ccc(/C=C\c2cccc(NC(=O)NCCCl)c2)cc1O,5.3625640869140625
CHEMBL308075,COc1cc(/C=C\c2ccc(C)cc2)cc(OC)c1OC,4.687839508056641
CHEMBL296455,CN(C)c1ccc(/C=C2/C(=O)Nc3ccccc32)cc1,5.151146411895752
CHEMBL174756,COS(=O)(=O)c1ccc(C(C)=C(c2ccccc2)c2ccccc2)cc1,5.817193508148193
CHEMBL442760,CN1CC(c2ccccc2)=C(c2ccc(S(C)(=O)=O)cc2)O1,4.036211013793945
CHEMBL515339,O=C1Nc2ccccc2/C1=C\c1cc(O)ccc1O,5.4325408935546875
CHEMBL516733,COc1ccc(/C=C2/C(=O)Nc3cc(Cl)ccc32)cc1O,5.059223175048828
CHEMBL73439,CCC1=C(c2ccc(O)cc2)[C@@H](CC)c2cc(O)ccc21,5.0736494064331055
CHEMBL449773,O=C1Nc2ccccc2/C1=C\c1cccc(C(F)(F)F)c1,5.745708465576172
CHEMBL75898,CC/C(=C(/CC)c1ccc(O)c(OC)c1)c1ccc(O)cc1,4.4920196533203125
CHEMBL29781,CC/C(=C(\c1ccccc1)c1cccc(OC(C)=O)c1)c1ccc(OC(C)=O)c(OC(C)=O)c1,5.303548812866211
CHEMBL44142,CSc1ccc(C2=C3c4cc(C)ccc4CCC3OC2=O)cc1,3.8800318241119385
CHEMBL144164,CC(=O)Oc1ccc(/C=C(/C(=O)c2ccccc2)c2ccccc2)cc1,5.568166732788086
CHEMBL587282,COc1ccc2nccc([C@@H](O)CN3CCC(NC(=O)/C(=C/c4ccccc4)c4ccc(-c5ccccc5)cc4)CC3)c2c1,4.086390018463135
CHEMBL414893,COc1ccc(/C=C/c2cccc(O)c2)cc1,4.194889068603516
CHEMBL179770,FC(F)(F)c1ccc(/C=C\c2cc(Cl)cc(Cl)c2)cc1,4.9489946365356445
CHEMBL482245,COc1c(C)c(O)c2c(c1OC)C=Cc1c(O)cccc1O2,4.04205322265625
CHEMBL521616,COc1cc(/C=C\c2ccc3[nH]cnc3c2)cc(OC)c1,4.633894443511963
CHEMBL199594,COc1ccc(/C=C(/CN2CCCC[C@H]2C)c2ccc(O)cc2)cc1OC,3.9582440853118896
CHEMBL197918,COc1ccc(/C=C(/CN2CCCC[C@@H]2C)c2ccc(O)cc2)cc1OC,3.9582440853118896
CHEMBL354938,CCCCCCCCCCOc1ccc2cc(/C=C(C(/C)=C/C(=O)O)\c3cccc(C(=O)O)c3)ccc2c1,6.14967155456543
CHEMBL156301,O=C1c2ccccc2C(=Cc2ccc(Cl)cc2)c2ccccc21,5.0726704597473145
CHEMBL381645,Oc1ccc(C2=C(c3ccc(OCCN4CCCCC4)cc3)c3ccc(O)cc3C2)cc1,3.853943347930908
CHEMBL127617,Cn1cncc1C(OCc1ccc(C#N)cc1/C=C/c1ccc([N+](=O)[O-])cc1)c1ccc(C#N)cc1,5.381967544555664
CHEMBL444932,COc1ccc(/C=C(/C(=O)O)c2ccccc2)cc1,4.879238128662109
CHEMBL496862,CCN(C)C(=O)c1ccc2c(c1)NC(=O)/C2=C(\Nc1ccc(CN2CCCCC2)cc1)c1ccccc1,5.173107624053955
CHEMBL279301,CC/C(=C(/c1ccc(O)cc1)c1ccc(OCCN(C)C)cc1)c1ccccc1,4.789914131164551
CHEMBL314013,O=c1c(C(c2ccc(/C=C/c3ccccc3)cc2)c2c(O)oc3cc(O)ccc3c2=O)c(O)oc2cc(O)ccc12,4.9664483070373535
CHEMBL198853,CC(C)NC(=O)/C(=C\c1cccc(-c2cc(C(C)(C)C#N)cc3cccnc23)c1)c1ccc(S(C)(=O)=O)cc1,6.661443710327148
CHEMBL474935,COc1ccc(/C(C)=C/c2cc(O)cc(O)c2)cc1,4.336206436157227
CHEMBL175429,COc1cc(/C=C\c2ccc3ccccc3c2)cc(NC(C)=O)c1OC,6.325218200683594
CHEMBL371236,Oc1ccc(C2=C(c3ccc(F)cc3)c3ccc(O)cc3C2)cc1,4.43483304977417
CHEMBL219102,COc1cc(/C=C2/c3ccccc3C(=O)c3ccsc32)cc(OC)c1O,4.669322967529297
CHEMBL67543,CN(Cc1ccc(/C=C/c2ccccc2)cc1)Cc1cccc2ccccc12,3.36545991897583
CHEMBL51434,CS(=O)(=O)c1ccc(C2=C(c3ccc(F)cc3)C(=O)OC2)cc1,5.517326354980469
CHEMBL420987,CC1(C)C(=O)C(c2ccccc2)=C1c1ccc(S(C)(=O)=O)cc1,6.115224838256836
CHEMBL125462,COc1ccc(/C=C2\C=C(CCN3CCOCC3)c3ccccc32)cc1,4.915280342102051
CHEMBL421470,CSc1ccc(/C=C2\C=C(CCN3CCOCC3)c3ccccc32)cc1,4.865667819976807
CHEMBL108424,OCC(O)COc1ccc(C2Oc3ccccc3C=C2c2ccccc2)cc1,4.515444278717041
CHEMBL169014,ClCCN(CCCl)c1ccc(/C=C/c2ccccc2)cc1,4.69281005859375
CHEMBL81384,COc1cc(C2=Cc3ccccc3C3=NCCN23)cc(OC)c1OC,4.9249982833862305
CHEMBL246567,COc1ccc(/C=C/c2cccc(NC(=O)NCCCl)c2)cc1O,5.3625640869140625
CHEMBL122322,COc1cc(/C=C/c2ccc3cccnc3c2)cc(OC)c1OC,5.0353851318359375
CHEMBL28032,Oc1ccc2c(c1)CC(c1ccccc1)=C2c1ccccc1,5.640863418579102
CHEMBL283873,CC/C(=C(\c1ccccc1)c1ccc(OC(C)=O)cc1)c1ccc(OC(C)=O)c(OC(C)=O)c1,5.328522682189941
CHEMBL29475,CCC(=C(c1ccc(OC(C)=O)c(OC(C)=O)c1)c1ccc(OC(C)=O)c(OC(C)=O)c1)c1ccccc1,4.765590667724609
CHEMBL313151,CC1=C(c2ccc(O)cc2)C(CCCCCCN2CCCC2)c2ccc(O)cc21,4.023287296295166
CHEMBL168086,Cc1cccc(C2=C(c3ccc(S(C)(=O)=O)cc3)OC3(CCCC3)C2=O)c1,6.0004801750183105
CHEMBL487,CC/C(=C(/c1ccc(OCCN(C)C)cc1)c1cccc(O)c1)c1ccccc1,4.773963928222656
CHEMBL146506,C/C(=C\c1ccc(OCCN2CCOCC2)cc1)c1ccc2c(c1)C(C)(C)CCC2(C)C,5.285202980041504
CHEMBL12585,CC1(C)CCC(C)(C)c2cc(/C=C/c3ccc(C(=O)O)cc3)ccc21,7.199586868286133
CHEMBL178967,COc1ccc(/C=C\c2cc(Cl)cc(Cl)c2)cc1,4.733333110809326
CHEMBL86978,COc1cc(/C=C/c2cc(OC)c(OC)c(OC)c2)cc(OC)c1OC,4.591915130615234
CHEMBL202215,COc1ccc(C2=C(c3cc(OC)c(OC)c(OC)c3)C(=O)NC2=O)cc1,4.998830318450928
CHEMBL456987,CSc1ccc(-c2ccc(/C=C3\C=C(CC(=O)O)c4cc(F)ccc43)cc2)cc1,3.9153966903686523
CHEMBL368407,CS(=O)(=O)c1ccc(C2=C(c3ccc(S(N)(=O)=O)cc3)C(=O)OC2)cc1,5.285778522491455
CHEMBL102040,CN(C(=O)C1C(c2ccccc2)=C1c1ccccc1)[C@H]1CC[C@@]2(CCCO2)C[C@@H]1N1CCCC1,5.695547580718994
CHEMBL133124,CC1=CC(C)(C)Nc2ccc3c(c21)/C(=C/c1ccccc1C(F)(F)F)Oc1ccc(F)cc1-3,5.960489749908447
CHEMBL215432,COc1ccc(/C=C/c2ccc(O)c(O)c2)cc1,4.2746453285217285
CHEMBL427498,COc1cccc(/C=C/c2cc(Cl)cc(Cl)c2)c1,4.918684482574463
CHEMBL113028,C(=C/c1ccccc1)\c1ccccc1,4.2354326248168945
CHEMBL454434,COc1ccc(C2=C(c3ccccc3)C(=O)N3CCC[C@H]3C2)cc1,5.070208549499512
CHEMBL333230,COc1ccc(/C=C\c2cc(O)cc(O)c2)cc1O,4.287574291229248
CHEMBL84723,CC/C(=C(\c1ccc(OCCN(C)C)cc1)c1ccc([S+](C)[O-])cc1)c1ccccc1,4.832752227783203
CHEMBL353866,CS(=O)(=O)c1ccc(C2=C(c3ccccc3)C(=O)C3(CCCC3)O2)cc1,6.015105247497559
CHEMBL383871,COc1cc(/C=C2/C(=O)Nc3ccc(Cl)cc32)cc(OC)c1OC,5.162574768066406
CHEMBL496450,COc1ccc(/C=C\c2cc(OC)c(OC)c(OC)c2)c(O[C@H]2O[C@@H](CO)[C@H](O)[C@@H](O)[C@@H]2O)c1O,4.207726955413818
CHEMBL90947,CC1(C)CCC(C)(C)c2cc(/C=C\c3cccc(N)c3)ccc21,6.964239120483398
CHEMBL159754,COc1cc(C2=C(c3ccc(N)cc3)COC2=O)cc(OC)c1OC,4.572368144989014
CHEMBL385995,COc1ccc2c(c1)OC(c1ccc(O)cc1)C/C2=C\c1ccc(OCc2ccccc2)cc1,5.353076934814453
CHEMBL222337,COc1ccc(C2=C(c3cc(OC)c(OC)c(OC)c3)/C(=N\O)CC2OC(C)=O)cc1,4.445789813995361
CHEMBL73296,CCCOc1ccc(/C=C\c2cc(OC)c(OC)c(OC)c2)cc1,4.8325276374816895
CHEMBL248337,COc1ccc(/C=C/c2cccc(/C=C/c3ccc(OC)c(N(C)C)c3)c2)cc1N(C)C,3.8775126934051514
CHEMBL285179,C/C(=C\c1ccc2c(c1)C(C)(C)CCC2(C)C)c1ccc(C(=O)O)cc1,7.20176887512207
CHEMBL479343,COc1c(O)cc(/C=C/c2cc(O)cc3c2[C@@]2(C(=O)O3)c3c(O)cc(O)cc3O[C@@H]2c2ccc(O)cc2)cc1O,5.415970802307129
CHEMBL233145,O=C(NCC1CCCO1)c1ccc(/C=C/c2ccc(O)c(O)c2)cc1,2.9882068634033203
CHEMBL147559,O=C(/C(=C\c1ccccc1)c1ccccc1)c1ccccc1,5.773638725280762
CHEMBL506431,COc1ccc(/C=C\c2cc(F)c(F)c(F)c2)cc1N,3.8774728775024414
CHEMBL291809,CCN(CC)CCOc1ccc(/C(=C(/Cl)c2ccc(O)cc2)c2ccccc2)cc1,4.886591911315918
CHEMBL274044,CCC1=C(c2ccccc2)c2ccc(O)cc2Sc2ccccc21,5.539579391479492
CHEMBL275311,C/C(=C\c1ccc(C(=O)O)cc1)c1ccc2c(c1)C(C)(C)CCC2(C)C,6.78125
CHEMBL323166,CCN1C(=O)/C(=C/c2cc(C(C)(C)C)c(O)c(C(C)(C)C)c2)c2cc(OCc3ccccc3C(=O)O)ccc21,6.096443176269531
CHEMBL15668,CNCCSC1=Cc2ccccc2Sc2ccc(O)cc21,5.694491386413574
CHEMBL248453,COc1cc2cc(OC)c1OCCCCCCn1ccc3cc(ccc31)/C=C\2,4.507634162902832
CHEMBL13065,CC1(C)CCC(C)(C)c2cc(/C(=C/c3ccc(C(=O)O)cc3)C(F)(F)F)ccc21,6.628911972045898
CHEMBL223065,O=S(=O)(Oc1ccccc1)[C@H]1CC2OC1C(c1ccc(O)cc1)=C2c1ccc(O)cc1,5.019886016845703
CHEMBL373563,COc1ccc(OS(=O)(=O)C2CC3OC2C(c2ccc(O)cc2)=C3c2ccc(O)cc2)cc1,4.768052101135254
CHEMBL86893,C/C(=C/c1ccc2c(c1)C(C)(C)CCC2(C)C)c1ccc(C(=O)O)cc1,7.20176887512207
CHEMBL81446,COc1ccc(/C(C#N)=C/c2ccc(OC)c(OC)c2)cc1,5.138713359832764
CHEMBL14745,Oc1ccc(/C(F)=C/c2ccccc2)cc1,5.153460502624512
CHEMBL191836,O=C1C(c2ccc(O)cc2)=C(c2ccccc2)c2cc(O)cc(O)c21,5.625713348388672
CHEMBL1301,N=C(N)c1ccc(/C=C/c2ccc(C(=N)N)cc2O)cc1,3.603041172027588
CHEMBL47426,COc1ccc(/C=C\c2cc(OC)c(OC)c(OC)c2)cc1,4.617420196533203
CHEMBL29776,CC/C(=C(\c1ccccc1)c1ccc(OC(C)=O)c(OC(C)=O)c1)c1ccccc1,5.239667892456055
CHEMBL45396,CC(=O)c1cccc(C2=C(c3ccc(S(C)(=O)=O)cc3)OC(C)(C)C2=O)c1,6.307546615600586
CHEMBL166869,CCC1(C)OC(c2ccc(S(C)(=O)=O)cc2)=C(c2ccccc2)C1=O,6.36269998550415
CHEMBL72303,CCC1=C(c2ccccc2)[C@@H](C)c2cc(O)ccc21,5.579761981964111
CHEMBL428538,CN(C)CCSC1=Cc2ccccc2Sc2ccccc21,4.288344383239746
CHEMBL459124,COc1ccc(/C=C/c2cc(Br)c(OC)c(OC)c2)cc1O,4.989781856536865
CHEMBL8505,CC(C)(C)c1cc(/C=C/c2cccc(C(F)(F)F)c2)cc(C(C)(C)C)c1O,5.988132476806641
CHEMBL293150,Cc1cc(/C=C/c2c(F)cccc2F)cc(C)c1O,4.917614459991455
CHEMBL46774,CSc1ccc(C2=C(c3ccc(C)c(C)c3)C(=O)N3CCCC3C2)cc1,4.217694282531738
CHEMBL147669,CSc1ccc2c(c1)C(SCCN(C)C)=Cc1ccccc1O2,4.294910907745361
CHEMBL108975,CS(=O)(=O)c1ccc(C2=C(c3ccc(Cl)cc3Cl)CCC2)cc1,5.423256874084473
CHEMBL67931,COc1cc(Nc2c(C#N)cnc3cc(/C=C/c4ccccc4)ccc23)c(Cl)cc1Cl,5.619065284729004
CHEMBL501751,O=C1Nc2cc([N+](=O)[O-])ccc2/C1=C(/Nc1ccc(CN2CCCCC2)cc1)c1ccccc1,4.887517929077148
CHEMBL786,CC/C(=C(\c1ccccc1)c1ccc(OCCN(C)C)cc1)c1ccccc1.O=C(O)CC(O)(CC(=O)O)C(=O)O,4.839043617248535
CHEMBL122,CS(=O)(=O)c1ccc(C2=C(c3ccccc3)C(=O)OC2)cc1,5.279911994934082
CHEMBL488025,CC1=C(CC(=O)O)c2cc(F)ccc2/C1=C\c1ccc(S(C)(=O)=O)cc1,4.738897323608398
CHEMBL196731,Oc1ccc(/C=C/c2ccc(O)cc2)cc1,3.4590868949890137
CHEMBL259571,CC(C)c1c(O)cc(/C=C/c2ccccc2)cc1O,4.673186779022217
CHEMBL489,CC/C(=C(\c1ccc(O)cc1)c1ccc(OCCN(C)C)cc1)c1ccccc1,4.789914131164551
CHEMBL285802,CN(C)CCOC1=Cc2ccccc2Sc2ccc(Cl)cc21,5.149326801300049
CHEMBL83,CC/C(=C(\c1ccccc1)c1ccc(OCCN(C)C)cc1)c1ccccc1,4.833244323730469
CHEMBL302647,Cc1ccc(/C(=C(/C#N)c2ccccc2)c2ccc(O)cc2)cc1,6.2572102546691895
CHEMBL304867,COc1ccc(C(=C(C#N)c2ccccc2)c2ccc(OC)cc2)cc1,6.309047222137451
CHEMBL668,CNCCCC1c2ccccc2C=Cc2ccccc21,5.129321098327637
CHEMBL291808,CC1=C(c2ccc(O)cc2)C(c2ccc(OCCN3CCCCC3)cc2)Oc2cc(O)ccc21,4.031217575073242
CHEMBL75015,COc1ccc(/C=C/c2cc(OC)c(OCc3ccccc3)c(OC)c2)cc1,4.524730682373047
CHEMBL61360,CC(=O)N(O)C(C)c1ccc(/C=C/c2ccccc2)cc1,4.9286956787109375
CHEMBL267928,Nc1nc(N)c2c(/C=C\c3ccc4ccccc4c3)cccc2n1,5.419695854187012
CHEMBL490295,COc1cc(/C=C\c2ccc3[nH]ccc3c2)cc(OC)c1,4.518213272094727
CHEMBL82091,COc1ccc(/C(C#N)=C/c2cc(OC)cc(OC)c2)cc1,5.051969051361084
CHEMBL218747,CCc1cccc2c1CNc1c(cccc1CCc1ccccc1)/C=C\2COc1ccccc1NC(C)=O,5.435587406158447
CHEMBL20482,O=C1/C(=C/c2ccc(Cl)cc2)c2ccccc2N1CCCN1CCN(c2cccc(Cl)c2)CC1,4.426471710205078
CHEMBL126486,COc1cccc(/C=C/c2ccc(C(=O)Nc3cc(C(=O)Nc4nc(C(=O)NCCCN(C)C)c(CCC(C)C)s4)n(C)c3)cc2)c1,4.644009590148926
CHEMBL15770,CC1=C(CC(=O)O)c2cc(F)ccc2/C1=C\c1ccc([S+](C)[O-])cc1,3.7798495292663574
CHEMBL36255,COc1ccc(/C=C\c2cc(OC)c(OC)c(OC)c2)c(O)c1O,4.719995498657227
CHEMBL370753,OCCN1CCN(CCCN2c3ccccc3C=Cc3ccccc32)CC1,4.8237128257751465
CHEMBL83527,COc1cc(/C=C/c2ccc(O)cc2)cc(OC)c1,4.336413860321045
CHEMBL954,CCN(CC)CCOc1ccc(/C(=C(/Cl)c2ccccc2)c2ccccc2)cc1,4.950422763824463
CHEMBL289351,COc1ccc(/C=C\c2cc(OC)c(OC)c(OC)c2)cc1OP(=O)([O-])[O-].[Na+].[Na+],5.515900611877441
CHEMBL1655,CN(C)CCOc1ccc(/C(=C(/CCCl)c2ccccc2)c2ccccc2)cc1,4.985013961791992
CHEMBL504535,CCCN1CC(c2ccc(S(C)(=O)=O)cc2)=C(c2ccc(C)cc2)C1=O,4.966182708740234
CHEMBL166863,CC1(C)OC(c2ccc(S(N)(=O)=O)cc2)=C(c2cccc(F)c2)C1=O,6.400429725646973
CHEMBL108,NC(=O)N1c2ccccc2C=Cc2ccccc21,4.663994789123535
CHEMBL165,Oc1ccc(/C=C/c2cc(O)cc(O)c2)cc1,3.61561918258667
