"ChEMBL ID","SMILES","Smiles (RDKit Mol)"
"CHEMBL246475","O=C(Nc1ccccc1)Nc1ccc(/C=C2\C(=O)Nc3ccccc32)cc1","O=C(Nc1ccccc1)Nc1ccc(/C=C2\C(=O)Nc3ccccc32)cc1"
"CHEMBL533057","COc1ccc2nccc([C@@H](O)CN3CCC(NC(=O)C(=Cc4ccc(C#N)cc4)c4ccc(-c5ccccc5)cc4)CC3)c2c1","COc1ccc2nccc([C@@H](O)CN3CCC(NC(=O)C(=Cc4ccc(C#N)cc4)c4ccc(-c5ccccc5)cc4)CC3)c2c1"
"CHEMBL93652","CCN(CC)CCCCN1c2ccccc2C=Cc2ccccc21","CCN(CC)CCCCN1c2ccccc2C=Cc2ccccc21"
"CHEMBL328738","CCCCC(=O)N(Cc1ccc2c(c1)Oc1ccccc1C=C2c1nnn[nH]1)[C@H](C(=O)O)C(C)C","CCCCC(=O)N(Cc1ccc2c(c1)Oc1ccccc1C=C2c1nnn[nH]1)[C@H](C(=O)O)C(C)C"
"CHEMBL435268","COc1cc2c(cc1OC)C1=C(c3ccccc3OC)C(=O)C(=O)N1CC2","COc1cc2c(cc1OC)C1=C(c3ccccc3OC)C(=O)C(=O)N1CC2"
"CHEMBL397687","O=C(O)c1cccc(C2=C(c3cc(Br)ccc3OCc3ccccc3)CCC2)c1","O=C(O)c1cccc(C2=C(c3cc(Br)ccc3OCc3ccccc3)CCC2)c1"
"CHEMBL127674","Cc1ccc(C2=C(c3ccc(S(C)(=O)=O)cc3)CCC2)cc1","Cc1ccc(C2=C(c3ccc(S(C)(=O)=O)cc3)CCC2)cc1"
"CHEMBL374173","COC(=O)C1=C(c2ccc(O)cc2)C2OC1C(c1ccccc1)=C2c1ccccc1","COC(=O)C1=C(c2ccc(O)cc2)C2OC1C(c1ccccc1)=C2c1ccccc1"
"CHEMBL391100","COc1ccc(/C=C/c2cc(OC)c(CCCCCCCCCCCCCCCCO)c(OC)c2)cc1","COc1ccc(/C=C/c2cc(OC)c(CCCCCCCCCCCCCCCCO)c(OC)c2)cc1"
"CHEMBL75720","CCC[C@@H]1C(c2ccc(O)cc2)=C(CC)c2ccc(O)cc21","CCC[C@@H]1C(c2ccc(O)cc2)=C(CC)c2ccc(O)cc21"
"CHEMBL163606","COc1cc(C2=C(c3ccc4c(c3)OCO4)COC2=O)cc(OC)c1OC","COc1cc(C2=C(c3ccc4c(c3)OCO4)COC2=O)cc(OC)c1OC"
"CHEMBL176232","COc1c(N)cc(/C=C/c2ccc3ccccc3c2)cc1N","COc1c(N)cc(/C=C/c2ccc3ccccc3c2)cc1N"
"CHEMBL175736","COc1cc(/C=C/c2cccc(O)c2)cc(OC)c1","COc1cc(/C=C/c2cccc(O)c2)cc(OC)c1"
"CHEMBL170258","Fc1ccc(/C(=C(/c2ccccc2)C(F)(F)F)c2ccccc2)cc1","Fc1ccc(/C(=C(/c2ccccc2)C(F)(F)F)c2ccccc2)cc1"
"CHEMBL265086","CS(=O)(=O)c1ccc(OCc2ccccc2)c(C2=C(c3cccc(C(=O)O)c3)CCC2)c1","CS(=O)(=O)c1ccc(OCc2ccccc2)c(C2=C(c3cccc(C(=O)O)c3)CCC2)c1"
"CHEMBL451311","Oc1cc(O)cc(/C=C/c2ccc(F)cc2)c1","Oc1cc(O)cc(/C=C/c2ccc(F)cc2)c1"
"CHEMBL170020","Fc1ccccc1C(=C(c1ccccc1)c1ccccc1)C(F)(F)F","Fc1ccccc1C(=C(c1ccccc1)c1ccccc1)C(F)(F)F"
"CHEMBL278139","CCOC(=O)c1ccc(/C=C(\C)c2ccc3c(c2)C(C)(C)CC[S+]3[O-])cc1","CCOC(=O)c1ccc(/C=C(\C)c2ccc3c(c2)C(C)(C)CC[S+]3[O-])cc1"
"CHEMBL210063","O=C1CCC2(Cc3ccccc3)Cc3cc(O)ccc3C2=C1c1ccc(OCCN2CCCCC2)cc1","O=C1CCC2(Cc3ccccc3)Cc3cc(O)ccc3C2=C1c1ccc(OCCN2CCCCC2)cc1"
"CHEMBL200566","CO[C@]1(C#CC(O)C2c3ccccc3C=Cc3ccccc32)CN2CCC1CC2","CO[C@]1(C#CC(O)C2c3ccccc3C=Cc3ccccc32)CN2CCC1CC2"
"CHEMBL38103","CC(=C(c1ccc(O)cc1)c1ccc(O)cc1)c1ccc(O)cc1","CC(=C(c1ccc(O)cc1)c1ccc(O)cc1)c1ccc(O)cc1"
"CHEMBL146987","CNCCSC1=Cc2ccccc2Oc2ccccc21","CNCCSC1=Cc2ccccc2Oc2ccccc21"
"CHEMBL80443","CC(C)(C)c1ccc(C2=Cc3cc(Cl)ccc3C3=NCCN23)cc1","CC(C)(C)c1ccc(C2=Cc3cc(Cl)ccc3C3=NCCN23)cc1"
"CHEMBL132672","CC1=CC(C)(C)Nc2ccc3c(c21)/C(=C/c1ccccc1C(C)C)Oc1ccc(F)cc1-3","CC1=CC(C)(C)Nc2ccc3c(c21)/C(=C/c1ccccc1C(C)C)Oc1ccc(F)cc1-3"
"CHEMBL422726","Cc1ccc(C(=C(c2ccccc2)c2ccccc2)C(F)(F)F)cc1","Cc1ccc(C(=C(c2ccccc2)c2ccccc2)C(F)(F)F)cc1"
"CHEMBL284937","CCc1cc2c(cc1/C(C)=C/c1ccc(C(=O)O)cc1)C(C)(C)CCC2(C)C","CCc1cc2c(cc1/C(C)=C/c1ccc(C(=O)O)cc1)C(C)(C)CCC2(C)C"
"CHEMBL509559","CCCC(=O)c1ccc2c(c1)/C(=C1\C(=O)N([C@@H]3O[C@H](COC(C)=O)[C@@H](OC(C)=O)[C@H](OC(C)=O)[C@H]3OC(C)=O)c3ccccc31)C(=O)N2","CCCC(=O)c1ccc2c(c1)/C(=C1\C(=O)N([C@@H]3O[C@H](COC(C)=O)[C@@H](OC(C)=O)[C@H](OC(C)=O)[C@H]3OC(C)=O)c3ccccc31)C(=O)N2"
"CHEMBL295055","C/C(=C(\C(=O)c1ccc(OCCN2CCCC2)cc1)c1ccccc1)c1ccccc1","C/C(=C(\C(=O)c1ccc(OCCN2CCCC2)cc1)c1ccccc1)c1ccccc1"
"CHEMBL444673","COc1ccccc1/C=C1/C(=O)Nc2ccccc21","COc1ccccc1/C=C1/C(=O)Nc2ccccc21"
"CHEMBL326388","COc1ccc(C=C2c3ccccc3C(=O)c3ccccc32)cc1OC","COc1ccc(C=C2c3ccccc3C(=O)c3ccccc32)cc1OC"
"CHEMBL82537","O=C(O)CCC/C=C\C[C@@H]1[C@H]2CC[C@H](C2)[C@H]1NS(=O)(=O)c1ccc(/C=C/c2ccccc2)cc1","O=C(O)CCC/C=C\C[C@@H]1[C@H]2CC[C@H](C2)[C@H]1NS(=O)(=O)c1ccc(/C=C/c2ccccc2)cc1"
"CHEMBL133296","O=C(O)c1ccc(C=C2c3cccc(O)c3C(=O)c3c(O)cccc32)cc1","O=C(O)c1ccc(C=C2c3cccc(O)c3C(=O)c3c(O)cccc32)cc1"
"CHEMBL11024","Cc1ccc2c(c1)C=Cc1cc(C(C)C(=O)O)ccc1S2","Cc1ccc2c(c1)C=Cc1cc(C(C)C(=O)O)ccc1S2"
"CHEMBL455488","Oc1cc(/C=C/c2ccccc2)cc(O)c1O","Oc1cc(/C=C/c2ccccc2)cc(O)c1O"
"CHEMBL52285","CS(=O)(=O)c1ccc(C2=C(c3cccc(F)c3)C(=O)OC2)cc1","CS(=O)(=O)c1ccc(C2=C(c3cccc(F)c3)C(=O)OC2)cc1"
"CHEMBL304806","CCN(CC)C1=NS(=O)(=O)C(c2ccccc2)=C1c1ccc(OC)cc1","CCN(CC)C1=NS(=O)(=O)C(c2ccccc2)=C1c1ccc(OC)cc1"
"CHEMBL140137","C/C(=C\c1ccc(C(=O)O)cc1)c1ccc2c(c1)C(C)(C)CC(C)(C)S2","C/C(=C\c1ccc(C(=O)O)cc1)c1ccc2c(c1)C(C)(C)CC(C)(C)S2"
"CHEMBL9684","C[Si](C)(C)c1ccc(C2=Cc3ccccc3C3=NCCCN23)cc1","C[Si](C)(C)c1ccc(C2=Cc3ccccc3C3=NCCCN23)cc1"
"CHEMBL465542","COc1ccc(/C=C/c2cc(O)cc(OC)c2)cc1","COc1ccc(/C=C/c2cc(O)cc(OC)c2)cc1"
"CHEMBL142652","OC[C@H]1O[C@@H](Oc2cc(O)cc(/C=C/c3ccc(O)cc3)c2)[C@H](O)[C@@H](O)[C@@H]1O","OC[C@H]1O[C@@H](Oc2cc(O)cc(/C=C/c3ccc(O)cc3)c2)[C@H](O)[C@@H](O)[C@@H]1O"
"CHEMBL422832","Oc1cc(O)cc(/C=C/c2ccc(O)c(Br)c2)c1","Oc1cc(O)cc(/C=C/c2ccc(O)c(Br)c2)c1"
"CHEMBL75284","CCc1ccc(/C=C\c2cc(OC)c(OC)c(OC)c2)cc1","CCc1ccc(/C=C\c2cc(OC)c(OC)c(OC)c2)cc1"
"CHEMBL498917","COc1cc(O)cc(/C=C/c2ccc(O)cc2)c1","COc1cc(O)cc(/C=C/c2ccc(O)cc2)c1"
"CHEMBL449735","CC/C(=C\c1ccc(C(F)(F)F)cc1)c1cc(O)cc(O)c1","CC/C(=C\c1ccc(C(F)(F)F)cc1)c1cc(O)cc(O)c1"
"CHEMBL498439","Oc1ccc(/C=C/c2cc(O)cc3c2[C@H](c2cc(O)cc(O)c2)[C@@H](c2ccc(O)cc2)O3)cc1","Oc1ccc(/C=C/c2cc(O)cc3c2[C@H](c2cc(O)cc(O)c2)[C@@H](c2ccc(O)cc2)O3)cc1"
"CHEMBL495365","CC(C)c1onc(COc2c(F)cccc2Cl)c1COc1ccc(/C=C/c2cccc(C(=O)O)c2)c(Cl)c1","CC(C)c1onc(COc2c(F)cccc2Cl)c1COc1ccc(/C=C/c2cccc(C(=O)O)c2)c(Cl)c1"
"CHEMBL457853","O=C(O)CC1=C/C(=C\c2ccc(Br)cc2)c2ccc(F)cc21","O=C(O)CC1=C/C(=C\c2ccc(Br)cc2)c2ccc(F)cc21"
"CHEMBL513053","CC/C(=C\c1cc(O)cc(O)c1)c1ccc2ccccc2c1","CC/C(=C\c1cc(O)cc(O)c1)c1ccc2ccccc2c1"
"CHEMBL441672","COc1ccc(/C=C\c2ccc3ccccc3c2)cc1C(=O)CN","COc1ccc(/C=C\c2ccc3ccccc3c2)cc1C(=O)CN"
"CHEMBL32530","C[N+](C)(CCCCCC[N+](C)(C)CCCN1C(=O)c2ccccc2/C1=C\c1ccccc1)CCCN1C(=O)c2ccccc2/C1=C\c1ccccc1","C[N+](C)(CCCCCC[N+](C)(C)CCCN1C(=O)c2ccccc2/C1=C\c1ccccc1)CCCN1C(=O)c2ccccc2/C1=C\c1ccccc1"
"CHEMBL244723","COc1ccc(/C=C\c2cccc(O)c2)cc1","COc1ccc(/C=C\c2cccc(O)c2)cc1"
"CHEMBL511529","COc1ccc(/C=C\c2cc(OC)c3ccoc3c2)cc1O","COc1ccc(/C=C\c2cc(OC)c3ccoc3c2)cc1O"
"CHEMBL351785","CN(O)C(=O)/C(=C/c1ccc2ccccc2c1)c1ccccc1","CN(O)C(=O)/C(=C/c1ccc2ccccc2c1)c1ccccc1"
"CHEMBL367643","CN(O)C(=O)/C(=C/c1ccc2ccccc2c1)c1ccc(Br)cc1","CN(O)C(=O)/C(=C/c1ccc2ccccc2c1)c1ccc(Br)cc1"
"CHEMBL221822","COc1ccc(C2=C(c3cc(OC)c(OC)c(OC)c3)C(=O)C(OC(C)=O)C2)cc1F","COc1ccc(C2=C(c3cc(OC)c(OC)c(OC)c3)C(=O)C(OC(C)=O)C2)cc1F"
"CHEMBL195287","COc1ccc(/C=C/c2cc(OC)c(O)c(OC)c2)cc1O","COc1ccc(/C=C/c2cc(OC)c(O)c(OC)c2)cc1O"
"CHEMBL133930","O=S(=O)([O-])c1cc(N=C=S)ccc1/C=C/c1ccc(N=C=S)cc1S(=O)(=O)[O-].[Na+].[Na+]","O=S(=O)([O-])c1cc(N=C=S)ccc1/C=C/c1ccc(N=C=S)cc1S(=O)(=O)[O-].[Na+].[Na+]"
"CHEMBL486184","COc1ccc(/C=C\c2cc(OC)c3c(c2)OCO3)cc1NC(=O)[C@@H](N)Cc1ccc(OP(=O)(O)O)cc1","COc1ccc(/C=C\c2cc(OC)c3c(c2)OCO3)cc1NC(=O)[C@@H](N)Cc1ccc(OP(=O)(O)O)cc1"
"CHEMBL132578","CC1=CC(C)(C)Nc2ccc3c(c21)/C(=C/c1ccccc1OC(F)(F)F)Oc1ccc(F)cc1-3","CC1=CC(C)(C)Nc2ccc3c(c21)/C(=C/c1ccccc1OC(F)(F)F)Oc1ccc(F)cc1-3"
"CHEMBL359307","COc1ccc(/C=C\c2cc(OC)c3c(c2)OCO3)cc1N","COc1ccc(/C=C\c2cc(OC)c3c(c2)OCO3)cc1N"
"CHEMBL91119","C/C(=C/c1ccccc1C(=O)O)c1ccc2c(c1)C(C)(C)CCC2(C)C","C/C(=C/c1ccccc1C(=O)O)c1ccc2c(c1)C(C)(C)CCC2(C)C"
"CHEMBL64172","CN(C)CCOc1ccc(C2=C(c3ccccc3)CCc3ccccc32)cc1","CN(C)CCOc1ccc(C2=C(c3ccccc3)CCc3ccccc32)cc1"
"CHEMBL73554","O=C1Nc2ccc(C(=O)c3ccccc3)cc2/C1=C/c1cc(Br)c(O)c(Br)c1","O=C1Nc2ccc(C(=O)c3ccccc3)cc2/C1=C/c1cc(Br)c(O)c(Br)c1"
"CHEMBL472468","Oc1ccc(C2=C(c3ccc(OCCN4CCCC4)cc3)CCOc3cc(F)ccc32)cc1","Oc1ccc(C2=C(c3ccc(OCCN4CCCC4)cc3)CCOc3cc(F)ccc32)cc1"
"CHEMBL139149","O=C1OC(=O)C(c2ccc(O)c(O)c2)=C1c1ccc(O)c(O)c1","O=C1OC(=O)C(c2ccc(O)c(O)c2)=C1c1ccc(O)c(O)c1"
"CHEMBL476494","COc1cc(/C=C/c2ccc(OC)c(O[Si](C)(C)C(C)(C)C)c2O[Si](C)(C)C(C)(C)C)cc(OC)c1OC","COc1cc(/C=C/c2ccc(OC)c(O[Si](C)(C)C(C)(C)C)c2O[Si](C)(C)C(C)(C)C)cc(OC)c1OC"
"CHEMBL381099","COc1ccc(C2=C(c3ccc(OC)cc3)C(=O)NC2=O)cc1","COc1ccc(C2=C(c3ccc(OC)cc3)C(=O)NC2=O)cc1"
"CHEMBL379415","Oc1ccc2c(c1)OC(c1ccc(OCCN3CCCCC3)cc1)C1=C2COc2cc(O)ccc21","Oc1ccc2c(c1)OC(c1ccc(OCCN3CCCCC3)cc1)C1=C2COc2cc(O)ccc21"
"CHEMBL380469","CCCCC12CCC(=O)C(c3ccccc3)=C1c1ccc(O)cc1C2","CCCCC12CCC(=O)C(c3ccccc3)=C1c1ccc(O)cc1C2"
"CHEMBL207368","COc1cc(/C=C\c2cc(OC)c(OC)c(OC)c2)cc(OC)c1","COc1cc(/C=C\c2cc(OC)c(OC)c(OC)c2)cc(OC)c1"
"CHEMBL423604","CCN(CC)CCCCOc1ccccc1/C=C/c1ccccc1","CCN(CC)CCCCOc1ccccc1/C=C/c1ccccc1"
"CHEMBL320571","COc1ccc(/C=C/c2cc(O)cc(O[C@@H]3O[C@H](CO)[C@@H](O)[C@H](O)[C@H]3OC(=O)c3cc(O)c(O)c(O)c3)c2)cc1O","COc1ccc(/C=C/c2cc(O)cc(O[C@@H]3O[C@H](CO)[C@@H](O)[C@H](O)[C@H]3OC(=O)c3cc(O)c(O)c(O)c3)c2)cc1O"
"CHEMBL193716","COc1ccc(/C=C(/C)c2cc(OC)c(OC)c(OC)c2)cc1O","COc1ccc(/C=C(/C)c2cc(OC)c(OC)c(OC)c2)cc1O"
"CHEMBL115002","O=C1c2ccccc2C(=Cc2cc(Cl)cc(Cl)c2)c2ccccc21","O=C1c2ccccc2C(=Cc2cc(Cl)cc(Cl)c2)c2ccccc21"
"CHEMBL527116","COc1cc(/C=C\c2ccc(OC)c3nc4ccccc4nc23)cc(OC)c1OC","COc1cc(/C=C\c2ccc(OC)c3nc4ccccc4nc23)cc(OC)c1OC"
"CHEMBL415043","CN1C(=O)C(Cc2ccc(/C=C/c3ccccc3)cc2)NC(=O)c2cc(Cl)ccc21","CN1C(=O)C(Cc2ccc(/C=C/c3ccccc3)cc2)NC(=O)c2cc(Cl)ccc21"
"CHEMBL364969","COc1ccc(/C=C\c2ccccc2)cc1O","COc1ccc(/C=C\c2ccccc2)cc1O"
"CHEMBL195538","COc1ccc(/C=C\c2ccc(C)c(C)c2)cc1F","COc1ccc(/C=C\c2ccc(C)c(C)c2)cc1F"
"CHEMBL373764","CCc1cccc2c1CNc1c(cccc1CCc1ccccc1)/C=C\2COc1ccc(F)cc1","CCc1cccc2c1CNc1c(cccc1CCc1ccccc1)/C=C\2COc1ccc(F)cc1"
"CHEMBL221609","O=c1cc(-c2cccc(/C=C/c3ccc(F)cc3)c2)sc(N2CCOCC2)c1","O=c1cc(-c2cccc(/C=C/c3ccc(F)cc3)c2)sc(N2CCOCC2)c1"
"CHEMBL221616","O=c1cc(-c2ccc(/C=C/c3ccc(Cl)cc3)cc2)sc(N2CCOCC2)c1","O=c1cc(-c2ccc(/C=C/c3ccc(Cl)cc3)cc2)sc(N2CCOCC2)c1"
"CHEMBL383922","COc1ccc(/C=C/c2ccc(C)cc2)cc1","COc1ccc(/C=C/c2ccc(C)cc2)cc1"
"CHEMBL391567","COc1cc2c(cc1OC)/C(=C\c1ccc(O)cc1)C(=O)N2","COc1cc2c(cc1OC)/C(=C\c1ccc(O)cc1)C(=O)N2"
"CHEMBL355343","COc1ccc(C(=C(c2ccccc2)C(F)(F)F)c2ccc(OC)cc2)cc1","COc1ccc(C(=C(c2ccccc2)C(F)(F)F)c2ccc(OC)cc2)cc1"
"CHEMBL375547","CCc1cccc2c1CNc1c(cccc1CCc1ccccc1)/C=C\2COc1ccccc1C(F)(F)F","CCc1cccc2c1CNc1c(cccc1CCc1ccccc1)/C=C\2COc1ccccc1C(F)(F)F"
"CHEMBL219447","CCc1cccc2c1CNc1c(cccc1CCc1ccccc1)/C=C\2COc1cccc(F)c1","CCc1cccc2c1CNc1c(cccc1CCc1ccccc1)/C=C\2COc1cccc(F)c1"
"CHEMBL229955","COc1ccc2c(c1)CCC(c1ccc(OC)c(OC)c1)=C2","COc1ccc2c(c1)CCC(c1ccc(OC)c(OC)c1)=C2"
"CHEMBL229304","C1=C(c2ccc3c(c2)OCO3)CCc2ccccc21","C1=C(c2ccc3c(c2)OCO3)CCc2ccccc21"
"CHEMBL118915","COc1ccc2c(c1)N(C)C1Nc3ccccc3C1=C2","COc1ccc2c(c1)N(C)C1Nc3ccccc3C1=C2"
"CHEMBL348301","CN1CCN(CCCCOc2ccccc2/C=C/c2ccccc2)CC1","CN1CCN(CCCCOc2ccccc2/C=C/c2ccccc2)CC1"
"CHEMBL86663","C/C(=C/c1ccc(C(=O)O)cc1)c1ccc2c(c1)C(C)(C)CCC2(C)C","C/C(=C/c1ccc(C(=O)O)cc1)c1ccc2c(c1)C(C)(C)CCC2(C)C"
"CHEMBL118104","COc1cc(/C=C/c2ccc(O[Si](C)(C)C(C)(C)C)cc2)cc(OC)c1","COc1cc(/C=C/c2ccc(O[Si](C)(C)C(C)(C)C)cc2)cc(OC)c1"
"CHEMBL176181","COCCOc1cc(/C=C\c2ccc3ccccc3c2)ccc1OC","COCCOc1cc(/C=C\c2ccc3ccccc3c2)ccc1OC"
"CHEMBL109860","COc1cc(O)cc(/C=C/c2ccc(OC)c(OC)c2)c1","COc1cc(O)cc(/C=C/c2ccc(OC)c(OC)c2)c1"
"CHEMBL364663","CC/C(=C(\c1ccccc1)c1ccc(S(C)(=O)=O)cc1)c1ccccc1","CC/C(=C(\c1ccccc1)c1ccc(S(C)(=O)=O)cc1)c1ccccc1"
"CHEMBL187893","CN(C)CCOc1ccc(C2=C(c3ccc(C#N)cc3)CCOc3ccccc32)cc1","CN(C)CCOc1ccc(C2=C(c3ccc(C#N)cc3)CCOc3ccccc32)cc1"
"CHEMBL486585","O=S(=O)([O-])Oc1cc(/C=C/c2ccc(O)cc2)cc(O[C@@H]2O[C@H](CO)[C@@H](O)[C@H](O)[C@H]2O)c1.[K+]","O=S(=O)([O-])Oc1cc(/C=C/c2ccc(O)cc2)cc(O[C@@H]2O[C@H](CO)[C@@H](O)[C@H](O)[C@H]2O)c1.[K+]"
"CHEMBL461031","COc1cc(/C=C/c2ccc(NC(=O)CNP(=O)(OC(C)C)OC(C)C)cc2)cc(OC)c1","COc1cc(/C=C/c2ccc(NC(=O)CNP(=O)(OC(C)C)OC(C)C)cc2)cc(OC)c1"
"CHEMBL284167","C/C(=C\c1ccc(C(=O)O)cc1)c1cc2c(cc1Br)C(C)(C)CCC2(C)C","C/C(=C\c1ccc(C(=O)O)cc1)c1cc2c(cc1Br)C(C)(C)CCC2(C)C"
"CHEMBL237509","C=CCCOc1ccccc1/C=C/c1c(C(=O)O)c(OC)cc2c1C(=O)c1c(OC)cccc1C2=O","C=CCCOc1ccccc1/C=C/c1c(C(=O)O)c(OC)cc2c1C(=O)c1c(OC)cccc1C2=O"
"CHEMBL312130","Fc1ccc(C2=Cc3ccccc3C3=NCCN23)cc1","Fc1ccc(C2=Cc3ccccc3C3=NCCN23)cc1"
"CHEMBL309503","CCCCc1ccc(/C(=C(\CC)c2ccccc2)c2ccc(OCCN(C)C)cc2)cc1","CCCCc1ccc(/C(=C(\CC)c2ccccc2)c2ccc(OCCN(C)C)cc2)cc1"
"CHEMBL190038","CSC1=C(c2ccc(O)cc2)C(=O)c2cc(O)cc(O)c21","CSC1=C(c2ccc(O)cc2)C(=O)c2cc(O)cc(O)c21"
"CHEMBL78137","CC(C)(C)c1ccc(C2=Cc3ccc(Cl)cc3C3=NCCN23)cc1","CC(C)(C)c1ccc(C2=Cc3ccc(Cl)cc3C3=NCCN23)cc1"
"CHEMBL368232","COc1cc(/C=C/c2ccc3c(ccn3S(=O)(=O)c3ccccc3)c2)cc(OC)c1OC","COc1cc(/C=C/c2ccc3c(ccn3S(=O)(=O)c3ccccc3)c2)cc(OC)c1OC"
"CHEMBL256761","COc1cc(/C=C/c2ccc(OC)c([N+](=O)[O-])c2[N+](=O)[O-])cc(OC)c1OC","COc1cc(/C=C/c2ccc(OC)c([N+](=O)[O-])c2[N+](=O)[O-])cc(OC)c1OC"
"CHEMBL363420","COc1ccc(/C=C2\OC(=O)c3cc([N+](=O)[O-])c([N+](=O)[O-])cc32)cc1","COc1ccc(/C=C2\OC(=O)c3cc([N+](=O)[O-])c([N+](=O)[O-])cc32)cc1"
"CHEMBL181484","CC/C(=C(/CCCCCC(=O)N(C)CCCSCCCC(F)(F)C(F)(F)F)c1ccc(O)cc1)c1ccc(O)cc1","CC/C(=C(/CCCCCC(=O)N(C)CCCSCCCC(F)(F)C(F)(F)F)c1ccc(O)cc1)c1ccc(O)cc1"
"CHEMBL470250","Oc1ccc(/C=C/c2cc(O)cc(O[C@@H]3OC[C@@H](O)[C@H](O)[C@H]3O)c2)cc1","Oc1ccc(/C=C/c2cc(O)cc(O[C@@H]3OC[C@@H](O)[C@H](O)[C@H]3O)c2)cc1"
"CHEMBL196389","CN(C)c1ccc(/C=C/c2ccc(OCC(CO)CF)cc2)cc1","CN(C)c1ccc(/C=C/c2ccc(OCC(CO)CF)cc2)cc1"
"CHEMBL86363","COc1ccc(C2=C(c3ccc(S(C)(=O)=O)cc3)CC3(CC3)C2)cc1Br","COc1ccc(C2=C(c3ccc(S(C)(=O)=O)cc3)CC3(CC3)C2)cc1Br"
"CHEMBL91832","CC1(C)C(=O)C(c2ccc(F)cc2)=C1c1ccc(S(C)(=O)=O)cc1","CC1(C)C(=O)C(c2ccc(F)cc2)=C1c1ccc(S(C)(=O)=O)cc1"
"CHEMBL463598","COc1cc(/C=C/c2cc(OC)c3c(c2)OC(C)(C)C=C3)ccc1O","COc1cc(/C=C/c2cc(OC)c3c(c2)OC(C)(C)C=C3)ccc1O"
"CHEMBL179029","COc1ccc(/C=C/c2ccc3ccccc3c2)cc1N","COc1ccc(/C=C/c2ccc3ccccc3c2)cc1N"
"CHEMBL7218","NS(=O)(=O)c1ccc(/C=C/c2ccc(F)cc2)cc1","NS(=O)(=O)c1ccc(/C=C/c2ccc(F)cc2)cc1"
"CHEMBL426807","CS(=O)(=O)c1ccc(/C(CO)=C(/C(=O)O)c2ccc(F)c(F)c2)cc1","CS(=O)(=O)c1ccc(/C(CO)=C(/C(=O)O)c2ccc(F)c(F)c2)cc1"
"CHEMBL375249","COc1cc(C2=C(c3cc(C)c(OC)c(C)c3)C(OC(C)=O)C/C2=N/O)cc(OC)c1OC","COc1cc(C2=C(c3cc(C)c(OC)c(C)c3)C(OC(C)=O)C/C2=N/O)cc(OC)c1OC"
"CHEMBL313597","COc1ccccc1/C=C\c1cc(OC)c(OC)c(OC)c1","COc1ccccc1/C=C\c1cc(OC)c(OC)c(OC)c1"
"CHEMBL90623","CC1(C)CCC(C)(C)c2cc(/C=C\c3ccc(N)cc3)ccc21","CC1(C)CCC(C)(C)c2cc(/C=C\c3ccc(N)cc3)ccc21"
"CHEMBL498266","COC(=O)c1ccc2c(c1)NC(=O)/C2=C(\Nc1ccc(N(CCN(C)C)S(C)(=O)=O)cc1)c1ccccc1","COC(=O)c1ccc2c(c1)NC(=O)/C2=C(\Nc1ccc(N(CCN(C)C)S(C)(=O)=O)cc1)c1ccccc1"
"CHEMBL500952","N#Cc1ccc2c(c1)NC(=O)/C2=C(\Nc1ccc(CN2CCCCC2)cc1)c1ccccc1","N#Cc1ccc2c(c1)NC(=O)/C2=C(\Nc1ccc(CN2CCCCC2)cc1)c1ccccc1"
"CHEMBL500436","O=C1Nc2cc(C(=O)O)ccc2/C1=C(/Nc1ccc(CN2CCCCC2)cc1)c1ccccc1","O=C1Nc2cc(C(=O)O)ccc2/C1=C(/Nc1ccc(CN2CCCCC2)cc1)c1ccccc1"
"CHEMBL324863","COc1ccc(C2=C(c3ccc(S(C)(=O)=O)cc3)CCC2)cc1Cl","COc1ccc(C2=C(c3ccc(S(C)(=O)=O)cc3)CCC2)cc1Cl"
"CHEMBL18251","CC1(O)OC(=O)C(c2ccc(Cl)c(Cl)c2)=C1c1ccc(S(C)(=O)=O)cc1","CC1(O)OC(=O)C(c2ccc(Cl)c(Cl)c2)=C1c1ccc(S(C)(=O)=O)cc1"
"CHEMBL346307","COC1CCCN(CCCCOc2ccccc2/C=C/c2ccccc2)C1","COC1CCCN(CCCCOc2ccccc2/C=C/c2ccccc2)C1"
"CHEMBL372120","COc1ccc2c(c1)NC(=O)/C2=C/c1cc(OC)c(OC)c(OC)c1","COc1ccc2c(c1)NC(=O)/C2=C/c1cc(OC)c(OC)c(OC)c1"
"CHEMBL229580","COc1ccc(/C=C/c2cc(OC)cc(OC)c2CNC2CCCCC2)cc1","COc1ccc(/C=C/c2cc(OC)cc(OC)c2CNC2CCCCC2)cc1"
"CHEMBL298653","O=C1Nc2ccccc2/C1=C\c1ccc2c(c1O)CCCC2","O=C1Nc2ccccc2/C1=C\c1ccc2c(c1O)CCCC2"
"CHEMBL90882","CN1CCN(C2=Cc3ccccc3Oc3ccc(Cl)cc32)CC1","CN1CCN(C2=Cc3ccccc3Oc3ccc(Cl)cc32)CC1"
"CHEMBL375725","COc1ccc(/C=C(/C(=O)c2cc(OC)c(OC)c(OC)c2)c2ccc(OC)cc2)cc1","COc1ccc(/C=C(/C(=O)c2cc(OC)c(OC)c(OC)c2)c2ccc(OC)cc2)cc1"
"CHEMBL423083","CC1(C)OC(c2ccc(S(N)(=O)=O)cc2)=C(c2cccc(Cl)c2)C1=O","CC1(C)OC(c2ccc(S(N)(=O)=O)cc2)=C(c2cccc(Cl)c2)C1=O"
"CHEMBL497165","COc1ccc(/C=C/c2cc(F)c(F)c(F)c2)cc1[N+](=O)[O-]","COc1ccc(/C=C/c2cc(F)c(F)c(F)c2)cc1[N+](=O)[O-]"
"CHEMBL167875","CC/C(=C(\c1ccc(I)cc1)c1ccc(OCCN2CCCC2)cc1)c1ccc(O)cc1","CC/C(=C(\c1ccc(I)cc1)c1ccc(OCCN2CCCC2)cc1)c1ccc(O)cc1"
"CHEMBL216433","COc1ccc(/C=C\c2cc(OC)cc(OC)c2N)cc1","COc1ccc(/C=C\c2cc(OC)cc(OC)c2N)cc1"
"CHEMBL160775","C(=C/c1ccccc1OCCCCN1CCOCC1)\c1ccccc1","C(=C/c1ccccc1OCCCCN1CCOCC1)\c1ccccc1"
"CHEMBL221450","COc1ccc(OC)c(C2=C(c3cc(OC)c(OC)c(OC)c3)/C(=N\O)CC2O[SiH2]C(C)(C)C)c1","COc1ccc(OC)c(C2=C(c3cc(OC)c(OC)c(OC)c3)/C(=N\O)CC2O[SiH2]C(C)(C)C)c1"
"CHEMBL157145","OC1CCCN(CCCCOc2ccccc2/C=C/c2ccccc2)C1","OC1CCCN(CCCCOc2ccccc2/C=C/c2ccccc2)C1"
"CHEMBL419378","COc1cc(/C=C/c2ccc(OC)c(O)c2)cc(OC)c1","COc1cc(/C=C/c2ccc(OC)c(O)c2)cc(OC)c1"
"CHEMBL103788","CN(C)c1ccc(/C=C2/C(=O)Nc3cc(F)ccc32)cc1","CN(C)c1ccc(/C=C2/C(=O)Nc3cc(F)ccc32)cc1"
"CHEMBL69863","Oc1cc(O)cc(/C=C/c2ccc(O)c(O)c2)c1","Oc1cc(O)cc(/C=C/c2ccc(O)c(O)c2)c1"
"CHEMBL87089","COc1cc(/C=C/c2ccc(OC(C)=O)cc2)cc(OC)c1OC","COc1cc(/C=C/c2ccc(OC(C)=O)cc2)cc(OC)c1OC"
"CHEMBL293174","Cc1ccc(/C(=C(/C#N)c2ccc(O)cc2)c2ccc(O)cc2)cc1","Cc1ccc(/C(=C(/C#N)c2ccc(O)cc2)c2ccc(O)cc2)cc1"
"CHEMBL154590","CCN(CC)CCOc1ccc(C(C#N)=C(c2ccc(O)cc2)c2ccc(O)cc2)cc1","CCN(CC)CCOc1ccc(C(C#N)=C(c2ccc(O)cc2)c2ccc(O)cc2)cc1"
"CHEMBL268476","O=C(O)Cc1ccc2c(c1)Oc1ccccc1C=C2","O=C(O)Cc1ccc2c(c1)Oc1ccccc1C=C2"
"CHEMBL424131","COc1ccc(/C=C\c2cc(OC)c3c(c2)OCO3)cc1NC(=O)C(N)CS","COc1ccc(/C=C\c2cc(OC)c3c(c2)OCO3)cc1NC(=O)C(N)CS"
"CHEMBL469512","Fc1ccc2c(c1)OCCC(c1ccccc1)=C2c1ccc(OCCN2CCCC2)cc1","Fc1ccc2c(c1)OCCC(c1ccccc1)=C2c1ccc(OCCN2CCCC2)cc1"
"CHEMBL111057","NS(=O)(=O)c1ccc(C2=C(c3ccc(C(F)(F)F)cc3)CCC2)cc1","NS(=O)(=O)c1ccc(C2=C(c3ccc(C(F)(F)F)cc3)CCC2)cc1"
"CHEMBL347107","COc1ccc(/C=C\c2cc(OC)c3c(c2)OCO3)cc1NC(=O)C(N)Cc1ccccc1","COc1ccc(/C=C\c2cc(OC)c3c(c2)OCO3)cc1NC(=O)C(N)Cc1ccccc1"
"CHEMBL163333","COc1cccc(/C=C2/C(C)=C(CC(=O)O)c3cc(F)ccc32)c1","COc1cccc(/C=C2/C(C)=C(CC(=O)O)c3cc(F)ccc32)c1"
"CHEMBL250096","COc1ccc(C2=C(c3ccc(OC)c(OC)c3)C(=O)N3CCCC3C2)cc1","COc1ccc(C2=C(c3ccc(OC)c(OC)c3)C(=O)N3CCCC3C2)cc1"
"CHEMBL404086","COc1cc(/C=C\c2cc(NC(=O)[C@@H](N)CO)c(OC)c(NC(=O)[C@@H](N)CO)c2)cc(OC)c1OC","COc1cc(/C=C\c2cc(NC(=O)[C@@H](N)CO)c(OC)c(NC(=O)[C@@H](N)CO)c2)cc(OC)c1OC"
"CHEMBL248347","O=C(O)c1c(O)cccc1/C=C/c1ccc(O)cc1","O=C(O)c1c(O)cccc1/C=C/c1ccc(O)cc1"
"CHEMBL369935","CSCCC/C(=C(\c1ccc(O)cc1)c1ccc(OCCN(C)C)cc1)c1ccccc1","CSCCC/C(=C(\c1ccc(O)cc1)c1ccc(OCCN(C)C)cc1)c1ccccc1"
"CHEMBL228378","NCCCCNCCCCNCCCCNC(=O)N1c2ccccc2C=Cc2ccccc21","NCCCCNCCCCNCCCCNC(=O)N1c2ccccc2C=Cc2ccccc21"
"CHEMBL354123","CC1(C)OC(c2ccc(S(C)(=O)=O)cc2F)=C(c2ccccc2)C1=O","CC1(C)OC(c2ccc(S(C)(=O)=O)cc2F)=C(c2ccccc2)C1=O"
"CHEMBL494194","CC(C)c1onc(COc2c(F)cccc2F)c1COc1ccc(/C=C/c2cccc(C(=O)O)c2)c(Cl)c1","CC(C)c1onc(COc2c(F)cccc2F)c1COc1ccc(/C=C/c2cccc(C(=O)O)c2)c(Cl)c1"
"CHEMBL192908","CC(=O)OC/C(=C(\C(=O)OCC[N+](C)(C)C)c1ccc(F)c(F)c1)c1ccc(S(C)(=O)=O)cc1.[Br-]","CC(=O)OC/C(=C(\C(=O)OCC[N+](C)(C)C)c1ccc(F)c(F)c1)c1ccc(S(C)(=O)=O)cc1.[Br-]"
"CHEMBL130257","CC1=CC(C)(C)Nc2ccc3c(c21)/C(=C/c1cccc(F)c1)Oc1c(F)cccc1-3","CC1=CC(C)(C)Nc2ccc3c(c21)/C(=C/c1cccc(F)c1)Oc1c(F)cccc1-3"
"CHEMBL467269","CC(C)c1onc(CCc2c(Cl)cccc2Cl)c1COc1ccc(/C=C/c2cccc(C(=O)O)c2)c(Cl)c1","CC(C)c1onc(CCc2c(Cl)cccc2Cl)c1COc1ccc(/C=C/c2cccc(C(=O)O)c2)c(Cl)c1"
"CHEMBL176131","CN(C)c1ccc(/C=C\c2ccc3ccccc3c2)cc1","CN(C)c1ccc(/C=C\c2ccc3ccccc3c2)cc1"
"CHEMBL504258","C/C(=C\c1ccc(O)c(O)c1)c1ccc(O)cc1","C/C(=C\c1ccc(O)c(O)c1)c1ccc(O)cc1"
"CHEMBL185345","N=C(N)c1ccc2cc(/C=C/c3ccccc3)ccc2c1","N=C(N)c1ccc2cc(/C=C/c3ccccc3)ccc2c1"
"CHEMBL100994","CN(C(=O)C1C(c2ccccc2)=C1c1cccc(Cl)c1)[C@H]1CCCC[C@@H]1N1CCCC1","CN(C(=O)C1C(c2ccccc2)=C1c1cccc(Cl)c1)[C@H]1CCCC[C@@H]1N1CCCC1"
"CHEMBL88550","COc1ccc(C2=C(c3ccc(S(C)(=O)=O)cc3)CC3(CC3)C2)cc1F","COc1ccc(C2=C(c3ccc(S(C)(=O)=O)cc3)CC3(CC3)C2)cc1F"
"CHEMBL66352","CCN(CC)CCOc1ccc(/C(=C(\C#N)c2ccccc2)c2ccc(O)cc2)cc1","CCN(CC)CCOc1ccc(/C(=C(\C#N)c2ccccc2)c2ccc(O)cc2)cc1"
"CHEMBL188635","Oc1ccc(/C=C/c2ccc(/C=C/c3ccc(O)cc3)cc2)cc1","Oc1ccc(/C=C/c2ccc(/C=C/c3ccc(O)cc3)cc2)cc1"
"CHEMBL56283","Cc1cc(/C=C/c2ccccc2OCc2ccccc2)cc(C)c1O","Cc1cc(/C=C/c2ccccc2OCc2ccccc2)cc(C)c1O"
"CHEMBL81627","COc1ccc(/C(C#N)=C/c2ccccc2OC)cc1","COc1ccc(/C(C#N)=C/c2ccccc2OC)cc1"
"CHEMBL86480","O=C1Nc2ccccc2/C1=C/c1ccc(N2CCOCC2)cc1","O=C1Nc2ccccc2/C1=C/c1ccc(N2CCOCC2)cc1"
"CHEMBL296701","CC(O)c1ccc(C2=C(c3ccc(S(C)(=O)=O)cc3)OC(C)(C)C2=O)cc1","CC(O)c1ccc(C2=C(c3ccc(S(C)(=O)=O)cc3)OC(C)(C)C2=O)cc1"
"CHEMBL63835","N#CC(=C(c1ccc(O)cc1)c1ccc(O)cc1)c1ccc(O)cc1","N#CC(=C(c1ccc(O)cc1)c1ccc(O)cc1)c1ccc(O)cc1"
"CHEMBL60007","COc1ccc(/C=C2\C(=O)N(C)c3ccc(Cl)cc32)cc1OC1CC2CCC1C2","COc1ccc(/C=C2\C(=O)N(C)c3ccc(Cl)cc32)cc1OC1CC2CCC1C2"
"CHEMBL380565","Nc1ccc(C2=C(c3ccc(O)cc3)Cc3cc(O)ccc32)cc1","Nc1ccc(C2=C(c3ccc(O)cc3)Cc3cc(O)ccc32)cc1"
"CHEMBL27547","CN(C)CCOc1ccc(C2Oc3ccccc3C=C2c2ccccc2)cc1","CN(C)CCOc1ccc(C2Oc3ccccc3C=C2c2ccccc2)cc1"
"CHEMBL348128","COc1cccc(/C=C/c2ccccc2)c1OCCCCN(C)C","COc1cccc(/C=C/c2ccccc2)c1OCCCCN(C)C"
"CHEMBL175441","FC(F)(F)Oc1cccc(/C=C\c2ccc3ccccc3c2)c1","FC(F)(F)Oc1cccc(/C=C\c2ccc3ccccc3c2)c1"
"CHEMBL455632","COc1cc2c(cc1OC)Oc1c(OC)ccc(CCN(C)C)c1C=C2","COc1cc2c(cc1OC)Oc1c(OC)ccc(CCN(C)C)c1C=C2"
"CHEMBL86572","COc1cc(OC)c(OC)cc1/C=C/c1ccccc1","COc1cc(OC)c(OC)cc1/C=C/c1ccccc1"
"CHEMBL223142","CC(C)=CCc1c(O)cc(/C=C/c2cc(O)c3c(c2)C[C@@H]2C(C)(C)[C@H](O)CC[C@@]2(C)O3)cc1O","CC(C)=CCc1c(O)cc(/C=C/c2cc(O)c3c(c2)C[C@@H]2C(C)(C)[C@H](O)CC[C@@]2(C)O3)cc1O"
"CHEMBL203472","CN(C)CCOc1ccc(/C(=C(/CCN=[N+]=[N-])c2ccccc2)c2ccc(O)cc2)cc1","CN(C)CCOc1ccc(/C(=C(/CCN=[N+]=[N-])c2ccccc2)c2ccc(O)cc2)cc1"
"CHEMBL180541","COc1cc(/C=C2\Cc3ccccc3/C(=C\c3ccc([N+](=O)[O-])cc3)C2=O)cc(OC)c1OC","COc1cc(/C=C2\Cc3ccccc3/C(=C\c3ccc([N+](=O)[O-])cc3)C2=O)cc(OC)c1OC"
"CHEMBL87333","Oc1ccc(/C=C\c2cc(O)cc(O)c2)cc1","Oc1ccc(/C=C\c2cc(O)cc(O)c2)cc1"
"CHEMBL362600","N=C(N)c1ccc2cc(/C=C/c3ccccc3)cc(Nc3ncccn3)c2c1","N=C(N)c1ccc2cc(/C=C/c3ccccc3)cc(Nc3ncccn3)c2c1"
"CHEMBL13022","C/C(=C\c1ccc(C(=O)O)cc1)c1ccc(C(C)(C)C)cc1","C/C(=C\c1ccc(C(=O)O)cc1)c1ccc(C(C)(C)C)cc1"
"CHEMBL316378","COc1cc(/C=C/c2ccccc2)cc(OC)c1OC","COc1cc(/C=C/c2ccccc2)cc(OC)c1OC"
"CHEMBL159037","CN1CCN(CCCCOc2ccccc2/C=C/c2ccc(Cl)c(Cl)c2)CC1","CN1CCN(CCCCOc2ccccc2/C=C/c2ccc(Cl)c(Cl)c2)CC1"
"CHEMBL346372","OC1CCCN(CCCCOc2ccccc2/C=C/c2cccc(F)c2)C1","OC1CCCN(CCCCOc2ccccc2/C=C/c2cccc(F)c2)C1"
"CHEMBL396098","COc1cc2c(cc1OC)/C(=C\c1ccc(NC(=O)Nc3ccc(O)cc3)cc1)C(=O)N2","COc1cc2c(cc1OC)/C(=C\c1ccc(NC(=O)Nc3ccc(O)cc3)cc1)C(=O)N2"
"CHEMBL67365","O=C1O/C(=C\c2ccccc2)c2ccccc21","O=C1O/C(=C\c2ccccc2)c2ccccc21"
"CHEMBL170693","Fc1ccc(C(=C(c2ccccc2)c2ccccc2)C(F)(F)F)cc1","Fc1ccc(C(=C(c2ccccc2)c2ccccc2)C(F)(F)F)cc1"
"CHEMBL278738","CC1(O)OC(=O)C(c2ccc(O)cc2)=C1c1ccc(S(C)(=O)=O)cc1","CC1(O)OC(=O)C(c2ccc(O)cc2)=C1c1ccc(S(C)(=O)=O)cc1"
"CHEMBL99852","Oc1cccc(/C=C/c2cc(O)cc(O)c2)c1","Oc1cccc(/C=C/c2cc(O)cc(O)c2)c1"
"CHEMBL78642","C1=C(c2ccc(CN3CCCC3)cc2)N2CCN=C2c2ccccc21","C1=C(c2ccc(CN3CCCC3)cc2)N2CCN=C2c2ccccc21"
"CHEMBL375204","COc1ccc(C(=C2CC(c3ccc(OCCN4CCCCC4)cc3)Oc3cc(OC)ccc32)c2ccc(OC)cc2)cc1","COc1ccc(C(=C2CC(c3ccc(OCCN4CCCCC4)cc3)Oc3cc(OC)ccc32)c2ccc(OC)cc2)cc1"
"CHEMBL216099","O=C1c2ccccc2/C(=C/c2cc(Cl)cc(Cl)c2)c2sccc21","O=C1c2ccccc2/C(=C/c2cc(Cl)cc(Cl)c2)c2sccc21"
"CHEMBL419472","CC(C)(C)c1cccc(C2=Cc3ccccc3C3=NCCN23)c1","CC(C)(C)c1cccc(C2=Cc3ccccc3C3=NCCN23)c1"
"CHEMBL376861","COc1ccc(C2=C(c3cc(OC)c(OC)c(OC)c3)C(=O)C(O)C2)cc1","COc1ccc(C2=C(c3cc(OC)c(OC)c(OC)c3)C(=O)C(O)C2)cc1"
"CHEMBL243684","COc1ccc(/C=C\c2ccc(OC)cc2OC)cc1","COc1ccc(/C=C\c2ccc(OC)cc2OC)cc1"
"CHEMBL111154","Oc1ccc(C2=C(c3ccccc3)Cc3ccccc3O2)cc1","Oc1ccc(C2=C(c3ccccc3)Cc3ccccc3O2)cc1"
"CHEMBL34824","CC1C(=O)C(C)(C)Nc2ccc3c(c21)/C(=C/c1cccc(F)c1)Oc1ccccc1-3","CC1C(=O)C(C)(C)Nc2ccc3c(c21)/C(=C/c1cccc(F)c1)Oc1ccccc1-3"
"CHEMBL429672","Nc1ccc(/C=C/c2ccc(-c3nc4ccc(OCCCF)cc4s3)cc2)cc1","Nc1ccc(/C=C/c2ccc(-c3nc4ccc(OCCCF)cc4s3)cc2)cc1"
"CHEMBL310322","Cc1cc(N)ccc1/C=C/c1ccccc1","Cc1cc(N)ccc1/C=C/c1ccccc1"
"CHEMBL133483","CCCc1ccccc1/C=C1\Oc2ccc(F)cc2-c2ccc3c(c21)C(C)=CC(C)(C)N3","CCCc1ccccc1/C=C1\Oc2ccc(F)cc2-c2ccc3c(c21)C(C)=CC(C)(C)N3"
"CHEMBL457581","[O-][n+]1onc2ccc(/C=C/c3ccc4c(c3)OCO4)cc21","[O-][n+]1onc2ccc(/C=C/c3ccc4c(c3)OCO4)cc21"
"CHEMBL456828","CC(C)OP(=O)(NCCCCCC(=O)Nc1ccc(/C=C/c2ccccc2)cc1)OC(C)C","CC(C)OP(=O)(NCCCCCC(=O)Nc1ccc(/C=C/c2ccccc2)cc1)OC(C)C"
"CHEMBL344627","CC1=CC(C)(C)Nc2ccc3c(c21)/C(=C/c1ccccc1Cl)Oc1ccccc1-3","CC1=CC(C)(C)Nc2ccc3c(c21)/C(=C/c1ccccc1Cl)Oc1ccccc1-3"
"CHEMBL466232","Cc1cc(Cl)cc(C)c1OCc1noc(C(C)C)c1COc1ccc(/C=C/c2cccc(C(=O)O)c2)c(Cl)c1","Cc1cc(Cl)cc(C)c1OCc1noc(C(C)C)c1COc1ccc(/C=C/c2cccc(C(=O)O)c2)c(Cl)c1"
"CHEMBL371487","COc1ccc(/C=C\c2cc(OC)c(OC)c(OC)c2)cc1OCCO","COc1ccc(/C=C\c2cc(OC)c(OC)c(OC)c2)cc1OCCO"
"CHEMBL497055","O=C1Nc2cc(-n3cccc3)ccc2/C1=C(/Nc1ccc(CN2CCCCC2)cc1)c1ccccc1","O=C1Nc2cc(-n3cccc3)ccc2/C1=C(/Nc1ccc(CN2CCCCC2)cc1)c1ccccc1"
"CHEMBL335996","COc1ccccc1/C=C1\Oc2ccc(F)cc2-c2ccc3c(c21)C(C)=CC(C)(C)N3","COc1ccccc1/C=C1\Oc2ccc(F)cc2-c2ccc3c(c21)C(C)=CC(C)(C)N3"
"CHEMBL214207","CN(C)CCOc1ccc(C2=C3c4ccc(O)cc4CC3(Cc3ccccc3)CCC2=O)cc1","CN(C)CCOc1ccc(C2=C3c4ccc(O)cc4CC3(Cc3ccccc3)CCC2=O)cc1"
"CHEMBL514865","O=C1Nc2cc(F)ccc2/C1=C\c1cccc(C(F)(F)F)c1","O=C1Nc2cc(F)ccc2/C1=C\c1cccc(C(F)(F)F)c1"
"CHEMBL143334","COc1ccc(/C=C/c2cc(OC)cc(OC)c2Br)cc1","COc1ccc(/C=C/c2cc(OC)cc(OC)c2Br)cc1"
"CHEMBL46529","COc1cc(C2=C(c3ccc(SC)cc3)CC3CCCN3C2=O)ccc1O","COc1cc(C2=C(c3ccc(SC)cc3)CC3CCCN3C2=O)ccc1O"
"CHEMBL102223","[N-]=[N+]=Nc1ccc(C2=C(c3ccccc3)C(=O)OC2)cc1","[N-]=[N+]=Nc1ccc(C2=C(c3ccccc3)C(=O)OC2)cc1"
"CHEMBL350887","CN(C)CC/C=C1/c2ccccc2C=Cc2ccc(Cl)cc21","CN(C)CC/C=C1/c2ccccc2C=Cc2ccc(Cl)cc21"
"CHEMBL402914","O=C(Cc1ccc(O)cc1)N1C(=O)C(c2ccc(O)cc2)=C(c2ccc(O)cc2)C1O","O=C(Cc1ccc(O)cc1)N1C(=O)C(c2ccc(O)cc2)=C(c2ccc(O)cc2)C1O"
"CHEMBL14744","C=CCOc1ccc2c(c1)Oc1ccccc1C(CC)=C2c1ccc(O)cc1","C=CCOc1ccc2c(c1)Oc1ccccc1C(CC)=C2c1ccc(O)cc1"
"CHEMBL89580","Oc1ccc(C2=Cc3cc(O)ccc3C2CCCCCCN2CCCC2)cc1","Oc1ccc(C2=Cc3cc(O)ccc3C2CCCCCCN2CCCC2)cc1"
"CHEMBL547684","COc1ccc(NC(=O)c2ccc(C=Cc3ccc(C(F)(F)F)cc3)cc2)cc1N1CCN(C)CC1","COc1ccc(NC(=O)c2ccc(C=Cc3ccc(C(F)(F)F)cc3)cc2)cc1N1CCN(C)CC1"
"CHEMBL198597","Nc1ccc(/C=C/c2ccc(OCC(CO)CF)cc2)cc1","Nc1ccc(/C=C/c2ccc(OCC(CO)CF)cc2)cc1"
"CHEMBL323478","Oc1ccc2c(c1)OC(c1ccc(OCCN3CCCCC3)cc1)C(c1ccccc1)=C2","Oc1ccc2c(c1)OC(c1ccc(OCCN3CCCCC3)cc1)C(c1ccccc1)=C2"
"CHEMBL477459","COc1cc(/C=C(/C(=O)O)c2ccccc2)ccc1OC(C)=O","COc1cc(/C=C(/C(=O)O)c2ccccc2)ccc1OC(C)=O"
"CHEMBL36136","CC(=O)Oc1ccc(C(=C(c2ccccc2)C(C)C)c2ccc(OC(C)=O)cc2)cc1","CC(=O)Oc1ccc(C(=C(c2ccccc2)C(C)C)c2ccc(OC(C)=O)cc2)cc1"
"CHEMBL296528","CSc1ccc(C2=C(c3ccc(F)c(F)c3)C(=O)N3CCCC3C2)cc1","CSc1ccc(C2=C(c3ccc(F)c(F)c3)C(=O)N3CCCC3C2)cc1"
"CHEMBL296717","COc1ccc(C2=C(c3cc(OC)c(OC)c(OC)c3)CC3CCCN3C2=O)cc1O","COc1ccc(C2=C(c3cc(OC)c(OC)c(OC)c3)CC3CCCN3C2=O)cc1O"
"CHEMBL36679","CC/C(=C(\c1ccccc1)c1ccc(/C=C/C(N)=O)cc1)c1ccccc1","CC/C(=C(\c1ccccc1)c1ccc(/C=C/C(N)=O)cc1)c1ccccc1"
"CHEMBL78928","N=C(Nc1ccccc1I)Nc1ccccc1/C=C/c1ccccc1","N=C(Nc1ccccc1I)Nc1ccccc1/C=C/c1ccccc1"
"CHEMBL192540","COc1ccc(/C=C\c2cc(C)c(C)c(C)c2)cc1","COc1ccc(/C=C\c2cc(C)c(C)c(C)c2)cc1"
"CHEMBL342340","CC/C(=C(\c1ccc(C)cc1)c1ccc(OCC(=O)O)cc1)c1ccccc1","CC/C(=C(\c1ccc(C)cc1)c1ccc(OCC(=O)O)cc1)c1ccccc1"
"CHEMBL12962","CC(C)(C)c1cccc(/C=C/c2ccc(C(=O)O)cc2)c1","CC(C)(C)c1cccc(/C=C/c2ccc(C(=O)O)cc2)c1"
"CHEMBL190631","CC/C(=C(/CC)c1ccc(OCCN(CC)CC)cc1)c1ccc(OCCN(CC)CC)cc1","CC/C(=C(/CC)c1ccc(OCCN(CC)CC)cc1)c1ccc(OCCN(CC)CC)cc1"
"CHEMBL198282","CC(=O)Oc1ccc(/C=C2/C(=O)Oc3ccc(OC(C)=O)cc32)cc1","CC(=O)Oc1ccc(/C=C2/C(=O)Oc3ccc(OC(C)=O)cc32)cc1"
"CHEMBL18316","CC1(O)OC(=O)C(c2ccccc2)=C1c1ccc(S(C)(=O)=O)cc1","CC1(O)OC(=O)C(c2ccccc2)=C1c1ccc(S(C)(=O)=O)cc1"
"CHEMBL11663","CC/C(=C(\Cc1ccccc1)c1ccc(OCN2CCCCC2)cc1)c1ccccc1","CC/C(=C(\Cc1ccccc1)c1ccc(OCN2CCCCC2)cc1)c1ccccc1"
"CHEMBL278888","CC/C1=C(\c2ccc(O)cc2)c2ccc(OCC(O)CO)cc2SCc2ccccc21","CC/C1=C(\c2ccc(O)cc2)c2ccc(OCC(O)CO)cc2SCc2ccccc21"
"CHEMBL373095","O=C1C(c2ccc(O)cc2)=C(c2ccccc2)c2cc(O)ccc21","O=C1C(c2ccc(O)cc2)=C(c2ccccc2)c2cc(O)ccc21"
"CHEMBL49606","COc1ccc(N2CC(c3ccc(S(C)(=O)=O)cc3)=C(c3ccc(F)cc3)C2=O)cc1","COc1ccc(N2CC(c3ccc(S(C)(=O)=O)cc3)=C(c3ccc(F)cc3)C2=O)cc1"
"CHEMBL422830","Cc1c(C)c2ccc(/C=C/c3ccccc3)cc2oc1=O","Cc1c(C)c2ccc(/C=C/c3ccccc3)cc2oc1=O"
"CHEMBL98440","CSc1ccc(C2=C(c3ccccc3)CN(C)O2)cc1","CSc1ccc(C2=C(c3ccccc3)CN(C)O2)cc1"
"CHEMBL75468","C/C(=C\c1ccc(C(=O)O)cc1)c1ccc2c(c1)SCCC2(C)C","C/C(=C\c1ccc(C(=O)O)cc1)c1ccc2c(c1)SCCC2(C)C"
"CHEMBL10088","CC(C)(C)c1ccc(C2=Cc3ccc(N/C(S)=N/C4CCCCC4)cc3C3=NCCCN23)cc1","CC(C)(C)c1ccc(C2=Cc3ccc(N/C(S)=N/C4CCCCC4)cc3C3=NCCCN23)cc1"
"CHEMBL289582","CC/C(=C(/c1ccc(OCCN(C)C)cc1)c1ccc(O)cc1C)c1ccccc1","CC/C(=C(/c1ccc(OCCN(C)C)cc1)c1ccc(O)cc1C)c1ccccc1"
"CHEMBL147914","O=C(/C(=C/c1ccccc1)c1ccccc1)c1ccccc1","O=C(/C(=C/c1ccccc1)c1ccccc1)c1ccccc1"
"CHEMBL518933","O=S(=O)([O-])Oc1ccc(/C=C/c2cc(O)cc(O[C@@H]3O[C@H](CO)[C@@H](O)[C@H](O)[C@H]3O)c2)cc1.[K+]","O=S(=O)([O-])Oc1ccc(/C=C/c2cc(O)cc(O[C@@H]3O[C@H](CO)[C@@H](O)[C@H](O)[C@H]3O)c2)cc1.[K+]"
"CHEMBL407035","CS(=O)(=O)c1ccc(/C=C(/C(=O)O)c2ccc(F)cc2)cc1","CS(=O)(=O)c1ccc(/C=C(/C(=O)O)c2ccc(F)cc2)cc1"
"CHEMBL401178","COc1ccc(C2=C(c3ccc(Cl)cc3)C(=O)N3CCCC3C2)cc1","COc1ccc(C2=C(c3ccc(Cl)cc3)C(=O)N3CCCC3C2)cc1"
"CHEMBL8462","CCCCCC(O)c1cccc(/C=C\c2ccccc2)c1","CCCCCC(O)c1cccc(/C=C\c2ccccc2)c1"
"CHEMBL383533","CN(C)CCOc1ccc(/C(=C(/CCCCO)c2ccccc2)c2ccc(O)cc2)cc1","CN(C)CCOc1ccc(/C(=C(/CCCCO)c2ccccc2)c2ccc(O)cc2)cc1"
"CHEMBL417378","Cc1cc(/C=C/c2ccc(C(=O)O)cc2)cc(C)c1O","Cc1cc(/C=C/c2ccc(C(=O)O)cc2)cc(C)c1O"
"CHEMBL496463","C[S+]([O-])c1ccc(/C=C2\C=C(CC(=O)O)c3cc(F)ccc32)cc1","C[S+]([O-])c1ccc(/C=C2\C=C(CC(=O)O)c3cc(F)ccc32)cc1"
"CHEMBL11225","CC/C(=C(/c1ccccc1)c1ccc(OC(C)=O)cc1)c1ccccc1","CC/C(=C(/c1ccccc1)c1ccc(OC(C)=O)cc1)c1ccccc1"
"CHEMBL28094","COC1=C(c2ccccc2)C(=O)c2ccccc21","COC1=C(c2ccccc2)C(=O)c2ccccc21"
"CHEMBL188624","CCCC/C(=C(\c1ccccc1)c1ccc(S(C)(=O)=O)cc1)c1ccccc1","CCCC/C(=C(\c1ccccc1)c1ccc(S(C)(=O)=O)cc1)c1ccccc1"
"CHEMBL34463","C/C(=C\c1ccc(C#N)cc1)c1ccc2c(c1)C(C)(C)CCO2","C/C(=C\c1ccc(C#N)cc1)c1ccc2c(c1)C(C)(C)CCO2"
"CHEMBL355219","CC(=O)c1ccc(C2=C(c3ccc(S(C)(=O)=O)cc3)OC(C)(C)C2=O)cc1","CC(=O)c1ccc(C2=C(c3ccc(S(C)(=O)=O)cc3)OC(C)(C)C2=O)cc1"
"CHEMBL113029","COc1ccc(/C=C/c2cc(O)cc(O)c2)cc1O","COc1ccc(/C=C/c2cc(O)cc(O)c2)cc1O"
"CHEMBL397302","O=[N+]([O-])c1ccc(/C=C/c2ccc(O)c(O)c2)c([N+](=O)[O-])c1","O=[N+]([O-])c1ccc(/C=C/c2ccc(O)c(O)c2)c([N+](=O)[O-])c1"
"CHEMBL356326","COc1ccc(/C(C)=C/c2ccc(C(=O)O)cc2)cc1C1(C)CCCCC1","COc1ccc(/C(C)=C/c2ccc(C(=O)O)cc2)cc1C1(C)CCCCC1"
"CHEMBL468630","COc1ccc(/C(F)=C/c2cc(OC)c(OC)c(OC)c2)cc1O","COc1ccc(/C(F)=C/c2cc(OC)c(OC)c(OC)c2)cc1O"
"CHEMBL514867","O=C1Nc2ccccc2/C1=C\c1ccccc1C(F)(F)F","O=C1Nc2ccccc2/C1=C\c1ccccc1C(F)(F)F"
"CHEMBL478145","COc1cccc(OC)c1/C=C1/C(=O)Nc2ccccc21","COc1cccc(OC)c1/C=C1/C(=O)Nc2ccccc21"
"CHEMBL307520","C/C(=C(/F)c1ccc(C(=O)O)cc1)c1ccc2c(c1)C(C)(C)CCC2(C)C","C/C(=C(/F)c1ccc(C(=O)O)cc1)c1ccc2c(c1)C(C)(C)CCC2(C)C"
"CHEMBL201371","COc1ccc(/C=C/c2c3c(c(C)c(C)c2OC)OC(C)(C)CC3)cc1OC","COc1ccc(/C=C/c2c3c(c(C)c(C)c2OC)OC(C)(C)CC3)cc1OC"
"CHEMBL478318","COc1ccc2c(c1)NC(=O)/C2=C/c1cccc(C(F)(F)F)c1","COc1ccc2c(c1)NC(=O)/C2=C/c1cccc(C(F)(F)F)c1"
"CHEMBL341081","COc1cc(/C=C\c2ccc3nccnc3c2)cc(OC)c1OC","COc1cc(/C=C\c2ccc3nccnc3c2)cc(OC)c1OC"
"CHEMBL428125","CC1=CC(C)(C)Nc2ccc3c(c21)/C(=C/c1ccc(F)cc1F)Oc1ccccc1-3","CC1=CC(C)(C)Nc2ccc3c(c21)/C(=C/c1ccc(F)cc1F)Oc1ccccc1-3"
"CHEMBL235336","Cn1cc(NC(=O)c2cc(NC(=O)c3ccc(/C=C/c4ccc5ccccc5c4)cc3)cn2C)cc1C(=O)NCCN1CCOCC1","Cn1cc(NC(=O)c2cc(NC(=O)c3ccc(/C=C/c4ccc5ccccc5c4)cc3)cn2C)cc1C(=O)NCCN1CCOCC1"
"CHEMBL220355","CCc1cccc2c1CNc1c(cccc1CCc1ccccc1)/C=C\2COc1ccccc1OC","CCc1cccc2c1CNc1c(cccc1CCc1ccccc1)/C=C\2COc1ccccc1OC"
"CHEMBL471103","CC/C(=C\c1cc(O)cc(O)c1)c1cccc(F)c1","CC/C(=C\c1cc(O)cc(O)c1)c1cccc(F)c1"
"CHEMBL334025","CCOC(=O)c1ccc(/C=C(\C)c2ccc3c(c2)CC[C@@H](CC)[S+]3[O-])cc1","CCOC(=O)c1ccc(/C=C(\C)c2ccc3c(c2)CC[C@@H](CC)[S+]3[O-])cc1"
"CHEMBL275825","CC/C1=C(\c2ccc(O)cc2)c2ccc(OCC(O)CO)cc2CCc2ccccc21","CC/C1=C(\c2ccc(O)cc2)c2ccc(OCC(O)CO)cc2CCc2ccccc21"
"CHEMBL422224","CC/C(=C(\c1ccc(OC(C)=O)cc1)c1ccc(OC(C)=O)c(OC(C)=O)c1)c1ccccc1","CC/C(=C(\c1ccc(OC(C)=O)cc1)c1ccc(OC(C)=O)c(OC(C)=O)c1)c1ccccc1"
"CHEMBL80963","Clc1ccccc1C1=Cc2ccccc2C2=NCCN12","Clc1ccccc1C1=Cc2ccccc2C2=NCCN12"
"CHEMBL376007","COc1cc(/C=C/c2cc(O)c(CC=C(C)C)c(O)c2)cc2c1O[C@]1(C)CC[C@@H](O)C(C)(C)[C@H]1C2","COc1cc(/C=C/c2cc(O)c(CC=C(C)C)c(O)c2)cc2c1O[C@]1(C)CC[C@@H](O)C(C)(C)[C@H]1C2"
"CHEMBL227002","[O-][n+]1onc2cc(/C=C/c3ccccc3)ccc21","[O-][n+]1onc2cc(/C=C/c3ccccc3)ccc21"
"CHEMBL479274","COC(=O)c1ccc(/C=C/c2cccc(Cl)c2)c(C)c1","COC(=O)c1ccc(/C=C/c2cccc(Cl)c2)c(C)c1"
"CHEMBL281499","Oc1ccc(C2=Cc3cc(O)ccc3C23Cc2ccccc2C3)cc1","Oc1ccc(C2=Cc3cc(O)ccc3C23Cc2ccccc2C3)cc1"
"CHEMBL167077","COc1cc2c(cc1OC)C1=C(c3ccccc3Cl)C(=O)C(=O)N1CC2","COc1cc2c(cc1OC)C1=C(c3ccccc3Cl)C(=O)C(=O)N1CC2"
"CHEMBL89263","CS(=O)(=O)c1ccc(C2=C(c3ccc(OC(F)(F)F)cc3)CC3(CC3)C2)cc1","CS(=O)(=O)c1ccc(C2=C(c3ccc(OC(F)(F)F)cc3)CC3(CC3)C2)cc1"
"CHEMBL374958","COC(=O)C1=C(c2ccccc2)C2OC1C(c1ccccc1)=C2c1ccccc1","COC(=O)C1=C(c2ccccc2)C2OC1C(c1ccccc1)=C2c1ccccc1"
"CHEMBL119576","COc1cc(/C=C/c2ccc(O)c(OC)c2)cc(OC)c1","COc1cc(/C=C/c2ccc(O)c(OC)c2)cc(OC)c1"
"CHEMBL497166","COc1ccc(/C=C/c2cc(F)c(F)c(F)c2)cc1N","COc1ccc(/C=C/c2cc(F)c(F)c(F)c2)cc1N"
"CHEMBL516421","O=C1Nc2ccccc2/C1=C\c1ccc(F)cc1F","O=C1Nc2ccccc2/C1=C\c1ccc(F)cc1F"
"CHEMBL360703","N=C(N)c1ccc2cc(/C=C/c3ccccc3)cc(Br)c2c1","N=C(N)c1ccc2cc(/C=C/c3ccccc3)cc(Br)c2c1"
"CHEMBL187400","COc1ccc(C2=C(c3ccc(OCCN(C)C)cc3)c3ccccc3OCC2)cc1","COc1ccc(C2=C(c3ccc(OCCN(C)C)cc3)c3ccccc3OCC2)cc1"
"CHEMBL481633","Oc1ccc(C2=Cc3cc(O)cc(O)c3[C@@H](c3cc(O)cc(O)c3)[C@@H]2c2ccc(O)cc2)cc1","Oc1ccc(C2=Cc3cc(O)cc(O)c3[C@@H](c3cc(O)cc(O)c3)[C@@H]2c2ccc(O)cc2)cc1"
"CHEMBL299602","CC/C(=C(\c1ccccc1)c1ccc(OCCCN2CCCC2)cc1)c1ccccc1","CC/C(=C(\c1ccccc1)c1ccc(OCCCN2CCCC2)cc1)c1ccccc1"
"CHEMBL370403","CC(=O)c1ccc(C2=C(c3ccc(O)cc3)Cc3cc(O)ccc32)cc1","CC(=O)c1ccc(C2=C(c3ccc(O)cc3)Cc3cc(O)ccc32)cc1"
"CHEMBL52764","CC/C(=C(/c1ccccc1)c1ccc(OC(C)=O)cc1)c1cccc(OC(C)=O)c1","CC/C(=C(/c1ccccc1)c1ccc(OC(C)=O)cc1)c1cccc(OC(C)=O)c1"
"CHEMBL137902","CC1=CC(C)(C)Nc2ccc3c(c21)/C(=C/c1ccc(Br)cc1)Oc1ccccc1-3","CC1=CC(C)(C)Nc2ccc3c(c21)/C(=C/c1ccc(Br)cc1)Oc1ccccc1-3"
"CHEMBL74191","COc1cc(/C=C/c2ccc(C)cc2)cc(OC)c1OC","COc1cc(/C=C/c2ccc(C)cc2)cc(OC)c1OC"
"CHEMBL140815","Oc1cc(O)cc(/C=C/c2ccc(O)c(I)c2)c1","Oc1cc(O)cc(/C=C/c2ccc(O)c(I)c2)c1"
"CHEMBL8504","CC(C)(C)c1cc(/C=C/c2ccccc2C(=O)O)cc(C(C)(C)C)c1O","CC(C)(C)c1cc(/C=C/c2ccccc2C(=O)O)cc(C(C)(C)C)c1O"
"CHEMBL197386","CC(C)c1cc(-c2cccc(/C=C(/C(=O)O)c3ccc(S(C)(=O)=O)cc3)c2)c2ncccc2c1","CC(C)c1cc(-c2cccc(/C=C(/C(=O)O)c3ccc(S(C)(=O)=O)cc3)c2)c2ncccc2c1"
"CHEMBL456768","O=C(O)CC1=C/C(=C\c2ccc(SC(F)(F)F)cc2)c2ccc(F)cc21","O=C(O)CC1=C/C(=C\c2ccc(SC(F)(F)F)cc2)c2ccc(F)cc21"
"CHEMBL166621","COc1cc2c(cc1OC)C1=C(c3ccc(Cl)cc3)C(=O)C(=O)N1CC2","COc1cc2c(cc1OC)C1=C(c3ccc(Cl)cc3)C(=O)C(=O)N1CC2"
"CHEMBL195195","O=C1Oc2ccc(O)cc2/C1=C\c1ccc(O)c(O)c1","O=C1Oc2ccc(O)cc2/C1=C\c1ccc(O)c(O)c1"
"CHEMBL199140","Oc1ccc(C2=C(Cc3ccccc3)c3ccc(O)cc3C2)cc1","Oc1ccc(C2=C(Cc3ccccc3)c3ccc(O)cc3C2)cc1"
"CHEMBL12601","O=C(O)c1ccc(/C=C/c2ccccc2)cc1","O=C(O)c1ccc(/C=C/c2ccccc2)cc1"
"CHEMBL327900","CS(=O)(=O)c1ccc(C2=C(c3ccc(F)cc3)CC3(CCCC3)C2)cc1","CS(=O)(=O)c1ccc(C2=C(c3ccc(F)cc3)CC3(CCCC3)C2)cc1"
"CHEMBL515985","CCOC(=O)/C=C/c1ccc(O)c2c1C=Cc1cc(O)c(O)cc1O2","CCOC(=O)/C=C/c1ccc(O)c2c1C=Cc1cc(O)c(O)cc1O2"
"CHEMBL364442","Oc1ccc(C2=C(c3ccc(Cl)cc3)c3ccc(O)cc3C2)cc1","Oc1ccc(C2=C(c3ccc(Cl)cc3)c3ccc(O)cc3C2)cc1"
"CHEMBL452495","COc1ccc(/C=C/c2cc(O[C@@H]3O[C@H](CO)[C@@H](O)[C@H](O)[C@H]3O)cc(O[C@@H]3O[C@H](CO)[C@@H](O)[C@H](O)[C@H]3O)c2)cc1","COc1ccc(/C=C/c2cc(O[C@@H]3O[C@H](CO)[C@@H](O)[C@H](O)[C@H]3O)cc(O[C@@H]3O[C@H](CO)[C@@H](O)[C@H](O)[C@H]3O)c2)cc1"
"CHEMBL279282","O=C1/C(=C\c2ccc(Cl)cc2)c2ccccc2N1CCCN1CCN(c2cccc(Cl)c2)CC1","O=C1/C(=C\c2ccc(Cl)cc2)c2ccccc2N1CCCN1CCN(c2cccc(Cl)c2)CC1"
"CHEMBL274381","Cc1ccc2c(c1)C=Cc1cc(C(C)C(=O)O)ccc1O2","Cc1ccc2c(c1)C=Cc1cc(C(C)C(=O)O)ccc1O2"
"CHEMBL86599","COc1cccc(/C=C/c2cc(OC)c(OC)c(OC)c2)c1","COc1cccc(/C=C/c2cc(OC)c(OC)c(OC)c2)c1"
"CHEMBL15130","F/C(=C\c1ccccc1)c1ccccc1","F/C(=C\c1ccccc1)c1ccccc1"
"CHEMBL178356","Cc1ccc(/C=C(\c2ccccc2)c2ccc(S(C)(=O)=O)cc2)cc1","Cc1ccc(/C=C(\c2ccccc2)c2ccc(S(C)(=O)=O)cc2)cc1"
"CHEMBL432762","CC1c2ccccc2C=C(N2CCN(C)CC2)c2ccccc21","CC1c2ccccc2C=C(N2CCN(C)CC2)c2ccccc21"
"CHEMBL154725","C[C@@H](NCc1ccc(/C=C/c2ccccc2)cc1)C(N)=O","C[C@@H](NCc1ccc(/C=C/c2ccccc2)cc1)C(N)=O"
"CHEMBL297177","CS(=O)(=O)c1ccc(C2=C(c3ccccc3)C(=O)N(c3ccc(C(F)(F)F)cc3)C2)cc1","CS(=O)(=O)c1ccc(C2=C(c3ccccc3)C(=O)N(c3ccc(C(F)(F)F)cc3)C2)cc1"
"CHEMBL14574","C=CCOc1ccc2c(c1)CCc1ccccc1/C(CC)=C\2c1ccccc1","C=CCOc1ccc2c(c1)CCc1ccccc1/C(CC)=C\2c1ccccc1"
"CHEMBL441643","C(=C/c1cccc(OCc2ccccc2)c1)\c1ccc(OCc2ccccc2)cc1","C(=C/c1cccc(OCc2ccccc2)c1)\c1ccc(OCc2ccccc2)cc1"
"CHEMBL259401","COc1ccc(/C(=C\c2ccc(S(C)(=O)=O)cc2)C(=O)O)cc1","COc1ccc(/C(=C\c2ccc(S(C)(=O)=O)cc2)C(=O)O)cc1"
"CHEMBL318788","COc1ccc(/C=C2/C(=O)Nc3ccccc32)cc1","COc1ccc(/C=C2/C(=O)Nc3ccccc32)cc1"
"CHEMBL81995","Nc1nc(N)c2nc(CN3c4ccccc4C=Cc4cc(O)ccc43)cnc2n1","Nc1nc(N)c2nc(CN3c4ccccc4C=Cc4cc(O)ccc43)cnc2n1"
"CHEMBL133805","O=C1c2c(O)cccc2C(=Cc2cc(O)c(O)c(O)c2)c2cccc(O)c21","O=C1c2c(O)cccc2C(=Cc2cc(O)c(O)c(O)c2)c2cccc(O)c21"
"CHEMBL533468","O=C1C(c2ccccc2)=C(Nc2ccc([N+](=O)[O-])cc2)c2ccccc21","O=C1C(c2ccccc2)=C(Nc2ccc([N+](=O)[O-])cc2)c2ccccc21"
"CHEMBL109266","COc1ccc(/C=C/c2cc(O)cc(O[C@@H]3O[C@H](CO)[C@@H](O)[C@H](O)[C@H]3O)c2)cc1O","COc1ccc(/C=C/c2cc(O)cc(O[C@@H]3O[C@H](CO)[C@@H](O)[C@H](O)[C@H]3O)c2)cc1O"
"CHEMBL352602","CC1(C)OC(c2ccc(S(N)(=O)=O)c(F)c2)=C(c2cc(F)cc(F)c2)C1=O","CC1(C)OC(c2ccc(S(N)(=O)=O)c(F)c2)=C(c2cc(F)cc(F)c2)C1=O"
"CHEMBL118591","O=C1C[C@H](O)C[C@@H](C=C2c3ccccc3C=Cc3ccccc32)O1","O=C1C[C@H](O)C[C@@H](C=C2c3ccccc3C=Cc3ccccc32)O1"
"CHEMBL126333","O=C(O)c1ccc(/C=C(\c2ccc(CCNS(=O)(=O)c3ccc(Cl)cc3)cc2)c2cccnc2)cc1","O=C(O)c1ccc(/C=C(\c2ccc(CCNS(=O)(=O)c3ccc(Cl)cc3)cc2)c2cccnc2)cc1"
"CHEMBL18955","CN1CCN(/C(=C/c2ccccc2)c2ccccc2)CC1","CN1CCN(/C(=C/c2ccccc2)c2ccccc2)CC1"
"CHEMBL260889","C=C[C@@](C)(/C=C/c1ccc(O)c(/C=C/c2ccc(OC)cc2)c1)CCC=C(C)C","C=C[C@@](C)(/C=C/c1ccc(O)c(/C=C/c2ccc(OC)cc2)c1)CCC=C(C)C"
"CHEMBL370530","Fc1ccc2c(c1)CC/C2=C\c1cccc2cnccc12","Fc1ccc2c(c1)CC/C2=C\c1cccc2cnccc12"
"CHEMBL181035","O=C(O)/C=C/c1ccccc1/C=C/c1ccccc1OCc1ccccc1","O=C(O)/C=C/c1ccccc1/C=C/c1ccccc1OCc1ccccc1"
"CHEMBL34882","CC1CC(C)(C)Nc2ccc3c(c21)/C(=C/c1cccc(F)c1)Oc1ccccc1-3","CC1CC(C)(C)Nc2ccc3c(c21)/C(=C/c1cccc(F)c1)Oc1ccccc1-3"
"CHEMBL512245","COc1cc(/C(F)=C/c2cc(O)c3ccsc3c2)cc(OC)c1OC","COc1cc(/C(F)=C/c2cc(O)c3ccsc3c2)cc(OC)c1OC"
"CHEMBL67783","Oc1ccc(C2=Cc3ccc(O)cc3OC2c2ccc(OCCN3CCCCC3)cc2)cc1","Oc1ccc(C2=Cc3ccc(O)cc3OC2c2ccc(OCCN3CCCCC3)cc2)cc1"
"CHEMBL225814","O=C(O)c1ccc(/C=C\c2ccc3c(c2)no[n+]3[O-])cc1","O=C(O)c1ccc(/C=C\c2ccc3c(c2)no[n+]3[O-])cc1"
"CHEMBL302338","COc1ccc(/C=C2\OC(=O)c3ccccc32)cc1OC","COc1ccc(/C=C2\OC(=O)c3ccccc32)cc1OC"
"CHEMBL111219","Oc1ccc(C2=Cc3ccc(O)cc3OC2c2ccc(O)cc2)cc1","Oc1ccc(C2=Cc3ccc(O)cc3OC2c2ccc(O)cc2)cc1"
"CHEMBL352909","BrCCOc1ccc(/C(=C\c2ccccc2)c2ccccc2)cc1","BrCCOc1ccc(/C(=C\c2ccccc2)c2ccccc2)cc1"
"CHEMBL500435","O=C1Nc2ccccc2/C1=C(/Nc1ccc(CN2CCCCC2)cc1)c1ccccc1","O=C1Nc2ccccc2/C1=C(/Nc1ccc(CN2CCCCC2)cc1)c1ccccc1"
"CHEMBL179088","Oc1ccccc1/C=C/c1ccc(F)c(F)c1","Oc1ccccc1/C=C/c1ccc(F)c(F)c1"
"CHEMBL276335","C=CCOc1ccc2c(c1)SCc1ccccc1/C(CC)=C\2c1ccc(O)cc1","C=CCOc1ccc2c(c1)SCc1ccccc1/C(CC)=C\2c1ccc(O)cc1"
"CHEMBL490674","CN(C)c1ccc(/C=C/c2cc(O)cc(O)c2)cc1","CN(C)c1ccc(/C=C/c2cc(O)cc(O)c2)cc1"
"CHEMBL466867","O=C(O)c1cccc(/C=C/c2ccc(OCc3c(-c4c(Cl)cccc4Cl)noc3C3CCCC3)cc2Cl)c1","O=C(O)c1cccc(/C=C/c2ccc(OCc3c(-c4c(Cl)cccc4Cl)noc3C3CCCC3)cc2Cl)c1"
"CHEMBL410284","CC(=O)OCO/N=[N+](\[O-])N(C)CCOC(=O)/C(=C/c1ccc(S(C)(=O)=O)cc1)c1ccc(Br)cc1","CC(=O)OCO/N=[N+](\[O-])N(C)CCOC(=O)/C(=C/c1ccc(S(C)(=O)=O)cc1)c1ccc(Br)cc1"
"CHEMBL473724","COc1cc(/C=C/c2ccc3ccccc3c2)cc(OC)c1","COc1cc(/C=C/c2ccc3ccccc3c2)cc(OC)c1"
"CHEMBL92102","Cc1ccc(C2=C(c3ccc(S(C)(=O)=O)cc3)CC3(CC3)C2)cc1","Cc1ccc(C2=C(c3ccc(S(C)(=O)=O)cc3)CC3(CC3)C2)cc1"
"CHEMBL501986","COc1cc(/C=C/c2ccc(O)cc2)cc(O[C@@H]2O[C@H](CO[C@@H]3OC[C@](O)(CO)[C@H]3O)[C@@H](O)[C@H](O)[C@H]2O)c1","COc1cc(/C=C/c2ccc(O)cc2)cc(O[C@@H]2O[C@H](CO[C@@H]3OC[C@](O)(CO)[C@H]3O)[C@@H](O)[C@H](O)[C@H]2O)c1"
"CHEMBL373236","CNc1ccc(/C=C/c2ccc(OCC(CO)CF)cc2)cc1","CNc1ccc(/C=C/c2ccc(OCC(CO)CF)cc2)cc1"
"CHEMBL150511","COc1ccc(/C=C\c2cc(OC)c3c(c2)OCO3)cc1NC(=O)C(N)Cc1c[nH]c2ccccc12","COc1ccc(/C=C\c2cc(OC)c3c(c2)OCO3)cc1NC(=O)C(N)Cc1c[nH]c2ccccc12"
"CHEMBL436404","O=C(/C(=C\c1ccc(O)cc1)c1ccc(O)cc1)c1ccccc1","O=C(/C(=C\c1ccc(O)cc1)c1ccc(O)cc1)c1ccccc1"
"CHEMBL324079","Cc1ccc(NC(=O)CCC2CCCCC2)cc1/C=C(\C#N)c1ccc(O)cc1","Cc1ccc(NC(=O)CCC2CCCCC2)cc1/C=C(\C#N)c1ccc(O)cc1"
"CHEMBL137956","CC1=CC(C)(C)Nc2ccc3c(c21)/C(=C/c1cccc(Br)c1)Oc1ccccc1-3","CC1=CC(C)(C)Nc2ccc3c(c21)/C(=C/c1cccc(Br)c1)Oc1ccccc1-3"
"CHEMBL514561","O=C(/C=C/c1ccccc1Cl)Nc1ccc(C(=O)Nc2ccc3c(c2)N(O)C(=O)/C3=C(\O)c2ccccc2)cc1","O=C(/C=C/c1ccccc1Cl)Nc1ccc(C(=O)Nc2ccc3c(c2)N(O)C(=O)/C3=C(\O)c2ccccc2)cc1"
"CHEMBL474128","C/C(=C\c1cc(O)cc(O)c1)c1ccc(C(F)(F)F)cc1","C/C(=C\c1cc(O)cc(O)c1)c1ccc(C(F)(F)F)cc1"
"CHEMBL372225","COc1ccc(/C=C\c2cc(OC)c(OC)c(OC)c2)cc1OCC[n+]1ccccc1.[Cl-]","COc1ccc(/C=C\c2cc(OC)c(OC)c(OC)c2)cc1OCC[n+]1ccccc1.[Cl-]"
"CHEMBL546496","COc1ccc(NC2=C(c3ccccc3)C(=O)c3ccccc32)cn1","COc1ccc(NC2=C(c3ccccc3)C(=O)c3ccccc32)cn1"
"CHEMBL511341","COc1ccc(/C=C\c2cc(Br)c(OC)c(OC)c2)cc1OP(=O)([O-])[O-].[Mg+2]","COc1ccc(/C=C\c2cc(Br)c(OC)c(OC)c2)cc1OP(=O)([O-])[O-].[Mg+2]"
"CHEMBL515619","O=C1Nc2ccccc2/C1=C\c1cccc2ccccc12","O=C1Nc2ccccc2/C1=C\c1cccc2ccccc12"
"CHEMBL217470","COc1cc(/C=C2/C(=O)Nc3ccccc32)cc(OC)c1OC","COc1cc(/C=C2/C(=O)Nc3ccccc32)cc(OC)c1OC"
"CHEMBL450995","Oc1c(Br)cc(/C=C/c2ccccc2)cc1Br","Oc1c(Br)cc(/C=C/c2ccccc2)cc1Br"
"CHEMBL165655","COc1ccc2[nH]c3c(C)c4cc[n+](CC(=O)NCCCCCNCCOc5ccc(/C(=C(/Cl)c6ccccc6)c6ccccc6)cc5)cc4c(C)c3c2c1.[Cl-]","COc1ccc2[nH]c3c(C)c4cc[n+](CC(=O)NCCCCCNCCOc5ccc(/C(=C(/Cl)c6ccccc6)c6ccccc6)cc5)cc4c(C)c3c2c1.[Cl-]"
"CHEMBL435903","O=C(CCCCN1CCN(c2ccc(F)cc2)CC1)NC1c2ccccc2C=Cc2ccccc21","O=C(CCCCN1CCN(c2ccc(F)cc2)CC1)NC1c2ccccc2C=Cc2ccccc21"
"CHEMBL191350","COc1ccc(/C=C\c2cc(F)c(F)c(F)c2)cc1O","COc1ccc(/C=C\c2cc(F)c(F)c(F)c2)cc1O"
"CHEMBL449587","COc1ccc(/C=C2/C(=O)Nc3cc(F)ccc32)cc1O","COc1ccc(/C=C2/C(=O)Nc3cc(F)ccc32)cc1O"
"CHEMBL355729","CCC1(CC)OC(c2ccc(S(C)(=O)=O)cc2)=C(c2ccc(C(F)(F)F)cc2)C1=O","CCC1(CC)OC(c2ccc(S(C)(=O)=O)cc2)=C(c2ccc(C(F)(F)F)cc2)C1=O"
"CHEMBL347413","COc1ccc2c(c1)OC(C)(C)C(c1ccccc1)=C2c1ccccc1OCCN1CCCC1","COc1ccc2c(c1)OC(C)(C)C(c1ccccc1)=C2c1ccccc1OCCN1CCCC1"
"CHEMBL477527","COc1cc(/C=C/c2ccc(OC)c(OC(C)=O)c2OC(C)=O)cc(OC)c1OC","COc1cc(/C=C/c2ccc(OC)c(OC(C)=O)c2OC(C)=O)cc(OC)c1OC"
"CHEMBL328580","O=C(O)/C(=C/c1cc(OCc2ccsc2)ccc1[N+](=O)[O-])c1ccccc1F","O=C(O)/C(=C/c1cc(OCc2ccsc2)ccc1[N+](=O)[O-])c1ccccc1F"
"CHEMBL347455","C(=C/c1ccccc1OCCCCN1CCCC1)\c1ccccc1","C(=C/c1ccccc1OCCCCN1CCCC1)\c1ccccc1"
"CHEMBL113770","O=C1c2ccccc2C(=Cc2ccc(C(F)(F)F)cc2)c2ccccc21","O=C1c2ccccc2C(=Cc2ccc(C(F)(F)F)cc2)c2ccccc21"
"CHEMBL350547","COc1ccc2[nH]c3c(C)c4cc[n+](CC(=O)N(CCCCCN)CCOc5ccc(/C(=C(/Cl)c6ccccc6)c6ccccc6)cc5)cc4c(C)c3c2c1.[Cl-]","COc1ccc2[nH]c3c(C)c4cc[n+](CC(=O)N(CCCCCN)CCOc5ccc(/C(=C(/Cl)c6ccccc6)c6ccccc6)cc5)cc4c(C)c3c2c1.[Cl-]"
"CHEMBL84591","Cc1cccc(/C=C/c2ccc(N(C)C)cc2)c1","Cc1cccc(/C=C/c2ccc(N(C)C)cc2)c1"
"CHEMBL158769","CN(C)CCCCOc1ccccc1/C=C/c1ccccc1","CN(C)CCCCOc1ccccc1/C=C/c1ccccc1"
"CHEMBL422523","OC1CCCN(CCCCOc2ccccc2/C=C/c2ccc(F)cc2)C1","OC1CCCN(CCCCOc2ccccc2/C=C/c2ccc(F)cc2)C1"
"CHEMBL464383","COc1cc(/C=C\c2ccc(OC)c(OP(=O)([O-])[O-])c2O)cc(OP(=O)([O-])[O-])c1OC.[Na+].[Na+].[Na+].[Na+]","COc1cc(/C=C\c2ccc(OC)c(OP(=O)([O-])[O-])c2O)cc(OP(=O)([O-])[O-])c1OC.[Na+].[Na+].[Na+].[Na+]"
"CHEMBL343581","COc1ccc(C2=C(c3ccc(OC)c(OC)c3)C(=O)OC2=O)cc1OC","COc1ccc(C2=C(c3ccc(OC)c(OC)c3)C(=O)OC2=O)cc1OC"
"CHEMBL207989","COc1cc(/C=C/c2cc(C(C)(C)C)c(O)c(C(C)(C)C)c2)cc(OC)c1","COc1cc(/C=C/c2cc(C(C)(C)C)c(O)c(C(C)(C)C)c2)cc(OC)c1"
"CHEMBL36464","C/C(=C\c1ccc(C(=O)O)cc1)c1cc2c(cc1Cl)C(C)(C)CCC2(C)C","C/C(=C\c1ccc(C(=O)O)cc1)c1cc2c(cc1Cl)C(C)(C)CCC2(C)C"
"CHEMBL89040","Cc1cccc2c1/C(=C/c1ccc(N3CCN(C=O)CC3)cc1)C(=O)N2","Cc1cccc2c1/C(=C/c1ccc(N3CCN(C=O)CC3)cc1)C(=O)N2"
"CHEMBL93372","CC(=O)Oc1ccc(C2=C(c3ccc(S(C)(=O)=O)cc3)COC2=O)cc1","CC(=O)Oc1ccc(C2=C(c3ccc(S(C)(=O)=O)cc3)COC2=O)cc1"
"CHEMBL509386","OC[C@H]1O[C@@H](Oc2cc(O)cc(/C=C\c3ccc(O)cc3)c2)[C@H](O)[C@@H](O)[C@@H]1O","OC[C@H]1O[C@@H](Oc2cc(O)cc(/C=C\c3ccc(O)cc3)c2)[C@H](O)[C@@H](O)[C@@H]1O"
"CHEMBL457211","CC(C)OP(=O)(N[C@H](C(=O)Nc1ccc(/C=C/c2ccccc2)cc1)C(C)C)OC(C)C","CC(C)OP(=O)(N[C@H](C(=O)Nc1ccc(/C=C/c2ccccc2)cc1)C(C)C)OC(C)C"
"CHEMBL147417","COc1ccc(/C=C\c2cc(OC)c3c(c2)OCO3)cc1NC(=O)CN","COc1ccc(/C=C\c2cc(OC)c3c(c2)OCO3)cc1NC(=O)CN"
"CHEMBL109739","N=C(N)NNC(=O)c1cc(/C=C/c2ccc(F)cc2)ccc1-c1ccc(Cl)cc1","N=C(N)NNC(=O)c1cc(/C=C/c2ccc(F)cc2)ccc1-c1ccc(Cl)cc1"
"CHEMBL463011","COc1cc(/C=C/c2ccc3c(c2)OC(C)(C)C=C3)cc(OC)c1OC","COc1cc(/C=C/c2ccc3c(c2)OC(C)(C)C=C3)cc(OC)c1OC"
"CHEMBL327210","COc1ccc(/C=C(\C)c2ccc3c(c2)C(C)(C)CCC3(C)C)cc1N","COc1ccc(/C=C(\C)c2ccc3c(c2)C(C)(C)CCC3(C)C)cc1N"
"CHEMBL318303","O=C1Nc2ccccc2/C1=C\c1ccc(C(O)O)cc1","O=C1Nc2ccccc2/C1=C\c1ccc(C(O)O)cc1"
"CHEMBL251747","COc1ccc(C2=C(c3ccc(NCCCCCC(=O)OC(=O)CCCC[C@@H]4SC[C@@H]5NC(=O)N[C@@H]54)cc3)C(=O)N3CCCC3C2)cc1","COc1ccc(C2=C(c3ccc(NCCCCCC(=O)OC(=O)CCCC[C@@H]4SC[C@@H]5NC(=O)N[C@@H]54)cc3)C(=O)N3CCCC3C2)cc1"
"CHEMBL299765","CS(=O)(=O)c1ccc(C2=C(c3ccc(F)c(F)c3)C(=O)N(c3ccccc3)C2)cc1","CS(=O)(=O)c1ccc(C2=C(c3ccc(F)c(F)c3)C(=O)N(c3ccccc3)C2)cc1"
"CHEMBL355771","CS(=O)(=O)c1ccc(C2=C(c3ccc(F)cc3)C3CCC2C3)cc1","CS(=O)(=O)c1ccc(C2=C(c3ccc(F)cc3)C3CCC2C3)cc1"
"CHEMBL75937","C/C(=C\c1ccc(C(=O)O)cc1)c1ccc2c(c1)C(C)(C)CC[C@@H]2C","C/C(=C\c1ccc(C(=O)O)cc1)c1ccc2c(c1)C(C)(C)CC[C@@H]2C"
"CHEMBL85067","CN(C)c1ccc(/C=C/c2ccc(Cl)cc2)cc1","CN(C)c1ccc(/C=C/c2ccc(Cl)cc2)cc1"
"CHEMBL506632","CNS(=O)(=O)c1ccc2c(c1)/C(=C1\C(=O)N([C@@H]3O[C@H](COC(C)=O)[C@@H](OC(C)=O)[C@H](OC(C)=O)[C@H]3OC(C)=O)c3ccccc31)C(=O)N2","CNS(=O)(=O)c1ccc2c(c1)/C(=C1\C(=O)N([C@@H]3O[C@H](COC(C)=O)[C@@H](OC(C)=O)[C@H](OC(C)=O)[C@H]3OC(C)=O)c3ccccc31)C(=O)N2"
"CHEMBL468413","COc1cc(/C(F)=C\c2cc(O)c3ccoc3c2)cc(OC)c1OC","COc1cc(/C(F)=C\c2cc(O)c3ccoc3c2)cc(OC)c1OC"
"CHEMBL111095","COc1ccc(C2=C(c3ccc(S(N)(=O)=O)cc3)CCC2)cc1Cl","COc1ccc(C2=C(c3ccc(S(N)(=O)=O)cc3)CCC2)cc1Cl"
"CHEMBL418153","CCC(=C(c1ccccc1)c1ccccc1)c1ccccc1","CCC(=C(c1ccccc1)c1ccccc1)c1ccccc1"
"CHEMBL37515","C/C(=C\c1ccc(C=O)cc1)c1ccc2c(c1)C(C)(C)CCO2","C/C(=C\c1ccc(C=O)cc1)c1ccc2c(c1)C(C)(C)CCO2"
"CHEMBL107273","O=C1Nc2ccc(C(=O)c3cccs3)cc2/C1=C/c1ccc(F)cc1","O=C1Nc2ccc(C(=O)c3cccs3)cc2/C1=C/c1ccc(F)cc1"
"CHEMBL91928","CCOc1nc2cccc(C(=O)O)c2n1Cc1ccc2c(c1)Oc1ccccc1C=C2c1nnn[nH]1","CCOc1nc2cccc(C(=O)O)c2n1Cc1ccc2c(c1)Oc1ccccc1C=C2c1nnn[nH]1"
"CHEMBL313313","COc1ccc(C2=C(c3ccc(S(N)(=O)=O)cc3)CC3(CC3)C2)cc1Br","COc1ccc(C2=C(c3ccc(S(N)(=O)=O)cc3)CC3(CC3)C2)cc1Br"
"CHEMBL511261","CC(C)c1onc(COc2cccc(Cl)c2)c1COc1ccc(/C=C/c2cccc(C(=O)O)c2)c(Cl)c1","CC(C)c1onc(COc2cccc(Cl)c2)c1COc1ccc(/C=C/c2cccc(C(=O)O)c2)c(Cl)c1"
"CHEMBL394659","O=[N+]([O-])c1ccc(/C=C/c2cccc(O)c2O)c([N+](=O)[O-])c1","O=[N+]([O-])c1ccc(/C=C/c2cccc(O)c2O)c([N+](=O)[O-])c1"
"CHEMBL76347","CCc1ccc(/C=C/c2cc(OC)c(OC)c(OC)c2)cc1","CCc1ccc(/C=C/c2cc(OC)c(OC)c(OC)c2)cc1"
"CHEMBL319183","COc1ccc(/C=C(/C(N)=O)c2cc(OC)c(OC)c(OC)c2)cc1N","COc1ccc(/C=C(/C(N)=O)c2cc(OC)c(OC)c(OC)c2)cc1N"
"CHEMBL65427","CC(C)Oc1ccc(/C(=C(/C#N)c2ccccc2)c2ccc(O)cc2)cc1","CC(C)Oc1ccc(/C(=C(/C#N)c2ccccc2)c2ccc(O)cc2)cc1"
"CHEMBL103333","COc1cc(/C=C\c2ccc(C)c(N)c2)cc(OC)c1OC","COc1cc(/C=C\c2ccc(C)c(N)c2)cc(OC)c1OC"
"CHEMBL187391","CCCCCC/C(=C(\c1ccccc1)c1ccc(S(C)(=O)=O)cc1)c1ccccc1","CCCCCC/C(=C(\c1ccccc1)c1ccc(S(C)(=O)=O)cc1)c1ccccc1"
"CHEMBL388330","O=S(=O)(Oc1ccccc1)C1CC2OC1C(c1ccccc1)=C2c1ccccc1","O=S(=O)(Oc1ccccc1)C1CC2OC1C(c1ccccc1)=C2c1ccccc1"
"CHEMBL396917","COc1cc(/C=C/c2cc(Br)cc(/C=C/c3ccc(N)c(OC)c3)c2)ccc1N","COc1cc(/C=C/c2cc(Br)cc(/C=C/c3ccc(N)c(OC)c3)c2)ccc1N"
"CHEMBL82612","COc1cc(/C=C/c2ccc3ccccc3c2)cc(OC)c1OC","COc1cc(/C=C/c2ccc3ccccc3c2)cc(OC)c1OC"
"CHEMBL157972","NCC(=C(c1ccc(O)cc1)c1ccc(O)cc1)c1ccccc1","NCC(=C(c1ccc(O)cc1)c1ccc(O)cc1)c1ccccc1"
"CHEMBL472172","CC1(C)CC=C(C#Cc2ccccc2)c2cc(/C=C/c3ccc(C(=O)O)cc3)ccc21","CC1(C)CC=C(C#Cc2ccccc2)c2cc(/C=C/c3ccc(C(=O)O)cc3)ccc21"
"CHEMBL422246","COc1cc(/C=C\c2ccc(Cl)c(N)c2)cc(OC)c1OC","COc1cc(/C=C\c2ccc(Cl)c(N)c2)cc(OC)c1OC"
"CHEMBL110846","NS(=O)(=O)c1ccc(C2=C(c3ccc(C(F)(F)F)c(F)c3)CCC2)cc1","NS(=O)(=O)c1ccc(C2=C(c3ccc(C(F)(F)F)c(F)c3)CCC2)cc1"
"CHEMBL192070","COC(=O)/C=C/c1cccc(N(Cc2ccc(/C=C/c3ccc(OC)cc3)cc2)C(=O)C2CCCCC2)c1","COC(=O)/C=C/c1cccc(N(Cc2ccc(/C=C/c3ccc(OC)cc3)cc2)C(=O)C2CCCCC2)c1"
"CHEMBL101381","CC(C)c1onc(-c2c(Cl)cccc2Br)c1COc1ccc(/C=C/c2cccc(C(=O)O)c2)c(Cl)c1","CC(C)c1onc(-c2c(Cl)cccc2Br)c1COc1ccc(/C=C/c2cccc(C(=O)O)c2)c(Cl)c1"
"CHEMBL45802","CC/C(=C(\c1ccccc1)c1ccc(OCCN=C(N)N)cc1)c1ccccc1","CC/C(=C(\c1ccccc1)c1ccc(OCCN=C(N)N)cc1)c1ccccc1"
"CHEMBL425504","O=C(CCCN1CCN(c2ccc(C(F)(F)F)cc2)CC1)NC1c2ccccc2C=Cc2ccccc21","O=C(CCCN1CCN(c2ccc(C(F)(F)F)cc2)CC1)NC1c2ccccc2C=Cc2ccccc21"
"CHEMBL84003","CN(C)c1ccc(/C=C/c2ccc([N+](=O)[O-])cc2)cc1","CN(C)c1ccc(/C=C/c2ccc([N+](=O)[O-])cc2)cc1"
"CHEMBL517658","COc1cccc(/C=C\c2ccc(O[Si](C)(C)C(C)(C)C)cc2)c1","COc1cccc(/C=C\c2ccc(O[Si](C)(C)C(C)(C)C)cc2)c1"
"CHEMBL275059","CC/C(=C(/c1ccccc1)c1cccc(OC(C)=O)c1)c1ccccc1","CC/C(=C(/c1ccccc1)c1cccc(OC(C)=O)c1)c1ccccc1"
"CHEMBL393703","O=[N+]([O-])c1ccc(/C=C/c2cccc(O)c2)c([N+](=O)[O-])c1","O=[N+]([O-])c1ccc(/C=C/c2cccc(O)c2)c([N+](=O)[O-])c1"
"CHEMBL354184","O=C(O)c1ccc(/C=C/c2ccc(Nc3c4ccccc4nc4ccccc34)cc2)cc1","O=C(O)c1ccc(/C=C/c2ccc(Nc3c4ccccc4nc4ccccc34)cc2)cc1"
"CHEMBL364311","CS(=O)(=O)c1ccc(/C(COC(=O)c2cccnc2)=C(/C(=O)O)c2ccc(F)c(F)c2)cc1","CS(=O)(=O)c1ccc(/C(COC(=O)c2cccnc2)=C(/C(=O)O)c2ccc(F)c(F)c2)cc1"
"CHEMBL59436","COc1cccc(/C=C/c2cccc3cc(NS(=O)(=O)C(F)(F)F)ccc23)c1","COc1cccc(/C=C/c2cccc3cc(NS(=O)(=O)C(F)(F)F)ccc23)c1"
"CHEMBL229582","COc1ccc(/C=C/c2cc(OC)cc(OC)c2CNCc2ccc(F)cc2)cc1","COc1ccc(/C=C/c2cc(OC)cc(OC)c2CNCc2ccc(F)cc2)cc1"
"CHEMBL11389","CC/C(=C(\Cc1ccccc1)c1ccc(OCN(C)C)cc1)c1ccccc1","CC/C(=C(\Cc1ccccc1)c1ccc(OCN(C)C)cc1)c1ccccc1"
"CHEMBL307907","CCN(CC)CCOC(=O)/C(=C/c1ccc(OC)cc1)c1cc(OC)c(OC)c(OC)c1","CCN(CC)CCOC(=O)/C(=C/c1ccc(OC)cc1)c1cc(OC)c(OC)c(OC)c1"
"CHEMBL419387","Cc1cc(C=C2c3ccccc3C(=O)c3ccccc32)cc(C)c1O","Cc1cc(C=C2c3ccccc3C(=O)c3ccccc32)cc(C)c1O"
"CHEMBL45272","O=C1Oc2ccc(C(=O)c3cccs3)cc2/C1=C/c1ccccc1","O=C1Oc2ccc(C(=O)c3cccs3)cc2/C1=C/c1ccccc1"
"CHEMBL422369","COc1cc(C2=C(c3ccc([N+](=O)[O-])cc3)COC2=O)cc(OC)c1OC","COc1cc(C2=C(c3ccc([N+](=O)[O-])cc3)COC2=O)cc(OC)c1OC"
"CHEMBL18264","CS(=O)(=O)c1ccc(C2=C(c3ccc(F)c(F)c3)C(=O)OC2)cc1","CS(=O)(=O)c1ccc(C2=C(c3ccc(F)c(F)c3)C(=O)OC2)cc1"
"CHEMBL8578","CCCC[C@@H](C[C@@H](CCc1ccc(/C=C/c2ccccc2)cc1)C(=O)N[C@H](C(=O)NC)C(C)(C)C)C(=O)O","CCCC[C@@H](C[C@@H](CCc1ccc(/C=C/c2ccccc2)cc1)C(=O)N[C@H](C(=O)NC)C(C)(C)C)C(=O)O"
"CHEMBL111039","CSc1ccc(C2=C(c3ccc(S(C)(=O)=O)cc3)CCC2)cc1","CSc1ccc(C2=C(c3ccc(S(C)(=O)=O)cc3)CCC2)cc1"
"CHEMBL103288","COc1ccc(/C=C(/C#N)c2ccccc2)cc1N","COc1ccc(/C=C(/C#N)c2ccccc2)cc1N"
"CHEMBL478484","O=C1Nc2ccccc2/C1=C\c1ccc(Cl)cc1Cl","O=C1Nc2ccccc2/C1=C\c1ccc(Cl)cc1Cl"
"CHEMBL56361","O=C(O)c1ccc(CNc2ccc3c(/C=C/c4cccc(C(F)(F)F)c4)cccc3c2)cc1","O=C(O)c1ccc(CNc2ccc3c(/C=C/c4cccc(C(F)(F)F)c4)cccc3c2)cc1"
"CHEMBL176087","FC(F)(F)c1ccc(/C=C\c2ccc3ccccc3c2)cc1","FC(F)(F)c1ccc(/C=C\c2ccc3ccccc3c2)cc1"
"CHEMBL101659","Oc1cc(O)cc(/C=C/c2cc(O)cc(O)c2)c1","Oc1cc(O)cc(/C=C/c2cc(O)cc(O)c2)c1"
"CHEMBL327713","C=C1c2ccccc2C=C(C2=CCN(C)CC2)c2ccccc21","C=C1c2ccccc2C=C(C2=CCN(C)CC2)c2ccccc21"
"CHEMBL67210","O=C1C(c2ccc(O)cc2)=C(c2ccccc2)c2ccccc21","O=C1C(c2ccc(O)cc2)=C(c2ccccc2)c2ccccc21"
"CHEMBL457194","O=C(O)CC1=C/C(=C\c2ccc(-c3ccc(F)cc3F)cc2)c2ccc(F)cc21","O=C(O)CC1=C/C(=C\c2ccc(-c3ccc(F)cc3F)cc2)c2ccc(F)cc21"
"CHEMBL184285","CCCCCSCCCN(C)CCCCCC/C(=C(/CC)c1ccc(O)cc1)c1ccc(O)cc1","CCCCCSCCCN(C)CCCCCC/C(=C(/CC)c1ccc(O)cc1)c1ccc(O)cc1"
"CHEMBL65053","N#CC(=C(c1ccc(O)cc1)c1ccc(O)cc1)c1ccccc1","N#CC(=C(c1ccc(O)cc1)c1ccc(O)cc1)c1ccccc1"
"CHEMBL88717","NS(=O)(=O)c1ccc(C2=C(c3ccc(Cl)cc3)CC3(CC3)C2)cc1","NS(=O)(=O)c1ccc(C2=C(c3ccc(Cl)cc3)CC3(CC3)C2)cc1"
"CHEMBL302275","CCC1=C(c2ccccc2)C(CC)c2cc(O)ccc21","CCC1=C(c2ccccc2)C(CC)c2cc(O)ccc21"
"CHEMBL29306","CC/C(=C(\CC(F)(F)F)c1ccc(O)cc1)c1ccc(O)cc1","CC/C(=C(\CC(F)(F)F)c1ccc(O)cc1)c1ccc(O)cc1"
"CHEMBL101337","C(=C/c1ccc(OCc2ccccc2)c(OCc2ccccc2)c1)\c1ccccc1","C(=C/c1ccc(OCc2ccccc2)c(OCc2ccccc2)c1)\c1ccccc1"
"CHEMBL125956","COc1cc(/C=C/c2ccc3nccnc3c2)cc(OC)c1OC","COc1cc(/C=C/c2ccc3nccnc3c2)cc(OC)c1OC"
"CHEMBL427528","COC(=O)/C=C/c1cccc(N(Cc2ccc(/C=C/c3cccc(F)c3)cc2)C(=O)C2CCCCC2)c1","COC(=O)/C=C/c1cccc(N(Cc2ccc(/C=C/c3cccc(F)c3)cc2)C(=O)C2CCCCC2)c1"
"CHEMBL228727","COc1ccc(C2=C(C(=O)c3cc(OC)c(O)c(OC)c3)c3cc(O)c(OC)cc3C2=O)cc1O","COc1ccc(C2=C(C(=O)c3cc(OC)c(O)c(OC)c3)c3cc(O)c(OC)cc3C2=O)cc1O"
"CHEMBL365288","CC/C(=C\c1ccccc1)c1ccc(S(C)(=O)=O)cc1","CC/C(=C\c1ccccc1)c1ccc(S(C)(=O)=O)cc1"
"CHEMBL325368","O=P(O)(O)C1c2ccccc2C=Cc2ccccc21","O=P(O)(O)C1c2ccccc2C=Cc2ccccc21"
"CHEMBL222369","COc1ccc(C(=C2CC(c3ccc(O)cc3)Oc3cc(OC)ccc32)c2ccc(OC)cc2)cc1","COc1ccc(C(=C2CC(c3ccc(O)cc3)Oc3cc(OC)ccc32)c2ccc(OC)cc2)cc1"
"CHEMBL207367","COc1cc(/C=C\c2ccc([N+](=O)[O-])cc2)cc(OC)c1","COc1cc(/C=C\c2ccc([N+](=O)[O-])cc2)cc(OC)c1"
"CHEMBL167696","CC(C)c1ccc(C2=C(c3ccc(S(C)(=O)=O)cc3)OC3(CCCC3)C2=O)cc1","CC(C)c1ccc(C2=C(c3ccc(S(C)(=O)=O)cc3)OC3(CCCC3)C2=O)cc1"
"CHEMBL179096","Cn1ccc2cc(/C=C\c3ccc4ccccc4c3)ccc21","Cn1ccc2cc(/C=C\c3ccc4ccccc4c3)ccc21"
"CHEMBL195691","COc1ccc(/C=C\c2cc(OC)c(OC)c(OC)c2)cc1OCCOS(C)(=O)=O","COc1ccc(/C=C\c2cc(OC)c(OC)c(OC)c2)cc1OCCOS(C)(=O)=O"
"CHEMBL179374","COc1cc(/C=C/c2ccc(F)cc2)cc(OC)c1","COc1cc(/C=C/c2ccc(F)cc2)cc(OC)c1"
"CHEMBL476071","COc1cc(/C=C2/C(=O)Nc3ccccc32)ccc1O","COc1cc(/C=C2/C(=O)Nc3ccccc32)ccc1O"
"CHEMBL327223","COc1ccc(/C=C/c2ccccc2)cc1OC","COc1ccc(/C=C/c2ccccc2)cc1OC"
"CHEMBL8710","CC(=O)Nc1ccc(/C=C/c2ccc(F)cc2)cc1","CC(=O)Nc1ccc(/C=C/c2ccc(F)cc2)cc1"
"CHEMBL435325","CS(=O)(=O)Nc1ccc(C2=C(c3ccccc3)C(=O)OC2)cc1","CS(=O)(=O)Nc1ccc(C2=C(c3ccccc3)C(=O)OC2)cc1"
"CHEMBL7037","NS(=O)(=O)c1ccc(/C=C/c2ccc(O)c(O)c2)cc1","NS(=O)(=O)c1ccc(/C=C/c2ccc(O)c(O)c2)cc1"
"CHEMBL144863","COc1ccc(/C=C(/C(=O)c2ccccc2)c2ccccc2)cc1","COc1ccc(/C=C(/C(=O)c2ccccc2)c2ccccc2)cc1"
"CHEMBL358769","OC[C@H]1O[C@@H](Oc2cc(O)cc(/C=C/c3ccc(O)c(O)c3)c2)[C@H](O)[C@@H](O)[C@@H]1O","OC[C@H]1O[C@@H](Oc2cc(O)cc(/C=C/c3ccc(O)c(O)c3)c2)[C@H](O)[C@@H](O)[C@@H]1O"
"CHEMBL126334","O=C(O)c1cccc(/C=C(\c2ccc(CCNS(=O)(=O)c3ccc(Cl)cc3)cc2)c2cccnc2)c1","O=C(O)c1cccc(/C=C(\c2ccc(CCNS(=O)(=O)c3ccc(Cl)cc3)cc2)c2cccnc2)c1"
"CHEMBL459122","COc1ccc(/C=C/c2cc(Cl)c(OC)c(OC)c2)cc1O","COc1ccc(/C=C/c2cc(Cl)c(OC)c(OC)c2)cc1O"
"CHEMBL21362","CN1C2CCC1C(c1ccccc1)=C(c1ccccc1)C2","CN1C2CCC1C(c1ccccc1)=C(c1ccccc1)C2"
"CHEMBL490863","COc1ccc(/C=C2/C(=O)N(c3c(Cl)cccc3Cl)c3ccccc32)cc1OC","COc1ccc(/C=C2/C(=O)N(c3c(Cl)cccc3Cl)c3ccccc32)cc1OC"
"CHEMBL80903","O=CC(Cc1ccccc1)NC(=O)c1ccccc1/C=C/c1cccc2ccccc12","O=CC(Cc1ccccc1)NC(=O)c1ccccc1/C=C/c1cccc2ccccc12"
"CHEMBL417380","CCCCOc1ccc(/C=C/c2cc(C)c(O)c(C)c2)cc1","CCCCOc1ccc(/C=C/c2cc(C)c(O)c(C)c2)cc1"
"CHEMBL515155","O=C1Nc2ccccc2/C1=C1\C(=O)Nc2ccccc21","O=C1Nc2ccccc2/C1=C1\C(=O)Nc2ccccc21"
"CHEMBL11223","CCC(=C(c1ccc(OC(C)=O)cc1)c1ccc(OC(C)=O)cc1)c1ccccc1","CCC(=C(c1ccc(OC(C)=O)cc1)c1ccc(OC(C)=O)cc1)c1ccccc1"
"CHEMBL37130","CC/C(=C(/c1ccc(OCCN(C)C)cc1)c1cccc(F)c1)c1ccccc1","CC/C(=C(/c1ccc(OCCN(C)C)cc1)c1cccc(F)c1)c1ccccc1"
"CHEMBL198732","Cc1noc(/C(=C\c2cccc(-c3cc(C(C)(C)S(C)(=O)=O)cc4cccnc34)c2)c2ccc(S(C)(=O)=O)cc2)n1","Cc1noc(/C(=C\c2cccc(-c3cc(C(C)(C)S(C)(=O)=O)cc4cccnc34)c2)c2ccc(S(C)(=O)=O)cc2)n1"
"CHEMBL20617","O=C1/C(=C\c2ccccc2)c2ccccc2N1CCCN1CCN(c2cccc(Cl)c2)CC1","O=C1/C(=C\c2ccccc2)c2ccccc2N1CCCN1CCN(c2cccc(Cl)c2)CC1"
"CHEMBL266405","COc1cc(/C=C/c2ccc(S(N)(=O)=O)cc2)cc(OC)c1","COc1cc(/C=C/c2ccc(S(N)(=O)=O)cc2)cc(OC)c1"
"CHEMBL458270","COc1ccc(/C=C\c2cc(OC)c(OC)c(O[Si](C)(C)C(C)(C)C)c2)cc1[N+](=O)[O-]","COc1ccc(/C=C\c2cc(OC)c(OC)c(O[Si](C)(C)C(C)(C)C)c2)cc1[N+](=O)[O-]"
"CHEMBL79136","COc1ccc(/C=C\c2ccc(OC)cc2)cc1","COc1ccc(/C=C\c2ccc(OC)cc2)cc1"
"CHEMBL90329","COc1cc(/C=C/c2ccc(Br)cc2)cc(OC)c1OC","COc1cc(/C=C/c2ccc(Br)cc2)cc(OC)c1OC"
"CHEMBL360696","O=C1/C(=C/c2ccc3c(c2)OCO3)Cc2ccccc2/C1=C\c1ccc([N+](=O)[O-])cc1","O=C1/C(=C/c2ccc3c(c2)OCO3)Cc2ccccc2/C1=C\c1ccc([N+](=O)[O-])cc1"
"CHEMBL490196","O=C1OC(O)C(c2cccc(-c3csc4ccccc34)c2)=C1c1cccc(-c2csc3ccccc23)c1","O=C1OC(O)C(c2cccc(-c3csc4ccccc34)c2)=C1c1cccc(-c2csc3ccccc23)c1"
"CHEMBL56531","COc1ccc(/C=C/c2cc(C(C)C)c(O)c(C(C)C)c2)cc1","COc1ccc(/C=C/c2cc(C(C)C)c(O)c(C(C)C)c2)cc1"
"CHEMBL55960","Cc1cc(/C=C/c2ccccc2)cc(C)c1O","Cc1cc(/C=C/c2ccccc2)cc(C)c1O"
"CHEMBL342573","CN(C)CCSC1=Cc2ccccc2Oc2ccc(Cl)cc21","CN(C)CCSC1=Cc2ccccc2Oc2ccc(Cl)cc21"
"CHEMBL37868","CC/C(=C(/c1ccc(OCCN(C)C)cc1)c1cccc(N)c1)c1ccccc1","CC/C(=C(/c1ccc(OCCN(C)C)cc1)c1cccc(N)c1)c1ccccc1"
"CHEMBL459123","COc1ccc(/C=C\c2cc(Br)c(OC)c(OC)c2)cc1O","COc1ccc(/C=C\c2cc(Br)c(OC)c(OC)c2)cc1O"
"CHEMBL451055","COc1ccc(/C=C/c2cc(F)c(OC)c(OC)c2)cc1O","COc1ccc(/C=C/c2cc(F)c(OC)c(OC)c2)cc1O"
"CHEMBL195158","COc1ccc(/C=C\c2cc(O)c(OC)c(OC)c2)cc1F","COc1ccc(/C=C\c2cc(O)c(OC)c(OC)c2)cc1F"
"CHEMBL328057","O=C(O)/C(=C/c1cc(OCc2ccsc2)ccc1Br)c1ccccc1","O=C(O)/C(=C/c1cc(OCc2ccsc2)ccc1Br)c1ccccc1"
"CHEMBL208030","O=C1OCC(c2cc(Cl)ccc2OCc2ccccc2)=C1c1cccc(C(=O)O)c1","O=C1OCC(c2cc(Cl)ccc2OCc2ccccc2)=C1c1cccc(C(=O)O)c1"
"CHEMBL285536","Oc1ccc(C(=Cc2ccc(F)cc2)c2ccc(O)cc2)cc1","Oc1ccc(C(=Cc2ccc(F)cc2)c2ccc(O)cc2)cc1"
"CHEMBL426092","O=C1Oc2ccc(O)cc2/C1=C\c1ccc(O)cc1","O=C1Oc2ccc(O)cc2/C1=C\c1ccc(O)cc1"
"CHEMBL470696","C=CCNC(=O)C(C)(C)C(O)c1ccccc1/C=C/c1ccccc1","C=CCNC(=O)C(C)(C)C(O)c1ccccc1/C=C/c1ccccc1"
"CHEMBL361538","C(=C/c1ccc2[nH]ccc2c1)\c1ccc2ccccc2c1","C(=C/c1ccc2[nH]ccc2c1)\c1ccc2ccccc2c1"
"CHEMBL82936","Nc1nc(N)c2nc(CN3c4ccccc4C=Cc4cc(OCCCCC(=O)O)ccc43)cnc2n1","Nc1nc(N)c2nc(CN3c4ccccc4C=Cc4cc(OCCCCC(=O)O)ccc43)cnc2n1"
"CHEMBL146500","O=C(/C(=C/c1ccc(O)cc1)c1ccccc1)c1ccccc1","O=C(/C(=C/c1ccc(O)cc1)c1ccccc1)c1ccccc1"
"CHEMBL8709","CC(=O)Nc1ccc(/C=C/c2ccc(Cl)cc2)cc1","CC(=O)Nc1ccc(/C=C/c2ccc(Cl)cc2)cc1"
"CHEMBL503466","CC[C@H](C)[C@@H]([C@@H](CC(=O)N1CCC[C@H]1[C@H](OC)[C@@H](C)C(=O)Nc1cc(/C=C\c2cc(OC)c3c(c2)OCO3)ccc1OC)OC)N(C)C(=O)[C@@H](NC(=O)[C@H](C(C)C)N(C)C)C(C)C","CC[C@H](C)[C@@H]([C@@H](CC(=O)N1CCC[C@H]1[C@H](OC)[C@@H](C)C(=O)Nc1cc(/C=C\c2cc(OC)c3c(c2)OCO3)ccc1OC)OC)N(C)C(=O)[C@@H](NC(=O)[C@H](C(C)C)N(C)C)C(C)C"
"CHEMBL451641","CCCC(=O)c1ccc2c(c1)/C(=C1\C(=O)N([C@@H]3O[C@H](COC(C)=O)[C@@H](OC(C)=O)[C@H](OC(C)=O)[C@H]3OC(C)=O)c3cc([N+](=O)[O-])ccc31)C(=O)N2","CCCC(=O)c1ccc2c(c1)/C(=C1\C(=O)N([C@@H]3O[C@H](COC(C)=O)[C@@H](OC(C)=O)[C@H](OC(C)=O)[C@H]3OC(C)=O)c3cc([N+](=O)[O-])ccc31)C(=O)N2"
"CHEMBL510498","CC(=O)OC[C@H]1O[C@@H](N2C(=O)/C(=C3/C(=O)Nc4cc(Cl)ccc43)c3ccccc32)[C@H](OC(C)=O)[C@@H](OC(C)=O)[C@@H]1OC(C)=O","CC(=O)OC[C@H]1O[C@@H](N2C(=O)/C(=C3/C(=O)Nc4cc(Cl)ccc43)c3ccccc32)[C@H](OC(C)=O)[C@@H](OC(C)=O)[C@@H]1OC(C)=O"
"CHEMBL224323","Cc1ccc(C2=C(c3ccc(NS(C)(=O)=O)cc3)COC2=O)cc1","Cc1ccc(C2=C(c3ccc(NS(C)(=O)=O)cc3)COC2=O)cc1"
"CHEMBL42011","CSc1ccc(C2=C3c4ccccc4CCC3OC2=O)cc1","CSc1ccc(C2=C3c4ccccc4CCC3OC2=O)cc1"
"CHEMBL241963","CN(C)CCCNC(=O)c1cc(NC(=O)c2cc(NC(=O)CCCN3c4ccccc4C=Cc4ccccc43)cn2C)cn1C","CN(C)CCCNC(=O)c1cc(NC(=O)c2cc(NC(=O)CCCN3c4ccccc4C=Cc4ccccc43)cn2C)cn1C"
"CHEMBL372092","O=C(O)c1ccc(C2=C(c3ccc(O)cc3)Cc3cc(O)ccc32)cc1","O=C(O)c1ccc(C2=C(c3ccc(O)cc3)Cc3cc(O)ccc32)cc1"
"CHEMBL241067","O=C1NCN(c2ccccc2)C12CCN(C1c3ccccc3C=Cc3ccccc31)CC2","O=C1NCN(c2ccccc2)C12CCN(C1c3ccccc3C=Cc3ccccc31)CC2"
"CHEMBL74189","COc1cc(/C=C/c2ccc(SC)cc2)cc(OC)c1OC","COc1cc(/C=C/c2ccc(SC)cc2)cc(OC)c1OC"
"CHEMBL78668","Clc1ccc(C2=Cc3ccccc3C3=NCCN23)cc1","Clc1ccc(C2=Cc3ccccc3C3=NCCN23)cc1"
"CHEMBL328710","CN(C)c1ccc(/C=C2\C(=O)Nc3ccccc32)cc1","CN(C)c1ccc(/C=C2\C(=O)Nc3ccccc32)cc1"
"CHEMBL522153","CC(C)c1onc(COc2cc(Cl)ccc2Cl)c1COc1ccc(/C=C/c2cccc(C(=O)O)c2)c(Cl)c1","CC(C)c1onc(COc2cc(Cl)ccc2Cl)c1COc1ccc(/C=C/c2cccc(C(=O)O)c2)c(Cl)c1"
"CHEMBL47193","COc1ccc(C2=C(c3ccc(SC)cc3)CC3CCCN3C2)cc1O","COc1ccc(C2=C(c3ccc(SC)cc3)CC3CCCN3C2)cc1O"
"CHEMBL355683","CCC1(CC)OC(c2ccc(S(C)(=O)=O)cc2)=C(c2ccccc2)C1=O","CCC1(CC)OC(c2ccc(S(C)(=O)=O)cc2)=C(c2ccccc2)C1=O"
"CHEMBL283264","C1=C(c2ccccc2)C(c2ccc(OCCN3CCCC3)cc2)Oc2ccccc21","C1=C(c2ccccc2)C(c2ccc(OCCN3CCCC3)cc2)Oc2ccccc21"
"CHEMBL148805","C1=C(CCN2CCOCC2)c2ccccc2/C1=C\c1cccc2ccccc12","C1=C(CCN2CCOCC2)c2ccccc2/C1=C\c1cccc2ccccc12"
"CHEMBL49775","CS(=O)(=O)c1ccc(C2=C(c3ccccc3)C(=O)N(c3ccccc3)C2)cc1","CS(=O)(=O)c1ccc(C2=C(c3ccccc3)C(=O)N(c3ccccc3)C2)cc1"
"CHEMBL478504","O=C1Nc2ccccc2/C1=C\c1ccccc1O","O=C1Nc2ccccc2/C1=C\c1ccccc1O"
"CHEMBL417964","CC(C)Oc1ccc(/C(=C(\C#N)c2ccccc2)c2ccc(O)cc2)cc1","CC(C)Oc1ccc(/C(=C(\C#N)c2ccccc2)c2ccc(O)cc2)cc1"
"CHEMBL247932","COc1cc(/C=C/c2cccc(/C=C/c3ccc(N(C)C)c(OC)c3)c2)ccc1N(C)C","COc1cc(/C=C/c2cccc(/C=C/c3ccc(N(C)C)c(OC)c3)c2)ccc1N(C)C"
"CHEMBL360720","CS(=O)(=O)c1ccc(/C(=C/c2ccc(F)cc2)c2ccccc2)cc1","CS(=O)(=O)c1ccc(/C(=C/c2ccc(F)cc2)c2ccccc2)cc1"
"CHEMBL179619","COc1ccc(/C=C/c2cc(Cl)cc(Cl)c2)cc1","COc1ccc(/C=C/c2cc(Cl)cc(Cl)c2)cc1"
"CHEMBL457805","[O-][n+]1onc2ccc(/C=C\c3ccc4c(c3)OCO4)cc21","[O-][n+]1onc2ccc(/C=C\c3ccc4c(c3)OCO4)cc21"
"CHEMBL104640","CS(=O)(=O)c1ccc(/C=C2\C(=O)Nc3ccc(C(=O)c4cccs4)cc32)cc1","CS(=O)(=O)c1ccc(/C=C2\C(=O)Nc3ccc(C(=O)c4cccs4)cc32)cc1"
"CHEMBL246684","O=C(Nc1ccccc1)Nc1ccc(/C=C2\C(=O)Nc3ccc(Cl)cc32)cc1","O=C(Nc1ccccc1)Nc1ccc(/C=C2\C(=O)Nc3ccc(Cl)cc32)cc1"
"CHEMBL269303","CC/C(=C(\c1ccc(I)cc1)c1ccc(OCCCCCCN2CCCC2)cc1)c1ccccc1","CC/C(=C(\c1ccc(I)cc1)c1ccc(OCCCCCCN2CCCC2)cc1)c1ccccc1"
"CHEMBL209658","CCOC(=O)COn1c(C)[n+]([O-])c2cc(/C=C/c3ccccc3)ccc21","CCOC(=O)COn1c(C)[n+]([O-])c2cc(/C=C/c3ccccc3)ccc21"
"CHEMBL167799","Cl/C(=C(/c1ccccc1)c1ccc(OCCBr)cc1)c1ccccc1","Cl/C(=C(/c1ccccc1)c1ccc(OCCBr)cc1)c1ccccc1"
"CHEMBL476409","O=C1Nc2ccccc2/C1=C1\C(=O)Nc2cc(F)ccc21","O=C1Nc2ccccc2/C1=C1\C(=O)Nc2cc(F)ccc21"
"CHEMBL22369","CCOC(=O)c1ccc(/C=C(\C)c2ccc3c(c2)C(C)(C)CCC3(C)C)cc1","CCOC(=O)c1ccc(/C=C(\C)c2ccc3c(c2)C(C)(C)CCC3(C)C)cc1"
"CHEMBL229532","COc1ccc(/C=C/c2cc(OC)cc(OC)c2/C=N/C2CCCC2)cc1","COc1ccc(/C=C/c2cc(OC)cc(OC)c2/C=N/C2CCCC2)cc1"
"CHEMBL100553","C(=C/c1cc(OCc2ccccc2)cc(OCc2ccccc2)c1)\c1ccc(OCc2ccccc2)cc1","C(=C/c1cc(OCc2ccccc2)cc(OCc2ccccc2)c1)\c1ccc(OCc2ccccc2)cc1"
"CHEMBL225805","[O-][n+]1onc2cc(/C=C/c3ccc4c(c3)OCO4)ccc21","[O-][n+]1onc2cc(/C=C/c3ccc4c(c3)OCO4)ccc21"
"CHEMBL489283","CC/C(=C\c1cccc(F)c1)c1cc(O)cc(O)c1","CC/C(=C\c1cccc(F)c1)c1cc(O)cc(O)c1"
"CHEMBL459547","COc1cc(/C=C/c2ccc(NC(=O)CCCCNP(=O)(OC(C)C)OC(C)C)cc2)cc(OC)c1","COc1cc(/C=C/c2ccc(NC(=O)CCCCNP(=O)(OC(C)C)OC(C)C)cc2)cc(OC)c1"
"CHEMBL469511","Oc1ccc(C2=C(c3ccc(OCCN4CCCC4)cc3)c3ccc(O)cc3OCC2)cc1","Oc1ccc(C2=C(c3ccc(OCCN4CCCC4)cc3)c3ccc(O)cc3OCC2)cc1"
"CHEMBL384499","O=C1O/C(=C\c2ccc(Cl)cc2)c2cc(Cl)c(Cl)cc21","O=C1O/C(=C\c2ccc(Cl)cc2)c2cc(Cl)c(Cl)cc21"
"CHEMBL329033","Oc1ccc(/C=C/c2ccc(O)c(O)c2)cc1","Oc1ccc(/C=C/c2ccc(O)c(O)c2)cc1"
"CHEMBL465218","COc1ccc(/C=C\c2cc(OC)c3c(c2)OCO3)c(O)c1O","COc1ccc(/C=C\c2cc(OC)c3c(c2)OCO3)c(O)c1O"
"CHEMBL457145","CC(C)=CCc1cc(/C=C/c2cc(O)cc(O)c2)ccc1O","CC(C)=CCc1cc(/C=C/c2cc(O)cc(O)c2)ccc1O"
"CHEMBL279268","CC1(O)OC(=O)C(c2ccc(F)c(Cl)c2)=C1c1ccc(S(C)(=O)=O)cc1","CC1(O)OC(=O)C(c2ccc(F)c(Cl)c2)=C1c1ccc(S(C)(=O)=O)cc1"
"CHEMBL126652","O=C1Nc2ccccc2/C1=C\c1ccc(Cl)cc1","O=C1Nc2ccccc2/C1=C\c1ccc(Cl)cc1"
"CHEMBL269374","CC(=O)Nc1ccc(/C=C/c2ccc(C(C)(C)C)cc2)cc1","CC(=O)Nc1ccc(/C=C/c2ccc(C(C)(C)C)cc2)cc1"
"CHEMBL12691","C/C(=C\c1ccc(C(=O)O)cc1)c1ccc(C(C)C)c(C(C)C)c1","C/C(=C\c1ccc(C(=O)O)cc1)c1ccc(C(C)C)c(C(C)C)c1"
"CHEMBL19195","CC/C(=C(/c1ccc(O)cc1)c1ccc(OCN(C)C)cc1)c1ccccc1","CC/C(=C(/c1ccc(O)cc1)c1ccc(OCN(C)C)cc1)c1ccccc1"
"CHEMBL388468","COc1cc(/C=C/c2cc3c(c(OC)c2)O[C@@]2(C)CC[C@H](O)C(C)(C)[C@@H]2C3)cc(O)c1CC=C(C)C","COc1cc(/C=C/c2cc3c(c(OC)c2)O[C@@]2(C)CC[C@H](O)C(C)(C)[C@@H]2C3)cc(O)c1CC=C(C)C"
"CHEMBL469920","OC[C@H]1O[C@@H](Oc2cc(O)cc(/C=C\c3ccc(O)c(O)c3)c2)[C@H](O)[C@@H](O)[C@@H]1O","OC[C@H]1O[C@@H](Oc2cc(O)cc(/C=C\c3ccc(O)c(O)c3)c2)[C@H](O)[C@@H](O)[C@@H]1O"
"CHEMBL267385","Oc1ccc(C2=Cc3cc(O)ccc3C23Cc2ccc(OCCN4CCCCC4)cc2C3)cc1","Oc1ccc(C2=Cc3cc(O)ccc3C23Cc2ccc(OCCN4CCCCC4)cc2C3)cc1"
"CHEMBL332610","COc1cc(/C=C/c2ccc(O)c(O)c2)cc(OC)c1","COc1cc(/C=C/c2ccc(O)c(O)c2)cc(OC)c1"
"CHEMBL518818","COc1cc(/C=C\c2cc(O)c3ccoc3c2)cc2c1OCO2","COc1cc(/C=C\c2cc(O)c3ccoc3c2)cc2c1OCO2"
"CHEMBL525443","CCOC(=O)c1ccc2c(c1)NC(=O)/C2=C(\Nc1ccc(CN2CCCCC2)cc1)c1ccccc1","CCOC(=O)c1ccc2c(c1)NC(=O)/C2=C(\Nc1ccc(CN2CCCCC2)cc1)c1ccccc1"
"CHEMBL415239","O=C(O)c1ccc2c(c1)C(SCCNS(=O)(=O)c1ccccc1)c1ccccc1C=C2","O=C(O)c1ccc2c(c1)C(SCCNS(=O)(=O)c1ccccc1)c1ccccc1C=C2"
"CHEMBL525550","COC(=O)c1ccc2c(c1)NC(=O)/C2=C(\Nc1ccc(C(=O)N(C)CCN(C)C)cc1)c1ccccc1","COC(=O)c1ccc2c(c1)NC(=O)/C2=C(\Nc1ccc(C(=O)N(C)CCN(C)C)cc1)c1ccccc1"
"CHEMBL519414","O=C1/C(=C/c2ccccc2)c2ccccc2N1c1c(Cl)cccc1Cl","O=C1/C(=C/c2ccccc2)c2ccccc2N1c1c(Cl)cccc1Cl"
"CHEMBL128058","CC/C(=C(/CC)c1ccc(OP(=O)(Cl)N(CCCl)CCCl)cc1)c1ccc(OP(=O)(Cl)N(CCCl)CCCl)cc1","CC/C(=C(/CC)c1ccc(OP(=O)(Cl)N(CCCl)CCCl)cc1)c1ccc(OP(=O)(Cl)N(CCCl)CCCl)cc1"
"CHEMBL219082","CCc1cccc2c1CNc1c(cccc1CCc1ccccc1)/C=C\2COc1ccccc1[N+](=O)[O-]","CCc1cccc2c1CNc1c(cccc1CCc1ccccc1)/C=C\2COc1ccccc1[N+](=O)[O-]"
"CHEMBL215186","COc1ccc(/C=C/c2cccc(O)c2O)cc1","COc1ccc(/C=C/c2cccc(O)c2O)cc1"
"CHEMBL447596","COc1ccc(/C=C\c2cc(OC)c3c(c2)OCO3)cc1NC(=O)[C@H](Cc1ccc(OP(=O)(OCc2ccccc2)OCc2ccccc2)cc1)NP(=O)(OCc1ccccc1)OCc1ccccc1","COc1ccc(/C=C\c2cc(OC)c3c(c2)OCO3)cc1NC(=O)[C@H](Cc1ccc(OP(=O)(OCc2ccccc2)OCc2ccccc2)cc1)NP(=O)(OCc1ccccc1)OCc1ccccc1"
"CHEMBL381734","CCOc1cc(/C=C/c2cc(OC)cc(OC)c2)ccc1O","CCOc1cc(/C=C/c2cc(OC)cc(OC)c2)ccc1O"
"CHEMBL189022","c1ccc(C2=C(c3ccc(OCCN4CCCC4)cc3)c3ccccc3OCC2)cc1","c1ccc(C2=C(c3ccc(OCCN4CCCC4)cc3)c3ccccc3OCC2)cc1"
"CHEMBL469785","CCCN1CC(c2ccc(S(C)(=O)=O)cc2)=C(c2ccc(CO)cc2)C1=O","CCCN1CC(c2ccc(S(C)(=O)=O)cc2)=C(c2ccc(CO)cc2)C1=O"
"CHEMBL189944","COC(=O)/C=C/c1cccc(N(Cc2ccc(/C=C/c3cc(C(F)(F)F)cc(C(F)(F)F)c3)cc2)C(=O)C(C)C)c1","COC(=O)/C=C/c1cccc(N(Cc2ccc(/C=C/c3cc(C(F)(F)F)cc(C(F)(F)F)c3)cc2)C(=O)C(C)C)c1"
"CHEMBL9781","C1=C(c2ccc(-c3ccccc3)cc2)N2CCCN=C2c2ccccc21","C1=C(c2ccc(-c3ccccc3)cc2)N2CCCN=C2c2ccccc21"
"CHEMBL394010","CC(=O)Nc1cc(C)c(-c2nnc3n2NC(c2ccccc2)=C(c2ccccc2)S3)s1","CC(=O)Nc1cc(C)c(-c2nnc3n2NC(c2ccccc2)=C(c2ccccc2)S3)s1"
"CHEMBL464633","O=C(/C=C/c1ccc(O)c2c1C=Cc1cc(O)c(O)cc1O2)O[C@H](Cc1ccc(O)c(O)c1)C(=O)O","O=C(/C=C/c1ccc(O)c2c1C=Cc1cc(O)c(O)cc1O2)O[C@H](Cc1ccc(O)c(O)c1)C(=O)O"
"CHEMBL78486","COC(=O)/C(=C/c1ccc(OC)cc1)c1ccc(OC)cc1","COC(=O)/C(=C/c1ccc(OC)cc1)c1ccc(OC)cc1"
"CHEMBL90447","CS(=O)(=O)c1ccc(C2=C(c3ccc(F)cc3)CC3(CCC3)C2)cc1","CS(=O)(=O)c1ccc(C2=C(c3ccc(F)cc3)CC3(CCC3)C2)cc1"
"CHEMBL297772","CS(=O)(=O)c1ccc(C2=C3c4ccccc4CCC3(O)OC2=O)cc1","CS(=O)(=O)c1ccc(C2=C3c4ccccc4CCC3(O)OC2=O)cc1"
"CHEMBL187028","Oc1cc(/C=C/c2ccccc2)cc(OCc2ccccc2)c1","Oc1cc(/C=C/c2ccccc2)cc(OCc2ccccc2)c1"
"CHEMBL133742","N#CC(c1cccnc1)N1CCN(C(=O)/C(=C/c2ccccc2)c2ccccc2)CC1","N#CC(c1cccnc1)N1CCN(C(=O)/C(=C/c2ccccc2)c2ccccc2)CC1"
"CHEMBL265562","NS(=O)(=O)c1ccc(C2=C(c3ccc(F)cc3)CCC2)cc1","NS(=O)(=O)c1ccc(C2=C(c3ccc(F)cc3)CCC2)cc1"
"CHEMBL245477","CN(C)c1ccc(/C=C/c2cccc(/C=C/c3ccc(N(C)C)cc3)c2)cc1","CN(C)c1ccc(/C=C/c2cccc(/C=C/c3ccc(N(C)C)cc3)c2)cc1"
"CHEMBL423057","Cc1ccc(C=C2c3ccccc3C(=O)c3ccccc32)cc1","Cc1ccc(C=C2c3ccccc3C(=O)c3ccccc32)cc1"
"CHEMBL231936","COc1ccc(/C=C/c2ccc(O)cc2)cc1OC","COc1ccc(/C=C/c2ccc(O)cc2)cc1OC"
"CHEMBL390117","COc1ccc(C2=Cc3ccccc3CC2)cc1OC","COc1ccc(C2=Cc3ccccc3CC2)cc1OC"
"CHEMBL389016","O=[N+]([O-])c1ccccc1/C=C\c1ccc2c(c1)no[n+]2[O-]","O=[N+]([O-])c1ccccc1/C=C\c1ccc2c(c1)no[n+]2[O-]"
"CHEMBL473518","COc1ccc(/C=C/c2cc(O)cc(O)c2)cc1OC","COc1ccc(/C=C/c2cc(O)cc(O)c2)cc1OC"
"CHEMBL24950","Oc1cccc(C2=Cc3cc(O)ccc3C23Cc2ccccc2C3)c1","Oc1cccc(C2=Cc3cc(O)ccc3C23Cc2ccccc2C3)c1"
"CHEMBL225052","O=S(=O)(c1ccccc1)C1CC2OC1C(c1ccccc1)=C2c1ccccc1","O=S(=O)(c1ccccc1)C1CC2OC1C(c1ccccc1)=C2c1ccccc1"
"CHEMBL54221","COc1ccc(/C=C/c2cc(C)c(O)c(C)c2)cc1","COc1ccc(/C=C/c2cc(C)c(O)c(C)c2)cc1"
"CHEMBL405095","COc1ccc(/C(=C\c2ccc(S(C)(=O)=O)cc2)C(=O)OCCO[N+](=O)[O-])cc1","COc1ccc(/C(=C\c2ccc(S(C)(=O)=O)cc2)C(=O)OCCO[N+](=O)[O-])cc1"
"CHEMBL276887","CC/C(=C(\c1ccccc1)c1ccc(OC(C)=O)cc1)c1ccccc1","CC/C(=C(\c1ccccc1)c1ccc(OC(C)=O)cc1)c1ccccc1"
"CHEMBL389596","CSc1ccc(OCc2ccc(F)cc2)c(C2=C(c3cccc(C(=O)O)c3)CCC2)c1","CSc1ccc(OCc2ccc(F)cc2)c(C2=C(c3cccc(C(=O)O)c3)CCC2)c1"
"CHEMBL110370","COc1cc(/C=C/c2cc(O)cc(O)c2)ccc1O","COc1cc(/C=C/c2cc(O)cc(O)c2)ccc1O"
"CHEMBL545942","COc1ccc(N2CCN(CCCCNC(=O)c3ccc(/C=C/c4ccc(Cl)c(Cl)c4)cc3)CC2)c(OC)c1","COc1ccc(N2CCN(CCCCNC(=O)c3ccc(/C=C/c4ccc(Cl)c(Cl)c4)cc3)CC2)c(OC)c1"
"CHEMBL353744","CS(=O)(=O)c1ccc(C2=C(c3ccc(S(=O)(=O)N=[N+]=[N-])cc3)COC2=O)cc1","CS(=O)(=O)c1ccc(C2=C(c3ccc(S(=O)(=O)N=[N+]=[N-])cc3)COC2=O)cc1"
"CHEMBL470662","O=C1Oc2cc(O)cc(/C=C/c3ccc(O)cc3)c2[C@@]12c1c(O)cc(O)cc1O[C@@H]2c1ccc(O)cc1","O=C1Oc2cc(O)cc(/C=C/c3ccc(O)cc3)c2[C@@]12c1c(O)cc(O)cc1O[C@@H]2c1ccc(O)cc1"
"CHEMBL456531","CC(C)(C)Oc1ccc(/C=C2\C=C(CC(=O)O)c3cc(F)ccc32)cc1","CC(C)(C)Oc1ccc(/C=C2\C=C(CC(=O)O)c3cc(F)ccc32)cc1"
"CHEMBL85163","CC/C(=C(/c1ccc(OCCN(C)C)cc1)c1ccc(S(C)(=O)=O)cc1)c1ccccc1","CC/C(=C(/c1ccc(OCCN(C)C)cc1)c1ccc(S(C)(=O)=O)cc1)c1ccccc1"
"CHEMBL392114","CC(=O)Nc1ccc(/C(=C\c2ccc(S(C)(=O)=O)cc2)C(=O)OCO/N=[N+](/[O-])N2CCCC2)cc1","CC(=O)Nc1ccc(/C(=C\c2ccc(S(C)(=O)=O)cc2)C(=O)OCO/N=[N+](/[O-])N2CCCC2)cc1"
"CHEMBL259402","CS(=O)(=O)c1ccc(/C=C(/C(=O)O)c2ccc(Br)cc2)cc1","CS(=O)(=O)c1ccc(/C=C(/C(=O)O)c2ccc(Br)cc2)cc1"
"CHEMBL78705","CC1(C)CCC(C)(C)c2cc(C3=Cc4ccccc4C4=NCCN34)ccc21","CC1(C)CCC(C)(C)c2cc(C3=Cc4ccccc4C4=NCCN34)ccc21"
"CHEMBL44878","CC1(C)OC(c2ccc(S(C)(=O)=O)cc2)=C(c2cc(F)ccc2F)C1=O","CC1(C)OC(c2ccc(S(C)(=O)=O)cc2)=C(c2cc(F)ccc2F)C1=O"
"CHEMBL239856","O=C(CCl)Nc1cc(-c2ccccc2)c(-c2nnc3n2NC(c2ccccc2)=C(c2ccccc2)S3)s1","O=C(CCl)Nc1cc(-c2ccccc2)c(-c2nnc3n2NC(c2ccccc2)=C(c2ccccc2)S3)s1"
"CHEMBL467054","CC(C)c1onc(COc2c(F)cc(F)cc2F)c1COc1ccc(/C=C/c2cccc(C(=O)O)c2)c(Cl)c1","CC(C)c1onc(COc2c(F)cc(F)cc2F)c1COc1ccc(/C=C/c2cccc(C(=O)O)c2)c(Cl)c1"
"CHEMBL476280","COc1cccc(/C=C2/C(=O)Nc3cc(F)ccc32)c1","COc1cccc(/C=C2/C(=O)Nc3cc(F)ccc32)c1"
"CHEMBL480100","OC[C@H]1O[C@@H](Oc2ccc(/C=C/c3cc(O)cc(O)c3)cc2O)[C@H](O)[C@@H](O)[C@@H]1O","OC[C@H]1O[C@@H](Oc2ccc(/C=C/c3cc(O)cc(O)c3)cc2O)[C@H](O)[C@@H](O)[C@@H]1O"
"CHEMBL505097","CS(=O)(=O)c1ccc(/C=C2\C=C(CC(=O)O)c3cc(F)ccc32)cc1","CS(=O)(=O)c1ccc(/C=C2\C=C(CC(=O)O)c3cc(F)ccc32)cc1"
"CHEMBL526071","CCN(CC)C(=O)c1cccc(C=Cc2ccc(-c3c(C)[nH]c(C)c(Cl)c3=O)cc2)c1","CCN(CC)C(=O)c1cccc(C=Cc2ccc(-c3c(C)[nH]c(C)c(Cl)c3=O)cc2)c1"
"CHEMBL167041","CCC1(C)OC(c2ccc(S(C)(=O)=O)cc2)=C(c2ccccc2F)C1=O","CCC1(C)OC(c2ccc(S(C)(=O)=O)cc2)=C(c2ccccc2F)C1=O"
"CHEMBL264583","C/C(=C\c1ccc(C(=O)O)cc1)c1ccc2c(c1)C(C)(C)CS2.CCCCCCCCCCCCCC(=O)OCC1(C)[C@H]2[C@@H]3C=C(CO)C[C@]4(O)C(=O)C(C)=C[C@H]4[C@@]3(O)[C@H](C)[C@@H](O)[C@]21OC(C)=O","C/C(=C\c1ccc(C(=O)O)cc1)c1ccc2c(c1)C(C)(C)CS2.CCCCCCCCCCCCCC(=O)OCC1(C)[C@H]2[C@@H]3C=C(CO)C[C@]4(O)C(=O)C(C)=C[C@H]4[C@@]3(O)[C@H](C)[C@@H](O)[C@]21OC(C)=O"
"CHEMBL142471","CCc1cccc2c(/C=C(/C(=O)O)c3ccccc3)cc(OC)c(O)c12","CCc1cccc2c(/C=C(/C(=O)O)c3ccccc3)cc(OC)c(O)c12"
"CHEMBL420208","C1=C(c2ccc(CN3CCSCC3)cc2)N2CCN=C2c2ccccc21","C1=C(c2ccc(CN3CCSCC3)cc2)N2CCN=C2c2ccccc21"
"CHEMBL323732","CS(=O)(=O)c1ccc(C2=C(c3ccc(C(F)(F)F)c(F)c3)CCC2)cc1","CS(=O)(=O)c1ccc(C2=C(c3ccc(C(F)(F)F)c(F)c3)CCC2)cc1"
"CHEMBL99801","Oc1ccc(/C=C/c2ccc(O)c(O)c2)cc1O","Oc1ccc(/C=C/c2ccc(O)c(O)c2)cc1O"
"CHEMBL349479","COc1cc(C2=C(c3ccc4ccccc4c3)COC2=O)cc(OC)c1OC","COc1cc(C2=C(c3ccc4ccccc4c3)COC2=O)cc(OC)c1OC"
"CHEMBL136915","CC1=CC(C)(C)Nc2ccc3c(c21)/C(=C/c1ccc(Cl)cc1)Oc1ccccc1-3","CC1=CC(C)(C)Nc2ccc3c(c21)/C(=C/c1ccc(Cl)cc1)Oc1ccccc1-3"
"CHEMBL166741","CC(=C\C(=O)O)/C(=C/c1ccc2cc(OCCCc3ccccc3)ccc2c1)c1cccc(C(=O)O)c1","CC(=C\C(=O)O)/C(=C/c1ccc2cc(OCCCc3ccccc3)ccc2c1)c1cccc(C(=O)O)c1"
"CHEMBL234289","N#Cc1ccc(OCc2ccc(Cl)cc2)c(C2=C(c3cccc(C(=O)O)c3)CCC2)c1","N#Cc1ccc(OCc2ccc(Cl)cc2)c(C2=C(c3cccc(C(=O)O)c3)CCC2)c1"
"CHEMBL109623","CN(C)c1ccc(C2=C(c3ccc(S(C)(=O)=O)cc3)CCC2)cc1Cl","CN(C)c1ccc(C2=C(c3ccc(S(C)(=O)=O)cc3)CCC2)cc1Cl"
"CHEMBL93159","CCCc1nc2c(C)cc(C)nc2n1Cc1ccc2c(c1)Cc1ccccc1C=C2c1nnn[nH]1","CCCc1nc2c(C)cc(C)nc2n1Cc1ccc2c(c1)Cc1ccccc1C=C2c1nnn[nH]1"
"CHEMBL317867","O=C1Nc2ccccc2/C1=C\c1ccc(Br)cc1","O=C1Nc2ccccc2/C1=C\c1ccc(Br)cc1"
"CHEMBL197080","Oc1ccc(C2=C(c3ccc(C(F)(F)F)cc3)c3ccc(O)cc3C2)cc1","Oc1ccc(C2=C(c3ccc(C(F)(F)F)cc3)c3ccc(O)cc3C2)cc1"
"CHEMBL198499","NC(=O)c1ccc(C2=C(c3ccc(O)cc3)Cc3cc(O)ccc32)cc1","NC(=O)c1ccc(C2=C(c3ccc(O)cc3)Cc3cc(O)ccc32)cc1"
"CHEMBL179186","Cn1ccc2cc(/C=C/c3ccc4ccccc4c3)ccc21","Cn1ccc2cc(/C=C/c3ccc4ccccc4c3)ccc21"
"CHEMBL471788","COC1(c2ccccc2)OC(c2ccccc2)=C(c2ccccc2)C1=O","COC1(c2ccccc2)OC(c2ccccc2)=C(c2ccccc2)C1=O"
"CHEMBL439806","Oc1ccc2c(c1)CC1(C2)C(c2ccccc2)=Cc2ccccc21","Oc1ccc2c(c1)CC1(C2)C(c2ccccc2)=Cc2ccccc21"
"CHEMBL217444","COc1cc(/C=C2/C(=O)Nc3ccc(F)cc32)cc(OC)c1OC","COc1cc(/C=C2/C(=O)Nc3ccc(F)cc32)cc(OC)c1OC"
"CHEMBL202302","CC(=O)NCCC/C(=C(\c1ccc(O)cc1)c1ccc(OCCN(C)C)cc1)c1ccccc1","CC(=O)NCCC/C(=C(\c1ccc(O)cc1)c1ccc(OCCN(C)C)cc1)c1ccccc1"
"CHEMBL376853","COc1ccc(/C=C2/c3ccccc3C(=O)c3ccsc32)cc1","COc1ccc(/C=C2/c3ccccc3C(=O)c3ccsc32)cc1"
"CHEMBL83880","CN(C)c1ccc(/C=C/c2ccccc2)cc1","CN(C)c1ccc(/C=C/c2ccccc2)cc1"
"CHEMBL247031","COc1cc2cc(OC)c1OCCOCCOc1ccc(cc1)/C=C\2","COc1cc2cc(OC)c1OCCOCCOc1ccc(cc1)/C=C\2"
"CHEMBL167821","CC/C(=C(\c1ccc(I)cc1)c1ccc(OCCN2CCCC2)cc1)c1ccc(I)cc1","CC/C(=C(\c1ccc(I)cc1)c1ccc(OCCN2CCCC2)cc1)c1ccc(I)cc1"
"CHEMBL36856","CC/C(=C(/c1ccc(O)cc1)c1cccc(F)c1)c1ccccc1","CC/C(=C(/c1ccc(O)cc1)c1cccc(F)c1)c1ccccc1"
"CHEMBL424048","COC(=O)c1ccc2c(c1)/C(=C/c1cc(Br)c(O)c(Br)c1)C(=O)N2","COC(=O)c1ccc2c(c1)/C(=C/c1cc(Br)c(O)c(Br)c1)C(=O)N2"
"CHEMBL160870","c1ccc(C2=C(c3ccccc3)N3CCN=C3S2)cc1","c1ccc(C2=C(c3ccccc3)N3CCN=C3S2)cc1"
"CHEMBL450845","[O-][n+]1onc2ccc(/C=C/c3ccccc3)cc21","[O-][n+]1onc2ccc(/C=C/c3ccccc3)cc21"
"CHEMBL371089","CC(C)NC(=O)/C(=C/c1cccc(-c2cc(C(C)C)cc3cccnc23)c1)c1ccc(S(C)(=O)=O)cc1","CC(C)NC(=O)/C(=C/c1cccc(-c2cc(C(C)C)cc3cccnc23)c1)c1ccc(S(C)(=O)=O)cc1"
"CHEMBL117575","COc1cc(/C=C/c2ccc(OC)c(N)c2)cc(OC)c1","COc1cc(/C=C/c2ccc(OC)c(N)c2)cc(OC)c1"
"CHEMBL56009","C/C(=C\c1cc(C)c(O)c(C)c1)c1ccc(F)cc1","C/C(=C\c1cc(C)c(O)c(C)c1)c1ccc(F)cc1"
"CHEMBL179481","Fc1ccc(/C=C/c2cc(F)cc(F)c2)cc1","Fc1ccc(/C=C/c2cc(F)cc(F)c2)cc1"
"CHEMBL413347","FC(F)(F)C(=C(c1ccccc1)c1ccccc1)c1ccc(C(F)(C(F)(F)F)C(F)(F)F)cc1","FC(F)(F)C(=C(c1ccccc1)c1ccccc1)c1ccc(C(F)(C(F)(F)F)C(F)(F)F)cc1"
"CHEMBL75283","CCOc1ccc(/C=C\c2cc(OC)c(OC)c(OC)c2)cc1","CCOc1ccc(/C=C\c2cc(OC)c(OC)c(OC)c2)cc1"
"CHEMBL146722","O=C(/C(=C/c1ccc(O)cc1)c1ccc(O)cc1)c1ccc(O)cc1","O=C(/C(=C/c1ccc(O)cc1)c1ccc(O)cc1)c1ccc(O)cc1"
"CHEMBL117258","N.N.O=P(O)(O)C(F)(F)c1cccc(/C=C\c2cccc3ccccc23)c1","N.N.O=P(O)(O)C(F)(F)c1cccc(/C=C\c2cccc3ccccc23)c1"
"CHEMBL315640","COc1cc(/C=C\c2ccc(Cl)cc2)cc(OC)c1OC","COc1cc(/C=C\c2ccc(Cl)cc2)cc(OC)c1OC"
"CHEMBL482048","COc1cc2c(c(O)c1C)Oc1cccc(O)c1C=C2","COc1cc2c(c(O)c1C)Oc1cccc(O)c1C=C2"
"CHEMBL298059","CC(C)(C)c1cc(/C=C2\C(=O)Oc3ccc(C(=O)c4cccs4)cc32)cc(C(C)(C)C)c1O","CC(C)(C)c1cc(/C=C2\C(=O)Oc3ccc(C(=O)c4cccs4)cc32)cc(C(C)(C)C)c1O"
"CHEMBL295617","O=C1Oc2ccc(C(=O)c3cccs3)cc2/C1=C/c1ccc(C(F)(F)F)cc1","O=C1Oc2ccc(C(=O)c3cccs3)cc2/C1=C/c1ccc(C(F)(F)F)cc1"
"CHEMBL516914","COc1ccc(C2=C(c3ccc(OC)c(OC)c3)C[C@H]3CCC[N+]3([O-])C2)cc1","COc1ccc(C2=C(c3ccc(OC)c(OC)c3)C[C@H]3CCC[N+]3([O-])C2)cc1"
"CHEMBL224903","COc1cc(C2=C(c3cc(C)c(OC)c(C)c3)C(OC(C)=O)CC2=O)cc(OC)c1OC","COc1cc(C2=C(c3cc(C)c(OC)c(C)c3)C(OC(C)=O)CC2=O)cc(OC)c1OC"
"CHEMBL81418","CCCCc1ccc(/C(=C(\CC)c2ccccc2)c2ccc(OCCN3CCCC3)cc2)cc1","CCCCc1ccc(/C(=C(\CC)c2ccccc2)c2ccc(OCCN3CCCC3)cc2)cc1"
"CHEMBL231978","CCCCCCCCCCCCc1c(O)cc(/C=C/c2ccc(O)cc2)cc1O","CCCCCCCCCCCCc1c(O)cc(/C=C/c2ccc(O)cc2)cc1O"
"CHEMBL382564","C(=C1c2ccccc2CCc2ccccc21)c1ccccc1","C(=C1c2ccccc2CCc2ccccc21)c1ccccc1"
"CHEMBL123916","CC1=C(CCN2CCOCC2)c2ccccc2/C1=C/c1cccc2ccccc12","CC1=C(CCN2CCOCC2)c2ccccc2/C1=C/c1cccc2ccccc12"
"CHEMBL119934","COc1cc(/C=C\c2ccc(OC)c(N)c2)cc(OC)c1","COc1cc(/C=C\c2ccc(OC)c(N)c2)cc(OC)c1"
"CHEMBL278633","COc1ccc(/C=C2/C(=O)N(CCCN3CCN(c4cccc(Cl)c4)CC3)c3ccccc32)cc1","COc1ccc(/C=C2/C(=O)N(CCCN3CCN(c4cccc(Cl)c4)CC3)c3ccccc32)cc1"
"CHEMBL431507","CCN(CC)CC#CCCC1(C2(O)c3ccccc3C=Cc3ccccc32)SCCCS1","CCN(CC)CC#CCCC1(C2(O)c3ccccc3C=Cc3ccccc32)SCCCS1"
"CHEMBL231937","OCc1ccc(/C=C\c2ccc(O)c(O)c2)cc1","OCc1ccc(/C=C\c2ccc(O)c(O)c2)cc1"
"CHEMBL229637","COc1ccc(/C=C/c2cc(OC)cc(OC)c2CNCCN2CCOCC2)cc1","COc1ccc(/C=C/c2cc(OC)cc(OC)c2CNCCN2CCOCC2)cc1"
"CHEMBL232645","COc1cc(/C=C/c2cc3c(c(OC)c2)O[C@]2(C)CC[C@@H](O)C(C)(C)[C@H]2C3)cc(O)c1CC=C(C)C","COc1cc(/C=C/c2cc3c(c(OC)c2)O[C@]2(C)CC[C@@H](O)C(C)(C)[C@H]2C3)cc(O)c1CC=C(C)C"
"CHEMBL83562","CCN(CC)CCOc1ccc(/C(=C\c2ccccc2)c2ccc(O)cc2)cc1","CCN(CC)CCOc1ccc(/C(=C\c2ccccc2)c2ccc(O)cc2)cc1"
"CHEMBL372575","Cc1noc(/C(=C/c2cccc(-c3cc(C(C)(C)S(C)(=O)=O)cc4cccnc34)c2)c2ccc(S(C)(=O)=O)cc2)n1","Cc1noc(/C(=C/c2cccc(-c3cc(C(C)(C)S(C)(=O)=O)cc4cccnc34)c2)c2ccc(S(C)(=O)=O)cc2)n1"
"CHEMBL201013","CN(C)CCOc1ccc(/C(=C(/CCCO)c2ccccc2)c2ccc(O)cc2)cc1","CN(C)CCOc1ccc(/C(=C(/CCCO)c2ccccc2)c2ccc(O)cc2)cc1"
"CHEMBL371621","CC(C)(C)c1ccc(/C=C(/C(=O)Nc2ccc3c(c2)OCCO3)c2ccccc2)cc1","CC(C)(C)c1ccc(/C=C(/C(=O)Nc2ccc3c(c2)OCCO3)c2ccccc2)cc1"
"CHEMBL185209","CC/C(=C(/CCCCCCN(C)CCCSCCCC(F)(F)C(F)(F)F)c1ccc(O)cc1)c1ccc(O)cc1","CC/C(=C(/CCCCCCN(C)CCCSCCCC(F)(F)C(F)(F)F)c1ccc(O)cc1)c1ccc(O)cc1"
"CHEMBL461888","COc1cc(/C=C/c2ccc(NC(=O)[C@@H](NP(=O)(OC(C)C)OC(C)C)C(C)C)cc2)cc(OC)c1","COc1cc(/C=C/c2ccc(NC(=O)[C@@H](NP(=O)(OC(C)C)OC(C)C)C(C)C)cc2)cc(OC)c1"
"CHEMBL184217","CCCCCSCCCN(C)C(=O)CCCCC/C(=C(/CC)c1ccc(O)cc1)c1ccc(O)cc1","CCCCCSCCCN(C)C(=O)CCCCC/C(=C(/CC)c1ccc(O)cc1)c1ccc(O)cc1"
"CHEMBL470938","CC/C(=C\c1ccc(N(C)C)cc1)c1cc(O)cc(O)c1","CC/C(=C\c1ccc(N(C)C)cc1)c1cc(O)cc(O)c1"
"CHEMBL91923","CS(=O)(=O)c1ccc(C2=C(c3cccc(O)c3)C(=O)OC2)cc1","CS(=O)(=O)c1ccc(C2=C(c3cccc(O)c3)C(=O)OC2)cc1"
"CHEMBL311636","COc1ccc(/C=C\c2cc(OC)cc(OC)c2)cc1","COc1ccc(/C=C\c2cc(OC)cc(OC)c2)cc1"
"CHEMBL276026","C[Si](C)(C)c1ccc(C2=C(Cc3ccccc3)c3ccccc3C3=NCCCN32)cc1","C[Si](C)(C)c1ccc(C2=C(Cc3ccccc3)c3ccccc3C3=NCCCN32)cc1"
"CHEMBL429831","COc1ccc(C2=C(c3ccc(Cl)c(Cl)c3)C(=O)N3CCCC3C2)cc1","COc1ccc(C2=C(c3ccc(Cl)c(Cl)c3)C(=O)N3CCCC3C2)cc1"
"CHEMBL150461","CC(=C(c1ccc(O)cc1)c1ccc(O)cc1)c1ccccc1","CC(=C(c1ccc(O)cc1)c1ccc(O)cc1)c1ccccc1"
"CHEMBL255851","Nc1ccc(/C=C/c2ccc(-c3nc4cc(OCCF)ccc4s3)cc2)cc1","Nc1ccc(/C=C/c2ccc(-c3nc4cc(OCCF)ccc4s3)cc2)cc1"
"CHEMBL306487","COc1ccc(C(=C(CCCCCCCCCCCNCCN)c2ccccc2)c2ccc(OC)cc2)cc1","COc1ccc(C(=C(CCCCCCCCCCCNCCN)c2ccccc2)c2ccc(OC)cc2)cc1"
"CHEMBL471104","CC/C(=C\c1cc(O)cc(O)c1)c1ccc(N(C)C)cc1","CC/C(=C\c1cc(O)cc(O)c1)c1ccc(N(C)C)cc1"
"CHEMBL518508","COc1cc(/C=C/c2ccc(NC(=O)[C@H](CC(C)C)NP(=O)(OC(C)C)OC(C)C)cc2)cc(OC)c1","COc1cc(/C=C/c2ccc(NC(=O)[C@H](CC(C)C)NP(=O)(OC(C)C)OC(C)C)cc2)cc(OC)c1"
"CHEMBL501353","CC(=O)OC[C@H]1O[C@@H](N2C(=O)/C(=C3/C(=O)Nc4ccc(I)cc43)c3ccccc32)[C@H](OC(C)=O)[C@@H](OC(C)=O)[C@@H]1OC(C)=O","CC(=O)OC[C@H]1O[C@@H](N2C(=O)/C(=C3/C(=O)Nc4ccc(I)cc43)c3ccccc32)[C@H](OC(C)=O)[C@@H](OC(C)=O)[C@@H]1OC(C)=O"
"CHEMBL230329","FC(F)(F)Oc1ccc(/C=C/c2ccc(/C=C/c3ccc(OC(F)(F)F)cc3)cc2)cc1","FC(F)(F)Oc1ccc(/C=C/c2ccc(/C=C/c3ccc(OC(F)(F)F)cc3)cc2)cc1"
"CHEMBL90654","C[C@@H]1c2ccccc2C=C(C2=CCN(C)CC2)c2ccccc21","C[C@@H]1c2ccccc2C=C(C2=CCN(C)CC2)c2ccccc21"
"CHEMBL267340","O=C1c2ccccc2C(=Cc2ccccc2)c2ccccc21","O=C1c2ccccc2C(=Cc2ccccc2)c2ccccc21"
"CHEMBL460860","OC[C@H]1O[C@@H](Oc2c(O)cc(O)cc2/C=C/c2ccc(O)cc2)[C@H](O)[C@@H](O)[C@@H]1O","OC[C@H]1O[C@@H](Oc2c(O)cc(O)cc2/C=C/c2ccc(O)cc2)[C@H](O)[C@@H](O)[C@@H]1O"
"CHEMBL67481","CC(=O)NC[C@H]1CN(c2ccc(/C=C(\Br)c3ccccc3C#N)c(F)c2)C(=O)O1","CC(=O)NC[C@H]1CN(c2ccc(/C=C(\Br)c3ccccc3C#N)c(F)c2)C(=O)O1"
"CHEMBL296411","COc1ccc(/C=C/c2cc(OC)cc(OC)c2)cc1","COc1ccc(/C=C/c2cc(OC)cc(OC)c2)cc1"
"CHEMBL44509","COc1cc(/C=C/c2ccc(OC)c(OC)c2)cc(OC)c1","COc1cc(/C=C/c2ccc(OC)c(OC)c2)cc(OC)c1"
"CHEMBL498088","COC(=O)c1ccc2c(c1)NC(=O)/C2=C(\Nc1ccc(N(CC(=O)N(C)C)C(C)=O)cc1)c1ccccc1","COC(=O)c1ccc2c(c1)NC(=O)/C2=C(\Nc1ccc(N(CC(=O)N(C)C)C(C)=O)cc1)c1ccccc1"
"CHEMBL18758","CCCCN(CCCC)CC(O)c1cc(/C=C/c2ccc(C(F)(F)F)cc2)cc(/C=C/c2ccc(C(F)(F)F)cc2)c1","CCCCN(CCCC)CC(O)c1cc(/C=C/c2ccc(C(F)(F)F)cc2)cc(/C=C/c2ccc(C(F)(F)F)cc2)c1"
"CHEMBL316919","CN1CC(c2ccc(F)cc2)=C(c2ccc(F)cc2)O1","CN1CC(c2ccc(F)cc2)=C(c2ccc(F)cc2)O1"
"CHEMBL246626","CCOC(=O)[C@@H](N)CSNC(=O)N1c2ccccc2C=Cc2ccccc21","CCOC(=O)[C@@H](N)CSNC(=O)N1c2ccccc2C=Cc2ccccc21"
"CHEMBL207324","Oc1ccc2c(c1)O[C@@H](c1ccc(OCCN3CCCCC3)cc1)C1=C2COc2cc(O)ccc21","Oc1ccc2c(c1)O[C@@H](c1ccc(OCCN3CCCCC3)cc1)C1=C2COc2cc(O)ccc21"
"CHEMBL476677","COc1cccc(/C=C\c2ccc(O)cc2)c1","COc1cccc(/C=C\c2ccc(O)cc2)c1"
"CHEMBL465003","COc1ccc(/C=C\c2cc(OC)c(OC)c([N+](=O)[O-])c2)cc1[N+](=O)[O-]","COc1ccc(/C=C\c2cc(OC)c(OC)c([N+](=O)[O-])c2)cc1[N+](=O)[O-]"
"CHEMBL483303","CCOC(=O)c1ccc(/C=C/c2ccc(S(=O)(=O)O)cc2)cc1","CCOC(=O)c1ccc(/C=C/c2ccc(S(=O)(=O)O)cc2)cc1"
"CHEMBL458915","COc1ccc(/C=C\c2cc(Cl)c(OC)c(OC)c2)cc1O","COc1ccc(/C=C\c2cc(Cl)c(OC)c(OC)c2)cc1O"
"CHEMBL166720","CC1(C)OC(c2ccc(S(C)(=O)=O)cc2F)=C(c2cccc(Cl)c2)C1=O","CC1(C)OC(c2ccc(S(C)(=O)=O)cc2F)=C(c2cccc(Cl)c2)C1=O"
"CHEMBL512070","CC(C)c1onc(COc2ccc3ccccc3c2)c1COc1ccc(/C=C/c2cccc(C(=O)O)c2)c(Cl)c1","CC(C)c1onc(COc2ccc3ccccc3c2)c1COc1ccc(/C=C/c2cccc(C(=O)O)c2)c(Cl)c1"
"CHEMBL414884","COc1ccc(/C=C/c2ccc3ccccc3c2)cc1O","COc1ccc(/C=C/c2ccc3ccccc3c2)cc1O"
"CHEMBL476279","COc1cccc(/C=C2/C(=O)Nc3ccc(Cl)cc32)c1","COc1cccc(/C=C2/C(=O)Nc3ccc(Cl)cc32)c1"
"CHEMBL9149","CCCCOc1ccc(/C=C/c2ccc(NC(C)=O)cc2)cc1","CCCCOc1ccc(/C=C/c2ccc(NC(C)=O)cc2)cc1"
"CHEMBL512168","COc1c(CC=C(C)C)c(O)cc(/C=C/c2ccccc2)c1CC=C(C)C","COc1c(CC=C(C)C)c(O)cc(/C=C/c2ccccc2)c1CC=C(C)C"
"CHEMBL363872","O=C1C(c2ccc(O)cc2)=C(Br)c2cc(O)ccc21","O=C1C(c2ccc(O)cc2)=C(Br)c2cc(O)ccc21"
"CHEMBL474355","CC(C)(C)OC(=O)N1CCN(c2ccc(C(=O)Nc3ccc(/C=C/c4ccc(O)cc4)cc3)cc2)CC1","CC(C)(C)OC(=O)N1CCN(c2ccc(C(=O)Nc3ccc(/C=C/c4ccc(O)cc4)cc3)cc2)CC1"
"CHEMBL191658","COc1ccc(/C=C2/C(=O)Oc3ccccc32)cc1","COc1ccc(/C=C2/C(=O)Oc3ccccc32)cc1"
"CHEMBL381195","COc1ccc(/C=C2/C(=O)Oc3ccccc32)cc1O","COc1ccc(/C=C2/C(=O)Oc3ccccc32)cc1O"
"CHEMBL224268","CS(=O)(=O)Nc1ccc(C2=C(c3ccc(F)cc3)C(=O)OC2)cc1","CS(=O)(=O)Nc1ccc(C2=C(c3ccc(F)cc3)C(=O)OC2)cc1"
"CHEMBL310042","CCCC[C@H]1C(c2ccc(O)cc2)=C(CC)c2ccc(O)cc21","CCCC[C@H]1C(c2ccc(O)cc2)=C(CC)c2ccc(O)cc21"
"CHEMBL119164","CC1=C2CCc3cc(/C=C/c4ccccc4)ccc3N2CCC1=O","CC1=C2CCc3cc(/C=C/c4ccccc4)ccc3N2CCC1=O"
"CHEMBL328444","O=C(O)/C(=C/c1cc(OCc2ccsc2)ccc1[N+](=O)[O-])c1ccccc1Cl","O=C(O)/C(=C/c1cc(OCc2ccsc2)ccc1[N+](=O)[O-])c1ccccc1Cl"
"CHEMBL92446","O=C(O)/C(=C/c1cc(OCc2ccccc2)ccc1[N+](=O)[O-])c1ccccc1F","O=C(O)/C(=C/c1cc(OCc2ccccc2)ccc1[N+](=O)[O-])c1ccccc1F"
"CHEMBL35766","CC/C(=C(/c1ccc(O)cc1)c1ccc(NC(C)=O)cc1)c1ccccc1","CC/C(=C(/c1ccc(O)cc1)c1ccc(NC(C)=O)cc1)c1ccccc1"
"CHEMBL29318","CC/C(=C(/CC(F)(F)F)c1ccc(O)cc1)c1ccc(O)cc1","CC/C(=C(/CC(F)(F)F)c1ccc(O)cc1)c1ccc(O)cc1"
"CHEMBL175359","C/C(=C\c1ccc(C(=O)OCCCCc2cnc(S)nc2O)cc1)c1ccc2c(c1)C(C)(C)CCC2(C)C","C/C(=C\c1ccc(C(=O)OCCCCc2cnc(S)nc2O)cc1)c1ccc2c(c1)C(C)(C)CCC2(C)C"
"CHEMBL190963","COc1cc(/C=C/c2ccc(C(=O)O)cc2)cc(OC)c1OC","COc1cc(/C=C/c2ccc(C(=O)O)cc2)cc(OC)c1OC"
"CHEMBL303307","CONC(=O)CC1=C(C)/C(=C/c2ccc([S+](C)[O-])cc2)c2ccc(F)cc21","CONC(=O)CC1=C(C)/C(=C/c2ccc([S+](C)[O-])cc2)c2ccc(F)cc21"
"CHEMBL357824","CCCC(=C(c1ccc(O)cc1)c1ccc(O)cc1)c1ccccc1","CCCC(=C(c1ccc(O)cc1)c1ccc(O)cc1)c1ccccc1"
"CHEMBL478503","O=C1Nc2ccccc2/C1=C\c1cc(O)cc(O)c1","O=C1Nc2ccccc2/C1=C\c1cc(O)cc(O)c1"
"CHEMBL511800","CC(C)=CCc1c(O)cc2c(c1/C=C/c1ccccc1)CC(O)C(C)(C)O2","CC(C)=CCc1c(O)cc2c(c1/C=C/c1ccccc1)CC(O)C(C)(C)O2"
"CHEMBL232644","CC(C)=CCC/C(C)=C/Cc1c(O)cc(/C=C/c2cc(O)c3c(c2)C[C@@H]2C(C)(C)[C@H](O)[C@H](O)C[C@@]2(C)O3)cc1O","CC(C)=CCC/C(C)=C/Cc1c(O)cc(/C=C/c2cc(O)c3c(c2)C[C@@H]2C(C)(C)[C@H](O)[C@H](O)C[C@@]2(C)O3)cc1O"
"CHEMBL114507","Oc1cccc(/C(=C(/c2cccc(O)c2)C(F)(F)F)C(F)(F)F)c1","Oc1cccc(/C(=C(/c2cccc(O)c2)C(F)(F)F)C(F)(F)F)c1"
"CHEMBL274777","CC/C(=C(/c1ccccc1)c1ccc(OC(C)=O)cc1)c1ccc(OC(C)=O)cc1","CC/C(=C(/c1ccccc1)c1ccc(OC(C)=O)cc1)c1ccc(OC(C)=O)cc1"
"CHEMBL452888","COc1ccc(/C=C/c2cccc(F)c2)cc1OC","COc1ccc(/C=C/c2cccc(F)c2)cc1OC"
"CHEMBL318748","CC(=O)O[C@H]1C(=O)[C@@]2(C)[C@H]([C@@H]3OC(=O)c4cccc(c4)/C=C\c4ccccc4[C@H](NC(=O)c4ccccc4)[C@@H](O)C(=O)OC4C[C@]3(O)C(C)(C)C1=C4C)[C@]1(OC(C)=O)CO[C@@H]1C[C@@H]2O","CC(=O)O[C@H]1C(=O)[C@@]2(C)[C@H]([C@@H]3OC(=O)c4cccc(c4)/C=C\c4ccccc4[C@H](NC(=O)c4ccccc4)[C@@H](O)C(=O)OC4C[C@]3(O)C(C)(C)C1=C4C)[C@]1(OC(C)=O)CO[C@@H]1C[C@@H]2O"
"CHEMBL509714","COc1cc(/C=C\c2cc(O)c3ccsc3c2)cc2sccc12","COc1cc(/C=C\c2cc(O)c3ccsc3c2)cc2sccc12"
"CHEMBL189061","COc1ccc(/C=C2\OC(=O)c3cc(C(=O)O)c(C(=O)O)cc32)cc1","COc1ccc(/C=C2\OC(=O)c3cc(C(=O)O)c(C(=O)O)cc32)cc1"
"CHEMBL353935","CC1(C)OC(c2ccc(S(N)(=O)=O)cc2F)=C(c2cccc(F)c2)C1=O","CC1(C)OC(c2ccc(S(N)(=O)=O)cc2F)=C(c2cccc(F)c2)C1=O"
"CHEMBL466554","COc1cc(/C(F)=C\c2cc(O)c3ccsc3c2)cc(OC)c1OC","COc1cc(/C(F)=C\c2cc(O)c3ccsc3c2)cc(OC)c1OC"
"CHEMBL6790","Oc1ccc(/C(=C(/c2ccc(O)cc2)C(F)(F)F)C(F)(F)F)cc1","Oc1ccc(/C(=C(/c2ccc(O)cc2)C(F)(F)F)C(F)(F)F)cc1"
"CHEMBL464969","COc1ccc(/C=C\c2cc(N)c(OC)c(OC)c2)cc1N","COc1ccc(/C=C\c2cc(N)c(OC)c(OC)c2)cc1N"
"CHEMBL426144","O=C1O/C(=C\c2ccc(Cl)cc2Cl)c2ccccc21","O=C1O/C(=C\c2ccc(Cl)cc2Cl)c2ccccc21"
"CHEMBL102362","O=C(O)c1cc(/C=C/c2cc(O)ccc2O)ccc1O","O=C(O)c1cc(/C=C/c2cc(O)ccc2O)ccc1O"
"CHEMBL80103","CCCc1ccc(C2=Cc3ccccc3C3=NCCN23)cc1","CCCc1ccc(C2=Cc3ccccc3C3=NCCN23)cc1"
"CHEMBL270369","CNc1ccc(/C=C/c2ccc(-c3nc4ccc(OCCCF)cc4s3)cc2)cc1","CNc1ccc(/C=C/c2ccc(-c3nc4ccc(OCCCF)cc4s3)cc2)cc1"
"CHEMBL93985","C/C(=C\c1cccc(C(=O)O)c1)c1cc2c(cc1C)C(C)(C)CCC2(C)C","C/C(=C\c1cccc(C(=O)O)c1)c1cc2c(cc1C)C(C)(C)CCC2(C)C"
"CHEMBL33899","CC/C(=C(\c1ccccc1)c1ccc(/C=C/C(=O)O)cc1)c1ccccc1","CC/C(=C(\c1ccccc1)c1ccc(/C=C/C(=O)O)cc1)c1ccccc1"
"CHEMBL269396","CC1CCN(C2=Cc3cc(Cl)ccc3Cc3ccccc32)CC1","CC1CCN(C2=Cc3cc(Cl)ccc3Cc3ccccc32)CC1"
"CHEMBL32502","CC/C(=C(/CC)c1cccc(OC(C)=O)c1)c1cccc(OC(C)=O)c1","CC/C(=C(/CC)c1cccc(OC(C)=O)c1)c1cccc(OC(C)=O)c1"
"CHEMBL44635","COc1ccc(C2=C(c3ccc(SC)cc3)CC3CCCN3C2=O)cc1","COc1ccc(C2=C(c3ccc(SC)cc3)CC3CCCN3C2=O)cc1"
"CHEMBL26867","COc1ccc2c(c1)OCC(c1ccc(F)cc1)=C2c1ccc(OCCN2CCCCC2)cc1","COc1ccc2c(c1)OCC(c1ccc(F)cc1)=C2c1ccc(OCCN2CCCCC2)cc1"
"CHEMBL7500","CN(C)c1ccc(/C=C/c2ccc(S(N)(=O)=O)cc2)cc1","CN(C)c1ccc(/C=C/c2ccc(S(N)(=O)=O)cc2)cc1"
"CHEMBL519213","COC(=O)c1ccc2c(c1)NC(=O)/C2=C(\Nc1ccccc1)c1ccccc1","COC(=O)c1ccc2c(c1)NC(=O)/C2=C(\Nc1ccccc1)c1ccccc1"
"CHEMBL220313","COc1ccc(/C=C2\CC(c3ccc(OCCN4CCCCC4)cc3)Oc3cc(OC)ccc32)cc1","COc1ccc(/C=C2\CC(c3ccc(OCCN4CCCCC4)cc3)Oc3cc(OC)ccc32)cc1"
"CHEMBL90191","Cc1ccccc1/C(=C\c1cc(OCc2ccsc2)ccc1C#N)CO","Cc1ccccc1/C(=C\c1cc(OCc2ccsc2)ccc1C#N)CO"
"CHEMBL299063","O=S(=O)(Nc1ccc2c(/C=C/c3cccc(C(F)(F)F)c3)cccc2c1)C(F)(F)F","O=S(=O)(Nc1ccc2c(/C=C/c3cccc(C(F)(F)F)c3)cccc2c1)C(F)(F)F"
"CHEMBL533319","O=C1NC(=O)C(c2cccc(NC(=O)c3ccncc3)c2)=C1c1ccccc1","O=C1NC(=O)C(c2cccc(NC(=O)c3ccncc3)c2)=C1c1ccccc1"
"CHEMBL164895","CC(=C\C(=O)O)/C(=C/c1ccc2cc3c(cc2c1)C(C)(C)CCC3(C)C)c1cccc(C(=O)O)c1","CC(=C\C(=O)O)/C(=C/c1ccc2cc3c(cc2c1)C(C)(C)CCC3(C)C)c1cccc(C(=O)O)c1"
"CHEMBL290016","CCOP(=O)(OCC)Oc1cc(/C=C\c2cc(OC)c(OC)c(OC)c2)ccc1OC","CCOP(=O)(OCC)Oc1cc(/C=C\c2cc(OC)c(OC)c(OC)c2)ccc1OC"
"CHEMBL335591","CC1=CC(C)(C)Nc2ccc3c(c21)/C(=C/c1ccccc1Br)Oc1ccccc1-3","CC1=CC(C)(C)Nc2ccc3c(c21)/C(=C/c1ccccc1Br)Oc1ccccc1-3"
"CHEMBL320679","COc1cc(/C(C#N)=C/c2ccc(C)c(N)c2)cc(OC)c1OC","COc1cc(/C(C#N)=C/c2ccc(C)c(N)c2)cc(OC)c1OC"
"CHEMBL233342","COC(=O)/C=C/c1ccc(/C=C\c2ccc(O)c(O)c2)cc1","COC(=O)/C=C/c1ccc(/C=C\c2ccc(O)c(O)c2)cc1"
"CHEMBL419266","COc1cc(/C=C/c2ccc(C(C)(C)C)cc2)cc(OC)c1OC","COc1cc(/C=C/c2ccc(C(C)(C)C)cc2)cc(OC)c1OC"
"CHEMBL246065","COc1cc2c(cc1OC)/C(=C\c1ccc(NC(=O)Nc3ccc4c(c3)OCO4)cc1)C(=O)N2","COc1cc2c(cc1OC)/C(=C\c1ccc(NC(=O)Nc3ccc4c(c3)OCO4)cc1)C(=O)N2"
"CHEMBL72970","CCC1=C(c2ccc(O)cc2)[C@@H](C)c2ccccc21","CCC1=C(c2ccc(O)cc2)[C@@H](C)c2ccccc21"
"CHEMBL421548","O=C1Nc2ccc(Cl)cc2/C1=C/c1ccc(N2CCOCC2)cc1","O=C1Nc2ccc(Cl)cc2/C1=C/c1ccc(N2CCOCC2)cc1"
"CHEMBL322240","CC1C(c2ccc(F)cc2)=C(c2ccc(S(C)(=O)=O)cc2)ON1C","CC1C(c2ccc(F)cc2)=C(c2ccc(S(C)(=O)=O)cc2)ON1C"
"CHEMBL31376","C[N+](C)(CCCCCC[N+](C)(C)CCCN1C(=O)c2ccccc2/C1=C\c1ccccc1)CCCN1C(=O)c2ccccc2/C1=C/c1ccccc1","C[N+](C)(CCCCCC[N+](C)(C)CCCN1C(=O)c2ccccc2/C1=C\c1ccccc1)CCCN1C(=O)c2ccccc2/C1=C/c1ccccc1"
"CHEMBL255257","COc1cc(/C=C\c2ccc(OC)c([N+](=O)[O-])c2[N+](=O)[O-])cc(OC)c1OC","COc1cc(/C=C\c2ccc(OC)c([N+](=O)[O-])c2[N+](=O)[O-])cc(OC)c1OC"
"CHEMBL170602","COc1ccc(C(=C(c2ccccc2)c2ccccc2)C(F)(F)F)cc1","COc1ccc(C(=C(c2ccccc2)c2ccccc2)C(F)(F)F)cc1"
"CHEMBL522116","CSCc1cc(/C=C2\C(=O)Nc3ccccc32)cc(CSC)c1O","CSCc1cc(/C=C2\C(=O)Nc3ccccc32)cc(CSC)c1O"
"CHEMBL116888","COc1cc(/C=C\c2ccc(OC)c(O)c2)cc(OC)c1","COc1cc(/C=C\c2ccc(OC)c(O)c2)cc(OC)c1"
"CHEMBL512671","CC(=O)O[C@@H]1CO[C@@H](Oc2cc(O)cc(/C=C/c3ccc(O)cc3)c2)[C@H](O)[C@H]1O","CC(=O)O[C@@H]1CO[C@@H](Oc2cc(O)cc(/C=C/c3ccc(O)cc3)c2)[C@H](O)[C@H]1O"
"CHEMBL275696","CN1CCN(C2=Cc3cc(Cl)ccc3Cc3ccccc32)CC1","CN1CCN(C2=Cc3cc(Cl)ccc3Cc3ccccc32)CC1"
"CHEMBL519234","O=C1/C(=C/c2c(Cl)cccc2Cl)c2ccccc2N1c1c(Cl)cccc1Cl","O=C1/C(=C/c2c(Cl)cccc2Cl)c2ccccc2N1c1c(Cl)cccc1Cl"
"CHEMBL67520","N=C(N)c1ccc(/C=C/c2ccc3c(c2)CCN(CC(=O)O)C3=O)cc1","N=C(N)c1ccc(/C=C/c2ccc3c(c2)CCN(CC(=O)O)C3=O)cc1"
"CHEMBL328282","Cc1ccccc1C1=C(c2ccccc2)c2ccc(O)cc2C1","Cc1ccccc1C1=C(c2ccccc2)c2ccc(O)cc2C1"
"CHEMBL54947","CC/C(=C(/c1ccccc1)c1cccc(OC(C)=O)c1)c1ccc(OC(C)=O)cc1","CC/C(=C(/c1ccccc1)c1cccc(OC(C)=O)c1)c1ccc(OC(C)=O)cc1"
"CHEMBL292910","COc1ccc(/C=C/c2ccc(/C=C/c3ccc(OC)c(C(=O)O)c3)c(I)c2)cc1C(=O)O","COc1ccc(/C=C/c2ccc(/C=C/c3ccc(OC)c(C(=O)O)c3)c(I)c2)cc1C(=O)O"
"CHEMBL422965","COc1cc(C=C2c3ccccc3C(=O)c3ccccc32)cc(OC)c1OC","COc1cc(C=C2c3ccccc3C(=O)c3ccccc32)cc(OC)c1OC"
"CHEMBL517275","O=C(Nc1ccc2c(c1)N(O)C(=O)/C2=C(\O)c1ccccc1)c1ccc(NS(=O)(=O)c2cccs2)cc1","O=C(Nc1ccc2c(c1)N(O)C(=O)/C2=C(\O)c1ccccc1)c1ccc(NS(=O)(=O)c2cccs2)cc1"
"CHEMBL147083","Clc1ccccc1/C=C(/c1ccccc1)c1ccccn1","Clc1ccccc1/C=C(/c1ccccc1)c1ccccn1"
"CHEMBL388318","CCOC(=O)C1C2OC(C(c3ccc(O)cc3)=C2c2ccc(O)cc2)C1C(=O)OCC","CCOC(=O)C1C2OC(C(c3ccc(O)cc3)=C2c2ccc(O)cc2)C1C(=O)OCC"
"CHEMBL519557","O=C1/C(=C/c2cccc(Cl)c2)c2ccccc2N1c1c(Cl)cccc1Cl","O=C1/C(=C/c2cccc(Cl)c2)c2ccccc2N1c1c(Cl)cccc1Cl"
"CHEMBL74551","COc1ccc(/C=C\c2cc(OC)c(OCc3ccccc3)c(OC)c2)cc1","COc1ccc(/C=C\c2cc(OC)c(OCc3ccccc3)c(OC)c2)cc1"
"CHEMBL150350","CS(=O)(=O)Nc1cc(C(F)(F)P(=O)(O)O)ccc1/C=C/c1ccccc1","CS(=O)(=O)Nc1cc(C(F)(F)P(=O)(O)O)ccc1/C=C/c1ccccc1"
"CHEMBL306502","CCN(CC)CCOC(=O)/C(=C/c1cccc(OC)c1)c1cc(OC)c(OC)c(OC)c1","CCN(CC)CCOC(=O)/C(=C/c1cccc(OC)c1)c1cc(OC)c(OC)c(OC)c1"
"CHEMBL466552","COc1cc(/C=C\c2cc(O)c3ccsc3c2)cc(OC)c1OC","COc1cc(/C=C\c2cc(O)c3ccsc3c2)cc(OC)c1OC"
"CHEMBL46341","CC/C(=C(\c1ccccc1)c1ccc(OCCn2cccc2)cc1)c1ccccc1","CC/C(=C(\c1ccccc1)c1ccc(OCCn2cccc2)cc1)c1ccccc1"
"CHEMBL302933","COc1ccc(C(C)C)cc1/C(Br)=C/c1ccc(N2C[C@H](CNC(C)=O)OC2=O)cc1F","COc1ccc(C(C)C)cc1/C(Br)=C/c1ccc(N2C[C@H](CNC(C)=O)OC2=O)cc1F"
"CHEMBL156014","CC(=O)OC1CCCN(CCCCOc2ccccc2/C=C/c2ccccc2)C1","CC(=O)OC1CCCN(CCCCOc2ccccc2/C=C/c2ccccc2)C1"
"CHEMBL346500","CC1CCCN(CCCCOc2ccccc2/C=C/c2ccccc2)C1","CC1CCCN(CCCCOc2ccccc2/C=C/c2ccccc2)C1"
"CHEMBL120980","CCCCCCCCC1CCc2cc(/C(C)=C/c3ccc(C(=O)OCC)cc3)ccc2S1","CCCCCCCCC1CCc2cc(/C(C)=C/c3ccc(C(=O)OCC)cc3)ccc2S1"
"CHEMBL18867","CC(C)c1ccc(C2=C(c3ccc(S(C)(=O)=O)cc3)C(C)(O)OC2=O)cc1","CC(C)c1ccc(C2=C(c3ccc(S(C)(=O)=O)cc3)C(C)(O)OC2=O)cc1"
"CHEMBL389717","COc1ccc(C2=C(c3cc(OC)c(OC)c(OC)c3)/C(=N\O)C(O)C2)cc1O","COc1ccc(C2=C(c3cc(OC)c(OC)c(OC)c3)/C(=N\O)C(O)C2)cc1O"
"CHEMBL126301","COc1ccc(/C=C2\C(C)=C(CCN3CCOCC3)c3ccccc32)c2ccccc12","COc1ccc(/C=C2\C(C)=C(CCN3CCOCC3)c3ccccc32)c2ccccc12"
"CHEMBL73262","COC(=O)/C(=C/c1ccc(OC)cc1)c1cc(OC)c(OC)c(OC)c1","COC(=O)/C(=C/c1ccc(OC)cc1)c1cc(OC)c(OC)c(OC)c1"
"CHEMBL56633","O=S(=O)(Nc1ccc2c(/C=C/c3ccc(Cl)cc3)cccc2c1)C(F)(F)F","O=S(=O)(Nc1ccc2c(/C=C/c3ccc(Cl)cc3)cccc2c1)C(F)(F)F"
"CHEMBL6617","CC/C(=C(\c1ccc(I)cc1)c1ccc(OCCCCCCN(C)C)cc1)c1ccccc1","CC/C(=C(\c1ccc(I)cc1)c1ccc(OCCCCCCN(C)C)cc1)c1ccccc1"
"CHEMBL268389","CC/C(=C(\c1ccc(I)cc1)c1ccc(OCCCCCN2CCCC2)cc1)c1ccccc1","CC/C(=C(\c1ccc(I)cc1)c1ccc(OCCCCCN2CCCC2)cc1)c1ccccc1"
"CHEMBL350969","CCC1C(c2ccc(C(C)=O)c(C(C)=O)c2)=C(C)c2cc(C(C)=O)c(C(C)=O)cc21","CCC1C(c2ccc(C(C)=O)c(C(C)=O)c2)=C(C)c2cc(C(C)=O)c(C(C)=O)cc21"
"CHEMBL170285","FC(F)(F)C(=C(c1ccccc1)c1ccccc1)c1cccc(C(F)(F)F)c1","FC(F)(F)C(=C(c1ccccc1)c1ccccc1)c1cccc(C(F)(F)F)c1"
"CHEMBL78525","COc1ccc(/C=C(/C#N)c2ccc(OC)cc2)cc1","COc1ccc(/C=C(/C#N)c2ccc(OC)cc2)cc1"
"CHEMBL336353","CC1=CC(C)(C)Nc2ccc3c(c21)/C(=C/c1ccccc1N(C)C)Oc1ccc(F)cc1-3","CC1=CC(C)(C)Nc2ccc3c(c21)/C(=C/c1ccccc1N(C)C)Oc1ccc(F)cc1-3"
"CHEMBL313092","ONc1ccc(/C=C/c2ccccc2)cc1","ONc1ccc(/C=C/c2ccccc2)cc1"
"CHEMBL588235","O=C1C(c2ccccc2)=C(Nc2ccc(OC(F)(F)F)cc2)c2ccccc21","O=C1C(c2ccccc2)=C(Nc2ccc(OC(F)(F)F)cc2)c2ccccc21"
"CHEMBL10892","CC/C(=C(\c1ccccc1)c1cccc(OC(C)=O)c1)c1ccccc1","CC/C(=C(\c1ccccc1)c1cccc(OC(C)=O)c1)c1ccccc1"
"CHEMBL208949","COc1cc(/C=C/c2ccc3cc[nH]c3c2)cc(OC)c1OC","COc1cc(/C=C/c2ccc3cc[nH]c3c2)cc(OC)c1OC"
"CHEMBL204376","CN(C)CCOc1ccc(/C(=C(/CCO)c2ccccc2)c2ccc(O)cc2)cc1","CN(C)CCOc1ccc(/C(=C(/CCO)c2ccccc2)c2ccc(O)cc2)cc1"
"CHEMBL115360","O=C1c2ccccc2C(=Cc2ccc(O)c(O)c2)c2ccccc21","O=C1c2ccccc2C(=Cc2ccc(O)c(O)c2)c2ccccc21"
"CHEMBL36550","CC/C(=C(\c1ccccc1)c1ccc(/C=C/C(=O)N(C2CCCCC2)C2CCCCC2)cc1)c1ccccc1","CC/C(=C(\c1ccccc1)c1ccc(/C=C/C(=O)N(C2CCCCC2)C2CCCCC2)cc1)c1ccccc1"
"CHEMBL279155","CNCCSC1=Cc2ccccc2Sc2ccc(F)cc21","CNCCSC1=Cc2ccccc2Sc2ccc(F)cc21"
"CHEMBL363873","COC(=O)/C=C/c1cccc(N(Cc2ccc(/C=C/c3cccc(F)c3)cc2)C(=O)NC(C)C)c1","COC(=O)/C=C/c1cccc(N(Cc2ccc(/C=C/c3cccc(F)c3)cc2)C(=O)NC(C)C)c1"
"CHEMBL209662","Cc1ccc(/C=C/c2ccc(O)cc2)cc1C","Cc1ccc(/C=C/c2ccc(O)cc2)cc1C"
"CHEMBL210218","COc1cccc(/C=C/c2cc(OC)cc(OC)c2)c1","COc1cccc(/C=C/c2cc(OC)cc(OC)c2)c1"
"CHEMBL510069","C/C(=C\c1cccc(F)c1)c1cc(O)cc(O)c1","C/C(=C\c1cccc(F)c1)c1cc(O)cc(O)c1"
"CHEMBL246064","COc1ccc(NC(=O)Nc2ccc(/C=C3/C(=O)Nc4cc(OC)c(OC)cc43)cc2)cc1","COc1ccc(NC(=O)Nc2ccc(/C=C3/C(=O)Nc4cc(OC)c(OC)cc43)cc2)cc1"
"CHEMBL314131","CC/C(=C(/c1ccc(OCCN(C)C)cc1)c1ccc([S+](C)[O-])cc1)c1ccccc1","CC/C(=C(/c1ccc(OCCN(C)C)cc1)c1ccc([S+](C)[O-])cc1)c1ccccc1"
"CHEMBL191747","COc1ccc(/C=C(/C)c2cc(OC)c(OC)c(OC)c2)cc1","COc1ccc(/C=C(/C)c2cc(OC)c(OC)c(OC)c2)cc1"
"CHEMBL513748","CC(C)=CCC/C(C)=C/Cc1c(O)cc(O)cc1/C=C/c1ccc(O)c(O)c1CC=C(C)C","CC(C)=CCC/C(C)=C/Cc1c(O)cc(O)cc1/C=C/c1ccc(O)c(O)c1CC=C(C)C"
"CHEMBL312309","COc1ccc(/C=C/c2ccc(OC)c(OC)c2)cc1","COc1ccc(/C=C/c2ccc(OC)c(OC)c2)cc1"
"CHEMBL18790","CC1(OCC(F)(F)F)OC(=O)C(c2ccc(F)cc2)=C1c1ccc(S(C)(=O)=O)cc1","CC1(OCC(F)(F)F)OC(=O)C(c2ccc(F)cc2)=C1c1ccc(S(C)(=O)=O)cc1"
"CHEMBL289447","Cc1ccc2c(c1)C1=C(c3ccc(S(C)(=O)=O)cc3)C(=O)OC1CC2","Cc1ccc2c(c1)C1=C(c3ccc(S(C)(=O)=O)cc3)C(=O)OC1CC2"
"CHEMBL144897","Oc1ccc2c(c1)C=C(c1ccccc1)C21Cc2ccccc2C1","Oc1ccc2c(c1)C=C(c1ccccc1)C21Cc2ccccc2C1"
"CHEMBL61884","COc1ccc(/C=C2\C(=O)Nc3ccc(Br)cc32)cc1OC1CC2CCC1C2","COc1ccc(/C=C2\C(=O)Nc3ccc(Br)cc32)cc1OC1CC2CCC1C2"
"CHEMBL179046","COCCOc1cc(/C=C/c2ccc3ccccc3c2)ccc1OC","COCCOc1cc(/C=C/c2ccc3ccccc3c2)ccc1OC"
"CHEMBL175548","CC(=O)Oc1ccc(/C=C/c2ccc3ccccc3c2)cc1","CC(=O)Oc1ccc(/C=C/c2ccc3ccccc3c2)cc1"
"CHEMBL179637","COc1ccc(/C=C/c2ccc3ccccc3c2)cc1","COc1ccc(/C=C/c2ccc3ccccc3c2)cc1"
"CHEMBL93411","O=[N+]([O-])c1ccc(OCc2ccsc2)cc1/C=C(/CO)c1ccccc1Cl","O=[N+]([O-])c1ccc(OCc2ccsc2)cc1/C=C(/CO)c1ccccc1Cl"
"CHEMBL328786","O=C(O)/C(=C/c1cc(OCc2ccsc2)ccc1[N+](=O)[O-])c1ccccc1","O=C(O)/C(=C/c1cc(OCc2ccsc2)ccc1[N+](=O)[O-])c1ccccc1"
"CHEMBL489489","C/C(=C\c1ccc(N(C)C)cc1)c1cc(O)cc(O)c1","C/C(=C\c1ccc(N(C)C)cc1)c1cc(O)cc(O)c1"
"CHEMBL483644","Oc1cc(O)cc(/C=C/c2cc(C(Cc3cc(O)cc(O)c3)c3ccc(O)cc3O)c(O)cc2O)c1","Oc1cc(O)cc(/C=C/c2cc(C(Cc3cc(O)cc(O)c3)c3ccc(O)cc3O)c(O)cc2O)c1"
"CHEMBL177972","CS(=O)(=O)c1ccc(C2=C(c3ccc(S(N)(=O)=O)cc3)COC2=O)cc1","CS(=O)(=O)c1ccc(C2=C(c3ccc(S(N)(=O)=O)cc3)COC2=O)cc1"
"CHEMBL239642","CS(=O)(=O)c1ccc(/C=C(/C(=O)OCO/N=[N+](/[O-])N2CCCC2)c2cccc(Br)c2)cc1","CS(=O)(=O)c1ccc(/C=C(/C(=O)OCO/N=[N+](/[O-])N2CCCC2)c2cccc(Br)c2)cc1"
"CHEMBL303459","COc1cc(/C=C2\OC(=O)c3ccccc32)cc(OC)c1OC","COc1cc(/C=C2\OC(=O)c3ccccc32)cc(OC)c1OC"
"CHEMBL198247","COc1cc(/C=C2/C(=O)Oc3ccccc32)cc(OC)c1OC","COc1cc(/C=C2/C(=O)Oc3ccccc32)cc(OC)c1OC"
"CHEMBL48352","Oc1ccc(C2=C(c3ccccc3)c3ccc(O)cc3C2)cc1","Oc1ccc(C2=C(c3ccccc3)c3ccc(O)cc3C2)cc1"
"CHEMBL488354","CCOC(=O)COc1ccc(/C=C/c2cc(O)cc(O)c2)cc1","CCOC(=O)COc1ccc(/C=C/c2cc(O)cc(O)c2)cc1"
"CHEMBL66825","COc1ccc2c(c1)OC(C)(C)C(c1ccccc1)=C2c1ccc(OCCN2CCCC2)cc1","COc1ccc2c(c1)OC(C)(C)C(c1ccccc1)=C2c1ccc(OCCN2CCCC2)cc1"
"CHEMBL73363","O=C(O)c1cc(C(=O)O)c2cc(/C=C/c3cccc4ccccc34)ccc2n1","O=C(O)c1cc(C(=O)O)c2cc(/C=C/c3cccc4ccccc34)ccc2n1"
"CHEMBL485374","CNc1ccc(/C=C/c2ccc(N)cc2)cc1","CNc1ccc(/C=C/c2ccc(N)cc2)cc1"
"CHEMBL365425","COc1ccc(/C=C\c2cc(OC)c(OC)c(OC)c2)cc1N(CCCl)CCCl","COc1ccc(/C=C\c2cc(OC)c(OC)c(OC)c2)cc1N(CCCl)CCCl"
"CHEMBL288423","CSc1ccc(C2=C3c4cc(C)ccc4CCC3(O)OC2=O)cc1","CSc1ccc(C2=C3c4cc(C)ccc4CCC3(O)OC2=O)cc1"
"CHEMBL295990","Cc1ccccc1C1=C(c2ccc(S(C)(=O)=O)cc2)OC(C)(C)C1=O","Cc1ccccc1C1=C(c2ccc(S(C)(=O)=O)cc2)OC(C)(C)C1=O"
"CHEMBL94021","COc1cc(/C=C\c2ccc(OC)c(OP(=O)([O-])[O-])c2OP(=O)([O-])[O-])cc(OC)c1OC.[Na+].[Na+].[Na+].[Na+]","COc1cc(/C=C\c2ccc(OC)c(OP(=O)([O-])[O-])c2OP(=O)([O-])[O-])cc(OC)c1OC.[Na+].[Na+].[Na+].[Na+]"
"CHEMBL478928","COc1cc(/C=C\c2ccc(OC)c(O[Si](C)(C)C(C)(C)C)c2O[Si](C)(C)C(C)(C)C)cc(OC)c1OC","COc1cc(/C=C\c2ccc(OC)c(O[Si](C)(C)C(C)(C)C)c2O[Si](C)(C)C(C)(C)C)cc(OC)c1OC"
"CHEMBL115055","O=C1c2ccccc2C(=Cc2ccc3c(c2)OCO3)c2ccccc21","O=C1c2ccccc2C(=Cc2ccc3c(c2)OCO3)c2ccccc21"
"CHEMBL11069","CCC(=C(c1ccccc1)c1ccccc1)c1cccc(OC(C)=O)c1","CCC(=C(c1ccccc1)c1ccccc1)c1cccc(OC(C)=O)c1"
"CHEMBL488745","COc1ccc(/C=C2/C(=O)N(c3c(Cl)cccc3Cl)c3ccccc32)cc1","COc1ccc(/C=C2/C(=O)N(c3c(Cl)cccc3Cl)c3ccccc32)cc1"
"CHEMBL11733","COc1ccc2c(c1OC)C(C#N)N1CCc3cc4c(cc3C1=C2)OCO4","COc1ccc2c(c1OC)C(C#N)N1CCc3cc4c(cc3C1=C2)OCO4"
"CHEMBL178733","Clc1ccc(/C=C/c2cc(Cl)cc(Cl)c2)cc1","Clc1ccc(/C=C/c2cc(Cl)cc(Cl)c2)cc1"
"CHEMBL155859","COc1cccc(C=C2c3ccccc3C(=O)c3ccccc32)c1","COc1cccc(C=C2c3ccccc3C(=O)c3ccccc32)c1"
"CHEMBL300021","COc1ccc(C2=C(c3ccc(S(C)(=O)=O)cc3)CN(c3ccccc3)C2=O)cc1","COc1ccc(C2=C(c3ccc(S(C)(=O)=O)cc3)CN(c3ccccc3)C2=O)cc1"
"CHEMBL115499","O=C1c2ccccc2C(=Cc2cc(Br)c(O)c(Br)c2)c2ccccc21","O=C1c2ccccc2C(=Cc2cc(Br)c(O)c(Br)c2)c2ccccc21"
"CHEMBL320784","CC1(C)CC(c2ccc(Cl)cc2)=C(c2ccc(S(C)(=O)=O)cc2)C1","CC1(C)CC(c2ccc(Cl)cc2)=C(c2ccc(S(C)(=O)=O)cc2)C1"
"CHEMBL494422","C[C@H]1CC[C@H]2[C@H](C1)c1c(O)cc(/C=C/c3ccccc3)cc1OC2(C)C","C[C@H]1CC[C@H]2[C@H](C1)c1c(O)cc(/C=C/c3ccccc3)cc1OC2(C)C"
"CHEMBL103582","COc1ccc(/C=C(/C#N)c2cc(OC)c(OC)c(OC)c2)cc1N","COc1ccc(/C=C(/C#N)c2cc(OC)c(OC)c(OC)c2)cc1N"
"CHEMBL39227","CC/C(=C(\c1ccccc1)c1ccc(/C=C/C(=O)NCCCOC)cc1)c1ccccc1","CC/C(=C(\c1ccccc1)c1ccc(/C=C/C(=O)NCCCOC)cc1)c1ccccc1"
"CHEMBL366723","CS(=O)(=O)c1ccc(C2=C(c3ccc(S(=O)(=O)N=[N+]=[N-])cc3)C(=O)OC2)cc1","CS(=O)(=O)c1ccc(C2=C(c3ccc(S(=O)(=O)N=[N+]=[N-])cc3)C(=O)OC2)cc1"
"CHEMBL474264","Oc1ccc(/C=C/c2ccc(C(F)(F)F)cc2)cc1O","Oc1ccc(/C=C/c2ccc(C(F)(F)F)cc2)cc1O"
"CHEMBL25580","O=C1c2ccccc2C(=O)C12C(c1cccc(O)c1)=Cc1cc(O)ccc12","O=C1c2ccccc2C(=O)C12C(c1cccc(O)c1)=Cc1cc(O)ccc12"
"CHEMBL147272","O=C(/C(=C/c1ccccc1)c1ccccc1)c1ccc(OCCN2CCCC2)cc1","O=C(/C(=C/c1ccccc1)c1ccccc1)c1ccc(OCCN2CCCC2)cc1"
"CHEMBL168900","COc1cc2c(cc1OC)C1=C(c3ccccc3Br)C(=O)C(=O)N1CC2","COc1cc2c(cc1OC)C1=C(c3ccccc3Br)C(=O)C(=O)N1CC2"
"CHEMBL34530","CC/C(=C(/c1ccc(OCCN(C)C)cc1)c1ccc(O)cc1O)c1ccccc1","CC/C(=C(/c1ccc(OCCN(C)C)cc1)c1ccc(O)cc1O)c1ccccc1"
"CHEMBL124023","O=C(O)CCCOc1cccc(/C=C/c2ccc3ccccc3c2)c1","O=C(O)CCCOc1cccc(/C=C/c2ccc3ccccc3c2)c1"
"CHEMBL529412","COc1ccccc1C1CCN(CCCCNC(=O)c2ccc(/C=C/c3cc(Cl)cc(Cl)c3)cc2)CC1","COc1ccccc1C1CCN(CCCCNC(=O)c2ccc(/C=C/c3cc(Cl)cc(Cl)c3)cc2)CC1"
"CHEMBL454382","COc1cc(/C=C\c2ccc(OC)c(NC(=O)OCCN3CCOCC3)c2)cc(OC)c1.Cl","COc1cc(/C=C\c2ccc(OC)c(NC(=O)OCCN3CCOCC3)c2)cc(OC)c1.Cl"
"CHEMBL103856","COc1ccc(/C=C(/C#N)c2cc(OC)c(OC)c(OC)c2)cc1","COc1ccc(/C=C(/C#N)c2cc(OC)c(OC)c(OC)c2)cc1"
"CHEMBL6823","Nc1nc(N)c2c(/C=C/c3ccc4ccccc4c3)cccc2n1","Nc1nc(N)c2c(/C=C/c3ccc4ccccc4c3)cccc2n1"
"CHEMBL398012","O=C(O)c1cccc(/C=C/c2ccc(OCc3c(-c4c(Cl)cccc4Cl)noc3-c3ccc(-c4ccccc4)cc3)cc2Cl)c1","O=C(O)c1cccc(/C=C/c2ccc(OCc3c(-c4c(Cl)cccc4Cl)noc3-c3ccc(-c4ccccc4)cc3)cc2Cl)c1"
"CHEMBL435822","CC1=CC(C)(C)Nc2ccc3c(c21)/C(=C/c1ccccc1F)Oc1ccccc1-3","CC1=CC(C)(C)Nc2ccc3c(c21)/C(=C/c1ccccc1F)Oc1ccccc1-3"
"CHEMBL48758","Cc1ccc(N2CC(c3ccc(S(C)(=O)=O)cc3)=C(c3ccccc3)C2=O)cc1","Cc1ccc(N2CC(c3ccc(S(C)(=O)=O)cc3)=C(c3ccccc3)C2=O)cc1"
"CHEMBL348739","C/[N+](=C/c1ccc(/C=C2/C=Cc3ccccc32)cc1)N=O","C/[N+](=C/c1ccc(/C=C2/C=Cc3ccccc32)cc1)N=O"
"CHEMBL294606","COc1ccc(/C=C2\C(=O)N(C)c3ccc(Br)cc32)cc1OC1CC2CCC1C2","COc1ccc(/C=C2\C(=O)N(C)c3ccc(Br)cc32)cc1OC1CC2CCC1C2"
"CHEMBL371837","CC(=O)OC/C(=C(\C(=O)O)c1ccc(F)c(F)c1)c1ccc(S(C)(=O)=O)cc1","CC(=O)OC/C(=C(\C(=O)O)c1ccc(F)c(F)c1)c1ccc(S(C)(=O)=O)cc1"
"CHEMBL274571","CC(C)(C)c1ccc(/C=C/c2ccc(C(=O)O)cc2)cc1","CC(C)(C)c1ccc(/C=C/c2ccc(C(=O)O)cc2)cc1"
"CHEMBL371675","O=c1cc(N2CCOCC2)oc2ccc(/C=C/c3ccccc3)cc12","O=c1cc(N2CCOCC2)oc2ccc(/C=C/c3ccccc3)cc12"
"CHEMBL181574","COc1cc(/C=C2\Cc3ccccc3/C(=C\c3ccc([N+](=O)[O-])cc3)C2=O)ccc1O","COc1cc(/C=C2\Cc3ccccc3/C(=C\c3ccc([N+](=O)[O-])cc3)C2=O)ccc1O"
"CHEMBL508948","O=C(O)c1cc(/C=C/c2ccccc2)ccc1O","O=C(O)c1cc(/C=C/c2ccccc2)ccc1O"
"CHEMBL111597","CS(=O)(=O)c1ccc(C2=C(c3ccc(Cl)c(Cl)c3)CCC2)cc1","CS(=O)(=O)c1ccc(C2=C(c3ccc(Cl)c(Cl)c3)CCC2)cc1"
"CHEMBL506301","O=C1Nc2ccc(/C=C/c3cccc(F)c3)cc2C1=O","O=C1Nc2ccc(/C=C/c3cccc(F)c3)cc2C1=O"
"CHEMBL85148","CC/C(=C(\c1ccc(S)cc1)c1ccc(OCCN(C)C)cc1)c1ccccc1","CC/C(=C(\c1ccc(S)cc1)c1ccc(OCCN(C)C)cc1)c1ccccc1"
"CHEMBL281498","O=C1C(c2ccc(O)cc2)=C(c2ccc(O)cc2)c2ccc(O)cc21","O=C1C(c2ccc(O)cc2)=C(c2ccc(O)cc2)c2ccc(O)cc21"
"CHEMBL344048","CC1=CC(C)(C)Nc2ccc3c(c21)/C(=C/c1cccc(C)c1)Oc1ccccc1-3","CC1=CC(C)(C)Nc2ccc3c(c21)/C(=C/c1cccc(C)c1)Oc1ccccc1-3"
"CHEMBL320609","COc1cc(CCc2ccc(C3=Cc4ccccc4C4=NC(C)CN34)cc2)cc(OC)c1OC","COc1cc(CCc2ccc(C3=Cc4ccccc4C4=NC(C)CN34)cc2)cc(OC)c1OC"
"CHEMBL92107","CS(=O)(=O)c1ccc(C2=C(c3ccc(F)c(F)c3)CC3(CC3)C2)cc1","CS(=O)(=O)c1ccc(C2=C(c3ccc(F)c(F)c3)CC3(CC3)C2)cc1"
"CHEMBL97397","COc1ccc2c(c1)CN(c1ccc(OCCN3CCCCC3)cc1)C1=C2CCc2cc(OC)ccc21","COc1ccc2c(c1)CN(c1ccc(OCCN3CCCCC3)cc1)C1=C2CCc2cc(OC)ccc21"
"CHEMBL23245","CS(=O)(=O)c1ccc(C2=C(c3cccc(F)c3)C(=O)CC2)cc1","CS(=O)(=O)c1ccc(C2=C(c3cccc(F)c3)C(=O)CC2)cc1"
"CHEMBL243446","COc1ccc(/C=C\c2ccccc2OC)cc1","COc1ccc(/C=C\c2ccccc2OC)cc1"
"CHEMBL33862","CC/C(=C(/c1ccc(OCCN(C)C)cc1)c1ccc(OS(N)(=O)=O)cc1)c1ccccc1","CC/C(=C(/c1ccc(OCCN(C)C)cc1)c1ccc(OS(N)(=O)=O)cc1)c1ccccc1"
"CHEMBL357283","Oc1ccc(C(=C(CC(F)(F)F)c2ccccc2)c2ccc(O)cc2)cc1","Oc1ccc(C(=C(CC(F)(F)F)c2ccccc2)c2ccc(O)cc2)cc1"
"CHEMBL11281","O=C(O)Cc1ccc2c(c1)C=Cc1cc(F)ccc1O2","O=C(O)Cc1ccc2c(c1)C=Cc1cc(F)ccc1O2"
"CHEMBL372076","COc1ccc(C2=C(c3ccccc3)C(=O)NC2=O)cc1","COc1ccc(C2=C(c3ccccc3)C(=O)NC2=O)cc1"
"CHEMBL305398","CC1(C)Oc2cc(O)ccc2C(c2ccc(OCCN3CCCCC3)cc2)=C1c1ccccc1","CC1(C)Oc2cc(O)ccc2C(c2ccc(OCCN3CCCCC3)cc2)=C1c1ccccc1"
"CHEMBL105075","COc1ccc(/C=C(\C#N)c2cc(OC)c(OC)c(OC)c2)cc1N","COc1ccc(/C=C(\C#N)c2cc(OC)c(OC)c(OC)c2)cc1N"
"CHEMBL255706","COc1cc(/C=C/c2cc([N+](=O)[O-])c(OC)c([N+](=O)[O-])c2)cc(OC)c1OC","COc1cc(/C=C/c2cc([N+](=O)[O-])c(OC)c([N+](=O)[O-])c2)cc(OC)c1OC"
"CHEMBL255249","COc1cc([N+](=O)[O-])c(/C=C\c2cc(OC)c(OC)c(OC)c2)cc1N","COc1cc([N+](=O)[O-])c(/C=C\c2cc(OC)c(OC)c(OC)c2)cc1N"
"CHEMBL181119","O=C1/C(=C/c2ccc(O)cc2)Cc2ccccc2/C1=C\c1ccc([N+](=O)[O-])cc1","O=C1/C(=C/c2ccc(O)cc2)Cc2ccccc2/C1=C\c1ccc([N+](=O)[O-])cc1"
"CHEMBL428102","CC/C(=C(\c1ccc(C=O)cc1)c1ccc(OCCN(C)C)cc1)c1ccccc1","CC/C(=C(\c1ccc(C=O)cc1)c1ccc(OCCN(C)C)cc1)c1ccccc1"
"CHEMBL384412","CCc1cccc2c1CNc1c(cccc1CCc1ccccc1)/C=C\2COc1ccc(Cl)cc1","CCc1cccc2c1CNc1c(cccc1CCc1ccccc1)/C=C\2COc1ccc(Cl)cc1"
"CHEMBL218923","COc1cc(/C=C2/c3ccccc3C(=O)c3ccsc32)ccc1O","COc1cc(/C=C2/c3ccccc3C(=O)c3ccsc32)ccc1O"
"CHEMBL466452","CC(C)c1onc(CNc2c(Cl)cccc2Cl)c1COc1ccc(/C=C/c2cccc(C(=O)O)c2)c(Cl)c1","CC(C)c1onc(CNc2c(Cl)cccc2Cl)c1COc1ccc(/C=C/c2cccc(C(=O)O)c2)c(Cl)c1"
"CHEMBL315716","COc1cc(/C=C\c2ccc(OP(=O)(OCc3ccccc3)OCc3ccccc3)cc2)cc(OC)c1","COc1cc(/C=C\c2ccc(OP(=O)(OCc3ccccc3)OCc3ccccc3)cc2)cc(OC)c1"
"CHEMBL321217","CC1(C)OC(=O)C(c2cccc(F)c2)=C1c1ccc(S(C)(=O)=O)cc1","CC1(C)OC(=O)C(c2cccc(F)c2)=C1c1ccc(S(C)(=O)=O)cc1"
"CHEMBL527877","O=S(=O)([O-])OC[C@H]1O[C@@H](Oc2cc(O)cc(/C=C\c3ccc(O)cc3)c2)[C@H](O)[C@@H](O)[C@@H]1O.[Na+]","O=S(=O)([O-])OC[C@H]1O[C@@H](Oc2cc(O)cc(/C=C\c3ccc(O)cc3)c2)[C@H](O)[C@@H](O)[C@@H]1O.[Na+]"
"CHEMBL304786","O=C1O/C(=C\c2ccc(Cl)cc2)c2ccccc21","O=C1O/C(=C\c2ccc(Cl)cc2)c2ccccc21"
"CHEMBL230346","C=CCc1cc(/C(CC)=C(\CC)c2ccc(O)c(CC=C)c2)ccc1O","C=CCc1cc(/C(CC)=C(\CC)c2ccc(O)c(CC=C)c2)ccc1O"
"CHEMBL191491","CC[N+](CC)(CC)CCOc1ccc(/C=C/c2ccccc2)cc1","CC[N+](CC)(CC)CCOc1ccc(/C=C/c2ccccc2)cc1"
"CHEMBL30204","Oc1ccc(/C(CC(F)(F)F)=C(/CC(F)(F)F)c2ccc(O)cc2)cc1","Oc1ccc(/C(CC(F)(F)F)=C(/CC(F)(F)F)c2ccc(O)cc2)cc1"
"CHEMBL86339","COc1cc(/C=C\c2ccc(O[Si](C)(C)C(C)(C)C)cc2)cc(OC)c1OC","COc1cc(/C=C\c2ccc(O[Si](C)(C)C(C)(C)C)cc2)cc(OC)c1OC"
"CHEMBL144688","CC(=O)Oc1ccc(/C=C(/C(=O)c2ccc(OC(C)=O)cc2)c2ccccc2)cc1","CC(=O)Oc1ccc(/C=C(/C(=O)c2ccc(OC(C)=O)cc2)c2ccccc2)cc1"
"CHEMBL32603","CC1C(=O)C(C)(C)Nc2ccc3c(c21)/C(=C/c1ccccc1)Oc1ccccc1-3","CC1C(=O)C(C)(C)Nc2ccc3c(c21)/C(=C/c1ccccc1)Oc1ccccc1-3"
"CHEMBL84765","CCN(CC)c1ccc(/C=C/c2ccccc2)cc1","CCN(CC)c1ccc(/C=C/c2ccccc2)cc1"
"CHEMBL30229","COc1ccc(Cl)cc1/C(=C/c1ccccc1)n1ccnc1","COc1ccc(Cl)cc1/C(=C/c1ccccc1)n1ccnc1"
"CHEMBL425822","FC(F)(F)c1cccc(/C=C/c2ccc(/C=C/c3cccc(C(F)(F)F)c3)cc2)c1","FC(F)(F)c1cccc(/C=C/c2ccc(/C=C/c3cccc(C(F)(F)F)c3)cc2)c1"
"CHEMBL283445","CCCCc1nc(Cl)c(CO)n1Cc1ccc(/C=C/c2ccccc2C(=O)O)cc1","CCCCc1nc(Cl)c(CO)n1Cc1ccc(/C=C/c2ccccc2C(=O)O)cc1"
"CHEMBL84787","Cc1ccc(/C=C/c2ccc(N(C)C)cc2)cc1","Cc1ccc(/C=C/c2ccc(N(C)C)cc2)cc1"
"CHEMBL91118","C=C1CC(c2ccc(S(C)(=O)=O)cc2)=C1c1ccccc1","C=C1CC(c2ccc(S(C)(=O)=O)cc2)=C1c1ccccc1"
"CHEMBL462722","CC1(C)C=Cc2c(O)ccc(C3=Cc4ccc(O)cc4OC3)c2O1","CC1(C)C=Cc2c(O)ccc(C3=Cc4ccc(O)cc4OC3)c2O1"
"CHEMBL18254","CC1(O)OC(=O)C(c2ccc(Cl)cc2Cl)=C1c1ccc(S(C)(=O)=O)cc1","CC1(O)OC(=O)C(c2ccc(Cl)cc2Cl)=C1c1ccc(S(C)(=O)=O)cc1"
"CHEMBL470251","OC[C@H]1O[C@@H](Oc2cc(O)cc(/C=C/c3ccccc3)c2)[C@H](O)[C@@H](O)[C@@H]1O","OC[C@H]1O[C@@H](Oc2cc(O)cc(/C=C/c3ccccc3)c2)[C@H](O)[C@@H](O)[C@@H]1O"
"CHEMBL258305","CN(C)c1ccc(/C=C/c2ccc(-c3nc4cc(OCCF)ccc4s3)cc2)cc1","CN(C)c1ccc(/C=C/c2ccc(-c3nc4cc(OCCF)ccc4s3)cc2)cc1"
"CHEMBL272532","CNc1ccc(/C=C/c2ccc(-c3nc4ccc(OCCCF)cc4o3)cc2)cc1","CNc1ccc(/C=C/c2ccc(-c3nc4ccc(OCCCF)cc4o3)cc2)cc1"
"CHEMBL72969","CCC1=C(c2ccc(O)cc2)[C@H](C)c2ccccc21","CCC1=C(c2ccc(O)cc2)[C@H](C)c2ccccc21"
"CHEMBL6744","CC/C(=C(\c1ccc(I)cc1)c1ccc(OCCCCCCCCCN2CCCC2)cc1)c1ccccc1","CC/C(=C(\c1ccc(I)cc1)c1ccc(OCCCCCCCCCN2CCCC2)cc1)c1ccccc1"
"CHEMBL248131","CN(C)c1ccc(/C=C/c2cccc(/C=C/c3ccc(N(C)C)c(O)c3)c2)cc1O","CN(C)c1ccc(/C=C/c2cccc(/C=C/c3ccc(N(C)C)c(O)c3)c2)cc1O"
"CHEMBL282968","COc1ccc2c(c1)OCC(c1ccc(Br)cc1)=C2c1ccc(OCCN2CCCC2)cc1","COc1ccc2c(c1)OCC(c1ccc(Br)cc1)=C2c1ccc(OCCN2CCCC2)cc1"
"CHEMBL10723","Cc1ccc2c(c1)C=Cc1cc(CC(=O)O)ccc1O2","Cc1ccc2c(c1)C=Cc1cc(CC(=O)O)ccc1O2"
"CHEMBL132000","C=CCNc1nc(N2CCC(NCC3c4ccccc4C=Cc4ccccc43)CC2)c2ncn(CC=C)c2n1","C=CCNc1nc(N2CCC(NCC3c4ccccc4C=Cc4ccccc43)CC2)c2ncn(CC=C)c2n1"
"CHEMBL315520","COc1c(Cl)cc(C2=C(c3ccc(S(C)(=O)=O)cc3)CC3(CC3)C2)cc1Cl","COc1c(Cl)cc(C2=C(c3ccc(S(C)(=O)=O)cc3)CC3(CC3)C2)cc1Cl"
"CHEMBL358074","O=C(/C(=C/c1ccccc1)c1ccc(O)cc1)c1ccc(O)cc1","O=C(/C(=C/c1ccccc1)c1ccc(O)cc1)c1ccc(O)cc1"
"CHEMBL282032","COc1ccc(/C=C2\C(=O)N(CCCN3CCN(c4cccc(Cl)c4)CC3)c3ccccc32)cc1","COc1ccc(/C=C2\C(=O)N(CCCN3CCN(c4cccc(Cl)c4)CC3)c3ccccc32)cc1"
"CHEMBL124974","C[S+]([O-])c1ccc(/C=C2\C=C(CCN3CCOCC3)c3ccccc32)cc1","C[S+]([O-])c1ccc(/C=C2\C=C(CCN3CCOCC3)c3ccccc32)cc1"
"CHEMBL249687","COc1ccc(C2=C(c3cccc(Cl)c3)C(=O)N3CCCC3C2)cc1","COc1ccc(C2=C(c3cccc(Cl)c3)C(=O)N3CCCC3C2)cc1"
"CHEMBL512560","COc1ccc(/C=C\c2cc(OC)c3ccsc3c2)cc1","COc1ccc(/C=C\c2cc(OC)c3ccsc3c2)cc1"
"CHEMBL157420","CN1CCN(CCCCOc2ccccc2/C=C/c2cccc(Cl)c2)CC1","CN1CCN(CCCCOc2ccccc2/C=C/c2cccc(Cl)c2)CC1"
"CHEMBL102838","COc1ccc(/C=C(/C#N)c2ccc(OC)c(OC)c2)cc1N","COc1ccc(/C=C(/C#N)c2ccc(OC)c(OC)c2)cc1N"
"CHEMBL376204","COc1ccc(C2=C(c3cc(OC)c(OC)c(OC)c3)C(=O)CC2O[SiH2]C(C)(C)C)cc1","COc1ccc(C2=C(c3cc(OC)c(OC)c(OC)c3)C(=O)CC2O[SiH2]C(C)(C)C)cc1"
"CHEMBL137256","C1=C\c2ccc(cc2)C[n+]2ccc(c3ccccc32)NCc2ccc(cc2)Cc2ccc(cc2)CNc2cc[n+](c3ccccc23)Cc2ccc/1cc2","C1=C\c2ccc(cc2)C[n+]2ccc(c3ccccc32)NCc2ccc(cc2)Cc2ccc(cc2)CNc2cc[n+](c3ccccc23)Cc2ccc/1cc2"
"CHEMBL471087","CC(C)=CCc1c(O)cc(/C=C/c2ccccc2)cc1O","CC(C)=CCc1c(O)cc(/C=C/c2ccccc2)cc1O"
"CHEMBL514088","Oc1cc(O)cc(C2c3c(/C=C/c4ccc(O)c(O)c4)cc(O)cc3OC2c2ccc(O)c(O)c2)c1","Oc1cc(O)cc(C2c3c(/C=C/c4ccc(O)c(O)c4)cc(O)cc3OC2c2ccc(O)c(O)c2)c1"
"CHEMBL418151","c1ccc(CCc2ccc(C3=C(Cc4ccccc4)c4ccccc4C4=NCCCN43)cc2)cc1","c1ccc(CCc2ccc(C3=C(Cc4ccccc4)c4ccccc4C4=NCCCN43)cc2)cc1"
"CHEMBL268462","C1=C(c2ccc(CCc3ccccc3)cc2)N2CCCN=C2c2ccccc21","C1=C(c2ccc(CCc3ccccc3)cc2)N2CCCN=C2c2ccccc21"
"CHEMBL476674","OC[C@H]1O[C@@H](Oc2ccc(/C=C\c3cc(O)cc(O)c3)cc2)[C@H](O)[C@@H](O)[C@@H]1O","OC[C@H]1O[C@@H](Oc2ccc(/C=C\c3cc(O)cc(O)c3)cc2)[C@H](O)[C@@H](O)[C@@H]1O"
"CHEMBL229165","N=C(N)NCc1ccc(/C=C\c2ccc(CNC(=N)N)cc2)cc1","N=C(N)NCc1ccc(/C=C\c2ccc(CNC(=N)N)cc2)cc1"
"CHEMBL245476","COc1ccc(/C=C/c2cc(Br)cc(/C=C/c3ccc(OC)c(OC)c3)c2)cc1OC","COc1ccc(/C=C/c2cc(Br)cc(/C=C/c3ccc(OC)c(OC)c3)c2)cc1OC"
"CHEMBL474527","Oc1ccc(/C=C/c2ccc3ccccc3c2)cc1O","Oc1ccc(/C=C/c2ccc3ccccc3c2)cc1O"
"CHEMBL478148","COc1cc(/C=C\c2ccc(OC)c(OC(C)=O)c2OC(C)=O)cc(OC)c1OC","COc1cc(/C=C\c2ccc(OC)c(OC(C)=O)c2OC(C)=O)cc(OC)c1OC"
"CHEMBL390755","COc1ccc(/C=C/c2cc(OC)cc(OC)c2CNCCc2ccc(O)cc2)cc1","COc1ccc(/C=C/c2cc(OC)cc(OC)c2CNCCc2ccc(O)cc2)cc1"
"CHEMBL45886","COc1ccc(C2=C(c3ccc(S(C)(=O)=O)cc3)CN(c3ccc(F)cc3)C2=O)cc1","COc1ccc(C2=C(c3ccc(S(C)(=O)=O)cc3)CN(c3ccc(F)cc3)C2=O)cc1"
"CHEMBL26631","O=CC(Cc1ccccc1)NC(=O)c1ccccc1/C=C/c1ccccc1","O=CC(Cc1ccccc1)NC(=O)c1ccccc1/C=C/c1ccccc1"
"CHEMBL155497","COc1ccc2c(c1)OC(C)(C)C(c1ccc(OCCN3CCCC3)cc1)=C2c1ccccc1","COc1ccc2c(c1)OC(C)(C)C(c1ccc(OCCN3CCCC3)cc1)=C2c1ccccc1"
"CHEMBL485996","COc1ccc(/C=C\c2cc(OC)c3c(c2)OCO3)cc1NC(=O)[C@@H](N)CC(=O)[O-].[Na+]","COc1ccc(/C=C\c2cc(OC)c3c(c2)OCO3)cc1NC(=O)[C@@H](N)CC(=O)[O-].[Na+]"
"CHEMBL222357","COc1cc(C2=C(c3ccccc3)C(O[SiH2]C(C)(C)C)CC2=O)cc(OC)c1OC","COc1cc(C2=C(c3ccccc3)C(O[SiH2]C(C)(C)C)CC2=O)cc(OC)c1OC"
"CHEMBL442911","Oc1ccc([C@H]2Oc3cc(O)cc(/C=C/c4ccc5c(c4)[C@H](c4cc(O)cc6c4[C@H](c4cc(O)cc(O)c4)[C@@H](c4ccc(O)cc4)O6)[C@H](c4ccc(O)cc4)O5)c3[C@@H]2c2cc(O)cc(O)c2)cc1","Oc1ccc([C@H]2Oc3cc(O)cc(/C=C/c4ccc5c(c4)[C@H](c4cc(O)cc6c4[C@H](c4cc(O)cc(O)c4)[C@@H](c4ccc(O)cc4)O6)[C@H](c4ccc(O)cc4)O5)c3[C@@H]2c2cc(O)cc(O)c2)cc1"
"CHEMBL454401","COc1cc(O)cc(/C=C\c2ccc(OC)c(N)c2)c1.Cl","COc1cc(O)cc(/C=C\c2ccc(OC)c(N)c2)c1.Cl"
"CHEMBL223783","COc1ccc(C2=C(c3cc(OC)c(OC)c(OC)c3)C(=O)C(O)C2)cc1F","COc1ccc(C2=C(c3cc(OC)c(OC)c(OC)c3)C(=O)C(O)C2)cc1F"
"CHEMBL416363","CC1(O)OC(=O)C(c2cc(F)cc(F)c2)=C1c1ccc(S(C)(=O)=O)cc1","CC1(O)OC(=O)C(c2cc(F)cc(F)c2)=C1c1ccc(S(C)(=O)=O)cc1"
"CHEMBL375881","CS(=O)(=O)Nc1ccc(C2=C(c3ccc(Cl)cc3)C(=O)OC2)cc1","CS(=O)(=O)Nc1ccc(C2=C(c3ccc(Cl)cc3)C(=O)OC2)cc1"
"CHEMBL219100","COc1cc(/C=C2/c3ccccc3C(=O)c3ccsc32)cc(OC)c1OC","COc1cc(/C=C2/c3ccccc3C(=O)c3ccsc32)cc(OC)c1OC"
"CHEMBL130441","COc1ccc(C=C2c3cccc(O)c3C(=O)c3c(O)cccc32)cc1","COc1ccc(C=C2c3cccc(O)c3C(=O)c3c(O)cccc32)cc1"
"CHEMBL19319","CC(=O)/C(=C(\C(=O)[O-])c1ccc(Cl)cc1)c1ccc(S(C)(=O)=O)cc1.[Na+]","CC(=O)/C(=C(\C(=O)[O-])c1ccc(Cl)cc1)c1ccc(S(C)(=O)=O)cc1.[Na+]"
"CHEMBL555150","CC(=O)N1Cc2ccccc2/C=C\c2cc(Cl)ccc21","CC(=O)N1Cc2ccccc2/C=C\c2cc(Cl)ccc21"
"CHEMBL100650","C(=C/c1cc(OCc2ccccc2)cc(OCc2ccccc2)c1)\c1cccc(OCc2ccccc2)c1","C(=C/c1cc(OCc2ccccc2)cc(OCc2ccccc2)c1)\c1cccc(OCc2ccccc2)c1"
"CHEMBL263413","C[N+]1(C)CC23c4c5c6c7c8c9c%10c%11c%12c%13c%14c%15c%16c%17c%18c%19c%20c(c2c2c4c4c6c6c8c%10c8c%12c%10c%14c(c%15%19)c%12c%20c2c2c4c6c8c%10c%122)C%18C2c4c6c8c%10c(c4-%17)C%16C%13C%114C[N+](C)(C)CC%104C=9C8C7C5=C6C23C1.[I-].[I-]","C[N+]1(C)CC23c4c5c6c7c8c9c%10c%11c%12c%13c%14c%15c%16c%17c%18c%19c%20c(c2c2c4c4c6c6c8c%10c8c%12c%10c%14c(c%15%19)c%12c%20c2c2c4c6c8c%10c%122)C%18C2c4c6c8c%10c(c4-%17)C%16C%13C%114C[N+](C)(C)CC%104C=9C8C7C5=C6C23C1.[I-].[I-]"
"CHEMBL168129","CCCCCCCCCCOc1ccc(/C=C(C(/C)=C/C(=O)O)\c2cccc(C(=O)O)c2)cc1","CCCCCCCCCCOc1ccc(/C=C(C(/C)=C/C(=O)O)\c2cccc(C(=O)O)c2)cc1"
"CHEMBL296444","C/C(=C(/C(=O)c1ccc(O)cc1)c1ccccc1)c1ccccc1","C/C(=C(/C(=O)c1ccc(O)cc1)c1ccccc1)c1ccccc1"
"CHEMBL248437","COc1cc2cc(OC)c1OCCCCCCOc1ccc(cc1O)/C=C\2","COc1cc2cc(OC)c1OCCCCCCOc1ccc(cc1O)/C=C\2"
"CHEMBL65830","CC(=O)NC[C@H]1CN(c2ccc(/C=C(\Br)c3ccc(C(C)=O)cc3)c(F)c2)C(=O)O1","CC(=O)NC[C@H]1CN(c2ccc(/C=C(\Br)c3ccc(C(C)=O)cc3)c(F)c2)C(=O)O1"
"CHEMBL178355","CS(=O)(=O)c1ccc(/C(=C/c2ccccc2)c2ccccc2)cc1","CS(=O)(=O)c1ccc(/C(=C/c2ccccc2)c2ccccc2)cc1"
"CHEMBL43893","CC1(C)OC(c2ccc(S(C)(=O)=O)cc2)=C(c2cc(Cl)cc(Cl)c2)C1=O","CC1(C)OC(c2ccc(S(C)(=O)=O)cc2)=C(c2cc(Cl)cc(Cl)c2)C1=O"
"CHEMBL215583","COc1ccc(/C=C/c2cccc(OC)c2)cc1","COc1ccc(/C=C/c2cccc(OC)c2)cc1"
"CHEMBL375401","CCc1cccc2c1CNc1c(cccc1CCc1ccccc1)/C=C\2COc1ccccc1Cl","CCc1cccc2c1CNc1c(cccc1CCc1ccccc1)/C=C\2COc1ccccc1Cl"
"CHEMBL354671","CC[C@@]1(O)C(=O)OCc2c1cc1n(c2=O)Cc2cc3c(/C=C/c4ccccc4)cccc3nc2-1","CC[C@@]1(O)C(=O)OCc2c1cc1n(c2=O)Cc2cc3c(/C=C/c4ccccc4)cccc3nc2-1"
"CHEMBL167200","COc1cc2c(cc1OC)C1=C(c3ccc(Br)cc3)C(=O)C(=O)N1CC2","COc1cc2c(cc1OC)C1=C(c3ccc(Br)cc3)C(=O)C(=O)N1CC2"
"CHEMBL244727","COc1ccc(/C=C\c2cccc(OC)c2)cc1","COc1ccc(/C=C\c2cccc(OC)c2)cc1"
"CHEMBL195219","COc1ccc(/C=C\c2cc(OC)c(OC)c(OC)c2)cc1OC(=O)N(CCCl)CCCl","COc1ccc(/C=C\c2cc(OC)c(OC)c(OC)c2)cc1OC(=O)N(CCCl)CCCl"
"CHEMBL515204","O=C(O)CC1=C/C(=C\c2cccc3ccccc23)c2ccc(F)cc21","O=C(O)CC1=C/C(=C\c2cccc3ccccc23)c2ccc(F)cc21"
"CHEMBL366613","COc1c([N+](=O)[O-])cc(/C=C/c2ccc3ccccc3c2)cc1[N+](=O)[O-]","COc1c([N+](=O)[O-])cc(/C=C/c2ccc3ccccc3c2)cc1[N+](=O)[O-]"
"CHEMBL517909","O=C(O)CC1=C/C(=C\c2ccc(C(F)(F)F)cc2)c2ccc(F)cc21","O=C(O)CC1=C/C(=C\c2ccc(C(F)(F)F)cc2)c2ccc(F)cc21"
"CHEMBL229912","O=Cc1ccc(/C=C/c2ccc(O)c(O)c2)cc1","O=Cc1ccc(/C=C/c2ccc(O)c(O)c2)cc1"
"CHEMBL426955","CS(=O)(=O)c1ccc(/C(=C/c2ccc(F)c(F)c2)c2ccccc2)cc1","CS(=O)(=O)c1ccc(/C(=C/c2ccc(F)c(F)c2)c2ccccc2)cc1"
"CHEMBL179204","Cc1ccc(C(=Cc2ccc(S(C)(=O)=O)cc2)c2ccc(C)cc2)cc1","Cc1ccc(C(=Cc2ccc(S(C)(=O)=O)cc2)c2ccc(C)cc2)cc1"
"CHEMBL317013","COc1ccc(/C(C#N)=C\c2cc(OC)c(OC)c(OC)c2)cc1N","COc1ccc(/C(C#N)=C\c2cc(OC)c(OC)c(OC)c2)cc1N"
"CHEMBL111786","NS(=O)(=O)c1ccc(C2=C(c3ccc(F)c(Cl)c3)CCC2)cc1","NS(=O)(=O)c1ccc(C2=C(c3ccc(F)c(Cl)c3)CCC2)cc1"
"CHEMBL92154","CS(=O)(=O)c1ccc(C2=C(c3ccc(F)cc3)CC3(CC3)C2)cc1","CS(=O)(=O)c1ccc(C2=C(c3ccc(F)cc3)CC3(CC3)C2)cc1"
"CHEMBL74704","O=C(O)c1cc(/C=C/c2ccc(/C=C/c3ccc(O)c(C(=O)O)c3)c(Br)c2)ccc1O","O=C(O)c1cc(/C=C/c2ccc(/C=C/c3ccc(O)c(C(=O)O)c3)c(Br)c2)ccc1O"
"CHEMBL479344","COc1c(O)cc(/C=C/c2cc(O)cc3c2[C@]2(C(=O)O3)c3c(O)cc(O)cc3O[C@@H]2c2ccc(O)cc2)cc1O","COc1c(O)cc(/C=C/c2cc(O)cc3c2[C@]2(C(=O)O3)c3c(O)cc(O)cc3O[C@@H]2c2ccc(O)cc2)cc1O"
"CHEMBL321002","c1ccc(C2=C(c3ccc(OCCN4CCCC4)cc3)Oc3ccccc3C2)cc1","c1ccc(C2=C(c3ccc(OCCN4CCCC4)cc3)Oc3ccccc3C2)cc1"
"CHEMBL256179","CN(C)c1ccc(/C=C/c2ccc(-c3nc4cc(OCCCF)ccc4s3)cc2)cc1","CN(C)c1ccc(/C=C/c2ccc(-c3nc4cc(OCCCF)ccc4s3)cc2)cc1"
"CHEMBL289910","CCCCCCCCOP(=O)(O)Oc1cc(/C=C\c2cc(OC)c(OC)c(OC)c2)ccc1OC.N","CCCCCCCCOP(=O)(O)Oc1cc(/C=C\c2cc(OC)c(OC)c(OC)c2)ccc1OC.N"
"CHEMBL224001","COc1ccc(C2=C(c3ccc(O)cc3)C3CC(S(=O)(=O)Oc4ccccc4)C2O3)cc1","COc1ccc(C2=C(c3ccc(O)cc3)C3CC(S(=O)(=O)Oc4ccccc4)C2O3)cc1"
"CHEMBL92607","O=C(O)/C(=C/c1cccc(OCc2ccccc2)c1)c1ccccc1","O=C(O)/C(=C/c1cccc(OCc2ccccc2)c1)c1ccccc1"
"CHEMBL80405","NS(=O)(=O)c1ccc(C2=C(c3ccc(F)cc3)c3ccccc3C2)cc1","NS(=O)(=O)c1ccc(C2=C(c3ccc(F)cc3)c3ccccc3C2)cc1"
"CHEMBL207849","O=C1OCC(c2cccc(C(=O)O)c2)=C1c1cc(Cl)ccc1OCc1ccccc1","O=C1OCC(c2cccc(C(=O)O)c2)=C1c1cc(Cl)ccc1OCc1ccccc1"
"CHEMBL61704","COc1cc(C2=C(c3ccc4ccccc4c3)CCC2=O)cc(OC)c1OC","COc1cc(C2=C(c3ccc4ccccc4c3)CCC2=O)cc(OC)c1OC"
"CHEMBL490673","O=[N+]([O-])c1ccc(/C=C/c2cc(O)cc(O)c2)cc1","O=[N+]([O-])c1ccc(/C=C/c2cc(O)cc(O)c2)cc1"
"CHEMBL453861","O=C(O)c1ccc(/C=C/c2cc(Br)c(O)c(C(=O)O)c2)cc1O","O=C(O)c1ccc(/C=C/c2cc(Br)c(O)c(C(=O)O)c2)cc1O"
"CHEMBL422521","OC1CCN(CCCCOc2ccccc2/C=C/c2ccccc2)CC1","OC1CCN(CCCCOc2ccccc2/C=C/c2ccccc2)CC1"
"CHEMBL527996","O=C1C(c2ccccc2)=C(Nc2ccc(Cl)cc2)c2ccccc21","O=C1C(c2ccccc2)=C(Nc2ccc(Cl)cc2)c2ccccc21"
"CHEMBL488192","O=S(=O)([O-])OC[C@H]1O[C@@H](Oc2cc(O)cc(/C=C/c3ccc(O)cc3)c2)[C@H](O)[C@@H](O)[C@@H]1O.[K+]","O=S(=O)([O-])OC[C@H]1O[C@@H](Oc2cc(O)cc(/C=C/c3ccc(O)cc3)c2)[C@H](O)[C@@H](O)[C@@H]1O.[K+]"
"CHEMBL32336","CC(=O)Oc1cccc(/C(C)=C(\C)c2cccc(OC(C)=O)c2)c1","CC(=O)Oc1cccc(/C(C)=C(\C)c2cccc(OC(C)=O)c2)c1"
"CHEMBL276714","CC(C)(C)c1ccc(C2=Cc3ccc(NC(=O)NC4CCCCC4)cc3C3=NCCCN23)cc1","CC(C)(C)c1ccc(C2=Cc3ccc(NC(=O)NC4CCCCC4)cc3C3=NCCCN23)cc1"
"CHEMBL219050","COc1cc(O)ccc1/C=C/c1cc(O)cc(O)c1","COc1cc(O)ccc1/C=C/c1cc(O)cc(O)c1"
"CHEMBL218269","COc1cc(O)cc(/C=C/c2ccc(OC)cc2O)c1","COc1cc(O)cc(/C=C/c2ccc(OC)cc2O)c1"
"CHEMBL498105","COC(=O)c1ccc2c(c1)NC(=O)/C2=C(\Nc1ccc(CN(C)C)cc1)c1ccccc1","COC(=O)c1ccc2c(c1)NC(=O)/C2=C(\Nc1ccc(CN(C)C)cc1)c1ccccc1"
"CHEMBL419694","N#Cc1ccc(OCc2ccsc2)cc1/C=C(/CO)c1ccccc1","N#Cc1ccc(OCc2ccsc2)cc1/C=C(/CO)c1ccccc1"
"CHEMBL166627","CC1(C)OC(c2ccc(S(C)(=O)=O)c(F)c2)=C(c2ccccc2)C1=O","CC1(C)OC(c2ccc(S(C)(=O)=O)c(F)c2)=C(c2ccccc2)C1=O"
"CHEMBL10010","CC(C)(C)c1ccc(C2=Cc3ccc(NC(=O)Cc4ccccn4)cc3C3=NCCCN23)cc1","CC(C)(C)c1ccc(C2=Cc3ccc(NC(=O)Cc4ccccn4)cc3C3=NCCCN23)cc1"
"CHEMBL308488","C/C(=C\c1ccc(C(=O)O)cc1)c1ccc2c(c1)C(C)(C)CC[C@H]2C","C/C(=C\c1ccc(C(=O)O)cc1)c1ccc2c(c1)C(C)(C)CC[C@H]2C"
"CHEMBL441863","COc1ccc(/C=C2/c3ccccc3C(=O)c3ccsc32)cc1O","COc1ccc(/C=C2/c3ccccc3C(=O)c3ccsc32)cc1O"
"CHEMBL9906","COc1cc(C2=Cc3ccccc3C3=NCCCN23)cc(OC)c1OC","COc1cc(C2=Cc3ccccc3C3=NCCCN23)cc(OC)c1OC"
"CHEMBL382519","COc1ccc2c(c1)NC(=O)/C2=C/c1cccc(O)c1","COc1ccc2c(c1)NC(=O)/C2=C/c1cccc(O)c1"
"CHEMBL196754","COc1ccc2c(c1)NC(=O)/C2=C/c1ccc(O)cc1","COc1ccc2c(c1)NC(=O)/C2=C/c1ccc(O)cc1"
"CHEMBL337845","O=C1c2c(O)cccc2C(=Cc2ccc([N+](=O)[O-])cc2)c2cccc(O)c21","O=C1c2c(O)cccc2C(=Cc2ccc([N+](=O)[O-])cc2)c2cccc(O)c21"
"CHEMBL587233","O=C1C(c2ccccc2)=C(Nc2cc(Cl)cc(Cl)c2)c2ccccc21","O=C1C(c2ccccc2)=C(Nc2cc(Cl)cc(Cl)c2)c2ccccc21"
"CHEMBL302528","CCN(CC)CCOc1ccc(C(C#N)=C(c2ccccc2)c2ccccc2)cc1","CCN(CC)CCOc1ccc(C(C#N)=C(c2ccccc2)c2ccccc2)cc1"
"CHEMBL45108","O=C(NCCc1ccccc1)c1cc(/C=C\c2cc(O)ccc2O)ccc1O","O=C(NCCc1ccccc1)c1cc(/C=C\c2cc(O)ccc2O)ccc1O"
"CHEMBL61705","COc1ccc(C2=C(c3cc(OC)c(OC)c(OC)c3)C(=O)CC2)cc1N","COc1ccc(C2=C(c3cc(OC)c(OC)c(OC)c3)C(=O)CC2)cc1N"
"CHEMBL330692","OC1(C2=CN3CCC2CC3)c2ccccc2C=Cc2ccccc21","OC1(C2=CN3CCC2CC3)c2ccccc2C=Cc2ccccc21"
"CHEMBL352641","CC1(C)OC(c2ccc(S(C)(=O)=O)c(F)c2)=C(c2cccc(Cl)c2)C1=O","CC1(C)OC(c2ccc(S(C)(=O)=O)c(F)c2)=C(c2cccc(Cl)c2)C1=O"
"CHEMBL69409","CCC1=C(c2ccc(O)cc2)Cc2ccccc21","CCC1=C(c2ccc(O)cc2)Cc2ccccc21"
"CHEMBL289612","CC/C(=C(\c1ccccc1)c1ccc(/C=C/C(=O)NCCCO)cc1)c1ccccc1","CC/C(=C(\c1ccccc1)c1ccc(/C=C/C(=O)NCCCO)cc1)c1ccccc1"
"CHEMBL530274","N=C(N)c1ccc(C=Cc2ccc(C(=N)N)cc2O)cc1","N=C(N)c1ccc(C=Cc2ccc(C(=N)N)cc2O)cc1"
"CHEMBL8843","CC(C)(C)c1cc(/C=C/c2ccc(Cl)cc2)cc(C(C)(C)C)c1O","CC(C)(C)c1cc(/C=C/c2ccc(Cl)cc2)cc(C(C)(C)C)c1O"
"CHEMBL137062","COC(=O)c1ccc(/C=C(/c2ccc3c(c2)C(C)(C)CCO3)C(F)(F)F)cc1","COC(=O)c1ccc(/C=C(/c2ccc3c(c2)C(C)(C)CCO3)C(F)(F)F)cc1"
"CHEMBL470277","CC(C)=CCc1c(O)cc2c(c1/C=C\c1ccccc1)CC(C(C)(C)O)O2","CC(C)=CCc1c(O)cc2c(c1/C=C\c1ccccc1)CC(C(C)(C)O)O2"
"CHEMBL11438","CC/C(=C(/Cc1ccc(OCN2CCCC2)cc1)c1ccccc1)c1ccccc1","CC/C(=C(/Cc1ccc(OCN2CCCC2)cc1)c1ccccc1)c1ccccc1"
"CHEMBL487593","O=S(=O)([O-])O[C@H]1[C@H](Oc2cc(O)cc(/C=C\c3ccc(O)cc3)c2)O[C@H](CO)[C@@H](O)[C@@H]1O.[Na+]","O=S(=O)([O-])O[C@H]1[C@H](Oc2cc(O)cc(/C=C\c3ccc(O)cc3)c2)O[C@H](CO)[C@@H](O)[C@@H]1O.[Na+]"
"CHEMBL65759","CC1=C(CC(=O)N(C)O)c2cc(F)ccc2/C1=C\c1ccc([S+](C)[O-])cc1","CC1=C(CC(=O)N(C)O)c2cc(F)ccc2/C1=C\c1ccc([S+](C)[O-])cc1"
"CHEMBL11041","CC/C(=C(\c1ccc(OC(C)=O)cc1)c1cccc(OC(C)=O)c1)c1ccc(OC(C)=O)cc1","CC/C(=C(\c1ccc(OC(C)=O)cc1)c1cccc(OC(C)=O)c1)c1ccc(OC(C)=O)cc1"
"CHEMBL191349","COc1ccc(/C=C\c2ccc(C)c(C)c2)cc1O","COc1ccc(/C=C\c2ccc(C)c(C)c2)cc1O"
"CHEMBL192056","COc1ccc(/C=C\c2cc(C)c(C)c(C)c2)cc1F","COc1ccc(/C=C\c2cc(C)c(C)c(C)c2)cc1F"
"CHEMBL524247","N=C(N)c1ccc(C=Cc2ccc(C(=N)N)cc2O)cc1.O=S(=O)(O)CCO","N=C(N)c1ccc(C=Cc2ccc(C(=N)N)cc2O)cc1.O=S(=O)(O)CCO"
"CHEMBL136050","CC1(C)CCSc2ccc(/C(=C/c3ccc(C(=O)O)cc3)C(F)(F)F)cc21","CC1(C)CCSc2ccc(/C(=C/c3ccc(C(=O)O)cc3)C(F)(F)F)cc21"
"CHEMBL524493","COc1cc(/C=C\c2ccc3c(ccn3C)c2)cc(OC)c1","COc1cc(/C=C\c2ccc3c(ccn3C)c2)cc(OC)c1"
"CHEMBL27207","Oc1ccc(C2=C(c3ccc(O)cc3)c3ccc(O)cc3CC2)cc1","Oc1ccc(C2=C(c3ccc(O)cc3)c3ccc(O)cc3CC2)cc1"
"CHEMBL517679","CCC(=C\c1sc2cc(C)c(C)cc2[n+]1CC)/C=C1/Sc2cc(/C=C/c3ccccc3)ccc2N1CC","CCC(=C\c1sc2cc(C)c(C)cc2[n+]1CC)/C=C1/Sc2cc(/C=C/c3ccccc3)ccc2N1CC"
"CHEMBL107341","O=C(O)/C(=C/c1ccc(Nc2c3ccccc3nc3ccccc23)cc1)c1ccccc1","O=C(O)/C(=C/c1ccc(Nc2c3ccccc3nc3ccccc23)cc1)c1ccccc1"
"CHEMBL512469","CC(C)c1onc(CS(=O)(=O)c2c(Cl)cccc2Cl)c1COc1ccc(/C=C/c2cccc(C(=O)O)c2)c(Cl)c1","CC(C)c1onc(CS(=O)(=O)c2c(Cl)cccc2Cl)c1COc1ccc(/C=C/c2cccc(C(=O)O)c2)c(Cl)c1"
"CHEMBL466620","CC(C)c1onc(CNc2c(Cl)cncc2Cl)c1COc1ccc(/C=C/c2cccc(C(=O)O)c2)c(Cl)c1","CC(C)c1onc(CNc2c(Cl)cncc2Cl)c1COc1ccc(/C=C/c2cccc(C(=O)O)c2)c(Cl)c1"
"CHEMBL69084","O=C1O/C(=C\c2ccc(O)c(O)c2)c2cccc(O)c21","O=C1O/C(=C\c2ccc(O)c(O)c2)c2cccc(O)c21"
"CHEMBL466357","COc1ccc(/C(F)=C\c2cc(OC)c(OC)c(OC)c2)cc1N","COc1ccc(/C(F)=C\c2cc(OC)c(OC)c(OC)c2)cc1N"
"CHEMBL482162","C/C(=C\c1ccc(C(F)(F)F)cc1)c1ccc(O)c(O)c1","C/C(=C\c1ccc(C(F)(F)F)cc1)c1ccc(O)c(O)c1"
"CHEMBL354531","COc1ccc(/C(=C(\c2ccccc2)C(F)(F)F)c2ccccc2)cc1","COc1ccc(/C(=C(\c2ccccc2)C(F)(F)F)c2ccccc2)cc1"
"CHEMBL471145","CCOC(=O)Nc1nc2cc(/C=C/c3ccc(O)cc3)ccc2[nH]1","CCOC(=O)Nc1nc2cc(/C=C/c3ccc(O)cc3)ccc2[nH]1"
"CHEMBL314217","O=C1Nc2ccccc2/C1=C/c1ccc(N2CCCC2)cc1","O=C1Nc2ccccc2/C1=C/c1ccc(N2CCCC2)cc1"
"CHEMBL12122","CC/C(=C(/Cc1ccc(OCN(CC)CC)cc1)c1ccccc1)c1ccccc1","CC/C(=C(/Cc1ccc(OCN(CC)CC)cc1)c1ccccc1)c1ccccc1"
"CHEMBL56365","Cc1cc(/C=C/c2ccccc2C(=O)O)cc(C)c1O","Cc1cc(/C=C/c2ccccc2C(=O)O)cc(C)c1O"
"CHEMBL273815","CC1(O)OC(=O)C(c2ccc(Br)cc2)=C1c1ccc(S(C)(=O)=O)cc1","CC1(O)OC(=O)C(c2ccc(Br)cc2)=C1c1ccc(S(C)(=O)=O)cc1"
"CHEMBL313578","O=C1Nc2ccccc2/C1=C/c1ccc(O)cc1","O=C1Nc2ccccc2/C1=C/c1ccc(O)cc1"
"CHEMBL11123","CC/C(=C(\Cc1ccccc1)c1ccccc1)c1ccc(OCN(CC)CC)cc1","CC/C(=C(\Cc1ccccc1)c1ccccc1)c1ccc(OCN(CC)CC)cc1"
"CHEMBL468939","Cc1cccc(C)c1OCc1noc(C(C)C)c1COc1ccc(/C=C/c2cccc(C(=O)O)c2)c(Cl)c1","Cc1cccc(C)c1OCc1noc(C(C)C)c1COc1ccc(/C=C/c2cccc(C(=O)O)c2)c(Cl)c1"
"CHEMBL280587","NC(=O)C(=O)C(Cc1ccccc1)NC(=O)c1ccccc1/C=C/c1ccc2ccccc2c1","NC(=O)C(=O)C(Cc1ccccc1)NC(=O)c1ccccc1/C=C/c1ccc2ccccc2c1"
"CHEMBL158560","CCCOC1CCCN(CCCCOc2ccccc2/C=C/c2ccccc2)C1","CCCOC1CCCN(CCCCOc2ccccc2/C=C/c2ccccc2)C1"
"CHEMBL504749","CC(=O)OC[C@H]1O[C@@H](N2C(=O)/C(=C3/C(=O)Nc4ccc(S(=O)(=O)Cl)cc43)c3ccccc32)[C@H](OC(C)=O)[C@@H](OC(C)=O)[C@@H]1OC(C)=O","CC(=O)OC[C@H]1O[C@@H](N2C(=O)/C(=C3/C(=O)Nc4ccc(S(=O)(=O)Cl)cc43)c3ccccc32)[C@H](OC(C)=O)[C@@H](OC(C)=O)[C@@H]1OC(C)=O"
"CHEMBL462474","COc1ccc(/C=C\c2cc(OC)c3ccsc3c2)cc1O","COc1ccc(/C=C\c2cc(OC)c3ccsc3c2)cc1O"
"CHEMBL455092","COc1ccc(/C=C\c2cc(OC)c3c(c2)OCO3)cc1NC(=O)[C@H](C)[C@@H](OC)[C@@H]1CCCN1.O=C(O)C(F)(F)F","COc1ccc(/C=C\c2cc(OC)c3c(c2)OCO3)cc1NC(=O)[C@H](C)[C@@H](OC)[C@@H]1CCCN1.O=C(O)C(F)(F)F"
"CHEMBL87627","COc1cc(/C=C\c2ccc(OP(=O)([O-])[O-])cc2)cc(OC)c1.[Na+].[Na+]","COc1cc(/C=C\c2ccc(OP(=O)([O-])[O-])cc2)cc(OC)c1.[Na+].[Na+]"
"CHEMBL524740","CCC(=C(CC)c1ccc(O)c(CNC2CCCCC2)c1)c1ccc(O)c(CNC2CCCCC2)c1","CCC(=C(CC)c1ccc(O)c(CNC2CCCCC2)c1)c1ccc(O)c(CNC2CCCCC2)c1"
"CHEMBL424885","COc1ccc(/C=C\c2cc(Br)c(OC)c(OC)c2)cc1","COc1ccc(/C=C\c2cc(Br)c(OC)c(OC)c2)cc1"
"CHEMBL358349","O=C(/C(=C\c1ccccc1)c1ccccc1)c1ccc(OCCN2CCCC2)cc1","O=C(/C(=C\c1ccccc1)c1ccccc1)c1ccc(OCCN2CCCC2)cc1"
"CHEMBL18040","CC1(O)OC(=O)C(c2ccc(F)cc2)=C1c1ccc(S(C)(=O)=O)cc1","CC1(O)OC(=O)C(c2ccc(F)cc2)=C1c1ccc(S(C)(=O)=O)cc1"
"CHEMBL155578","COc1ccccc1C=C1c2ccccc2C(=O)c2ccccc21","COc1ccccc1C=C1c2ccccc2C(=O)c2ccccc21"
"CHEMBL149599","CC1=C(CCN2CCOCC2)c2ccccc2/C1=C\c1cccc2ccccc12","CC1=C(CCN2CCOCC2)c2ccccc2/C1=C\c1cccc2ccccc12"
"CHEMBL405185","C=C[C@@](C)(/C=C/c1ccc(O)c(/C=C/c2ccccc2)c1)CCC=C(C)C","C=C[C@@](C)(/C=C/c1ccc(O)c(/C=C/c2ccccc2)c1)CCC=C(C)C"
"CHEMBL59001","COc1ccc(C2=C(c3cc(OC)c(OC)c(OC)c3)C(=O)OC2)cc1","COc1ccc(C2=C(c3cc(OC)c(OC)c(OC)c3)C(=O)OC2)cc1"
"CHEMBL454575","COc1ccc(/C=C\c2cc(OC)c(OC)c(OC)c2)cc1O[C@@H]1O[C@H](CO)[C@@H](O)[C@H](O)[C@H]1O","COc1ccc(/C=C\c2cc(OC)c(OC)c(OC)c2)cc1O[C@@H]1O[C@H](CO)[C@@H](O)[C@H](O)[C@H]1O"
"CHEMBL468734","CC(C)c1onc(CSc2nnnn2C)c1COc1ccc(/C=C/c2cccc(C(=O)O)c2)c(Cl)c1","CC(C)c1onc(CSc2nnnn2C)c1COc1ccc(/C=C/c2cccc(C(=O)O)c2)c(Cl)c1"
"CHEMBL473725","COc1cccc(/C=C/c2ccc(OC)c(OC)c2)c1","COc1cccc(/C=C/c2ccc(OC)c(OC)c2)c1"
"CHEMBL464755","Oc1ccc(/C=C/c2cccc(F)c2)cc1O","Oc1ccc(/C=C/c2cccc(F)c2)cc1O"
"CHEMBL12692","CCc1ccc(/C(C)=C/c2ccc(C(=O)O)cc2)cc1CC","CCc1ccc(/C(C)=C/c2ccc(C(=O)O)cc2)cc1CC"
"CHEMBL85174","COc1cc(/C=C/c2ccc(Cl)cc2)cc(OC)c1OC","COc1cc(/C=C/c2ccc(Cl)cc2)cc(OC)c1OC"
"CHEMBL242396","COc1ccc(/C=C/c2ccc(OC)cc2OC)cc1","COc1ccc(/C=C/c2ccc(OC)cc2OC)cc1"
"CHEMBL85057","COc1ccc(/C=C/c2cc(OC)c(OC)c(OC)c2)c(Cl)c1","COc1ccc(/C=C/c2cc(OC)c(OC)c(OC)c2)c(Cl)c1"
"CHEMBL376059","COc1ccc(C2=C(c3cc(OC)c(OC)c(OC)c3)C(=O)CC2O[SiH2]C(C)(C)C)cc1OC","COc1ccc(C2=C(c3cc(OC)c(OC)c(OC)c3)C(=O)CC2O[SiH2]C(C)(C)C)cc1OC"
"CHEMBL423004","CS(=O)(=O)c1ccc(C2=C(c3ccc(F)c(C(F)(F)F)c3)CCC2)cc1","CS(=O)(=O)c1ccc(C2=C(c3ccc(F)c(C(F)(F)F)c3)CCC2)cc1"
"CHEMBL424636","C/C(=C\c1ccc(C(=O)O)cc1)c1cc2c(cc1C(C)C)C(C)(C)CCC2(C)C","C/C(=C\c1ccc(C(=O)O)cc1)c1cc2c(cc1C(C)C)C(C)(C)CCC2(C)C"
"CHEMBL34014","CC/C(=C(\c1ccc(NC(C)=O)cc1)c1ccc(ON(C)C)cc1)c1ccccc1","CC/C(=C(\c1ccc(NC(C)=O)cc1)c1ccc(ON(C)C)cc1)c1ccccc1"
"CHEMBL375529","O=c1cc(-c2cccc(/C=C/c3ccc(Cl)cc3)c2)sc(N2CCOCC2)c1","O=c1cc(-c2cccc(/C=C/c3ccc(Cl)cc3)c2)sc(N2CCOCC2)c1"
"CHEMBL517804","Cc1cccc(/C=C2/C(=O)Nc3ccccc32)c1","Cc1cccc(/C=C2/C(=O)Nc3ccccc32)c1"
"CHEMBL10100","C1=C(c2ccc(OCc3ccccc3)cc2)N2CCCN=C2c2ccccc21","C1=C(c2ccc(OCc3ccccc3)cc2)N2CCCN=C2c2ccccc21"
"CHEMBL43582","COc1ccc(/C=C\c2cc(OC)c(OC)c(OC)c2)cc1[O-].[K+]","COc1ccc(/C=C\c2cc(OC)c(OC)c(OC)c2)cc1[O-].[K+]"
"CHEMBL44141","CS(=O)(=O)c1ccc(C2=C3c4ccccc4CCC3OC2=O)cc1","CS(=O)(=O)c1ccc(C2=C3c4ccccc4CCC3OC2=O)cc1"
"CHEMBL312992","COc1cc(/C=C\c2ccc(N(C)C)cc2)cc(OC)c1OC","COc1cc(/C=C\c2ccc(N(C)C)cc2)cc(OC)c1OC"
"CHEMBL222370","COc1ccc(/C=C2\CC(c3ccc(OCCN4CCCC4)cc3)Oc3cc(OC)ccc32)cc1","COc1ccc(/C=C2\CC(c3ccc(OCCN4CCCC4)cc3)Oc3cc(OC)ccc32)cc1"
"CHEMBL397386","COc1cc2c(cc1OC)/C(=C\c1ccc(C(=O)Nc3ccccc3)cc1)C(=O)N2","COc1cc2c(cc1OC)/C(=C\c1ccc(C(=O)Nc3ccccc3)cc1)C(=O)N2"
"CHEMBL103062","COc1ccc(/C=C(/C#N)c2cc(OC)c(OC)c(OC)c2)cc1O","COc1ccc(/C=C(/C#N)c2cc(OC)c(OC)c(OC)c2)cc1O"
"CHEMBL470459","COc1c(O)cc(/C=C/c2cc(O)cc(O)c2)cc1O","COc1c(O)cc(/C=C/c2cc(O)cc(O)c2)cc1O"
"CHEMBL502199","COc1cc(/C=C\c2ccc(OC)c(N)c2)cc(OCCO)c1.Cl","COc1cc(/C=C\c2ccc(OC)c(N)c2)cc(OCCO)c1.Cl"
"CHEMBL195143","O=C1Oc2ccccc2/C1=C\c1ccc(O)c(O)c1","O=C1Oc2ccccc2/C1=C\c1ccc(O)c(O)c1"
"CHEMBL88405","O=CN1CCN(c2ccc(/C=C3\C(=O)Nc4ccc(Br)cc43)cc2)CC1","O=CN1CCN(c2ccc(/C=C3\C(=O)Nc4ccc(Br)cc43)cc2)CC1"
"CHEMBL23698","CN(C)CCOc1ccc2c(c1)CCCC(c1ccccc1)=C2c1ccc(O)cc1","CN(C)CCOc1ccc2c(c1)CCCC(c1ccccc1)=C2c1ccc(O)cc1"
"CHEMBL65179","CC(C)Oc1ccc(C(=C(C#N)c2ccccc2)c2ccc(OC(C)C)cc2)cc1","CC(C)Oc1ccc(C(=C(C#N)c2ccccc2)c2ccc(OC(C)C)cc2)cc1"
"CHEMBL18007","O=C1/C(=C(/O)c2ccccc2)c2ccccc2C(=O)N1Cc1ccccc1","O=C1/C(=C(/O)c2ccccc2)c2ccccc2C(=O)N1Cc1ccccc1"
"CHEMBL513089","COc1ccc(/C=C\c2cc(Br)c(OC)c(OC)c2)cc1OP(=O)([O-])[O-].[Ca+2]","COc1ccc(/C=C\c2cc(Br)c(OC)c(OC)c2)cc1OP(=O)([O-])[O-].[Ca+2]"
"CHEMBL514405","[N-]=[N+]=NCc1ccc(/C=C2\C=C(CC(=O)O)c3cc(F)ccc32)cc1","[N-]=[N+]=NCc1ccc(/C=C2\C=C(CC(=O)O)c3cc(F)ccc32)cc1"
"CHEMBL401990","COc1cc([N+](=O)[O-])c(/C=C/c2cc(OC)c(OC)c(OC)c2)cc1[N+](=O)[O-]","COc1cc([N+](=O)[O-])c(/C=C/c2cc(OC)c(OC)c(OC)c2)cc1[N+](=O)[O-]"
"CHEMBL195572","CC/C(=C/c1ccc(OC)c(O)c1)c1cc(OC)c(OC)c(OC)c1","CC/C(=C/c1ccc(OC)c(O)c1)c1cc(OC)c(OC)c(OC)c1"
"CHEMBL260841","CS(=O)(=O)c1ccc(/C=C(/C(=O)OCCO[N+](=O)[O-])c2ccc(Br)cc2)cc1","CS(=O)(=O)c1ccc(/C=C(/C(=O)OCCO[N+](=O)[O-])c2ccc(Br)cc2)cc1"
"CHEMBL261651","COc1ccc(/C(=C\c2ccc(S(C)(=O)=O)cc2)C(=O)OCCN(C)/[N+]([O-])=N/OCOC(C)=O)cc1","COc1ccc(/C(=C\c2ccc(S(C)(=O)=O)cc2)C(=O)OCCN(C)/[N+]([O-])=N/OCOC(C)=O)cc1"
"CHEMBL85303","CC/C(=C(\c1ccc(CO)cc1)c1ccc(OCCN(C)C)cc1)c1ccccc1","CC/C(=C(\c1ccc(CO)cc1)c1ccc(OCCN(C)C)cc1)c1ccccc1"
"CHEMBL419924","COC[C@H]1O[C@@H](Oc2cc(/C=C/c3ccc(OC)c(OC)c3)cc(OC)c2)[C@H](OC)[C@@H](OC)[C@@H]1OC","COC[C@H]1O[C@@H](Oc2cc(/C=C/c3ccc(OC)c(OC)c3)cc(OC)c2)[C@H](OC)[C@@H](OC)[C@@H]1OC"
"CHEMBL43395","COc1cc(/C=C/c2ccc(OC)cc2O)cc(OC)c1","COc1cc(/C=C/c2ccc(OC)cc2O)cc(OC)c1"
"CHEMBL295857","O=C(NCCc1ccc(F)cc1)c1cc(/C=C\c2cc(O)ccc2O)ccc1O","O=C(NCCc1ccc(F)cc1)c1cc(/C=C\c2cc(O)ccc2O)ccc1O"
"CHEMBL426322","Oc1ccc2c(c1)OC(c1ccc(OCCN3CCCC3)cc1)C1=C2COc2cc(O)ccc21","Oc1ccc2c(c1)OC(c1ccc(OCCN3CCCC3)cc1)C1=C2COc2cc(O)ccc21"
"CHEMBL426654","O=c1cc(N2CCOCC2)oc2ccc(/C=C/c3ccc(F)cc3)cc12","O=c1cc(N2CCOCC2)oc2ccc(/C=C/c3ccc(F)cc3)cc12"
"CHEMBL373004","COc1cc(-c2ccc3c(c2)/C(=C/c2cccc(OC)c2OC)C(=O)N3)ccc1O","COc1cc(-c2ccc3c(c2)/C(=C/c2cccc(OC)c2OC)C(=O)N3)ccc1O"
"CHEMBL181043","COc1ccc(/C=C2\Cc3ccccc3/C(=C\c3ccc([N+](=O)[O-])cc3)C2=O)cc1OC","COc1ccc(/C=C2\Cc3ccccc3/C(=C\c3ccc([N+](=O)[O-])cc3)C2=O)cc1OC"
"CHEMBL465217","COC(=O)c1ccc2c(c1)NC(=O)/C2=C(\Nc1ccc(CN2CCCC2=O)cc1)c1ccccc1","COC(=O)c1ccc2c(c1)NC(=O)/C2=C(\Nc1ccc(CN2CCCC2=O)cc1)c1ccccc1"
"CHEMBL235994","CCC(=C(c1ccc(OCCN2CCOCC2)cc1)c1ccc(OCCN2CCOCC2)cc1)c1ccccc1","CCC(=C(c1ccc(OCCN2CCOCC2)cc1)c1ccc(OCCN2CCOCC2)cc1)c1ccccc1"
"CHEMBL510154","COc1cc(/C=C\c2ccc(OC)c(N)c2)cc(OCC(=O)O)c1","COc1cc(/C=C\c2ccc(OC)c(N)c2)cc(OCC(=O)O)c1"
"CHEMBL363504","CN(C)CCOc1ccc(C2=C(c3cccc([N+](=O)[O-])c3)CCOc3ccccc32)cc1","CN(C)CCOc1ccc(C2=C(c3cccc([N+](=O)[O-])c3)CCOc3ccccc32)cc1"
"CHEMBL194004","COC(=O)/C=C/c1cccc(N(Cc2ccc(/C=C/c3ccc(F)cc3)cc2)C(=O)NC(C)C)c1","COC(=O)/C=C/c1cccc(N(Cc2ccc(/C=C/c3ccc(F)cc3)cc2)C(=O)NC(C)C)c1"
"CHEMBL457569","CC1=C(CCN(C)C)c2cc(NS(=O)(=O)c3ccc4ccccc4c3)ccc2/C1=C\c1ccccc1","CC1=C(CCN(C)C)c2cc(NS(=O)(=O)c3ccc4ccccc4c3)ccc2/C1=C\c1ccccc1"
"CHEMBL360301","Oc1cccc(/C=C/c2ccccc2F)c1","Oc1cccc(/C=C/c2ccccc2F)c1"
"CHEMBL422715","CCCN1CCN(CCCCOc2ccccc2/C=C/c2ccccc2)CC1","CCCN1CCN(CCCCOc2ccccc2/C=C/c2ccccc2)CC1"
"CHEMBL156623","COc1cccc(OCCCCN2CCN(C)CC2)c1/C=C/c1ccccc1","COc1cccc(OCCCCN2CCN(C)CC2)c1/C=C/c1ccccc1"
"CHEMBL345150","Cc1ccccc1C=C1c2ccccc2C(=O)c2ccccc21","Cc1ccccc1C=C1c2ccccc2C(=O)c2ccccc21"
"CHEMBL430696","N.N.O=P(O)(O)C(F)(F)c1cccc(/C=C\c2ccc(Br)cc2)c1","N.N.O=P(O)(O)C(F)(F)c1cccc(/C=C\c2ccc(Br)cc2)c1"
"CHEMBL232960","COc1ccc(/C=C/c2cc(OC)c(CCCCCCCCCCO)c(OC)c2)cc1","COc1ccc(/C=C/c2cc(OC)c(CCCCCCCCCCO)c(OC)c2)cc1"
"CHEMBL270428","CN(C)c1ccc(/C=C/c2ccc(-c3nc4ccc(OCCF)cc4s3)cc2)cc1","CN(C)c1ccc(/C=C/c2ccc(-c3nc4ccc(OCCF)cc4s3)cc2)cc1"
"CHEMBL468110","O=C(O)c1cccc(/C=C/c2ccc(OCc3c(-c4c(Cl)cccc4Cl)noc3C3CCC3)cc2Cl)c1","O=C(O)c1cccc(/C=C/c2ccc(OCc3c(-c4c(Cl)cccc4Cl)noc3C3CCC3)cc2Cl)c1"
"CHEMBL239645","CCN(CC)/[N+]([O-])=N\OCOC(=O)/C(=C/c1ccc(S(C)(=O)=O)cc1)c1ccc(F)cc1","CCN(CC)/[N+]([O-])=N\OCOC(=O)/C(=C/c1ccc(S(C)(=O)=O)cc1)c1ccc(F)cc1"
"CHEMBL391101","NC(=O)Nc1ccc2c(c1)/C(=C(\c1cccc(N)c1)c1ccc[nH]1)C(=O)N2","NC(=O)Nc1ccc2c(c1)/C(=C(\c1cccc(N)c1)c1ccc[nH]1)C(=O)N2"
"CHEMBL290179","Nc1cc(N)c(/N=N/c2ccc(/C=C/c3ccc(/N=N/c4c(N)cc(N)cc4C(=O)[O-])cc3S(=O)(=O)[O-])c(S(=O)(=O)[O-])c2)c(C(=O)[O-])c1.[Na+].[Na+].[Na+].[Na+]","Nc1cc(N)c(/N=N/c2ccc(/C=C/c3ccc(/N=N/c4c(N)cc(N)cc4C(=O)[O-])cc3S(=O)(=O)[O-])c(S(=O)(=O)[O-])c2)c(C(=O)[O-])c1.[Na+].[Na+].[Na+].[Na+]"
"CHEMBL395311","CS(=O)(=O)c1ccc(OCc2ccc(F)cc2)c(C2=C(c3cccc(C(=O)O)c3)CCC2)c1","CS(=O)(=O)c1ccc(OCc2ccc(F)cc2)c(C2=C(c3cccc(C(=O)O)c3)CCC2)c1"
"CHEMBL237508","COc1cc2c(c(/C=C/c3cccc4ccccc34)c1C(=O)O)C(=O)c1c(O)cccc1C2=O","COc1cc2c(c(/C=C/c3cccc4ccccc34)c1C(=O)O)C(=O)c1c(O)cccc1C2=O"
"CHEMBL507741","COc1ccc(/C=C\c2ccc3c(ccn3C)c2)cc1N","COc1ccc(/C=C\c2ccc3c(ccn3C)c2)cc1N"
"CHEMBL454219","O=C1Nc2ccccc2/C1=C\c1ccc(F)cc1Cl","O=C1Nc2ccccc2/C1=C\c1ccc(F)cc1Cl"
"CHEMBL374170","COc1ccc(C2=C(c3ccc(NS(C)(=O)=O)cc3)COC2=O)cc1","COc1ccc(C2=C(c3ccc(NS(C)(=O)=O)cc3)COC2=O)cc1"
"CHEMBL92402","O=C(O)CC/C(=C/c1cccc(OCc2ccccc2)c1)c1ccccc1","O=C(O)CC/C(=C/c1cccc(OCc2ccccc2)c1)c1ccccc1"
"CHEMBL86545","CC1=C(c2ccc(O)cc2)C(CCCCCCCN)c2ccc(O)cc21","CC1=C(c2ccc(O)cc2)C(CCCCCCCN)c2ccc(O)cc21"
"CHEMBL454399","CCOc1cc(/C=C\c2ccc(OC)c(N)c2)cc(OC)c1.Cl","CCOc1cc(/C=C\c2ccc(OC)c(N)c2)cc(OC)c1.Cl"
"CHEMBL494804","COc1ccc(C2=C(c3ccccc3)C(=O)N3CCC[C@@H]3C2)cc1","COc1ccc(C2=C(c3ccccc3)C(=O)N3CCC[C@@H]3C2)cc1"
"CHEMBL315041","C#Cc1ccc(/C(=C(\CC)c2ccccc2)c2ccc(OCCN(C)C)cc2)cc1","C#Cc1ccc(/C(=C(\CC)c2ccccc2)c2ccc(OCCN(C)C)cc2)cc1"
"CHEMBL586938","O=C1C(c2ccccc2)=C(Nc2cccc(OC(F)(F)C(F)F)c2)c2ccccc21","O=C1C(c2ccccc2)=C(Nc2cccc(OC(F)(F)C(F)F)c2)c2ccccc21"
"CHEMBL57959","COc1ccc(C2=C(c3cc(OC)c(OC)c(OC)c3)C(=O)C=C2)cc1","COc1ccc(C2=C(c3cc(OC)c(OC)c(OC)c3)C(=O)C=C2)cc1"
"CHEMBL56461","Cc1cccc(/C=C/c2cc(C)c(O)c(C)c2)c1","Cc1cccc(/C=C/c2cc(C)c(O)c(C)c2)c1"
"CHEMBL263994","COc1ccc(/C=C\c2cc(OC)c(OC)c(OC)c2)cc1OP(=O)([O-])O.[Na+]","COc1ccc(/C=C\c2cc(OC)c(OC)c(OC)c2)cc1OP(=O)([O-])O.[Na+]"
"CHEMBL485643","COC(=O)c1ccc2c(c1)NC(=O)/C2=C(\NC1CCN(C)CC1)c1ccccc1","COC(=O)c1ccc2c(c1)NC(=O)/C2=C(\NC1CCN(C)CC1)c1ccccc1"
"CHEMBL111590","NS(=O)(=O)c1ccc(C2=C(c3ccc(Cl)cc3)CCC2)cc1","NS(=O)(=O)c1ccc(C2=C(c3ccc(Cl)cc3)CCC2)cc1"
"CHEMBL313529","CC1=C(c2ccc(O)cc2)C(CCCCCCN(C)C)c2ccc(O)cc21","CC1=C(c2ccc(O)cc2)C(CCCCCCN(C)C)c2ccc(O)cc21"
"CHEMBL369756","CN(C)c1c([N+](=O)[O-])cc(/C=C\c2ccc3ccccc3c2)cc1[N+](=O)[O-]","CN(C)c1c([N+](=O)[O-])cc(/C=C\c2ccc3ccccc3c2)cc1[N+](=O)[O-]"
"CHEMBL314225","NS(=O)(=O)c1ccc(C2=C(c3ccc(F)c(F)c3)CC3(CC3)C2)cc1","NS(=O)(=O)c1ccc(C2=C(c3ccc(F)c(F)c3)CC3(CC3)C2)cc1"
"CHEMBL23170","CS(=O)(=O)c1ccc(C2=C(c3ccccc3)C(=O)CC2)cc1","CS(=O)(=O)c1ccc(C2=C(c3ccccc3)C(=O)CC2)cc1"
"CHEMBL32812","CC1=CC(C)(C)Nc2ccc3c(c21)/C(=C/c1cccc(F)c1)Oc1ccccc1-3","CC1=CC(C)(C)Nc2ccc3c(c21)/C(=C/c1cccc(F)c1)Oc1ccccc1-3"
"CHEMBL468629","COc1ccc(/C(F)=C\c2cc(OC)c(OC)c(OC)c2)cc1O","COc1ccc(/C(F)=C\c2cc(OC)c(OC)c(OC)c2)cc1O"
"CHEMBL146043","CN(CCSC1=Cc2ccccc2Oc2ccccc21)CC1CC1","CN(CCSC1=Cc2ccccc2Oc2ccccc21)CC1CC1"
"CHEMBL273568","CCCCNCC(O)c1cc(/C=C/c2ccc(C(F)(F)F)cc2)cc(/C=C/c2ccc(C(F)(F)F)cc2)c1","CCCCNCC(O)c1cc(/C=C/c2ccc(C(F)(F)F)cc2)cc(/C=C/c2ccc(C(F)(F)F)cc2)c1"
"CHEMBL467765","COc1cc(/C=C\c2cc(O)c3ccoc3c2)cc(OC)c1OC","COc1cc(/C=C\c2cc(O)c3ccoc3c2)cc(OC)c1OC"
"CHEMBL383112","CN(C)CCOc1ccc(/C(=C(/CCCCl)c2ccccc2)c2ccc(O)cc2)cc1","CN(C)CCOc1ccc(/C(=C(/CCCCl)c2ccccc2)c2ccc(O)cc2)cc1"
"CHEMBL297046","COc1ccc(C2=C(c3ccc(OC)c(OC)c3)C(=O)N3CCCC3C2)cc1OC","COc1ccc(C2=C(c3ccc(OC)c(OC)c3)C(=O)N3CCCC3C2)cc1OC"
"CHEMBL369262","COc1cc(/C=C\c2ccc(F)cc2)cc(OC)c1","COc1cc(/C=C\c2ccc(F)cc2)cc(OC)c1"
"CHEMBL92841","COc1ccc(/C(=C\c2cc(OCc3ccsc3)ccc2C#N)C(=O)O)cc1","COc1ccc(/C(=C\c2cc(OCc3ccsc3)ccc2C#N)C(=O)O)cc1"
"CHEMBL317102","CN(C(=O)C1C(c2ccccc2)=C1c1ccccc1)[C@H]1CCCC[C@@H]1N1CCCC1","CN(C(=O)C1C(c2ccccc2)=C1c1ccccc1)[C@H]1CCCC[C@@H]1N1CCCC1"
"CHEMBL467060","CC(C)c1onc(CCCc2ccccc2)c1COc1ccc(/C=C/c2cccc(C(=O)O)c2)c(Cl)c1","CC(C)c1onc(CCCc2ccccc2)c1COc1ccc(/C=C/c2cccc(C(=O)O)c2)c(Cl)c1"
"CHEMBL180321","CCN(CC)c1cc(/C=C/c2ccc3ccccc3c2)ccc1OC","CCN(CC)c1cc(/C=C/c2ccc3ccccc3c2)ccc1OC"
"CHEMBL27594","COc1ccc2c(c1)OCC(c1ccc(Cl)cc1)=C2c1ccc(OCCN2CCCC2)cc1","COc1ccc2c(c1)OCC(c1ccc(Cl)cc1)=C2c1ccc(OCCN2CCCC2)cc1"
"CHEMBL459269","COc1ccc(/C=C/c2cc(OC)c(OC)c(O[Si](C)(C)C(C)(C)C)c2)cc1[N+](=O)[O-]","COc1ccc(/C=C/c2cc(OC)c(OC)c(O[Si](C)(C)C(C)(C)C)c2)cc1[N+](=O)[O-]"
"CHEMBL90760","CC1(C)CCC(C)(C)c2cc(/C=C/c3ccc(N)cc3)ccc21","CC1(C)CCC(C)(C)c2cc(/C=C/c3ccc(N)cc3)ccc21"
"CHEMBL356693","CCCCC(=C(c1ccc(O)cc1)c1ccc(O)cc1)c1ccccc1","CCCCC(=C(c1ccc(O)cc1)c1ccc(O)cc1)c1ccccc1"
"CHEMBL324797","COc1cc(C=C2c3ccccc3C(=O)c3ccccc32)ccc1O","COc1cc(C=C2c3ccccc3C(=O)c3ccccc32)ccc1O"
"CHEMBL315049","COc1ccc(/C=C(/C)c2ccc3c(c2)C(C)(C)CCC3(C)C)cc1N","COc1ccc(/C=C(/C)c2ccc3c(c2)C(C)(C)CCC3(C)C)cc1N"
"CHEMBL69829","O=C1C(c2ccccc2)=C(c2ccccc2)c2ccccc21","O=C1C(c2ccccc2)=C(c2ccccc2)c2ccccc21"
"CHEMBL325501","COc1ccc(/C=C/c2cc(O)cc(O)c2)cc1N","COc1ccc(/C=C/c2cc(O)cc(O)c2)cc1N"
"CHEMBL25228","O=C1c2ccccc2C(=O)C12C(c1ccc(O)cc1)=Cc1cc(O)ccc12","O=C1c2ccccc2C(=O)C12C(c1ccc(O)cc1)=Cc1cc(O)ccc12"
"CHEMBL69983","CC(=O)NC[C@H]1CN(c2ccc(/C=C(\Br)c3ccccc3)c(F)c2)C(=O)O1","CC(=O)NC[C@H]1CN(c2ccc(/C=C(\Br)c3ccccc3)c(F)c2)C(=O)O1"
"CHEMBL38222","CCCCC(=C(c1ccc(O)cc1)c1ccc(O)cc1)c1ccc(O)cc1","CCCCC(=C(c1ccc(O)cc1)c1ccc(O)cc1)c1ccc(O)cc1"
"CHEMBL14773","C/C(=C\c1ccccc1)c1ccccc1","C/C(=C\c1ccccc1)c1ccccc1"
"CHEMBL195609","CC1(C)CC(c2ccc(O)cc2)=C(c2ccc(O)cc2)CC1(C)C","CC1(C)CC(c2ccc(O)cc2)=C(c2ccc(O)cc2)CC1(C)C"
"CHEMBL68078","CC(=O)NC[C@H]1CN(c2ccc(/C=C(\F)c3cccc(C#N)c3)c(F)c2)C(=O)O1","CC(=O)NC[C@H]1CN(c2ccc(/C=C(\F)c3cccc(C#N)c3)c(F)c2)C(=O)O1"
"CHEMBL303042","CC(=O)NC[C@H]1CN(c2ccc(/C=C(\Br)c3cccc(C(N)=O)c3)c(F)c2)C(=O)O1","CC(=O)NC[C@H]1CN(c2ccc(/C=C(\Br)c3cccc(C(N)=O)c3)c(F)c2)C(=O)O1"
"CHEMBL56518","CN1CC(c2ccc(/C=C/c3ccccc3)cc2)CCC1=O","CN1CC(c2ccc(/C=C/c3ccccc3)cc2)CCC1=O"
"CHEMBL418455","O=C(O)c1cc(/C=C/c2ccc(/C=C/c3ccc(O)c(C(=O)O)c3)c(I)c2)ccc1O","O=C(O)c1cc(/C=C/c2ccc(/C=C/c3ccc(O)c(C(=O)O)c3)c(I)c2)ccc1O"
"CHEMBL306227","COC(=O)c1cccc(/C(Br)=C/c2ccc(N3C[C@H](CNC(C)=O)OC3=O)cc2F)c1","COC(=O)c1cccc(/C(Br)=C/c2ccc(N3C[C@H](CNC(C)=O)OC3=O)cc2F)c1"
"CHEMBL221709","O=c1cc(-c2ccc(/C=C/c3ccc(F)cc3)cc2)sc(N2CCOCC2)c1","O=c1cc(-c2ccc(/C=C/c3ccc(F)cc3)cc2)sc(N2CCOCC2)c1"
"CHEMBL6410","CC/C(=C(\c1ccc(I)cc1)c1ccc(OCCCCCCCCN2CCCC2)cc1)c1ccccc1","CC/C(=C(\c1ccc(I)cc1)c1ccc(OCCCCCCCCN2CCCC2)cc1)c1ccccc1"
"CHEMBL363534","CCCCCCCCCCCCCCCC(=O)Oc1cc(O)cc(/C=C/c2ccccc2)c1","CCCCCCCCCCCCCCCC(=O)Oc1cc(O)cc(/C=C/c2ccccc2)c1"
"CHEMBL497739","Nc1ccc2c(c1)NC(=O)/C2=C(\Nc1ccc(CN2CCCCC2)cc1)c1ccccc1","Nc1ccc2c(c1)NC(=O)/C2=C(\Nc1ccc(CN2CCCCC2)cc1)c1ccccc1"
"CHEMBL288965","CSc1ccc(C2=C(c3ccc(C(F)(F)F)cc3)C(=O)N3CCCC3C2)cc1","CSc1ccc(C2=C(c3ccc(C(F)(F)F)cc3)C(=O)N3CCCC3C2)cc1"
"CHEMBL231724","COC(=O)/C=C/c1ccc(/C=C/c2ccc(OC)c(OC)c2)cc1","COC(=O)/C=C/c1ccc(/C=C/c2ccc(OC)c(OC)c2)cc1"
"CHEMBL198476","O=c1cc(N2CCOCC2)oc2c(/C=C/c3ccccc3)cccc12","O=c1cc(N2CCOCC2)oc2c(/C=C/c3ccccc3)cccc12"
"CHEMBL347583","O=C1c2ccccc2C(=Cc2cccc(Cl)c2)c2ccccc21","O=C1c2ccccc2C(=Cc2cccc(Cl)c2)c2ccccc21"
"CHEMBL219254","CCc1cccc2c1CNc1c(cccc1CCc1ccccc1)/C=C\2COc1ccccc1F","CCc1cccc2c1CNc1c(cccc1CCc1ccccc1)/C=C\2COc1ccccc1F"
"CHEMBL420862","COc1cc(C=C2c3ccccc3C(=O)c3ccccc32)cc(OC)c1","COc1cc(C=C2c3ccccc3C(=O)c3ccccc32)cc(OC)c1"
"CHEMBL422933","CN(C)CCOc1ccc(C2=C(c3ccccc3)CCCc3cc(O)ccc32)cc1","CN(C)CCOc1ccc(C2=C(c3ccccc3)CCCc3cc(O)ccc32)cc1"
"CHEMBL103174","COc1ccc(/C=C(/CN)c2cc(OC)c(OC)c(OC)c2)cc1","COc1ccc(/C=C(/CN)c2cc(OC)c(OC)c(OC)c2)cc1"
"CHEMBL74517","CC/C(=C(/CC)c1ccc(OC)cc1)c1ccc(O)cc1","CC/C(=C(/CC)c1ccc(OC)cc1)c1ccc(O)cc1"
"CHEMBL439374","COc1ccc(/C=C/c2cc(OC)cc(OC)c2CNCc2ccco2)cc1","COc1ccc(/C=C/c2cc(OC)cc(OC)c2CNCc2ccco2)cc1"
"CHEMBL527385","COc1ccc2nccc([C@@H](O)CN3CCC(NC(=O)C(=Cc4ccc(Cl)cc4Cl)c4ccc(-c5ccccc5)cc4)CC3)c2c1","COc1ccc2nccc([C@@H](O)CN3CCC(NC(=O)C(=Cc4ccc(Cl)cc4Cl)c4ccc(-c5ccccc5)cc4)CC3)c2c1"
"CHEMBL75275","O=C1Nc2ccccc2/C1=C/c1cc(Br)c(O)c(Br)c1","O=C1Nc2ccccc2/C1=C/c1cc(Br)c(O)c(Br)c1"
"CHEMBL119260","COc1cc(/C=C\c2ccc(O)c(O)c2)cc(OC)c1","COc1cc(/C=C\c2ccc(O)c(O)c2)cc(OC)c1"
"CHEMBL88464","CN1CCN(C2=Cc3cc(Cl)ccc3Oc3ccccc32)CC1","CN1CCN(C2=Cc3cc(Cl)ccc3Oc3ccccc32)CC1"
"CHEMBL63443","COc1cc(/C=C/c2cc(OC)c(OC)cc2OC)cc(OC)c1","COc1cc(/C=C/c2cc(OC)c(OC)cc2OC)cc(OC)c1"
"CHEMBL90502","CC1=C(c2ccc(O)cc2)C(CCCCCCN)c2ccc(O)cc21","CC1=C(c2ccc(O)cc2)C(CCCCCCN)c2ccc(O)cc21"
"CHEMBL38266","CCCC(=C(c1ccc(O)cc1)c1ccc(O)cc1)c1ccc(O)cc1","CCCC(=C(c1ccc(O)cc1)c1ccc(O)cc1)c1ccc(O)cc1"
"CHEMBL327861","COc1cccc(/C(=C\c2cc(OCc3ccsc3)ccc2C#N)C(=O)O)c1","COc1cccc(/C(=C\c2cc(OCc3ccsc3)ccc2C#N)C(=O)O)c1"
"CHEMBL321643","COc1c(Cl)cc(C2=C(c3ccc(S(N)(=O)=O)cc3)CCC2)cc1Cl","COc1c(Cl)cc(C2=C(c3ccc(S(N)(=O)=O)cc3)CCC2)cc1Cl"
"CHEMBL493948","COc1ccc(/C=C/c2cc(F)c(F)c(F)c2)c(N)c1","COc1ccc(/C=C/c2cc(F)c(F)c(F)c2)c(N)c1"
"CHEMBL464382","COc1ccc(/C=C\c2cc(O)c(OC)c(OC)c2)cc1O","COc1ccc(/C=C\c2cc(O)c(OC)c(OC)c2)cc1O"
"CHEMBL69476","CCC1=C(c2ccccc2)C(=O)c2cc(O)ccc21","CCC1=C(c2ccccc2)C(=O)c2cc(O)ccc21"
"CHEMBL195624","Oc1ccc(/C=C/c2ccccc2)cc1","Oc1ccc(/C=C/c2ccccc2)cc1"
"CHEMBL359858","FC(F)(F)c1ccc(/C=C/c2ccc3ccccc3c2)cc1","FC(F)(F)c1ccc(/C=C/c2ccc3ccccc3c2)cc1"
"CHEMBL489688","COc1ccc(/C=C(/c2cccc(C(F)(F)F)c2)C(F)(F)F)cc1OC","COc1ccc(/C=C(/c2cccc(C(F)(F)F)c2)C(F)(F)F)cc1OC"
"CHEMBL433107","Cc1cc(C)cc(COCC(N)C2c3ccccc3C=Cc3ccccc32)c1","Cc1cc(C)cc(COCC(N)C2c3ccccc3C=Cc3ccccc32)c1"
"CHEMBL204970","CN(C)CCOc1ccc(/C(=C(/CCC#N)c2ccccc2)c2ccc(O)cc2)cc1","CN(C)CCOc1ccc(/C(=C(/CCC#N)c2ccccc2)c2ccc(O)cc2)cc1"
"CHEMBL471627","Oc1cccc(C2=C(c3ccc(OCCN4CCCC4)cc3)c3ccc(F)cc3OCC2)c1","Oc1cccc(C2=C(c3ccc(OCCN4CCCC4)cc3)c3ccc(F)cc3OCC2)c1"
"CHEMBL428370","O=C(O)c1cccc(C2=C(c3cc(Br)ccc3OCc3ccc(Cl)cc3)CCC2)c1","O=C(O)c1cccc(C2=C(c3cc(Br)ccc3OCc3ccc(Cl)cc3)CCC2)c1"
"CHEMBL105255","CN(C)c1ccc(/C=C2\C(=O)Nc3ccc(C(=O)c4cccs4)cc32)cc1","CN(C)c1ccc(/C=C2\C(=O)Nc3ccc(C(=O)c4cccs4)cc32)cc1"
"CHEMBL524453","COC(=O)c1ccc2c(c1)NC(=O)/C2=C(\Nc1ccc(N(C)C(=O)Cn2ccnc2)cc1)c1ccccc1","COC(=O)c1ccc2c(c1)NC(=O)/C2=C(\Nc1ccc(N(C)C(=O)Cn2ccnc2)cc1)c1ccccc1"
"CHEMBL467906","CC(C)c1onc([C@H]2C[C@@H]2c2c(Cl)cccc2Cl)c1COc1ccc(/C=C/c2cccc(C(=O)O)c2)c(Cl)c1","CC(C)c1onc([C@H]2C[C@@H]2c2c(Cl)cccc2Cl)c1COc1ccc(/C=C/c2cccc(C(=O)O)c2)c(Cl)c1"
"CHEMBL372842","CC1(C)C=Cc2cccc(/C=C(/C#N)c3ccc(O)cc3)c2O1","CC1(C)C=Cc2cccc(/C=C(/C#N)c3ccc(O)cc3)c2O1"
"CHEMBL90988","CS(=O)(=O)c1ccc(C2=C(c3ccccc3)C(=O)C23CCCC3)cc1","CS(=O)(=O)c1ccc(C2=C(c3ccccc3)C(=O)C23CCCC3)cc1"
"CHEMBL177594","CN(O)C(=O)/C(=C/c1ccc2ccccc2c1)c1ccc(Cl)cc1","CN(O)C(=O)/C(=C/c1ccc2ccccc2c1)c1ccc(Cl)cc1"
"CHEMBL328600","N#Cc1ccc(OCc2ccsc2)cc1/C=C(/C(=O)O)c1ccccc1","N#Cc1ccc(OCc2ccsc2)cc1/C=C(/C(=O)O)c1ccccc1"
"CHEMBL217336","COc1ccc(/C=C\c2cc(OC)c(OC)cc2N)cc1","COc1ccc(/C=C\c2cc(OC)c(OC)cc2N)cc1"
"CHEMBL488746","O=C1/C(=C/c2cccc(Oc3ccccc3)c2)c2ccccc2N1c1c(Cl)cccc1Cl","O=C1/C(=C/c2cccc(Oc3ccccc3)c2)c2ccccc2N1c1c(Cl)cccc1Cl"
"CHEMBL491080","C/C(=C\c1ccc(O)cc1)c1cc(O)cc(O)c1","C/C(=C\c1ccc(O)cc1)c1cc(O)cc(O)c1"
"CHEMBL171335","NS(=O)(=O)c1ccc(C2=C(c3ccc(F)cc3)CC3(CCC3)C2)cc1","NS(=O)(=O)c1ccc(C2=C(c3ccc(F)cc3)CC3(CCC3)C2)cc1"
"CHEMBL312650","Cc1ccc(C2=Cc3ccccc3C3=NCCN23)cc1","Cc1ccc(C2=Cc3ccccc3C3=NCCN23)cc1"
"CHEMBL80888","CC(C)c1ccc(C2=Cc3ccccc3C3=NCCN23)cc1","CC(C)c1ccc(C2=Cc3ccccc3C3=NCCN23)cc1"
"CHEMBL218802","CCc1cccc2c1CNc1c(cccc1CCc1ccccc1)/C=C\2COc1ccc(C(=O)OC)cc1","CCc1cccc2c1CNc1c(cccc1CCc1ccccc1)/C=C\2COc1ccc(C(=O)OC)cc1"
"CHEMBL104767","COc1cc(CCc2ccc(C3=Cc4ccccc4C4=NC(C)(C)CN34)cc2)cc(OC)c1OC","COc1cc(CCc2ccc(C3=Cc4ccccc4C4=NC(C)(C)CN34)cc2)cc(OC)c1OC"
"CHEMBL330317","Oc1ccc2c(c1)CC(c1ccccc1F)=C2c1ccccc1","Oc1ccc2c(c1)CC(c1ccccc1F)=C2c1ccccc1"
"CHEMBL231774","COc1ccc(/C=C/c2cc(OC)c(CCCCCCCCCCCCCCO)c(OC)c2)cc1","COc1ccc(/C=C/c2cc(OC)c(CCCCCCCCCCCCCCO)c(OC)c2)cc1"
"CHEMBL188660","COc1ccc(/C=C\c2cc(OC)c(OC)c(OC)c2)cc1OC(=O)CCCc1ccc(N(CCCl)CCCl)cc1","COc1ccc(/C=C\c2cc(OC)c(OC)c(OC)c2)cc1OC(=O)CCCc1ccc(N(CCCl)CCCl)cc1"
"CHEMBL100687","C(=C/c1cc(OCc2ccccc2)cc(OCc2ccccc2)c1)\c1ccccc1","C(=C/c1cc(OCc2ccccc2)cc(OCc2ccccc2)c1)\c1ccccc1"
"CHEMBL63960","COc1cc(/C=C/c2cc(OC)ccc2OC)cc(OC)c1","COc1cc(/C=C/c2cc(OC)ccc2OC)cc(OC)c1"
"CHEMBL288049","CCCCCCCCN(C)C(=O)/C=C/c1ccc(/C(=C(/CC)c2ccccc2)c2ccccc2)cc1","CCCCCCCCN(C)C(=O)/C=C/c1ccc(/C(=C(/CC)c2ccccc2)c2ccccc2)cc1"
"CHEMBL353419","COc1cc2c(cc1OC)C1=C(c3cccc(Br)c3)C(=O)C(=O)N1CC2","COc1cc2c(cc1OC)C1=C(c3cccc(Br)c3)C(=O)C(=O)N1CC2"
"CHEMBL330543","Cc1ccccc1/C(=C\c1cc(OCc2ccsc2)ccc1Br)CO","Cc1ccccc1/C(=C\c1cc(OCc2ccsc2)ccc1Br)CO"
"CHEMBL11052","CCC(=C(c1ccccc1)c1ccccc1)c1ccc(OC(C)=O)cc1","CCC(=C(c1ccccc1)c1ccccc1)c1ccc(OC(C)=O)cc1"
"CHEMBL365615","CCCCCCC/C(=C\c1ccccc1)c1ccc(S(C)(=O)=O)cc1","CCCCCCC/C(=C\c1ccccc1)c1ccc(S(C)(=O)=O)cc1"
"CHEMBL132256","CC1=CC(C)(C)Nc2ccc3c(c21)/C(=C/c1ccccc1Cl)Oc1ccc(F)cc1-3","CC1=CC(C)(C)Nc2ccc3c(c21)/C(=C/c1ccccc1Cl)Oc1ccc(F)cc1-3"
"CHEMBL466831","CC[C@@H](C)c1onc(-c2c(Cl)cccc2Cl)c1COc1ccc(/C=C/c2cccc(C(=O)O)c2)c(Cl)c1","CC[C@@H](C)c1onc(-c2c(Cl)cccc2Cl)c1COc1ccc(/C=C/c2cccc(C(=O)O)c2)c(Cl)c1"
"CHEMBL427354","CN(C)CCC1=C/C(=C\c2ccccc2)c2ccccc21","CN(C)CCC1=C/C(=C\c2ccccc2)c2ccccc21"
"CHEMBL112385","COc1ccc(C=C2c3ccccc3C(=O)c3ccccc32)cc1","COc1ccc(C=C2c3ccccc3C(=O)c3ccccc32)cc1"
"CHEMBL86945","COc1ccc(/C=C2\C(=O)Nc3ccccc32)cc1C(C)(C)C","COc1ccc(/C=C2\C(=O)Nc3ccccc32)cc1C(C)(C)C"
"CHEMBL468580","COc1ccc(/C(F)=C(/F)c2cc(OC)c(OC)c(OC)c2)cc1O","COc1ccc(/C(F)=C(/F)c2cc(OC)c(OC)c(OC)c2)cc1O"
"CHEMBL193020","O=C(O)/C=C/c1cccc(N(Cc2ccc(/C=C/c3ccccc3)cc2)C(=O)C2CCCCC2)c1","O=C(O)/C=C/c1cccc(N(Cc2ccc(/C=C/c3ccccc3)cc2)C(=O)C2CCCCC2)c1"
"CHEMBL328146","CS(=O)(=O)c1ccc(C2=C(c3ccc(F)cc3)CC3(CCCCC3)C2)cc1","CS(=O)(=O)c1ccc(C2=C(c3ccc(F)cc3)CC3(CCCCC3)C2)cc1"
"CHEMBL276306","CCC1=C(c2ccc(O)cc2)c2ccc(OCC(O)CO)cc2Oc2ccccc21","CCC1=C(c2ccc(O)cc2)c2ccc(OCC(O)CO)cc2Oc2ccccc21"
"CHEMBL75078","COc1cc(/C=C\c2ccc(C(C)(C)C)cc2)cc(OC)c1OC","COc1cc(/C=C\c2ccc(C(C)(C)C)cc2)cc(OC)c1OC"
"CHEMBL524647","CC(C)NC(=O)c1ccc2c(c1)NC(=O)/C2=C(\Nc1ccc(CN2CCCCC2)cc1)c1ccccc1","CC(C)NC(=O)c1ccc2c(c1)NC(=O)/C2=C(\Nc1ccc(CN2CCCCC2)cc1)c1ccccc1"
"CHEMBL88180","C/C(=C\c1cccc(C(=O)O)c1)c1ccc2c(c1)C(C)(C)CCC2(C)C","C/C(=C\c1cccc(C(=O)O)c1)c1ccc2c(c1)C(C)(C)CCC2(C)C"
"CHEMBL45189","CSc1ccc(C2=C(c3ccc(O)cc3)C(=O)N3CCCC3C2)cc1","CSc1ccc(C2=C(c3ccc(O)cc3)C(=O)N3CCCC3C2)cc1"
"CHEMBL368776","FC(F)(F)C(=C(c1ccccc1)c1ccccc1)c1ccccc1","FC(F)(F)C(=C(c1ccccc1)c1ccccc1)c1ccccc1"
"CHEMBL148185","CNCCSC1=Cc2ccccc2Oc2ccc(Cl)cc21","CNCCSC1=Cc2ccccc2Oc2ccc(Cl)cc21"
"CHEMBL11283","CC/C(=C(\Cc1ccccc1)c1ccccc1)c1ccc(OCN2CCCCC2)cc1","CC/C(=C(\Cc1ccccc1)c1ccccc1)c1ccc(OCN2CCCCC2)cc1"
"CHEMBL192503","CS(=O)(=O)c1ccc(/C(COC(=O)[C@@H](N)CCCN=C(N)N)=C(/C(=O)O)c2ccc(F)c(F)c2)cc1","CS(=O)(=O)c1ccc(/C(COC(=O)[C@@H](N)CCCN=C(N)N)=C(/C(=O)O)c2ccc(F)c(F)c2)cc1"
"CHEMBL78314","C1=C(c2ccc(C3CCCC3)cc2)N2CCN=C2c2ccccc21","C1=C(c2ccc(C3CCCC3)cc2)N2CCN=C2c2ccccc21"
"CHEMBL190553","COC(=O)/C=C/c1cccc(N(Cc2ccc(/C=C/c3c(C)cc(C)cc3C)cc2)C(=O)C(C)C)c1","COC(=O)/C=C/c1cccc(N(Cc2ccc(/C=C/c3c(C)cc(C)cc3C)cc2)C(=O)C(C)C)c1"
"CHEMBL342484","Fc1ccc(/C=C(\CCN2CCN(c3ncccn3)CC2)c2ccc(F)cc2)cc1","Fc1ccc(/C=C(\CCN2CCN(c3ncccn3)CC2)c2ccc(F)cc2)cc1"
"CHEMBL497949","NC(=O)c1ccc2c(c1)NC(=O)/C2=C(\Nc1ccc(CN2CCCCC2)cc1)c1ccccc1","NC(=O)c1ccc2c(c1)NC(=O)/C2=C(\Nc1ccc(CN2CCCCC2)cc1)c1ccccc1"
"CHEMBL462056","COc1cc(/C=C\c2cc(O)c3ccoc3c2)cc(OC)c1","COc1cc(/C=C\c2cc(O)c3ccoc3c2)cc(OC)c1"
"CHEMBL88870","CC(C)=C1c2ccccc2C=C(N2CCN(C)CC2)c2ccccc21","CC(C)=C1c2ccccc2C=C(N2CCN(C)CC2)c2ccccc21"
"CHEMBL497475","O=C(O)c1cn(CCO)c2ccc(/C=C/c3ccccc3)cc2c1=O","O=C(O)c1cn(CCO)c2ccc(/C=C/c3ccccc3)cc2c1=O"
"CHEMBL278392","CS(=O)(=O)c1ccc(C2=C(c3cc(Cl)c(Cl)c(Cl)c3)C(=O)CC2)cc1","CS(=O)(=O)c1ccc(C2=C(c3cc(Cl)c(Cl)c(Cl)c3)C(=O)CC2)cc1"
"CHEMBL318280","CCc1onc(Cc2c(Cl)cccc2Cl)c1COc1ccc(/C=C/c2cccc(C(=O)O)c2)c(Cl)c1","CCc1onc(Cc2c(Cl)cccc2Cl)c1COc1ccc(/C=C/c2cccc(C(=O)O)c2)c(Cl)c1"
"CHEMBL174161","CN(O)C(=O)C(=C(c1ccccc1)c1ccccc1)c1ccccc1","CN(O)C(=O)C(=C(c1ccccc1)c1ccccc1)c1ccccc1"
"CHEMBL29685","CC/C(=C(/c1ccc(OC(C)=O)cc1)c1ccc(OC(C)=O)c(OC(C)=O)c1)c1ccccc1","CC/C(=C(/c1ccc(OC(C)=O)cc1)c1ccc(OC(C)=O)c(OC(C)=O)c1)c1ccccc1"
"CHEMBL92092","N#Cc1ccc(OCc2ccsc2)cc1/C=C(/C(N)=O)c1ccccc1","N#Cc1ccc(OCc2ccsc2)cc1/C=C(/C(N)=O)c1ccccc1"
"CHEMBL80179","CC1CCCCN1Cc1ccc(C2=Cc3ccccc3C3=NCCN23)cc1","CC1CCCCN1Cc1ccc(C2=Cc3ccccc3C3=NCCN23)cc1"
"CHEMBL431400","FC(F)(F)c1cccc(C2=Cc3ccccc3C3=NCCN23)c1","FC(F)(F)c1cccc(C2=Cc3ccccc3C3=NCCN23)c1"
"CHEMBL11039","CC/C(=C(\Cc1ccccc1)c1ccc(OCN2CCOCC2)cc1)c1ccccc1","CC/C(=C(\Cc1ccccc1)c1ccc(OCN2CCOCC2)cc1)c1ccccc1"
"CHEMBL86837","O=C1Nc2ccccc2/C1=C/c1ccc(Br)cc1","O=C1Nc2ccccc2/C1=C/c1ccc(Br)cc1"
"CHEMBL306290","CCC1=C(c2ccc(O)cc2)[C@H](C)c2cc(O)ccc21","CCC1=C(c2ccc(O)cc2)[C@H](C)c2cc(O)ccc21"
"CHEMBL29729","CC/C(=C(/c1ccccc1)c1ccc(OC(C)=O)cc1)c1ccc(OC(C)=O)c(OC(C)=O)c1","CC/C(=C(/c1ccccc1)c1ccc(OC(C)=O)cc1)c1ccc(OC(C)=O)c(OC(C)=O)c1"
"CHEMBL299556","CC1C(c2ccccc2)=C(c2ccccc2)c2ccc(O)cc21","CC1C(c2ccccc2)=C(c2ccccc2)c2ccc(O)cc21"
"CHEMBL51591","Oc1ccc(C2=C(c3ccccc3C(F)(F)F)Cc3cc(O)ccc32)cc1","Oc1ccc(C2=C(c3ccccc3C(F)(F)F)Cc3cc(O)ccc32)cc1"
"CHEMBL303146","CC(=O)NC[C@H]1CN(c2ccc(/C=C(\Br)c3cccc(NC(C)=O)c3)c(F)c2)C(=O)O1","CC(=O)NC[C@H]1CN(c2ccc(/C=C(\Br)c3cccc(NC(C)=O)c3)c(F)c2)C(=O)O1"
"CHEMBL201986","O=C1Nc2ccccc2/C1=C/c1ccc([N+](=O)[O-])cc1","O=C1Nc2ccccc2/C1=C/c1ccc([N+](=O)[O-])cc1"
"CHEMBL276862","CC/C(=C(/c1ccc(OC(C)=O)cc1)c1cccc(OC(C)=O)c1)c1cccc(OC(C)=O)c1","CC/C(=C(/c1ccc(OC(C)=O)cc1)c1cccc(OC(C)=O)c1)c1cccc(OC(C)=O)c1"
"CHEMBL49011","CS(=O)(=O)c1ccc(C2=C(c3ccc(F)cc3)C(=O)N(c3ccc(C(F)(F)F)cc3)C2)cc1","CS(=O)(=O)c1ccc(C2=C(c3ccc(F)cc3)C(=O)N(c3ccc(C(F)(F)F)cc3)C2)cc1"
"CHEMBL28550","Oc1ccc(/C(CC(F)(F)F)=C(\CC(F)(F)F)c2ccc(O)cc2)cc1","Oc1ccc(/C(CC(F)(F)F)=C(\CC(F)(F)F)c2ccc(O)cc2)cc1"
"CHEMBL10063","CC(C)(C)c1ccc(C2=C(Cc3ccccc3)c3ccccc3C3=NCCCN32)cc1","CC(C)(C)c1ccc(C2=C(Cc3ccccc3)c3ccccc3C3=NCCCN32)cc1"
"CHEMBL196387","CN(C)c1ccc(/C=C/c2ccc(OCC(CO)Cc3ccc(Br)cc3)cc2)cc1","CN(C)c1ccc(/C=C/c2ccc(OCC(CO)Cc3ccc(Br)cc3)cc2)cc1"
"CHEMBL23639","CN(C)CCOc1ccc2c(c1)CCCC(c1ccccc1)=C2c1ccccc1","CN(C)CCOc1ccc2c(c1)CCCC(c1ccccc1)=C2c1ccccc1"
"CHEMBL74267","COC(=O)/C(=C/c1cccc(OC)c1)c1cc(OC)c(OC)c(OC)c1","COC(=O)/C(=C/c1cccc(OC)c1)c1cc(OC)c(OC)c(OC)c1"
"CHEMBL441739","COc1ccc(/C=C(/C#N)c2cc(OC)c(OC)c(OC)c2)cc1[N+](=O)[O-]","COc1ccc(/C=C(/C#N)c2cc(OC)c(OC)c(OC)c2)cc1[N+](=O)[O-]"
"CHEMBL193207","COc1ccc2c(c1)C(Br)=C(c1ccc(O)cc1)C2=O","COc1ccc2c(c1)C(Br)=C(c1ccc(O)cc1)C2=O"
"CHEMBL209530","O=C1CCC2(Cc3ccc(Cl)cc3)Cc3cc(O)ccc3C2=C1c1ccc(OCCN2CCCCC2)cc1","O=C1CCC2(Cc3ccc(Cl)cc3)Cc3cc(O)ccc3C2=C1c1ccc(OCCN2CCCCC2)cc1"
"CHEMBL272011","Cc1cccc(/C=C/c2ccc3nc(NC4CCN(C)CC4)n(Cc4nc(C)ccc4O)c3c2)c1","Cc1cccc(/C=C/c2ccc3nc(NC4CCN(C)CC4)n(Cc4nc(C)ccc4O)c3c2)c1"
"CHEMBL118754","C/C(=C\c1ccc(C(=O)O)cc1)c1ccc2c(c1)C(C)(C)CS2","C/C(=C\c1ccc(C(=O)O)cc1)c1ccc2c(c1)C(C)(C)CS2"
"CHEMBL183345","CCCCCS(=O)(=O)CCCCCCCCCC/C(=C(/CC)c1ccc(O)cc1)c1cccc(O)c1","CCCCCS(=O)(=O)CCCCCCCCCC/C(=C(/CC)c1ccc(O)cc1)c1cccc(O)c1"
"CHEMBL301582","COc1ccc(C2=C(c3ccc(S(C)(=O)=O)cc3)CN(c3cccc(F)c3)C2=O)cc1","COc1ccc(C2=C(c3ccc(S(C)(=O)=O)cc3)CN(c3cccc(F)c3)C2=O)cc1"
"CHEMBL267837","NS(=O)(=O)c1ccc2c(c1)/C(=C(\c1ccccc1)c1ccc[nH]1)C(=O)N2","NS(=O)(=O)c1ccc2c(c1)/C(=C(\c1ccccc1)c1ccc[nH]1)C(=O)N2"
"CHEMBL515341","COc1ccc2c(c1)NC(=O)/C2=C/c1ccc(OC)c(O)c1","COc1ccc2c(c1)NC(=O)/C2=C/c1ccc(OC)c(O)c1"
"CHEMBL470993","Oc1ccc(C2=C(c3ccc(OCCN4CCC4)cc3)c3ccccc3OCC2)cc1","Oc1ccc(C2=C(c3ccc(OCCN4CCC4)cc3)c3ccccc3OCC2)cc1"
"CHEMBL22125","CCOC(=O)c1ccc(/C=C(\C)c2ccc3c(c2)C(C)(C)CCO3)cc1","CCOC(=O)c1ccc(/C=C(\C)c2ccc3c(c2)C(C)(C)CCO3)cc1"
"CHEMBL246275","COc1cc2c(cc1OC)/C(=C\c1ccc(NC(=O)Nc3ccncc3)cc1)C(=O)N2","COc1cc2c(cc1OC)/C(=C\c1ccc(NC(=O)Nc3ccncc3)cc1)C(=O)N2"
"CHEMBL355755","O=C(CCN1CCN(c2ccc(F)cc2)CC1)NC1c2ccccc2C=Cc2ccccc21","O=C(CCN1CCN(c2ccc(F)cc2)CC1)NC1c2ccccc2C=Cc2ccccc21"
"CHEMBL204697","CN(C)CCOc1ccc(/C(=C(/CCCC#N)c2ccccc2)c2ccc(O)cc2)cc1","CN(C)CCOc1ccc(/C(=C(/CCCC#N)c2ccccc2)c2ccc(O)cc2)cc1"
"CHEMBL146449","COc1ccc(/C(C)=C/c2ccc(C(=O)O)cc2)cc1C12CC3CC(CC(C3)C1)C2","COc1ccc(/C(C)=C/c2ccc(C(=O)O)cc2)cc1C12CC3CC(CC(C3)C1)C2"
"CHEMBL508442","CC(=O)OC[C@H]1O[C@@H](N2C(=O)/C(=C3/C(=O)Nc4ccc(Br)cc43)c3ccccc32)[C@H](OC(C)=O)[C@@H](OC(C)=O)[C@@H]1OC(C)=O","CC(=O)OC[C@H]1O[C@@H](N2C(=O)/C(=C3/C(=O)Nc4ccc(Br)cc43)c3ccccc32)[C@H](OC(C)=O)[C@@H](OC(C)=O)[C@@H]1OC(C)=O"
"CHEMBL129017","CN1C(=O)CC[C@]2(C)c3ccc(/C=C\c4ccccc4)cc3CC[C@@H]12","CN1C(=O)CC[C@]2(C)c3ccc(/C=C\c4ccccc4)cc3CC[C@@H]12"
"CHEMBL60060","COc1ccc(/C=C2/C(=O)N(C)c3ccc([N+](=O)[O-])cc32)cc1OC1CC2CCC1C2","COc1ccc(/C=C2/C(=O)N(C)c3ccc([N+](=O)[O-])cc32)cc1OC1CC2CCC1C2"
"CHEMBL329755","COC(=O)C1(C(=O)N(C)[C@H]2CCCC[C@@H]2N2CCCC2)C(c2ccccc2)=C1c1ccccc1","COC(=O)C1(C(=O)N(C)[C@H]2CCCC[C@@H]2N2CCCC2)C(c2ccccc2)=C1c1ccccc1"
"CHEMBL317435","N=C(N)NCCN1c2ccccc2C=Cc2ccccc21","N=C(N)NCCN1c2ccccc2C=Cc2ccccc21"
"CHEMBL88649","NS(=O)(=O)c1ccc(C2=C(c3ccc(OC(F)(F)F)cc3)CC3(CC3)C2)cc1","NS(=O)(=O)c1ccc(C2=C(c3ccc(OC(F)(F)F)cc3)CC3(CC3)C2)cc1"
"CHEMBL303224","CCC1=C(c2ccccc2)Cc2cc(O)ccc21","CCC1=C(c2ccccc2)Cc2cc(O)ccc21"
"CHEMBL340874","O=C1Nc2ccccc2/C1=C\c1c(Cl)cccc1Cl","O=C1Nc2ccccc2/C1=C\c1c(Cl)cccc1Cl"
"CHEMBL434922","COc1cccc(N2CCN(CCCC(=O)NC3c4ccccc4C=Cc4ccccc43)CC2)c1","COc1cccc(N2CCN(CCCC(=O)NC3c4ccccc4C=Cc4ccccc43)CC2)c1"
"CHEMBL56516","O=S(=O)(Nc1ccc2c(/C=C/c3ccc4ccccc4c3)cccc2c1)C(F)(F)F","O=S(=O)(Nc1ccc2c(/C=C/c3ccc4ccccc4c3)cccc2c1)C(F)(F)F"
"CHEMBL68329","CCC1=C(c2ccc(O)cc2)C(=O)c2ccccc21","CCC1=C(c2ccc(O)cc2)C(=O)c2ccccc21"
"CHEMBL345022","C/C(=C\c1ccc(C(=O)O)cc1)c1ccc(O)c(C2(C)CCCCC2)c1","C/C(=C\c1ccc(C(=O)O)cc1)c1ccc(O)c(C2(C)CCCCC2)c1"
"CHEMBL321797","O=C1Nc2ccccc2/C1=C\c1ccc(N2CCOCC2)cc1","O=C1Nc2ccccc2/C1=C\c1ccc(N2CCOCC2)cc1"
"CHEMBL150295","O=P(O)(O)C(F)(F)c1ccc(/C=C/c2ccccc2)cc1","O=P(O)(O)C(F)(F)c1ccc(/C=C/c2ccccc2)cc1"
"CHEMBL21889","CCOC(=O)c1ccc(/C=C(\C)c2ccc3c(c2)C(C)(C)CCS3)cc1","CCOC(=O)c1ccc(/C=C(\C)c2ccc3c(c2)C(C)(C)CCS3)cc1"
"CHEMBL390232","COc1ccccc1/C=C/c1ccccc1OC","COc1ccccc1/C=C/c1ccccc1OC"
"CHEMBL467407","C=C(C)[C@H]1CC[C@H](C)C[C@@H]1c1c(O)cc(/C=C/c2ccccc2O)cc1O","C=C(C)[C@H]1CC[C@H](C)C[C@@H]1c1c(O)cc(/C=C/c2ccccc2O)cc1O"
"CHEMBL451490","COc1cc(/C=C/c2ccc3c(ccn3C)c2)cc(OC)c1OC","COc1cc(/C=C/c2ccc3c(ccn3C)c2)cc(OC)c1OC"
"CHEMBL474730","COc1ccc(/C(=C/c2cc(OC)cc(OC)c2)C(F)(F)F)cc1","COc1ccc(/C(=C/c2cc(OC)cc(OC)c2)C(F)(F)F)cc1"
"CHEMBL473924","Oc1ccc(/C=C/c2ccc(F)cc2)cc1O","Oc1ccc(/C=C/c2ccc(F)cc2)cc1O"
"CHEMBL111787","NS(=O)(=O)c1ccc(C2=C(c3ccc(F)c(F)c3)CCC2)cc1","NS(=O)(=O)c1ccc(C2=C(c3ccc(F)c(F)c3)CCC2)cc1"
"CHEMBL353485","CC/C(=C(\c1ccc(I)cc1)c1ccc(OCCN2CCCC2)cc1)c1ccc(N)cc1","CC/C(=C(\c1ccc(I)cc1)c1ccc(OCCN2CCCC2)cc1)c1ccc(N)cc1"
"CHEMBL274392","CCOc1ccc(CC2=C(c3ccc(CCc4ccccc4)cc3)N3CCCN=C3c3ccccc32)cc1","CCOc1ccc(CC2=C(c3ccc(CCc4ccccc4)cc3)N3CCCN=C3c3ccccc32)cc1"
"CHEMBL227918","O=C1OC(O)C(c2ccc3ccccc3c2)=C1c1ccc2ccccc2c1","O=C1OC(O)C(c2ccc3ccccc3c2)=C1c1ccc2ccccc2c1"
"CHEMBL449709","[O-][n+]1onc2cc(/C=C\c3ccc(Cl)cc3)ccc21","[O-][n+]1onc2cc(/C=C\c3ccc(Cl)cc3)ccc21"
"CHEMBL102519","CC(C)c1cc(/C=C2/C(=O)Nc3ccccc32)cc(C(C)C)c1O","CC(C)c1cc(/C=C2/C(=O)Nc3ccccc32)cc(C(C)C)c1O"
"CHEMBL504510","O=C(O)CCCCCOc1ccc(/C=C/c2cc(O)cc(O)c2)cc1","O=C(O)CCCCCOc1ccc(/C=C/c2cc(O)cc(O)c2)cc1"
"CHEMBL316965","OCC/C(=C(\c1ccccc1)c1ccc(O)cc1)c1ccccc1","OCC/C(=C(\c1ccccc1)c1ccc(O)cc1)c1ccccc1"
"CHEMBL175104","CCOC(=O)c1ccc(/C=C(\C)c2ccc3c(c2)CCCC3)cc1","CCOC(=O)c1ccc(/C=C(\C)c2ccc3c(c2)CCCC3)cc1"
"CHEMBL175660","COc1cc(/C=C/c2ccc3ccccc3c2)cc(N)c1OC","COc1cc(/C=C/c2ccc3ccccc3c2)cc(N)c1OC"
"CHEMBL176943","CN(C)c1c([N+](=O)[O-])cc(/C=C/c2ccc3ccccc3c2)cc1[N+](=O)[O-]","CN(C)c1c([N+](=O)[O-])cc(/C=C/c2ccc3ccccc3c2)cc1[N+](=O)[O-]"
"CHEMBL175526","CCCCOc1ccc(/C=C/c2cc(OC)cc(OC)c2)cc1","CCCCOc1ccc(/C=C/c2cc(OC)cc(OC)c2)cc1"
"CHEMBL315546","O=CN1CCN(c2ccc(/C=C3\C(=O)Nc4ccccc43)cc2)CC1","O=CN1CCN(c2ccc(/C=C3\C(=O)Nc4ccccc43)cc2)CC1"
"CHEMBL180629","COc1cc(/C=C2/C(=O)/C(=C/c3ccc([N+](=O)[O-])cc3)c3ccccc32)cc(OC)c1OC","COc1cc(/C=C2/C(=O)/C(=C/c3ccc([N+](=O)[O-])cc3)c3ccccc32)cc(OC)c1OC"
"CHEMBL361413","Clc1ccc(/C=C\c2cc(Cl)cc(Cl)c2)cc1","Clc1ccc(/C=C\c2cc(Cl)cc(Cl)c2)cc1"
"CHEMBL477731","COc1cccc(/C=C/c2ccc(O[Si](C)(C)C(C)(C)C)cc2)c1","COc1cccc(/C=C/c2ccc(O[Si](C)(C)C(C)(C)C)cc2)c1"
"CHEMBL166400","Cc1cccc(C2=C(c3ccc(S(C)(=O)=O)cc3)OC3(CCCCC3)C2=O)c1","Cc1cccc(C2=C(c3ccc(S(C)(=O)=O)cc3)OC3(CCCCC3)C2=O)c1"
"CHEMBL80605","CCN(CC)Cc1ccc(/C=C/c2ccccc2C(=O)NC(Cc2ccccc2)C(N)=O)cc1","CCN(CC)Cc1ccc(/C=C/c2ccccc2C(=O)NC(Cc2ccccc2)C(N)=O)cc1"
"CHEMBL511971","Oc1ccc(C2=C(c3ccc(OCCN4CCCCC4)cc3)c3ccc(F)cc3OCC2)cc1","Oc1ccc(C2=C(c3ccc(OCCN4CCCCC4)cc3)c3ccc(F)cc3OCC2)cc1"
"CHEMBL192765","CSC1=C(c2ccc(O)cc2)C(=O)c2ccc(O)cc21","CSC1=C(c2ccc(O)cc2)C(=O)c2ccc(O)cc21"
"CHEMBL104062","CC(=O)Nc1ccc(/C=C2\C(=O)Nc3ccc(C(=O)c4cccs4)cc32)cc1","CC(=O)Nc1ccc(/C=C2\C(=O)Nc3ccc(C(=O)c4cccs4)cc32)cc1"
"CHEMBL424353","COc1cccc(C2=C3c4cc(OC)c(OC)cc4CCN3C(=O)C2=O)c1","COc1cccc(C2=C3c4cc(OC)c(OC)cc4CCN3C(=O)C2=O)c1"
"CHEMBL246895","COc1cc2c(cc1OC)/C(=C\c1ccc(NC(=O)Nc3ccc(F)cc3)cc1)C(=O)N2","COc1cc2c(cc1OC)/C(=C\c1ccc(NC(=O)Nc3ccc(F)cc3)cc1)C(=O)N2"
"CHEMBL87210","COc1cc(/C=C\c2ccc(O)cc2)cc(OC)c1OC","COc1cc(/C=C\c2ccc(O)cc2)cc(OC)c1OC"
"CHEMBL45664","COc1ccc(OC)c(/C=C\c2ccc(OC)c(C(=O)NCCc3ccc(F)cc3)c2)c1","COc1ccc(OC)c(/C=C\c2ccc(OC)c(C(=O)NCCc3ccc(F)cc3)c2)c1"
"CHEMBL85330","CC/C(=C(/c1ccc(OCCN(C)C)cc1)c1cccc(I)c1)c1ccccc1","CC/C(=C(/c1ccc(OCCN(C)C)cc1)c1cccc(I)c1)c1ccccc1"
"CHEMBL142488","COc1cc(/C=C/c2ccc(O)c(CCF)c2)cc(OC)c1","COc1cc(/C=C/c2ccc(O)c(CCF)c2)cc(OC)c1"
"CHEMBL197392","Cc1ccc(/C(=C/c2cccc(-c3cc(C(C)C)cc4cccnc34)c2)c2ccc(S(C)(=O)=O)cc2)nc1","Cc1ccc(/C(=C/c2cccc(-c3cc(C(C)C)cc4cccnc34)c2)c2ccc(S(C)(=O)=O)cc2)nc1"
"CHEMBL218867","O=C1c2ccccc2/C(=C/c2ccc(O)cc2)c2sccc21","O=C1c2ccccc2/C(=C/c2ccc(O)cc2)c2sccc21"
"CHEMBL373660","C=CCOc1cc(C2=C(c3cc(OC)c(OC)c(OC)c3)/C(=N\O)C(O)C2)ccc1OC","C=CCOc1cc(C2=C(c3cc(OC)c(OC)c(OC)c3)/C(=N\O)C(O)C2)ccc1OC"
"CHEMBL223835","C=CCOc1cc(C2=C(c3cc(OC)c(OC)c(OC)c3)C(=O)C(O)C2)ccc1OC","C=CCOc1cc(C2=C(c3cc(OC)c(OC)c(OC)c3)C(=O)C(O)C2)ccc1OC"
"CHEMBL144864","COc1ccc(C(=O)/C(=C\c2ccccc2)c2ccccc2)cc1","COc1ccc(C(=O)/C(=C\c2ccccc2)c2ccccc2)cc1"
"CHEMBL192166","COc1ccc(/C=C\c2cc(OC)c(OC)c(OC)c2)cc1OCCCl","COc1ccc(/C=C\c2cc(OC)c(OC)c(OC)c2)cc1OCCCl"
"CHEMBL512641","COc1ccc(/C(F)=C(/Br)c2cc(OC)c(OC)c(OC)c2)cc1O","COc1ccc(/C(F)=C(/Br)c2cc(OC)c(OC)c(OC)c2)cc1O"
"CHEMBL469128","CC(C)c1onc(COc2ccccc2Cl)c1COc1ccc(/C=C/c2cccc(C(=O)O)c2)c(Cl)c1","CC(C)c1onc(COc2ccccc2Cl)c1COc1ccc(/C=C/c2cccc(C(=O)O)c2)c(Cl)c1"
"CHEMBL74547","COc1ccc(/C=C/c2cc(OC)c(O[Si](C)(C)C(C)(C)C)c(OC)c2)cc1","COc1ccc(/C=C/c2cc(OC)c(O[Si](C)(C)C(C)(C)C)c(OC)c2)cc1"
"CHEMBL401101","COc1cc2cc(OC)c1OCCCCCCOc1ccc(cc1)/C=C\2","COc1cc2cc(OC)c1OCCCCCCOc1ccc(cc1)/C=C\2"
"CHEMBL233858","COc1ccc(COc2ccccc2C2=C(c3cccc(C(=O)O)c3)CCC2)cc1","COc1ccc(COc2ccccc2C2=C(c3cccc(C(=O)O)c3)CCC2)cc1"
"CHEMBL181761","CCc1c(C)nc(O)c(N(C)C)c1C(=O)c1cccc(/C=C/c2ccccc2)c1","CCc1c(C)nc(O)c(N(C)C)c1C(=O)c1cccc(/C=C/c2ccccc2)c1"
"CHEMBL225806","C(=C/c1ccc2nonc2c1)\c1ccc2c(c1)OCO2","C(=C/c1ccc2nonc2c1)\c1ccc2c(c1)OCO2"
"CHEMBL311402","O=C1Nc2ccc(S(=O)(=O)N(CCO)CCO)cc2/C1=C/c1cc(Br)c(O)c(Br)c1","O=C1Nc2ccc(S(=O)(=O)N(CCO)CCO)cc2/C1=C/c1cc(Br)c(O)c(Br)c1"
"CHEMBL225873","[O-][n+]1onc2cc(/C=C/c3cccc(F)c3)ccc21","[O-][n+]1onc2cc(/C=C/c3cccc(F)c3)ccc21"
"CHEMBL374239","O=c1cc(-c2cccc(-c3ccc(/C=C/c4ccccc4)cc3)c2)sc(N2CCOCC2)c1","O=c1cc(-c2cccc(-c3ccc(/C=C/c4ccccc4)cc3)c2)sc(N2CCOCC2)c1"
"CHEMBL500257","CC(C)=CCC/C(C)=C/Cc1c(O)cc(/C=C/c2ccccc2)cc1O","CC(C)=CCC/C(C)=C/Cc1c(O)cc(/C=C/c2ccccc2)cc1O"
"CHEMBL524273","O=C(O)/C=C/c1ccc(O)c(O)c1/C(=C/c1ccc(O)c(O)c1)C(=O)O","O=C(O)/C=C/c1ccc(O)c(O)c1/C(=C/c1ccc(O)c(O)c1)C(=O)O"
"CHEMBL270427","CNc1ccc(/C=C/c2ccc(-c3nc4ccc(OCCF)cc4s3)cc2)cc1","CNc1ccc(/C=C/c2ccc(-c3nc4ccc(OCCF)cc4s3)cc2)cc1"
"CHEMBL257734","CNc1ccc(/C=C/c2ccc(-c3nc4ccc(OCCF)cc4o3)cc2)cc1","CNc1ccc(/C=C/c2ccc(-c3nc4ccc(OCCF)cc4o3)cc2)cc1"
"CHEMBL413126","C#CCN(C)CCSC1=Cc2ccccc2Oc2ccccc21","C#CCN(C)CCSC1=Cc2ccccc2Oc2ccccc21"
"CHEMBL214885","COc1ccc(/C=C/c2cccc(C)c2)cc1","COc1ccc(/C=C/c2cccc(C)c2)cc1"
"CHEMBL58987","Cc1cc(/C=C/c2ccc(F)cc2F)cc(C)c1O","Cc1cc(/C=C/c2ccc(F)cc2F)cc(C)c1O"
"CHEMBL160773","CN(C)CCCCOc1ccccc1/C=C/c1ccc(Cl)cc1","CN(C)CCCCOc1ccccc1/C=C/c1ccc(Cl)cc1"
"CHEMBL228674","COc1ccc(/C=C(\C(=O)c2cc(OC)c(OC)c(OC)c2)c2ccc(OC)cc2)cc1","COc1ccc(/C=C(\C(=O)c2cc(OC)c(OC)c(OC)c2)c2ccc(OC)cc2)cc1"
"CHEMBL194829","O=C1Oc2ccccc2/C1=C\c1cccc(O)c1","O=C1Oc2ccccc2/C1=C\c1cccc(O)c1"
"CHEMBL305634","O=C(O)c1cc(/C=C\c2ccc(/C=C/c3ccc(O)c(C(=O)O)c3)cc2Br)ccc1O","O=C(O)c1cc(/C=C\c2ccc(/C=C/c3ccc(O)c(C(=O)O)c3)cc2Br)ccc1O"
"CHEMBL466439","CC(C)c1onc(COc2cccc3ccccc23)c1COc1ccc(/C=C/c2cccc(C(=O)O)c2)c(Cl)c1","CC(C)c1onc(COc2cccc3ccccc23)c1COc1ccc(/C=C/c2cccc(C(=O)O)c2)c(Cl)c1"
"CHEMBL492963","CC(C)c1onc(COc2ccc(Cl)cc2Cl)c1COc1ccc(/C=C/c2cccc(C(=O)O)c2)c(Cl)c1","CC(C)c1onc(COc2ccc(Cl)cc2Cl)c1COc1ccc(/C=C/c2cccc(C(=O)O)c2)c(Cl)c1"
"CHEMBL499477","Cc1noc(/C(=C/c2cccc(-n3cc(C(=O)Nc4c(Cl)cncc4Cl)c(=O)c4cccnc43)c2)c2ccc(S(C)(=O)=O)cc2)n1","Cc1noc(/C(=C/c2cccc(-n3cc(C(=O)Nc4c(Cl)cncc4Cl)c(=O)c4cccnc43)c2)c2ccc(S(C)(=O)=O)cc2)n1"
"CHEMBL352492","CC1(C)OC(c2ccc(S(N)(=O)=O)c(F)c2)=C(c2cccc(F)c2)C1=O","CC1(C)OC(c2ccc(S(N)(=O)=O)c(F)c2)=C(c2cccc(F)c2)C1=O"
"CHEMBL317179","CN(C(=O)C1(C(=O)O)C(c2ccccc2)=C1c1ccccc1)[C@H]1CCCC[C@@H]1N1CCCC1","CN(C(=O)C1(C(=O)O)C(c2ccccc2)=C1c1ccccc1)[C@H]1CCCC[C@@H]1N1CCCC1"
"CHEMBL453899","O=C(O)c1cc(/C=C/c2ccccc2)cc(Br)c1O","O=C(O)c1cc(/C=C/c2ccccc2)cc(Br)c1O"
"CHEMBL192586","O=C1C(c2ccc(O)cc2)=C(c2ccccc2)c2ccc(O)cc21","O=C1C(c2ccc(O)cc2)=C(c2ccccc2)c2ccc(O)cc21"
"CHEMBL330255","N#Cc1ccc(OCc2ccsc2)cc1/C=C(/C(=O)O)c1ccc2c(c1)OCO2","N#Cc1ccc(OCc2ccsc2)cc1/C=C(/C(=O)O)c1ccc2c(c1)OCO2"
"CHEMBL501898","COc1cc(/C=C/c2ccc(O)cc2)cc(O[C@@H]2O[C@H](CO[C@@H]3O[C@@H](C)[C@H](O)[C@@H](O)[C@H]3O)[C@@H](O)[C@H](O)[C@H]2O[C@@H]2O[C@@H](C)[C@H](O)[C@@H](O)[C@H]2O)c1","COc1cc(/C=C/c2ccc(O)cc2)cc(O[C@@H]2O[C@H](CO[C@@H]3O[C@@H](C)[C@H](O)[C@@H](O)[C@H]3O)[C@@H](O)[C@H](O)[C@H]2O[C@@H]2O[C@@H](C)[C@H](O)[C@@H](O)[C@H]2O)c1"
"CHEMBL6361","Nc1cc[n+](Cc2ccc(/C=C\c3ccc(C[n+]4ccc(N)c5ccccc54)cc3)cc2)c2ccccc12","Nc1cc[n+](Cc2ccc(/C=C\c3ccc(C[n+]4ccc(N)c5ccccc54)cc3)cc2)c2ccccc12"
"CHEMBL129215","CCC1(CC)CC(c2ccc(F)cc2)=C(c2ccc(S(C)(=O)=O)cc2)C1","CCC1(CC)CC(c2ccc(F)cc2)=C(c2ccc(S(C)(=O)=O)cc2)C1"
"CHEMBL456682","COc1ccc(/C=C\c2cc(OC)c3c(c2)OCO3)cc1NC(=O)[C@H](Cc1ccc(OC(C)(C)C)cc1)NC(=O)OCc1ccccc1","COc1ccc(/C=C\c2cc(OC)c3c(c2)OCO3)cc1NC(=O)[C@H](Cc1ccc(OC(C)(C)C)cc1)NC(=O)OCc1ccccc1"
"CHEMBL507409","Oc1ccc([C@H]2c3c(O)cc(O)cc3[C@H]3c4c(cc(O)cc4[C@@H]2c2cc(/C=C/c4cc(O)cc5c4[C@H](c4cc(O)cc(O)c4)[C@@H](c4ccc(O)cc4)O5)ccc2O)O[C@@H]3c2ccc(O)cc2)cc1","Oc1ccc([C@H]2c3c(O)cc(O)cc3[C@H]3c4c(cc(O)cc4[C@@H]2c2cc(/C=C/c4cc(O)cc5c4[C@H](c4cc(O)cc(O)c4)[C@@H](c4ccc(O)cc4)O5)ccc2O)O[C@@H]3c2ccc(O)cc2)cc1"
"CHEMBL42271","O=C(O)/C(=C\c1ccccc1)c1cc(C(=O)c2cccs2)ccc1O","O=C(O)/C(=C\c1ccccc1)c1cc(C(=O)c2cccs2)ccc1O"
"CHEMBL44382","COc1ccc(C2=C(c3ccc(SC)cc3)CC3CCCN3C2=O)cc1OC(=O)CNC(=O)OC(C)(C)C","COc1ccc(C2=C(c3ccc(SC)cc3)CC3CCCN3C2=O)cc1OC(=O)CNC(=O)OC(C)(C)C"
"CHEMBL255457","COc1cc([N+](=O)[O-])c(/C=C\c2cc(OC)c(OC)c(OC)c2)cc1[N+](=O)[O-]","COc1cc([N+](=O)[O-])c(/C=C\c2cc(OC)c(OC)c(OC)c2)cc1[N+](=O)[O-]"
"CHEMBL210976","COc1cccc(/C=C\c2cc(OC)cc(OC)c2)c1","COc1cccc(/C=C\c2cc(OC)cc(OC)c2)c1"
"CHEMBL237297","COc1cc2c(c(/C=C/c3ccccc3)c1C(=O)O)C(=O)c1c(O)cccc1C2=O","COc1cc2c(c(/C=C/c3ccccc3)c1C(=O)O)C(=O)c1c(O)cccc1C2=O"
"CHEMBL46552","CC/C(=C(\c1ccccc1)c1ccc(OCCN2CCCCC2)cc1)c1ccccc1","CC/C(=C(\c1ccccc1)c1ccc(OCCN2CCCCC2)cc1)c1ccccc1"
"CHEMBL175321","O=C1Nc2ccccc2/C1=C1\CCc2cc(O)ccc21","O=C1Nc2ccccc2/C1=C1\CCc2cc(O)ccc21"
"CHEMBL353965","CC1(C)OC(c2ccc(S(N)(=O)=O)cc2)=C(c2cccc(C(F)(F)F)c2)C1=O","CC1(C)OC(c2ccc(S(N)(=O)=O)cc2)=C(c2cccc(C(F)(F)F)c2)C1=O"
"CHEMBL80130","C1=C(c2ccccc2)N2CCN=C2c2ccccc21","C1=C(c2ccccc2)N2CCN=C2c2ccccc21"
"CHEMBL424725","O=C1CCC2(Cc3ccccc3)Cc3c(ccc4[nH]ncc34)C2=C1c1ccc(OCCN2CCCCC2)cc1","O=C1CCC2(Cc3ccccc3)Cc3c(ccc4[nH]ncc34)C2=C1c1ccc(OCCN2CCCCC2)cc1"
"CHEMBL75069","C/C(=C\c1ccc(C(=O)O)cc1)c1ccc(SCCC(C)C)cc1","C/C(=C\c1ccc(C(=O)O)cc1)c1ccc(SCCC(C)C)cc1"
"CHEMBL82159","CCN(CC)CCOc1ccc(/C(=C(\c2ccccc2)[N+](=O)[O-])c2ccc(O)cc2)cc1","CCN(CC)CCOc1ccc(/C(=C(\c2ccccc2)[N+](=O)[O-])c2ccc(O)cc2)cc1"
"CHEMBL233144","O=C(NCC1CCCO1)c1ccc(/C=C\c2ccc(O)c(O)c2)cc1","O=C(NCC1CCCO1)c1ccc(/C=C\c2ccc(O)c(O)c2)cc1"
"CHEMBL318215","COc1cccc(C2=C(c3ccccc3)C2C(=O)N(C)[C@H]2CCCC[C@@H]2N2CCCC2)c1","COc1cccc(C2=C(c3ccccc3)C2C(=O)N(C)[C@H]2CCCC[C@@H]2N2CCCC2)c1"
"CHEMBL269003","C/C(=C(/C)c1ccc(O)cc1)c1ccc(O)cc1","C/C(=C(/C)c1ccc(O)cc1)c1ccc(O)cc1"
"CHEMBL14527","C=CCOc1ccc2c(c1)SCc1ccccc1/C(CC)=C\2c1ccccc1","C=CCOc1ccc2c(c1)SCc1ccccc1/C(CC)=C\2c1ccccc1"
"CHEMBL277511","CC/C1=C(\c2ccc(O)cc2)c2ccc(OCCN(C)C)cc2CCc2ccccc21","CC/C1=C(\c2ccc(O)cc2)c2ccc(OCCN(C)C)cc2CCc2ccccc21"
"CHEMBL280771","CCC(=C(c1ccccc1)c1ccccc1)c1ccc(OC(C)=O)c(OC(C)=O)c1","CCC(=C(c1ccccc1)c1ccccc1)c1ccc(OC(C)=O)c(OC(C)=O)c1"
"CHEMBL196969","CC(C)c1cc(-c2cccc(/C=C(\c3ccc(S(C)(=O)=O)cc3)c3nccs3)c2)c2ncccc2c1","CC(C)c1cc(-c2cccc(/C=C(\c3ccc(S(C)(=O)=O)cc3)c3nccs3)c2)c2ncccc2c1"
"CHEMBL373469","COc1ccc(C2=C(c3cc(OC)c(OC)c(OC)c3)C(=O)CC2O[SiH2]C(C)(C)C)cc1O","COc1ccc(C2=C(c3cc(OC)c(OC)c(OC)c3)C(=O)CC2O[SiH2]C(C)(C)C)cc1O"
"CHEMBL425978","O=C1c2ccccc2/C(=C/c2ccc([N+](=O)[O-])cc2)c2sccc21","O=C1c2ccccc2/C(=C/c2ccc([N+](=O)[O-])cc2)c2sccc21"
"CHEMBL467780","COc1ccc(/C(F)=C(/F)c2cc(OC)c(OC)c(OC)c2)cc1[N+](=O)[O-]","COc1ccc(/C(F)=C(/F)c2cc(OC)c(OC)c(OC)c2)cc1[N+](=O)[O-]"
"CHEMBL530974","CN(C)CCOc1ccc(/C(=C(/CCCn2ccnc2)c2ccccc2)c2ccc(O)cc2)cc1","CN(C)CCOc1ccc(/C(=C(/CCCn2ccnc2)c2ccccc2)c2ccc(O)cc2)cc1"
"CHEMBL415524","CCc1ccccc1/C=C1\Oc2ccc(F)cc2-c2ccc3c(c21)C(C)=CC(C)(C)N3","CCc1ccccc1/C=C1\Oc2ccc(F)cc2-c2ccc3c(c21)C(C)=CC(C)(C)N3"
"CHEMBL136464","CC1=CC(C)(C)Nc2ccc3c(c21)/C(=C/c1ccc(F)cc1)Oc1ccccc1-3","CC1=CC(C)(C)Nc2ccc3c(c21)/C(=C/c1ccc(F)cc1)Oc1ccccc1-3"
"CHEMBL164014","CCC1=C(c2cccc(C(C)=O)c2)C(C)c2ccc(C(C)=O)cc21","CCC1=C(c2cccc(C(C)=O)c2)C(C)c2ccc(C(C)=O)cc21"
"CHEMBL84903","COc1ccc(/C=C\c2ccc3ccccc3c2)cc1O","COc1ccc(/C=C\c2ccc3ccccc3c2)cc1O"
"CHEMBL402034","COc1cc(N)c(/C=C\c2cc(OC)c(OC)c(OC)c2)cc1[N+](=O)[O-].Cl","COc1cc(N)c(/C=C\c2cc(OC)c(OC)c(OC)c2)cc1[N+](=O)[O-].Cl"
"CHEMBL198527","CC(C)NC(=O)/C(=C/c1cccc(-c2cc(C(C)(C)S(C)(=O)=O)cc3cccnc23)c1)c1ccc(S(C)(=O)=O)cc1","CC(C)NC(=O)/C(=C/c1cccc(-c2cc(C(C)(C)S(C)(=O)=O)cc3cccnc23)c1)c1ccc(S(C)(=O)=O)cc1"
"CHEMBL371037","CC(C)NC(=O)/C(=C/c1cccc(-c2cc(C(C)(C)C#N)cc3cccnc23)c1)c1ccc(S(C)(=O)=O)cc1","CC(C)NC(=O)/C(=C/c1cccc(-c2cc(C(C)(C)C#N)cc3cccnc23)c1)c1ccc(S(C)(=O)=O)cc1"
"CHEMBL400695","O=C(Cc1ccc(O)cc1)N1CC(c2ccc(O)cc2)=C(c2ccc(O)cc2)C1=O","O=C(Cc1ccc(O)cc1)N1CC(c2ccc(O)cc2)=C(c2ccc(O)cc2)C1=O"
"CHEMBL455940","O=C(O)CC1=C/C(=C\c2ccccc2)c2ccc(F)cc21","O=C(O)CC1=C/C(=C\c2ccccc2)c2ccc(F)cc21"
"CHEMBL240343","CC/C(=C(/c1ccc(OCCN)cc1)c1cccc(I)c1)c1ccccc1","CC/C(=C(/c1ccc(OCCN)cc1)c1cccc(I)c1)c1ccccc1"
"CHEMBL382128","COc1ccc(C2=C(c3cc(OC)c(OC)c(OC)c3)C(=O)NC2=O)cc1O","COc1ccc(C2=C(c3cc(OC)c(OC)c(OC)c3)C(=O)NC2=O)cc1O"
"CHEMBL195170","COc1ccc(/C=C/c2cc(OC)c(OC)c(OC)c2)cc1[N+](=O)[O-]","COc1ccc(/C=C/c2cc(OC)c(OC)c(OC)c2)cc1[N+](=O)[O-]"
"CHEMBL209133","O=[N+]([O-])c1ccc(/C=C/c2ccc(O)cc2)cc1","O=[N+]([O-])c1ccc(/C=C/c2ccc(O)cc2)cc1"
"CHEMBL8959","COc1ccc(/C=C/c2cc(C(C)(C)C)c(O)c(C(C)(C)C)c2)cc1","COc1ccc(/C=C/c2cc(C(C)(C)C)c(O)c(C(C)(C)C)c2)cc1"
"CHEMBL426563","COc1cc(C2=C(c3ccc(SC)cc3)CC(O[SiH2]C(C)(C)C)C2=O)cc(OC)c1OC","COc1cc(C2=C(c3ccc(SC)cc3)CC(O[SiH2]C(C)(C)C)C2=O)cc(OC)c1OC"
"CHEMBL67288","CC(=O)NC[C@H]1CN(c2ccc(/C=C(\Br)c3ccc(C#N)cc3)c(F)c2)C(=O)O1","CC(=O)NC[C@H]1CN(c2ccc(/C=C(\Br)c3ccc(C#N)cc3)c(F)c2)C(=O)O1"
"CHEMBL137024","O=C1NC(=O)C(c2ccc(O)c(O)c2)=C1c1ccc(O)c(O)c1","O=C1NC(=O)C(c2ccc(O)c(O)c2)=C1c1ccc(O)c(O)c1"
"CHEMBL430821","Nc1nc(N)c2nc(CN3c4ccccc4C=Cc4cc(OCCCC(=O)O)ccc43)cnc2n1","Nc1nc(N)c2nc(CN3c4ccccc4C=Cc4cc(OCCCC(=O)O)ccc43)cnc2n1"
"CHEMBL75404","COc1cc(/C=C\c2ccc(SC)cc2)cc(OC)c1OC","COc1cc(/C=C\c2ccc(SC)cc2)cc(OC)c1OC"
"CHEMBL342426","CC1=CC(C)(C)Nc2ccc3c(c21)/C(=C/c1ccc(F)c(F)c1)Oc1ccccc1-3","CC1=CC(C)(C)Nc2ccc3c(c21)/C(=C/c1ccc(F)c(F)c1)Oc1ccccc1-3"
"CHEMBL352430","CC1(C)OC(c2ccc(S(C)(=O)=O)cc2)=C(c2ccc(Br)cc2)C1=O","CC1(C)OC(c2ccc(S(C)(=O)=O)cc2)=C(c2ccc(Br)cc2)C1=O"
"CHEMBL207594","C[S+]([O-])c1ccc(C2=C(c3ccccc3)C(=O)OC2)cc1","C[S+]([O-])c1ccc(C2=C(c3ccccc3)C(=O)OC2)cc1"
"CHEMBL216984","CCc1cccc2c1CNc1c(cccc1CCc1ccccc1)/C=C\2COc1ccc([N+](=O)[O-])cc1","CCc1cccc2c1CNc1c(cccc1CCc1ccccc1)/C=C\2COc1ccc([N+](=O)[O-])cc1"
"CHEMBL113339","COc1cc(/C=C/c2cc(O)cc(O[C@@H]3O[C@H](CO)[C@@H](O)[C@H](O)[C@H]3O)c2)ccc1O","COc1cc(/C=C/c2cc(O)cc(O[C@@H]3O[C@H](CO)[C@@H](O)[C@H](O)[C@H]3O)c2)ccc1O"
"CHEMBL580077","Cc1ccc(N2C(=O)C3C(C2=O)C2(c4ccccc4)C(=O)C3(c3ccccc3)C(c3ccccc3)=C2c2ccccc2)c(C)c1","Cc1ccc(N2C(=O)C3C(C2=O)C2(c4ccccc4)C(=O)C3(c3ccccc3)C(c3ccccc3)=C2c2ccccc2)c(C)c1"
"CHEMBL123515","COc1ccc(/C=C2\C=C(CCN3CCOCC3)c3ccccc32)c2ccccc12","COc1ccc(/C=C2\C=C(CCN3CCOCC3)c3ccccc32)c2ccccc12"
"CHEMBL214699","COc1cc2c(cc1C)NC(=O)/C2=C/c1cc(OC)c(OC)c(OC)c1","COc1cc2c(cc1C)NC(=O)/C2=C/c1cc(OC)c(OC)c(OC)c1"
"CHEMBL387179","COc1cc(/C=C2/C(=O)N(C)c3ccccc32)cc(OC)c1OC","COc1cc(/C=C2/C(=O)N(C)c3ccccc32)cc(OC)c1OC"
"CHEMBL218560","COc1cc(/C=C2/C(=O)N(c3ccccc3)c3ccccc32)cc(OC)c1OC","COc1cc(/C=C2/C(=O)N(c3ccccc3)c3ccccc32)cc(OC)c1OC"
"CHEMBL65499","COc1ccc(/C(=C(/C#N)c2ccccc2)c2ccc(O)cc2)cc1","COc1ccc(/C(=C(/C#N)c2ccccc2)c2ccc(O)cc2)cc1"
"CHEMBL300047","CS(=O)(=O)c1ccc(C2=C(c3ccc(F)cc3)C(=O)N(c3ccccc3F)C2)cc1","CS(=O)(=O)c1ccc(C2=C(c3ccc(F)cc3)C(=O)N(c3ccccc3F)C2)cc1"
"CHEMBL197216","O=C1Oc2ccccc2/C1=C\c1cc(O)c(O)c(O)c1","O=C1Oc2ccccc2/C1=C\c1cc(O)c(O)c(O)c1"
"CHEMBL515831","O=C(O)CC1=C/C(=C\c2cccc3cccnc23)c2ccc(F)cc21","O=C(O)CC1=C/C(=C\c2cccc3cccnc23)c2ccc(F)cc21"
"CHEMBL67688","CC(=O)NC[C@H]1CN(c2ccc(/C=C(\F)c3cccc(C(C)=O)c3)c(F)c2)C(=O)O1","CC(=O)NC[C@H]1CN(c2ccc(/C=C(\F)c3cccc(C(C)=O)c3)c(F)c2)C(=O)O1"
"CHEMBL109339","Oc1ccc(C2=Cc3ccccc3OC2c2ccc(OCCN3CCCCC3)cc2)cc1","Oc1ccc(C2=Cc3ccccc3OC2c2ccc(OCCN3CCCCC3)cc2)cc1"
"CHEMBL327384","CS(=O)(=O)c1ccc(C2=C(c3ccc(Cl)cc3)CC3(CC3)C2)cc1","CS(=O)(=O)c1ccc(C2=C(c3ccc(Cl)cc3)CC3(CC3)C2)cc1"
"CHEMBL395284","O=C(O)c1cccc(C2=C(c3cc(Br)ccc3OCc3ccc(F)cc3)CCC2)c1","O=C(O)c1cccc(C2=C(c3cc(Br)ccc3OCc3ccc(F)cc3)CCC2)c1"
"CHEMBL38776","CCNC(=O)/C=C/c1ccc(/C(=C(/CC)c2ccccc2)c2ccccc2)cc1","CCNC(=O)/C=C/c1ccc(/C(=C(/CC)c2ccccc2)c2ccccc2)cc1"
"CHEMBL480649","COc1c(C)c(O)cc2c1Oc1cccc(O)c1C=C2","COc1c(C)c(O)cc2c1Oc1cccc(O)c1C=C2"
"CHEMBL187145","CCCCCC/C(=C\c1ccccc1)c1ccc(S(C)(=O)=O)cc1","CCCCCC/C(=C\c1ccccc1)c1ccc(S(C)(=O)=O)cc1"
"CHEMBL387605","O=C(O)c1cccc(C2=C(c3cc(Br)ccc3OCc3ccc(F)cc3F)CCC2)c1","O=C(O)c1cccc(C2=C(c3cc(Br)ccc3OCc3ccc(F)cc3F)CCC2)c1"
"CHEMBL395776","Oc1ccc(/C=C/c2c(F)c(F)c(/C=C/c3ccc(O)cc3)c(F)c2F)cc1","Oc1ccc(/C=C/c2c(F)c(F)c(/C=C/c3ccc(O)cc3)c(F)c2F)cc1"
"CHEMBL221938","COc1ccc(C2=C(c3cc(OC)c(OC)c(OC)c3)C(=O)C(OC(C)=O)C2)cc1OC(C)C","COc1ccc(C2=C(c3cc(OC)c(OC)c(OC)c3)C(=O)C(OC(C)=O)C2)cc1OC(C)C"
"CHEMBL222404","COc1ccc(C2=C(c3cc(OC)c(OC)c(OC)c3)/C(=N\O)CC2OC(C)=O)cc1O","COc1ccc(C2=C(c3cc(OC)c(OC)c(OC)c3)/C(=N\O)CC2OC(C)=O)cc1O"
"CHEMBL222191","COc1ccc(C2=C(c3cc(OC)c(OC)c(OC)c3)/C(=N\O)C(O)C2)cc1Cl","COc1ccc(C2=C(c3cc(OC)c(OC)c(OC)c3)/C(=N\O)C(O)C2)cc1Cl"
"CHEMBL483227","COc1ccc(C2=C(c3ccc(O)cc3)CN3CCC[C@@H]3C2)cc1OC","COc1ccc(C2=C(c3ccc(O)cc3)CN3CCC[C@@H]3C2)cc1OC"
"CHEMBL373656","COc1ccc(C2=C(c3cc(OC)c(OC)c(OC)c3)C(=O)C(O)C2)cc1Cl","COc1ccc(C2=C(c3cc(OC)c(OC)c(OC)c3)C(=O)C(O)C2)cc1Cl"
"CHEMBL219219","COc1cc(O)cc(/C=C/c2ccc(O)cc2OC)c1","COc1cc(O)cc(/C=C/c2ccc(O)cc2OC)c1"
"CHEMBL231773","COc1ccc(/C=C/c2cc(OC)c(CCCCCCCCCCCCO)c(OC)c2)cc1","COc1ccc(/C=C/c2cc(OC)c(CCCCCCCCCCCCO)c(OC)c2)cc1"
"CHEMBL163161","COc1ccc(/C=C2/C(C)=C(CC(=O)O)c3cc(F)ccc32)cc1","COc1ccc(/C=C2/C(C)=C(CC(=O)O)c3cc(F)ccc32)cc1"
"CHEMBL462484","COc1ccc2c(c1O)CCCC(c1cc(OC)c(OC)c(OC)c1)=C2","COc1ccc2c(c1O)CCCC(c1cc(OC)c(OC)c(OC)c1)=C2"
"CHEMBL74247","COc1cc(/C=C/c2ccc(C(C)C)cc2)cc(OC)c1OC","COc1cc(/C=C/c2ccc(C(C)C)cc2)cc(OC)c1OC"
"CHEMBL503114","CC(=O)Nc1nc(C)c(S(=O)(=O)Nc2ccc(C(=O)Nc3ccc4c(c3)N(O)C(=O)/C4=C(\O)c3ccccc3)cc2)s1","CC(=O)Nc1nc(C)c(S(=O)(=O)Nc2ccc(C(=O)Nc3ccc4c(c3)N(O)C(=O)/C4=C(\O)c3ccccc3)cc2)s1"
"CHEMBL457428","CC(C)OP(=O)(OC(C)C)N1CCC[C@H]1C(=O)Nc1ccc(/C=C/c2ccccc2)cc1","CC(C)OP(=O)(OC(C)C)N1CCC[C@H]1C(=O)Nc1ccc(/C=C/c2ccccc2)cc1"
"CHEMBL186274","Cc1ccc(C2=C(c3ccc(OCCN(C)C)cc3)c3ccccc3OCC2)cc1","Cc1ccc(C2=C(c3ccc(OCCN(C)C)cc3)c3ccccc3OCC2)cc1"
"CHEMBL395394","OCCCCCCCCCCCCc1c(O)cc(/C=C/c2ccc(O)cc2)cc1O","OCCCCCCCCCCCCc1c(O)cc(/C=C/c2ccc(O)cc2)cc1O"
"CHEMBL234280","COc1ccc(COc2ccc(Br)cc2C2=C(c3cccc(C(=O)O)c3)CCC2)cc1","COc1ccc(COc2ccc(Br)cc2C2=C(c3cccc(C(=O)O)c3)CCC2)cc1"
"CHEMBL447307","O=C1Nc2ccc(/C=C/c3cccc(Cl)c3)cc2C1=O","O=C1Nc2ccc(/C=C/c3cccc(Cl)c3)cc2C1=O"
"CHEMBL195515","CC/C(=C(\c1ccc(O)cc1)c1ccc(/C=C/C(=O)O)cc1)c1ccccc1","CC/C(=C(\c1ccc(O)cc1)c1ccc(/C=C/C(=O)O)cc1)c1ccccc1"
"CHEMBL437700","CNCCC/C(=C(\c1ccc(O)cc1)c1ccc(OCCN(C)C)cc1)c1ccccc1","CNCCC/C(=C(\c1ccc(O)cc1)c1ccc(OCCN(C)C)cc1)c1ccccc1"
"CHEMBL175028","CCCCCCCCCCCCCCCC(=C(c1ccccc1)c1ccccc1)c1ccc(S(=O)(=O)OC)cc1","CCCCCCCCCCCCCCCC(=C(c1ccccc1)c1ccccc1)c1ccc(S(=O)(=O)OC)cc1"
"CHEMBL352256","CN(C)CCCCOc1ccccc1/C=C/c1ccccc1F","CN(C)CCCCOc1ccccc1/C=C/c1ccccc1F"
"CHEMBL477963","COc1cc(/C=C2/C(=O)Nc3ccccc32)cc(OC)c1","COc1cc(/C=C2/C(=O)Nc3ccccc32)cc(OC)c1"
"CHEMBL434819","COC(=O)c1ccc(C=C2c3cccc(O)c3C(=O)c3c(O)cccc32)cc1","COC(=O)c1ccc(C=C2c3cccc(O)c3C(=O)c3c(O)cccc32)cc1"
"CHEMBL55961","CC/C(=C(\c1ccccc1)c1cccc(OC(C)=O)c1)c1ccc(OC(C)=O)cc1","CC/C(=C(\c1ccccc1)c1cccc(OC(C)=O)c1)c1ccc(OC(C)=O)cc1"
"CHEMBL460649","OC[C@H]1O[C@@H](Oc2cc(O)cc(O)c2/C=C/c2ccc(O)cc2)[C@H](O)[C@@H](O)[C@@H]1O","OC[C@H]1O[C@@H](Oc2cc(O)cc(O)c2/C=C/c2ccc(O)cc2)[C@H](O)[C@@H](O)[C@@H]1O"
"CHEMBL83891","CCCC1Cc2cc(O)ccc2C2=C1c1ccc(O)cc1CC2CCC","CCCC1Cc2cc(O)ccc2C2=C1c1ccc(O)cc1CC2CCC"
"CHEMBL521073","O=C1/C(=C/c2ccccc2Cl)c2ccccc2N1c1c(Cl)cccc1Cl","O=C1/C(=C/c2ccccc2Cl)c2ccccc2N1c1c(Cl)cccc1Cl"
"CHEMBL226411","[O-][n+]1onc2cc(/C=C\c3ccc4nonc4c3)ccc21","[O-][n+]1onc2cc(/C=C\c3ccc4nonc4c3)ccc21"
"CHEMBL223222","COC(=O)C1=C(C(=O)OC)C2OC1C(c1ccc(O)cc1)=C2c1ccc(O)cc1","COC(=O)C1=C(C(=O)OC)C2OC1C(c1ccc(O)cc1)=C2c1ccc(O)cc1"
"CHEMBL173161","O=C(CCCN1CCN(c2ccc(F)cc2)CC1)NC1c2ccccc2C=Cc2ccccc21","O=C(CCCN1CCN(c2ccc(F)cc2)CC1)NC1c2ccccc2C=Cc2ccccc21"
"CHEMBL420943","C1=C(c2ccc(-c3ccccc3)cc2)N2CCN=C2c2ccccc21","C1=C(c2ccc(-c3ccccc3)cc2)N2CCN=C2c2ccccc21"
"CHEMBL198722","CC(c1cc(-c2cccc(/C=C(\c3ccc(S(C)(=O)=O)cc3)c3ncc(C(C)(C)O)s3)c2)c2ncccc2c1)S(C)(=O)=O","CC(c1cc(-c2cccc(/C=C(\c3ccc(S(C)(=O)=O)cc3)c3ncc(C(C)(C)O)s3)c2)c2ncccc2c1)S(C)(=O)=O"
"CHEMBL170569","FC(F)(F)C(F)(F)C(=C(c1ccccc1)c1ccccc1)c1ccccc1","FC(F)(F)C(F)(F)C(=C(c1ccccc1)c1ccccc1)c1ccccc1"
"CHEMBL470939","CC/C(=C\c1cc(OC)cc(OC)c1)c1ccc(OC)c(OC)c1","CC/C(=C\c1cc(OC)cc(OC)c1)c1ccc(OC)c(OC)c1"
"CHEMBL390188","O=C(O)c1cccc(C2=C(c3cc(Br)ccc3OCc3ccc(Cl)cc3F)CCC2)c1","O=C(O)c1cccc(C2=C(c3cc(Br)ccc3OCc3ccc(Cl)cc3F)CCC2)c1"
"CHEMBL65214","COc1cc(/C=C/c2ccc(Br)cc2)cc(OC)c1","COc1cc(/C=C/c2ccc(Br)cc2)cc(OC)c1"
"CHEMBL221452","COc1ccc(C2=C(c3cc(OC)c(OC)c(OC)c3)/C(=N\O)C(O)C2)cc1OC(C)C","COc1ccc(C2=C(c3cc(OC)c(OC)c(OC)c3)/C(=N\O)C(O)C2)cc1OC(C)C"
"CHEMBL225526","COc1ccc(C2=C(c3cc(OC)c(OC)c(OC)c3)C(=O)C(OC(C)=O)C2)cc1O","COc1ccc(C2=C(c3cc(OC)c(OC)c(OC)c3)C(=O)C(OC(C)=O)C2)cc1O"
"CHEMBL525902","CC(=O)Nc1ccc2c(c1)NC(=O)/C2=C(\Nc1ccc(CN2CCCCC2)cc1)c1ccccc1","CC(=O)Nc1ccc2c(c1)NC(=O)/C2=C(\Nc1ccc(CN2CCCCC2)cc1)c1ccccc1"
"CHEMBL308843","C/C=C1/c2ccccc2C=C(N2CCN(C)CC2)c2cc(Cl)ccc21","C/C=C1/c2ccccc2C=C(N2CCN(C)CC2)c2cc(Cl)ccc21"
"CHEMBL464884","O=C(O)/C=C/c1ccc(O)c(O)c1/C=C/c1ccc(O)c(O)c1","O=C(O)/C=C/c1ccc(O)c(O)c1/C=C/c1ccc(O)c(O)c1"
"CHEMBL300647","CN(C)C1C=CC2(CC1)c1ccccc1C=Cc1ccc(Cl)cc12","CN(C)C1C=CC2(CC1)c1ccccc1C=Cc1ccc(Cl)cc12"
"CHEMBL433718","Cc1c2cc[n+](CC(=O)NCCCCCNCCOc3ccc(/C(=C(/Cl)c4ccccc4)c4ccccc4)cc3)cc2c(C)c2c1[nH]c1ccc(O)cc12.[Cl-]","Cc1c2cc[n+](CC(=O)NCCCCCNCCOc3ccc(/C(=C(/Cl)c4ccccc4)c4ccccc4)cc3)cc2c(C)c2c1[nH]c1ccc(O)cc12.[Cl-]"
"CHEMBL179510","FC(F)(F)c1ccc(/C=C/c2cc(Cl)cc(Cl)c2)cc1","FC(F)(F)c1ccc(/C=C/c2cc(Cl)cc(Cl)c2)cc1"
"CHEMBL71789","O=C(O)C1CCCN(CCOC2c3ccccc3C=Cc3ccccc32)C1","O=C(O)C1CCCN(CCOC2c3ccccc3C=Cc3ccccc32)C1"
"CHEMBL46909","COc1cc(/C=C/c2ccc(OC)cc2OC)cc(OC)c1","COc1cc(/C=C/c2ccc(OC)cc2OC)cc(OC)c1"
"CHEMBL92443","C=C1C(c2ccccc2)=C(c2ccc(S(C)(=O)=O)cc2)C1(C)C","C=C1C(c2ccccc2)=C(c2ccc(S(C)(=O)=O)cc2)C1(C)C"
"CHEMBL297505","Cc1ccccc1C1=C(c2ccc(O)cc2)c2ccc(O)cc2C1","Cc1ccccc1C1=C(c2ccc(O)cc2)c2ccc(O)cc2C1"
"CHEMBL44704","COc1ccc(/C=C\c2cc(O)c(OC)c(OC)c2)cc1OC","COc1ccc(/C=C\c2cc(O)c(OC)c(OC)c2)cc1OC"
"CHEMBL208085","Oc1ccc2c(c1)O[C@H](c1ccc(OCCN3CCCCC3)cc1)C1=C2COc2cc(O)ccc21","Oc1ccc2c(c1)O[C@H](c1ccc(OCCN3CCCCC3)cc1)C1=C2COc2cc(O)ccc21"
"CHEMBL281053","C1=Cc2ccccc2C2(OC[C@H]([C@@H]3CCCCN3)O2)c2ccccc21","C1=Cc2ccccc2C2(OC[C@H]([C@@H]3CCCCN3)O2)c2ccccc21"
"CHEMBL92766","Cc1ccc(C2=C(c3ccccc3)Cc3cc(O)ccc32)cc1","Cc1ccc(C2=C(c3ccccc3)Cc3cc(O)ccc32)cc1"
"CHEMBL190499","COC(=O)/C=C/c1cccc(N(Cc2ccc(/C=C/c3c(C)cc(C)cc3C)cc2)C(=O)NC(C)C)c1","COC(=O)/C=C/c1cccc(N(Cc2ccc(/C=C/c3c(C)cc(C)cc3C)cc2)C(=O)NC(C)C)c1"
"CHEMBL104416","CC/C(=C(/c1ccc(OCC(=O)O)cc1)c1cccc(O)c1)c1ccccc1","CC/C(=C(/c1ccc(OCC(=O)O)cc1)c1cccc(O)c1)c1ccccc1"
"CHEMBL514390","CCN1C(c2ccccc2)=C(c2ccccc2)S/C1=C/C=C/c1sc2c3ccccc3ccc2[n+]1CC","CCN1C(c2ccccc2)=C(c2ccccc2)S/C1=C/C=C/c1sc2c3ccccc3ccc2[n+]1CC"
"CHEMBL189301","CCc1c(C)nc(O)c(N(C)C)c1C(=O)c1cccc(/C=C(\C#N)c2ccccc2)c1","CCc1c(C)nc(O)c(N(C)C)c1C(=O)c1cccc(/C=C(\C#N)c2ccccc2)c1"
"CHEMBL546871","CCC(=C(CC)c1ccc(O)c(CNC2CCCCC2)c1)c1ccc(O)c(CNC2CCCCC2)c1.Cl","CCC(=C(CC)c1ccc(O)c(CNC2CCCCC2)c1)c1ccc(O)c(CNC2CCCCC2)c1.Cl"
"CHEMBL477261","COc1ccc(/C=C(/C(=O)O)c2ccccc2)cc1OC","COc1ccc(/C=C(/C(=O)O)c2ccccc2)cc1OC"
"CHEMBL432945","COc1ccc(C2=C(c3ccc(S(N)(=O)=O)cc3)CC3(CC3)C2)cc1","COc1ccc(C2=C(c3ccc(S(N)(=O)=O)cc3)CC3(CC3)C2)cc1"
"CHEMBL491079","C/C(=C\c1ccc(C(F)(F)F)cc1)c1ccc(O)cc1","C/C(=C\c1ccc(C(F)(F)F)cc1)c1ccc(O)cc1"
"CHEMBL175606","Cc1ccc(/C=C\c2ccc3ccccc3c2)cc1","Cc1ccc(/C=C\c2ccc3ccccc3c2)cc1"
"CHEMBL266086","CC/C(=C(\c1ccc(I)cc1)c1ccc(OCCCN(C)C)cc1)c1ccccc1","CC/C(=C(\c1ccc(I)cc1)c1ccc(OCCCN(C)C)cc1)c1ccccc1"
"CHEMBL158220","NC(=O)C1CCCN(CCCCOc2ccccc2/C=C/c2ccccc2)C1","NC(=O)C1CCCN(CCCCOc2ccccc2/C=C/c2ccccc2)C1"
"CHEMBL6730","CC/C(=C(\c1ccc(I)cc1)c1ccc(OCCN(C)C)cc1)c1ccccc1","CC/C(=C(\c1ccc(I)cc1)c1ccc(OCCN(C)C)cc1)c1ccccc1"
"CHEMBL18312","CC1(O)OC(=O)C(c2ccc3ccccc3c2)=C1c1ccc(S(C)(=O)=O)cc1","CC1(O)OC(=O)C(c2ccc3ccccc3c2)=C1c1ccc(S(C)(=O)=O)cc1"
"CHEMBL161937","C/C(=C\c1ccc(C(=O)O)cc1)c1ccc2c(c1)C(C)(C)CCC2(C)C.Cc1ccc(C2=CCC(C)(C)c3cc4ccc(-c5ccc(C(=O)O)cc5)cc4cc32)cc1","C/C(=C\c1ccc(C(=O)O)cc1)c1ccc2c(c1)C(C)(C)CCC2(C)C.Cc1ccc(C2=CCC(C)(C)c3cc4ccc(-c5ccc(C(=O)O)cc5)cc4cc32)cc1"
"CHEMBL46998","O=C1Oc2ccc(C(=O)c3cccs3)cc2/C1=C/c1ccc(Cl)cc1","O=C1Oc2ccc(C(=O)c3cccs3)cc2/C1=C/c1ccc(Cl)cc1"
"CHEMBL558340","CS(=O)(=O)c1ccc(C2=C(c3ccc(Cl)c(Cl)c3)CC3(CC3)C2)cc1","CS(=O)(=O)c1ccc(C2=C(c3ccc(Cl)c(Cl)c3)CC3(CC3)C2)cc1"
"CHEMBL134421","CC1=CC(C)(C)Nc2ccc3c(c21)/C(=C/c1ccccc1)Oc1ccccc1-3","CC1=CC(C)(C)Nc2ccc3c(c21)/C(=C/c1ccccc1)Oc1ccccc1-3"
"CHEMBL300159","COc1ccccc1/C=C/c1cc(C)c(O)c(C)c1","COc1ccccc1/C=C/c1cc(C)c(O)c(C)c1"
"CHEMBL206509","COC(=O)N[C@H](C(=O)NN(Cc1ccc(/C=C/c2ccccc2)cc1)C[C@@](O)(Cc1ccccc1)C(=O)N[C@H]1c2ccccc2C[C@H]1O)C(C)(C)C","COC(=O)N[C@H](C(=O)NN(Cc1ccc(/C=C/c2ccccc2)cc1)C[C@@](O)(Cc1ccccc1)C(=O)N[C@H]1c2ccccc2C[C@H]1O)C(C)(C)C"
"CHEMBL193099","COC(=O)/C=C/c1cccc(N(Cc2ccc(/C=C/c3c(Cl)cccc3Cl)cc2)C(=O)C(C)C)c1","COC(=O)/C=C/c1cccc(N(Cc2ccc(/C=C/c3c(Cl)cccc3Cl)cc2)C(=O)C(C)C)c1"
"CHEMBL175138","C/C(=C\c1ccc(C(=O)OCCCCc2cnc(S)nc2O)cc1)c1ccc2c(c1)CCCC2","C/C(=C\c1ccc(C(=O)OCCCCc2cnc(S)nc2O)cc1)c1ccc2c(c1)CCCC2"
"CHEMBL297750","CC(C)c1ccc(C2=C(c3ccc(S(C)(=O)=O)cc3)OC(C)(C)C2=O)cc1","CC(C)c1ccc(C2=C(c3ccc(S(C)(=O)=O)cc3)OC(C)(C)C2=O)cc1"
"CHEMBL50995","CC/C(=C(\c1ccccc1)c1ccc(O)cc1)c1ccccc1","CC/C(=C(\c1ccccc1)c1ccc(O)cc1)c1ccccc1"
"CHEMBL229531","COc1ccc(/C=C/c2cc(OC)cc(OC)c2CO)cc1","COc1ccc(/C=C/c2cc(OC)cc(OC)c2CO)cc1"
"CHEMBL486","CC/C(=C(\c1ccccc1)c1ccc(OCCN(C)C)cc1)c1cccc(O)c1","CC/C(=C(\c1ccccc1)c1ccc(OCCN(C)C)cc1)c1cccc(O)c1"
"CHEMBL447784","COC(=O)/C=C/c1cccc(N(Cc2ccc(/C=C/c3c(F)cccc3F)cc2)C(=O)C(C)C)c1","COC(=O)/C=C/c1cccc(N(Cc2ccc(/C=C/c3c(F)cccc3F)cc2)C(=O)C(C)C)c1"
"CHEMBL436095","CN1CCC(=C2c3ccccc3C=Cc3ccc(Br)cc32)CC1","CN1CCC(=C2c3ccccc3C=Cc3ccc(Br)cc32)CC1"
"CHEMBL49933","CC1C(=O)N=CC(c2ccccc2)=C1c1ccccc1","CC1C(=O)N=CC(c2ccccc2)=C1c1ccccc1"
"CHEMBL186797","CN(C)CCOc1ccc(C2=C(c3ccc(Cl)cc3)CCOc3ccccc32)cc1","CN(C)CCOc1ccc(C2=C(c3ccc(Cl)cc3)CCOc3ccccc32)cc1"
"CHEMBL387980","COc1ccc(/C=C/c2ccc3c(c2)no[n+]3[O-])cc1","COc1ccc(/C=C/c2ccc3c(c2)no[n+]3[O-])cc1"
"CHEMBL89130","COc1cc(/C=C/c2ccc(O)cc2)cc(OC)c1OC","COc1cc(/C=C/c2ccc(O)cc2)cc(OC)c1OC"
"CHEMBL292185","CCN(CC)CCOc1ccc(/C(=C(/Cl)c2ccc(O)c(OC)c2)c2ccccc2)cc1","CCN(CC)CCOc1ccc(/C(=C(/Cl)c2ccc(O)c(OC)c2)c2ccccc2)cc1"
"CHEMBL459057","COc1ccc(/C=C\c2cc(F)c(OC)c(OC)c2)cc1OP(=O)([O-])[O-].[Na+].[Na+]","COc1ccc(/C=C\c2cc(F)c(OC)c(OC)c2)cc1OP(=O)([O-])[O-].[Na+].[Na+]"
"CHEMBL88497","COc1ccc(/C=C/c2ccc3c(c2)C(C)(C)CCC3(C)C)cc1","COc1ccc(/C=C/c2ccc3c(c2)C(C)(C)CCC3(C)C)cc1"
"CHEMBL155798","CN1CCN(CCCCOc2ccccc2/C=C/c2ccc(F)cc2)CC1","CN1CCN(CCCCOc2ccccc2/C=C/c2ccc(F)cc2)CC1"
"CHEMBL64910","COc1ccc(/C(=C(\C#N)c2ccccc2)c2ccc(O)cc2)cc1","COc1ccc(/C(=C(\C#N)c2ccccc2)c2ccc(O)cc2)cc1"
"CHEMBL476678","COc1cccc(/C=C/c2ccc(O)cc2)c1","COc1cccc(/C=C/c2ccc(O)cc2)c1"
"CHEMBL316204","CC/C(=C(\c1ccc(Cl)cc1)c1ccc(OCCN(C)C)cc1)c1ccccc1","CC/C(=C(\c1ccc(Cl)cc1)c1ccc(OCCN(C)C)cc1)c1ccccc1"
"CHEMBL160169","COC1CCCN(CCCCOc2ccccc2/C=C/c2ccc(F)cc2)C1","COC1CCCN(CCCCOc2ccccc2/C=C/c2ccc(F)cc2)C1"
"CHEMBL87712","COc1cc(/C=C\c2ccc(O)cc2)cc(OC)c1","COc1cc(/C=C\c2ccc(O)cc2)cc(OC)c1"
"CHEMBL453868","O=C(O)c1cc(/C=C/c2ccc(/C=C/c3cc(C(=O)O)c(O)c(-c4ccco4)c3)cc2)cc(-c2ccco2)c1O","O=C(O)c1cc(/C=C/c2ccc(/C=C/c3cc(C(=O)O)c(O)c(-c4ccco4)c3)cc2)cc(-c2ccco2)c1O"
"CHEMBL476864","O=C1Nc2ccccc2/C1=C\c1ccccc1F","O=C1Nc2ccccc2/C1=C\c1ccccc1F"
"CHEMBL185726","O=C(O)c1cc(/C=C/c2ccc(/C=C/c3ccc(O)c(C(=O)O)c3)cc2)ccc1O","O=C(O)c1cc(/C=C/c2ccc(/C=C/c3ccc(O)c(C(=O)O)c3)cc2)ccc1O"
"CHEMBL209090","CN(C)c1ccc(C2Oc3cc(O)ccc3C3=C2c2ccc(O)cc2OC3)cc1","CN(C)c1ccc(C2Oc3cc(O)ccc3C3=C2c2ccc(O)cc2OC3)cc1"
"CHEMBL175525","CCOc1ccc(/C=C/c2cc(OC)cc(OC)c2)cc1","CCOc1ccc(/C=C/c2cc(OC)cc(OC)c2)cc1"
"CHEMBL48727","CCCCCCNC(=O)c1cc(/C=C\c2cc(O)ccc2O)ccc1O","CCCCCCNC(=O)c1cc(/C=C\c2cc(O)ccc2O)ccc1O"
"CHEMBL86326","COc1ccc(/C=C2\C(=O)Nc3ccc(Cl)cc32)cc1C(C)(C)C","COc1ccc(/C=C2\C(=O)Nc3ccc(Cl)cc32)cc1C(C)(C)C"
"CHEMBL305628","C/C(=C\c1ccc(C(=O)O)cc1)c1ccc2c(c1)CCCC2(C)C","C/C(=C\c1ccc(C(=O)O)cc1)c1ccc2c(c1)CCCC2(C)C"
"CHEMBL355840","CCC1(CC)OC(c2ccc(S(C)(=O)=O)cc2)=C(c2ccc(C)cc2)C1=O","CCC1(CC)OC(c2ccc(S(C)(=O)=O)cc2)=C(c2ccc(C)cc2)C1=O"
"CHEMBL34865","CC(=O)Oc1ccc(C(=C(CC(F)(F)F)c2ccccc2)c2ccc(OC(C)=O)cc2)cc1","CC(=O)Oc1ccc(C(=C(CC(F)(F)F)c2ccccc2)c2ccc(OC(C)=O)cc2)cc1"
"CHEMBL43947","O=C(/C(=C/c1ccccc1)c1ccccc1)c1ccc(O)cc1","O=C(/C(=C/c1ccccc1)c1ccccc1)c1ccc(O)cc1"
"CHEMBL374932","CCS(=O)(=O)C1CC2OC1C(c1ccc(O)cc1)=C2c1ccc(O)cc1","CCS(=O)(=O)C1CC2OC1C(c1ccc(O)cc1)=C2c1ccc(O)cc1"
"CHEMBL485995","COc1ccc(/C=C\c2cc(OC)c3c(c2)OCO3)cc1NC(=O)[C@H](CC(=O)OC(C)(C)C)NC(=O)OC(C)(C)C","COc1ccc(/C=C\c2cc(OC)c3c(c2)OCO3)cc1NC(=O)[C@H](CC(=O)OC(C)(C)C)NC(=O)OC(C)(C)C"
"CHEMBL74348","O=C(O)c1cc(/C=C\c2ccc(/C=C/c3ccc(O)c(C(=O)O)c3)c(Br)c2)ccc1O","O=C(O)c1cc(/C=C\c2ccc(/C=C/c3ccc(O)c(C(=O)O)c3)c(Br)c2)ccc1O"
"CHEMBL548548","CN(C)CCOc1ccc(N2CCN(CCCCNC(=O)c3ccc(/C=C/c4cc(Cl)cc(Cl)c4)cc3)CC2)cc1","CN(C)CCOc1ccc(N2CCN(CCCCNC(=O)c3ccc(/C=C/c4cc(Cl)cc(Cl)c4)cc3)CC2)cc1"
"CHEMBL56422","Cc1cc(/C=C/c2cc(F)cc(F)c2)cc(C)c1O","Cc1cc(/C=C/c2cc(F)cc(F)c2)cc(C)c1O"
"CHEMBL301125","Oc1ccc(C2=C(c3ccccc3)Cc3cc(O)ccc32)cc1","Oc1ccc(C2=C(c3ccccc3)Cc3cc(O)ccc32)cc1"
"CHEMBL486486","O=C1/C(=C/c2ccc(Cl)cc2)c2ccccc2N1c1c(Cl)cccc1Cl","O=C1/C(=C/c2ccc(Cl)cc2)c2ccccc2N1c1c(Cl)cccc1Cl"
"CHEMBL215214","C(=C/c1ccc2ccccc2c1)\c1ccccc1","C(=C/c1ccc2ccccc2c1)\c1ccccc1"
"CHEMBL180114","CN(C)c1ccc(/C=C/c2ccc3ccccc3c2)cc1","CN(C)c1ccc(/C=C/c2ccc3ccccc3c2)cc1"
"CHEMBL10985","CC/C(=C(\Cc1ccccc1)c1ccccc1)c1ccc(OCN2CCCC2)cc1","CC/C(=C(\Cc1ccccc1)c1ccccc1)c1ccc(OCN2CCCC2)cc1"
"CHEMBL113332","COc1ccc(C=C2c3ccccc3C(=O)c3ccccc32)c(O)c1","COc1ccc(C=C2c3ccccc3C(=O)c3ccccc32)c(O)c1"
"CHEMBL402068","COc1cc(/C=C\c2cc(N)c(OC)c(N)c2)cc(OC)c1OC.Cl.Cl","COc1cc(/C=C\c2cc(N)c(OC)c(N)c2)cc(OC)c1OC.Cl.Cl"
"CHEMBL404231","COc1cc(/C=C\c2cc(N)c(OC)c(N)c2)cc(OC)c1OC","COc1cc(/C=C\c2cc(N)c(OC)c(N)c2)cc(OC)c1OC"
"CHEMBL364810","COC(=O)/C=C/c1cccc(N(Cc2ccc(/C=C/c3ccc(F)cc3)cc2)C(=O)C(C)C)c1","COC(=O)/C=C/c1cccc(N(Cc2ccc(/C=C/c3ccc(F)cc3)cc2)C(=O)C(C)C)c1"
"CHEMBL77968","COc1ccc(/C=C(/C(=O)O)c2cc(OC)c(OC)c(OC)c2)cc1","COc1ccc(/C=C(/C(=O)O)c2cc(OC)c(OC)c(OC)c2)cc1"
"CHEMBL354896","FC(F)(F)C(=C(c1ccccc1)c1ccccc1)c1ccc(C(F)(F)F)cc1","FC(F)(F)C(=C(c1ccccc1)c1ccccc1)c1ccc(C(F)(F)F)cc1"
"CHEMBL296082","CC(C)c1cccc(C2=C(c3ccc(S(C)(=O)=O)cc3)OC(C)(C)C2=O)c1","CC(C)c1cccc(C2=C(c3ccc(S(C)(=O)=O)cc3)OC(C)(C)C2=O)c1"
"CHEMBL178974","FC(F)(F)Oc1ccc(/C=C/c2ccc3ccccc3c2)cc1","FC(F)(F)Oc1ccc(/C=C/c2ccc3ccccc3c2)cc1"
"CHEMBL447791","COc1ccc(C(=C2CC(c3ccc(OCCN(C)C)cc3)Oc3cc(OC)ccc32)c2ccc(OC)cc2)cc1","COc1ccc(C(=C2CC(c3ccc(OCCN(C)C)cc3)Oc3cc(OC)ccc32)c2ccc(OC)cc2)cc1"
"CHEMBL515823","O=C(O)CC1=C/C(=C\c2ccc3ccccc3c2)c2ccc(F)cc21","O=C(O)CC1=C/C(=C\c2ccc3ccccc3c2)c2ccc(F)cc21"
"CHEMBL254440","COc1cc(O)ccc1CCC(c1ccc(O)cc1)c1c(O)cc(O)cc1/C=C/c1ccc(O)cc1","COc1cc(O)ccc1CCC(c1ccc(O)cc1)c1c(O)cc(O)cc1/C=C/c1ccc(O)cc1"
"CHEMBL394090","COC(=O)/C=C/c1ccc(/C=C/c2ccc(O)c(O)c2)cc1","COC(=O)/C=C/c1ccc(/C=C/c2ccc(O)c(O)c2)cc1"
"CHEMBL299048","Cc1cc(/C=C/c2ccccc2C(F)(F)F)cc(C)c1O","Cc1cc(/C=C/c2ccccc2C(F)(F)F)cc(C)c1O"
"CHEMBL74590","COc1ccc(/C=C\c2ccc(OC)c(OC)c2)cc1","COc1ccc(/C=C\c2ccc(OC)c(OC)c2)cc1"
"CHEMBL243472","COc1ccc(/C=C/c2ccccc2OC)cc1","COc1ccc(/C=C/c2ccccc2OC)cc1"
"CHEMBL47941","CC1(C)OC(c2ccc(S(C)(=O)=O)cc2)=C(c2ccccc2Cl)C1=O","CC1(C)OC(c2ccc(S(C)(=O)=O)cc2)=C(c2ccccc2Cl)C1=O"
"CHEMBL44001","CC1(C)OC(c2ccc(S(C)(=O)=O)cc2)=C(c2cccc(F)c2)C1=O","CC1(C)OC(c2ccc(S(C)(=O)=O)cc2)=C(c2cccc(F)c2)C1=O"
"CHEMBL375382","COc1ccc(OC)c(C2=C(c3cc(OC)c(OC)c(OC)c3)C(=O)CC2O)c1","COc1ccc(OC)c(C2=C(c3cc(OC)c(OC)c(OC)c3)C(=O)CC2O)c1"
"CHEMBL87810","COc1ccc(/C=C2\C(=O)Nc3ccccc32)cc1","COc1ccc(/C=C2\C(=O)Nc3ccccc32)cc1"
"CHEMBL225872","O=[N+]([O-])c1ccccc1/C=C/c1ccc2c(c1)no[n+]2[O-]","O=[N+]([O-])c1ccccc1/C=C/c1ccc2c(c1)no[n+]2[O-]"
"CHEMBL381681","Cc1noc(/C(=C/c2cccc(-c3cc(C(C)C)cc4cccnc34)c2)c2ccc(S(C)(=O)=O)cc2)n1","Cc1noc(/C(=C/c2cccc(-c3cc(C(C)C)cc4cccnc34)c2)c2ccc(S(C)(=O)=O)cc2)n1"
"CHEMBL155549","COc1ccc2c(c1)OC(C)(C)C(c1ccccc1)=C2c1cccc(OCCN2CCCC2)c1","COc1ccc2c(c1)OC(C)(C)C(c1ccccc1)=C2c1cccc(OCCN2CCCC2)c1"
"CHEMBL490483","Oc1cc(O)cc(/C=C/c2ccc(C(F)(F)F)cc2)c1","Oc1cc(O)cc(/C=C/c2ccc(C(F)(F)F)cc2)c1"
"CHEMBL6327","CC/C(=C(\c1ccc(I)cc1)c1ccc(OCCCCCN(C)C)cc1)c1ccccc1","CC/C(=C(\c1ccc(I)cc1)c1ccc(OCCCCCN(C)C)cc1)c1ccccc1"
"CHEMBL315585","COc1ccc(C2=C(c3ccc(S(N)(=O)=O)cc3)CC3(CC3)C2)cc1Cl","COc1ccc(C2=C(c3ccc(S(N)(=O)=O)cc3)CC3(CC3)C2)cc1Cl"
"CHEMBL295068","Cc1ccc(N2CC(c3ccc(S(C)(=O)=O)cc3)=C(c3ccc(F)cc3)C2=O)cc1","Cc1ccc(N2CC(c3ccc(S(C)(=O)=O)cc3)=C(c3ccc(F)cc3)C2=O)cc1"
"CHEMBL63877","CCN(CC)CCOc1ccc(/C(=C(/C#N)c2ccccc2)c2ccc(O)cc2)cc1","CCN(CC)CCOc1ccc(/C(=C(/C#N)c2ccccc2)c2ccc(O)cc2)cc1"
"CHEMBL295009","CSc1ccc(C2=C(c3ccc(C)cc3)C(=O)N3CCCC3C2)cc1","CSc1ccc(C2=C(c3ccc(C)cc3)C(=O)N3CCCC3C2)cc1"
"CHEMBL465015","COC(=O)c1ccc2c(c1)NC(=O)/C2=C(\Nc1ccc(NC(=O)CN2CCN(C)CC2)cc1)c1ccccc1","COC(=O)c1ccc2c(c1)NC(=O)/C2=C(\Nc1ccc(NC(=O)CN2CCN(C)CC2)cc1)c1ccccc1"
"CHEMBL211349","CC[C@@]12CCC(=O)C(c3ccccc3)=C1c1ccc3[nH]ncc3c1C2","CC[C@@]12CCC(=O)C(c3ccccc3)=C1c1ccc3[nH]ncc3c1C2"
"CHEMBL111539","CCCCNC(=O)c1cc(/C=C/c2ccccc2F)ccc1-c1ccc(Cl)cc1","CCCCNC(=O)c1cc(/C=C/c2ccccc2F)ccc1-c1ccc(Cl)cc1"
"CHEMBL48760","CC(C)c1ccc(/C=C2/C(=O)Nc3ccccc32)cc1","CC(C)c1ccc(/C=C2/C(=O)Nc3ccccc32)cc1"
"CHEMBL322949","CS(=O)(=O)c1ccc(C2=C(c3ccc(F)c(Cl)c3)CCC2)cc1","CS(=O)(=O)c1ccc(C2=C(c3ccc(F)c(Cl)c3)CCC2)cc1"
"CHEMBL287352","Oc1ccc(C(=Cc2ccc(I)cc2)c2ccc(O)cc2)cc1","Oc1ccc(C(=Cc2ccc(I)cc2)c2ccc(O)cc2)cc1"
"CHEMBL218615","COc1ccc(/C=C/c2cccc(Cl)c2)cc1","COc1ccc(/C=C/c2cccc(Cl)c2)cc1"
"CHEMBL89723","CC(C)c1cc(/C=C2\C(=O)Nc3ccc(Cl)cc32)cc(C(C)C)c1O","CC(C)c1cc(/C=C2\C(=O)Nc3ccc(Cl)cc32)cc(C(C)C)c1O"
"CHEMBL84681","C/C(=C/c1ccc(C(=O)O)cc1)c1ccc2c(c1)C1CCC2C1","C/C(=C/c1ccc(C(=O)O)cc1)c1ccc2c(c1)C1CCC2C1"
"CHEMBL196941","CNc1ccc(/C=C/c2ccc(OCC(CO)CO)cc2)cc1","CNc1ccc(/C=C/c2ccc(OCC(CO)CO)cc2)cc1"
"CHEMBL129938","O=C1c2c(O)cccc2C(=Cc2ccc(C(F)(F)F)cc2)c2cccc(O)c21","O=C1c2c(O)cccc2C(=Cc2ccc(C(F)(F)F)cc2)c2cccc(O)c21"
"CHEMBL509720","COc1c(C(=O)O)cc(/C=C/c2ccc(C(=O)O)c(O)c2)cc1-c1ccco1","COc1c(C(=O)O)cc(/C=C/c2ccc(C(=O)O)c(O)c2)cc1-c1ccco1"
"CHEMBL514734","COc1ccc(/C=C\c2cc(F)c(OC)c(OC)c2)cc1OP(=O)(O)O.OCN(CO)CO.OCN(CO)CO","COc1ccc(/C=C\c2cc(F)c(OC)c(OC)c2)cc1OP(=O)(O)O.OCN(CO)CO.OCN(CO)CO"
"CHEMBL503093","COc1cc2nc3c(/C=C\c4cc(OC)c(OC)c(OC)c4)ccc(OC)c3nc2cc1OC","COc1cc2nc3c(/C=C\c4cc(OC)c(OC)c(OC)c4)ccc(OC)c3nc2cc1OC"
"CHEMBL255978","Nc1ccc(/C=C/c2ccc(-c3nc4cc(OCCF)ccc4o3)cc2)cc1","Nc1ccc(/C=C/c2ccc(-c3nc4cc(OCCF)ccc4o3)cc2)cc1"
"CHEMBL431650","COc1cc(C(=O)N/N=C/c2ccc(/C=C/c3ccccc3)cc2)ccc1O","COc1cc(C(=O)N/N=C/c2ccc(/C=C/c3ccccc3)cc2)ccc1O"
"CHEMBL522423","CC/C(=C\c1ccc(OC)c(OC)c1)c1cc(O)cc(O)c1","CC/C(=C\c1ccc(OC)c(OC)c1)c1cc(O)cc(O)c1"
"CHEMBL468648","COc1ccc(/C=C(\F)c2cc(OC)c(OC)c(OC)c2)cc1[N+](=O)[O-]","COc1ccc(/C=C(\F)c2cc(OC)c(OC)c(OC)c2)cc1[N+](=O)[O-]"
"CHEMBL468014","COc1ccc(/C(F)=C(/F)c2cc(OC)c(OC)c(OC)c2)cc1N","COc1ccc(/C(F)=C(/F)c2cc(OC)c(OC)c(OC)c2)cc1N"
"CHEMBL250095","O=C1C(c2ccccc2)=C(c2ccc(OCc3ccccc3)cc2)CC2CCCN12","O=C1C(c2ccccc2)=C(c2ccc(OCc3ccccc3)cc2)CC2CCCN12"
"CHEMBL398866","COc1ccc(C2=C(c3ccccc3)C(=O)N3CCCC3C2)cc1","COc1ccc(C2=C(c3ccccc3)C(=O)N3CCCC3C2)cc1"
"CHEMBL56443","O=C(O)C(=O)[C@H]1Cc2ccccc2CN1S(=O)(=O)c1ccc(/C=C/c2ccccc2)cc1","O=C(O)C(=O)[C@H]1Cc2ccccc2CN1S(=O)(=O)c1ccc(/C=C/c2ccccc2)cc1"
"CHEMBL193108","CCSC1=C(c2ccc(O)cc2)C(=O)c2cc(O)ccc21","CCSC1=C(c2ccc(O)cc2)C(=O)c2cc(O)ccc21"
"CHEMBL370037","CC1=C(c2ccc(O)cc2)C(=O)c2ccc(O)cc21","CC1=C(c2ccc(O)cc2)C(=O)c2ccc(O)cc21"
"CHEMBL352329","CC1(C)OC(c2ccc(S(C)(=O)=O)cc2F)=C(c2cc(F)cc(F)c2)C1=O","CC1(C)OC(c2ccc(S(C)(=O)=O)cc2F)=C(c2cc(F)cc(F)c2)C1=O"
"CHEMBL385699","COc1ccc(N)c(/C=C\c2cc(OC)c(OC)c(OC)c2)c1","COc1ccc(N)c(/C=C\c2cc(OC)c(OC)c(OC)c2)c1"
"CHEMBL145828","CN(C)CCSC1=Cc2ccccc2Oc2ccccc21","CN(C)CCSC1=Cc2ccccc2Oc2ccccc21"
"CHEMBL228561","COc1ccc(C2=Cc3ccccc3C2)c(OC)c1OC","COc1ccc(C2=Cc3ccccc3C2)c(OC)c1OC"
"CHEMBL188181","COc1cc(/C=C/c2ccccc2)cc(OC)c1","COc1cc(/C=C/c2ccccc2)cc(OC)c1"
"CHEMBL189728","COC(=O)/C=C/c1cccc(N(Cc2ccc(/C=C/c3ccccc3F)cc2)C(=O)C2CCCCC2)c1","COC(=O)/C=C/c1cccc(N(Cc2ccc(/C=C/c3ccccc3F)cc2)C(=O)C2CCCCC2)c1"
"CHEMBL335249","CC1=CC(C)(C)Nc2ccc3c(c21)/C(=C/c1ccccc1F)Oc1ccc(F)cc1-3","CC1=CC(C)(C)Nc2ccc3c(c21)/C(=C/c1ccccc1F)Oc1ccc(F)cc1-3"
"CHEMBL234310","N#Cc1ccc(/C=C/c2cccc(S(=O)(=O)N3CCc4cc(Cl)ccc43)c2)c(C(=O)O)c1","N#Cc1ccc(/C=C/c2cccc(S(=O)(=O)N3CCc4cc(Cl)ccc43)c2)c(C(=O)O)c1"
"CHEMBL319590","CN1CC(c2ccccc2)=C(c2ccc(F)cc2)O1","CN1CC(c2ccccc2)=C(c2ccc(F)cc2)O1"
"CHEMBL210699","Oc1ccc2c(c1)OC(c1ccc(OCCN3CCOCC3)cc1)C1=C2COc2cc(O)ccc21","Oc1ccc2c(c1)OC(c1ccc(OCCN3CCOCC3)cc1)C1=C2COc2cc(O)ccc21"
"CHEMBL64918","CN(C)c1ccc(C(=C(C#N)c2ccccc2)c2ccc(N(C)C)cc2)cc1","CN(C)c1ccc(C(=C(C#N)c2ccccc2)c2ccc(N(C)C)cc2)cc1"
"CHEMBL198042","CCC1=C(c2ccc(O)cc2)C(C(=O)Nc2ccc(O)cc2)c2cc(O)ccc21","CCC1=C(c2ccc(O)cc2)C(C(=O)Nc2ccc(O)cc2)c2cc(O)ccc21"
"CHEMBL10147","CC/C(=C(/c1ccccc1)c1ccc(OCCN(C)C)cc1)c1ccc(O)cc1","CC/C(=C(/c1ccccc1)c1ccc(OCCN(C)C)cc1)c1ccc(O)cc1"
"CHEMBL375697","O=C1OC(=O)C2C3OC(C(c4ccccc4)=C3c3ccccc3)C12","O=C1OC(=O)C2C3OC(C(c4ccccc4)=C3c3ccccc3)C12"
"CHEMBL388518","CN1C(=O)C2C3OC(C(c4ccc(O)cc4)=C3c3ccc(O)cc3)C2C1=O","CN1C(=O)C2C3OC(C(c4ccc(O)cc4)=C3c3ccc(O)cc3)C2C1=O"
"CHEMBL383148","O=C1Nc2ccccc2/C1=C/c1ccccc1N1CCOCC1","O=C1Nc2ccccc2/C1=C/c1ccccc1N1CCOCC1"
"CHEMBL517586","Oc1ccc2cc1-c1cc(ccc1O)CCc1c(ccc(O)c1O)Oc1cccc(c1)/C=C\2","Oc1ccc2cc1-c1cc(ccc1O)CCc1c(ccc(O)c1O)Oc1cccc(c1)/C=C\2"
"CHEMBL349927","C/C(=C\c1ccc(C(=O)O)cc1)c1ccc2c(c1)C(C)(C)CCC2(C)C.Cc1ccc(C2=CC(C)(C)Oc3cc4ccc(-c5ccc(C(=O)O)cc5)cc4cc32)cc1","C/C(=C\c1ccc(C(=O)O)cc1)c1ccc2c(c1)C(C)(C)CCC2(C)C.Cc1ccc(C2=CC(C)(C)Oc3cc4ccc(-c5ccc(C(=O)O)cc5)cc4cc32)cc1"
"CHEMBL180269","COc1ccc(/C=C/c2ccc3ccccc3c2)cc1F","COc1ccc(/C=C/c2ccc3ccccc3c2)cc1F"
"CHEMBL436532","CCc1cccc2c1CNc1c(cccc1CCc1ccccc1)/C=C\2COc1ccccc1","CCc1cccc2c1CNc1c(cccc1CCc1ccccc1)/C=C\2COc1ccccc1"
"CHEMBL426049","CCCCOc1ccc(/C=C\c2cc(OC)cc(OC)c2)cc1","CCCCOc1ccc(/C=C\c2cc(OC)cc(OC)c2)cc1"
"CHEMBL332478","CN1c2cc(Br)ccc2C=C2c3ccccc3NC21","CN1c2cc(Br)ccc2C=C2c3ccccc3NC21"
"CHEMBL332663","Oc1c(/C=C\c2ccccc2)ccc2ccccc12","Oc1c(/C=C\c2ccccc2)ccc2ccccc12"
"CHEMBL108432","C(=C/c1ccc(Nc2c3ccccc3nc3ccccc23)cc1)\c1ccccc1","C(=C/c1ccc(Nc2c3ccccc3nc3ccccc23)cc1)\c1ccccc1"
"CHEMBL368298","O=C(CCCN1CCN(C/C=C/c2ccccc2)CC1)NC1c2ccccc2C=Cc2ccccc21","O=C(CCCN1CCN(C/C=C/c2ccccc2)CC1)NC1c2ccccc2C=Cc2ccccc21"
"CHEMBL110605","Oc1ccc(C2Oc3ccccc3C=C2c2ccccc2)cc1","Oc1ccc(C2Oc3ccccc3C=C2c2ccccc2)cc1"
"CHEMBL501111","COc1cc(/C=C(\CO)c2cc([C@H]3Oc4cc(-c5cc(=O)c6c(O)cc(O)cc6o5)ccc4O[C@@H]3CO)cc(OC)c2O)ccc1O","COc1cc(/C=C(\CO)c2cc([C@H]3Oc4cc(-c5cc(=O)c6c(O)cc(O)cc6o5)ccc4O[C@@H]3CO)cc(OC)c2O)ccc1O"
"CHEMBL206633","COc1cc(/C=C/c2cc(Cl)ccc2O)cc(OC)c1","COc1cc(/C=C/c2cc(Cl)ccc2O)cc(OC)c1"
"CHEMBL381680","CC1([O-])OC(=O)C(c2ccc(Cl)cc2)=C1c1ccc(S(C)(=O)=O)cc1.[Na+]","CC1([O-])OC(=O)C(c2ccc(Cl)cc2)=C1c1ccc(S(C)(=O)=O)cc1.[Na+]"
"CHEMBL87162","COc1cc(/C=C\c2ccccc2)cc(OC)c1OC","COc1cc(/C=C\c2ccccc2)cc(OC)c1OC"
"CHEMBL372661","O=C1Oc2ccc(O)cc2/C1=C\c1cc(O)c(O)c(O)c1","O=C1Oc2ccc(O)cc2/C1=C\c1cc(O)c(O)c(O)c1"
"CHEMBL160881","CNCCCCOc1ccccc1/C=C/c1ccccc1","CNCCCCOc1ccccc1/C=C/c1ccccc1"
"CHEMBL453874","O=C(O)c1ccc(/C=C/c2ccc(O)c(C(=O)O)c2)cc1O","O=C(O)c1ccc(/C=C/c2ccc(O)c(C(=O)O)c2)cc1O"
"CHEMBL194709","COc1ccc(/C(C)=C/c2cc(OC)c(OC)c(OC)c2)cc1O","COc1ccc(/C(C)=C/c2cc(OC)c(OC)c(OC)c2)cc1O"
"CHEMBL345861","CCCN(CCC)CCCCOc1ccccc1/C=C/c1ccccc1","CCCN(CCC)CCCCOc1ccccc1/C=C/c1ccccc1"
"CHEMBL207030","Cc1cccc(NC(=O)c2cccc(/C=C/c3ccccc3)c2)n1","Cc1cccc(NC(=O)c2cccc(/C=C/c3ccccc3)c2)n1"
"CHEMBL47942","C/C(=C(/C(=O)c1ccc(OCCN2CCCC2)cc1)c1ccccc1)c1ccccc1","C/C(=C(/C(=O)c1ccc(OCCN2CCCC2)cc1)c1ccccc1)c1ccccc1"
"CHEMBL371192","CCC1=C(c2ccc(O)cc2)C(C(=O)Nc2ccc(OCCN(C)C)cc2)c2cc(O)ccc21","CCC1=C(c2ccc(O)cc2)C(C(=O)Nc2ccc(OCCN(C)C)cc2)c2cc(O)ccc21"
"CHEMBL458041","COc1ccc(/C=C\c2cc(Br)c(OC)c(OC)c2)cc1OP(=O)([O-])[O-].[K+].[K+]","COc1ccc(/C=C\c2cc(Br)c(OC)c(OC)c2)cc1OP(=O)([O-])[O-].[K+].[K+]"
"CHEMBL446219","COc1ccc(/C=C\c2cc(Br)c(OC)c(OC)c2)cc1OP(=O)([O-])[O-].[Cs+].[Cs+]","COc1ccc(/C=C\c2cc(Br)c(OC)c(OC)c2)cc1OP(=O)([O-])[O-].[Cs+].[Cs+]"
"CHEMBL349864","C/C(=C\c1ccc(C(=O)O)cc1)c1ccc2c(c1)C(C)(C)CCC2(C)C.Cc1ccc(C2=CC(C)(C)Oc3cc4ccc(-c5ccc(C(=O)O)cc5)cc4cc32)s1","C/C(=C\c1ccc(C(=O)O)cc1)c1ccc2c(c1)C(C)(C)CCC2(C)C.Cc1ccc(C2=CC(C)(C)Oc3cc4ccc(-c5ccc(C(=O)O)cc5)cc4cc32)s1"
"CHEMBL434830","CCN(C)CCSC1=Cc2ccccc2Oc2ccccc21","CCN(C)CCSC1=Cc2ccccc2Oc2ccccc21"
"CHEMBL175493","FC(F)(F)c1ccc(/C=C\c2cc(C(F)(F)F)cc(C(F)(F)F)c2)cc1","FC(F)(F)c1ccc(/C=C\c2cc(C(F)(F)F)cc(C(F)(F)F)c2)cc1"
"CHEMBL160882","COc1ccccc1/C=C/c1ccccc1OCCCCN(C)C","COc1ccccc1/C=C/c1ccccc1OCCCCN(C)C"
"CHEMBL282625","N=C(N)c1cc2c(/C=C/c3ccc4c(c3)OCO4)cccc2s1","N=C(N)c1cc2c(/C=C/c3ccc4c(c3)OCO4)cccc2s1"
"CHEMBL160891","C(=C/c1ccccc1OCCCCN1CCCCC1)\c1ccccc1","C(=C/c1ccccc1OCCCCN1CCCCC1)\c1ccccc1"
"CHEMBL463126","CC(C)=CCc1cc(/C=C/c2cc(O)cc(O)c2)c(O)cc1O","CC(C)=CCc1cc(/C=C/c2cc(O)cc(O)c2)c(O)cc1O"
"CHEMBL455201","COc1cc(/C=C\c2ccc3ccn(C)c3c2)cc(OC)c1","COc1cc(/C=C\c2ccc3ccn(C)c3c2)cc(OC)c1"
"CHEMBL267426","CC/C(=C(\c1ccc(I)cc1)c1ccc(OCCCCN(C)C)cc1)c1ccccc1","CC/C(=C(\c1ccc(I)cc1)c1ccc(OCCCCN(C)C)cc1)c1ccccc1"
"CHEMBL195747","COc1ccc(/C=C/c2cc(OC)c(OC)c(OC)c2)cc1N(C)C","COc1ccc(/C=C/c2cc(OC)c(OC)c(OC)c2)cc1N(C)C"
"CHEMBL442697","Nc1cc[n+](Cc2ccc(/C=C/c3ccc(C[n+]4ccc(N)c5ccccc54)cc3)cc2)c2ccccc12","Nc1cc[n+](Cc2ccc(/C=C/c3ccc(C[n+]4ccc(N)c5ccccc54)cc3)cc2)c2ccccc12"
"CHEMBL376423","COc1cc(C2=C(c3ccc(OCC(=O)[O-])cc3)C(O)CC2=O)cc(OC)c1OC.[Na+]","COc1cc(C2=C(c3ccc(OCC(=O)[O-])cc3)C(O)CC2=O)cc(OC)c1OC.[Na+]"
"CHEMBL313064","O=C1NC(=O)/C(=C2\CN(Cc3ccc(/C=C/c4ccccc4)cc3)S(=O)(=O)c3ccccc32)S1","O=C1NC(=O)/C(=C2\CN(Cc3ccc(/C=C/c4ccccc4)cc3)S(=O)(=O)c3ccccc32)S1"
"CHEMBL65299","CC1=C(CC(=O)NO)c2cc(F)ccc2/C1=C\c1ccc([S+](C)[O-])cc1","CC1=C(CC(=O)NO)c2cc(F)ccc2/C1=C\c1ccc([S+](C)[O-])cc1"
"CHEMBL354889","COc1cc2c(cc1OC)C1=C(c3cccc(Cl)c3)C(=O)C(=O)N1CC2","COc1cc2c(cc1OC)C1=C(c3cccc(Cl)c3)C(=O)C(=O)N1CC2"
"CHEMBL465618","COc1ccc(/C=C\c2cc(Br)c(OC)c(OC)c2)cc1OP(=O)([O-])[O-].[Na+].[Na+]","COc1ccc(/C=C\c2cc(Br)c(OC)c(OC)c2)cc1OP(=O)([O-])[O-].[Na+].[Na+]"
"CHEMBL458042","COc1ccc(/C=C\c2cc(Br)c(OC)c(OC)c2)cc1OP(=O)([O-])[O-].[Rb+].[Rb+]","COc1ccc(/C=C\c2cc(Br)c(OC)c(OC)c2)cc1OP(=O)([O-])[O-].[Rb+].[Rb+]"
"CHEMBL431110","CCCC/C(=C(/CCCC)c1cccc(OC(C)=O)c1)c1cccc(OC(C)=O)c1","CCCC/C(=C(/CCCC)c1cccc(OC(C)=O)c1)c1cccc(OC(C)=O)c1"
"CHEMBL390142","O=S(=O)(c1ccccc1)C1CC2OC1C(c1cccc(O)c1)=C2c1ccc(O)cc1","O=S(=O)(c1ccccc1)C1CC2OC1C(c1cccc(O)c1)=C2c1ccc(O)cc1"
"CHEMBL93024","CC(=O)Oc1cccc(C2=C(c3ccc(S(C)(=O)=O)cc3)COC2=O)c1","CC(=O)Oc1cccc(C2=C(c3ccc(S(C)(=O)=O)cc3)COC2=O)c1"
"CHEMBL73322","C/C(=C\c1ccc(C(=O)O)cc1)c1ccc2c(c1)C(C)(C)CCC2C","C/C(=C\c1ccc(C(=O)O)cc1)c1ccc2c(c1)C(C)(C)CCC2C"
"CHEMBL219526","CCc1cccc2c1CNc1c(cccc1CCc1ccccc1)/C=C\2COc1cccc(C(F)(F)F)c1","CCc1cccc2c1CNc1c(cccc1CCc1ccccc1)/C=C\2COc1cccc(C(F)(F)F)c1"
"CHEMBL450879","CCC(=C(c1ccccc1)c1ccccc1)c1ccc(S(=O)(=O)OC)cc1","CCC(=C(c1ccccc1)c1ccccc1)c1ccc(S(=O)(=O)OC)cc1"
"CHEMBL258337","Nc1ccc(/C=C/c2ccc(-c3nc4ccc(OCCCF)cc4o3)cc2)cc1","Nc1ccc(/C=C/c2ccc(-c3nc4ccc(OCCCF)cc4o3)cc2)cc1"
"CHEMBL74731","CNC(=O)/C(=C/c1ccc(OC)cc1)c1cc(OC)c(OC)c(OC)c1","CNC(=O)/C(=C/c1ccc(OC)cc1)c1cc(OC)c(OC)c(OC)c1"
"CHEMBL46128","CC/C(=C(\c1ccccc1)c1ccc(OCCO)cc1)c1ccccc1","CC/C(=C(\c1ccccc1)c1ccc(OCCO)cc1)c1ccccc1"
"CHEMBL396263","COc1ccc2c(c1OC)C(C(Cl)(Cl)Cl)N1CCc3cc4c(cc3C1=C2)OCO4","COc1ccc2c(c1OC)C(C(Cl)(Cl)Cl)N1CCc3cc4c(cc3C1=C2)OCO4"
"CHEMBL15900","CN(C)CCSC1=Cc2ccccc2Sc2ccc(Cl)cc21","CN(C)CCSC1=Cc2ccccc2Sc2ccc(Cl)cc21"
"CHEMBL340573","CS(=O)(=O)c1ccc(C2=C(c3ccc(Cl)cc3)CCC2)cc1","CS(=O)(=O)c1ccc(C2=C(c3ccc(Cl)cc3)CCC2)cc1"
"CHEMBL258774","CC(=O)OCO/N=[N+](\[O-])N(C)CCOC(=O)/C(=C/c1ccc(S(C)(=O)=O)cc1)c1ccc(F)cc1","CC(=O)OCO/N=[N+](\[O-])N(C)CCOC(=O)/C(=C/c1ccc(S(C)(=O)=O)cc1)c1ccc(F)cc1"
"CHEMBL10243","CCCCC1=C(c2ccc(C(C)(C)C)cc2)N2CCCN=C2c2ccccc21","CCCCC1=C(c2ccc(C(C)(C)C)cc2)N2CCCN=C2c2ccccc21"
"CHEMBL381489","CC(C)(C)C(=O)Oc1ccc2c(c1)O[C@@H](c1ccc(OCCN3CCCCC3)cc1)C1=C2COc2cc(OC(=O)C(C)(C)C)ccc21","CC(C)(C)C(=O)Oc1ccc2c(c1)O[C@@H](c1ccc(OCCN3CCCCC3)cc1)C1=C2COc2cc(OC(=O)C(C)(C)C)ccc21"
"CHEMBL176435","COc1cc(/C=C\c2ccc3ccccc3c2)ccc1F","COc1cc(/C=C\c2ccc3ccccc3c2)ccc1F"
"CHEMBL316750","COc1ccc(/C(C#N)=C\c2ccc(OC)c(N)c2)cc1","COc1ccc(/C(C#N)=C\c2ccc(OC)c(N)c2)cc1"
"CHEMBL249891","COc1ccc(C2=C(c3ccc(N=[N+]=[N-])cc3)C(=O)N3CCCC3C2)cc1","COc1ccc(C2=C(c3ccc(N=[N+]=[N-])cc3)C(=O)N3CCCC3C2)cc1"
"CHEMBL483781","COC(=O)c1ccc2c(c1)NC(=O)/C2=C(\NC1CCC(NC(=O)CN(C)C)CC1)c1ccccc1","COC(=O)c1ccc2c(c1)NC(=O)/C2=C(\NC1CCC(NC(=O)CN(C)C)CC1)c1ccccc1"
"CHEMBL501752","O=C1Nc2cc(Cl)ccc2/C1=C(/Nc1ccc(CN2CCCCC2)cc1)c1ccccc1","O=C1Nc2cc(Cl)ccc2/C1=C(/Nc1ccc(CN2CCCCC2)cc1)c1ccccc1"
"CHEMBL129939","COc1cc(C=C2c3cccc(O)c3C(=O)c3c(O)cccc32)cc(OC)c1OC","COc1cc(C=C2c3cccc(O)c3C(=O)c3c(O)cccc32)cc(OC)c1OC"
"CHEMBL226536","[O-][n+]1onc2cc(/C=C\c3ccccc3)ccc21","[O-][n+]1onc2cc(/C=C\c3ccccc3)ccc21"
"CHEMBL222390","COc1ccc(C2=C(c3cc(OC)c(OC)c(OC)c3)CC(O)C2=O)cc1[N+](=O)[O-]","COc1ccc(C2=C(c3cc(OC)c(OC)c(OC)c3)CC(O)C2=O)cc1[N+](=O)[O-]"
"CHEMBL376422","CCOC(=O)COc1ccc(C2=C(c3cc(OC)c(OC)c(OC)c3)C(=O)CC2O)cc1","CCOC(=O)COc1ccc(C2=C(c3cc(OC)c(OC)c(OC)c3)C(=O)CC2O)cc1"
"CHEMBL404941","COc1cc(OC)c(/C=C2\C(=O)Nc3ccccc32)c(OC)c1","COc1cc(OC)c(/C=C2\C(=O)Nc3ccccc32)c(OC)c1"
"CHEMBL113650","CC/C(=C(/CC)c1ccc(OC)cc1)c1ccc(OC)cc1","CC/C(=C(/CC)c1ccc(OC)cc1)c1ccc(OC)cc1"
"CHEMBL134602","CC1=CC(C)(C)Nc2ccc3c(c21)/C(=C/c1ccccc1)Oc1ccc(F)cc1-3","CC1=CC(C)(C)Nc2ccc3c(c21)/C(=C/c1ccccc1)Oc1ccc(F)cc1-3"
"CHEMBL7430","CN1CCC(C2=Cc3cc(Cl)ccc3Cc3ccccc32)CC1","CN1CCC(C2=Cc3cc(Cl)ccc3Cc3ccccc32)CC1"
"CHEMBL89578","CC1(C)CC(c2ccc(F)cc2)=C(c2ccc(S(C)(=O)=O)cc2)C1","CC1(C)CC(c2ccc(F)cc2)=C(c2ccc(S(C)(=O)=O)cc2)C1"
"CHEMBL402147","COc1cc(/C=C\c2cc([N+](=O)[O-])c(OC)c([N+](=O)[O-])c2)cc(OC)c1OC","COc1cc(/C=C\c2cc([N+](=O)[O-])c(OC)c([N+](=O)[O-])c2)cc(OC)c1OC"
"CHEMBL340458","CS(=O)(=O)c1ccc(C2=C(c3ccccc3)CCC2)cc1","CS(=O)(=O)c1ccc(C2=C(c3ccccc3)CCC2)cc1"
"CHEMBL392916","CCC(=C(c1ccc(OCCN2CCCC2)cc1)c1ccc(OCCN2CCCC2)cc1)c1ccccc1","CCC(=C(c1ccc(OCCN2CCCC2)cc1)c1ccc(OCCN2CCCC2)cc1)c1ccccc1"
"CHEMBL518935","Oc1ccc([C@H]2Oc3ccc(/C=C/c4cc(O)cc(O)c4)cc3[C@@H]2c2cc(O)cc(O)c2)cc1","Oc1ccc([C@H]2Oc3ccc(/C=C/c4cc(O)cc(O)c4)cc3[C@@H]2c2cc(O)cc(O)c2)cc1"
"CHEMBL371972","CN(C)CCOc1ccc(/C(=C(/CCCC(=O)O)c2ccccc2)c2ccc(O)cc2)cc1","CN(C)CCOc1ccc(/C(=C(/CCCC(=O)O)c2ccccc2)c2ccc(O)cc2)cc1"
"CHEMBL32505","C/C(=C\c1ccc(C(=O)O)cc1)c1cc2c(cc1C)C(C)(C)CCC2(C)C","C/C(=C\c1ccc(C(=O)O)cc1)c1cc2c(cc1C)C(C)(C)CCC2(C)C"
"CHEMBL280049","CCC1=C(c2ccccc2)c2ccc(OCCN(C)C)cc2Sc2ccccc21","CCC1=C(c2ccccc2)c2ccc(OCCN(C)C)cc2Sc2ccccc21"
"CHEMBL218926","CC(=O)NC/C(=C/c1ccccc1)c1ccccc1","CC(=O)NC/C(=C/c1ccccc1)c1ccccc1"
"CHEMBL148604","COc1ccc(/C=C\c2cc(OC)c3c(c2)OCO3)cc1NC(=O)OCC1c2ccccc2-c2ccccc21","COc1ccc(/C=C\c2cc(OC)c3c(c2)OCO3)cc1NC(=O)OCC1c2ccccc2-c2ccccc21"
"CHEMBL49755","O=C(CO)Nc1ccc(/C=C/c2ccccc2)cc1","O=C(CO)Nc1ccc(/C=C/c2ccccc2)cc1"
"CHEMBL329999","CS(=O)(=O)c1ccc(C2=C(c3ccc(C(F)(F)F)cc3)CC3(CC3)C2)cc1","CS(=O)(=O)c1ccc(C2=C(c3ccc(C(F)(F)F)cc3)CC3(CC3)C2)cc1"
"CHEMBL334402","N#C/C(=C\c1ccc(O)cc1)c1ccc(O)cc1","N#C/C(=C\c1ccc(O)cc1)c1ccc(O)cc1"
"CHEMBL136410","CC1(C)CCOc2ccc(/C(=C/c3ccc(C(=O)O)cc3)C(F)(F)F)cc21","CC1(C)CCOc2ccc(/C(=C/c3ccc(C(=O)O)cc3)C(F)(F)F)cc21"
"CHEMBL229581","COc1ccc(/C=C/c2cc(OC)cc(OC)c2CNCc2ccccc2)cc1","COc1ccc(/C=C/c2cc(OC)cc(OC)c2CNCc2ccccc2)cc1"
"CHEMBL464650","O=C(O)/C=C/c1ccc(O)c2c1C=Cc1cc(O)c(O)cc1O2","O=C(O)/C=C/c1ccc(O)c2c1C=Cc1cc(O)c(O)cc1O2"
"CHEMBL23808","CS(=O)(=O)c1ccc(C2=C(c3ccc(F)c(Cl)c3)C(=O)CC2)cc1","CS(=O)(=O)c1ccc(C2=C(c3ccc(F)c(Cl)c3)C(=O)CC2)cc1"
"CHEMBL282309","CC/C(=C(\c1ccccc1)c1ccc(OCCN2CCOCC2)cc1)c1ccccc1","CC/C(=C(\c1ccccc1)c1ccc(OCCN2CCOCC2)cc1)c1ccccc1"
"CHEMBL215767","COc1ccc(/C=C/c2cccc(F)c2)cc1","COc1ccc(/C=C/c2cccc(F)c2)cc1"
"CHEMBL74762","COc1ccc(/C=C/c2cc(OC)c(OC(C)=O)c(OC)c2)cc1","COc1ccc(/C=C/c2cc(OC)c(OC(C)=O)c(OC)c2)cc1"
"CHEMBL89556","COc1cc(OC)c(OC)cc1/C=C/c1cc(OC)c(OC)c(OC)c1","COc1cc(OC)c(OC)cc1/C=C/c1cc(OC)c(OC)c(OC)c1"
"CHEMBL308170","CC(C)(C)c1cc(C2=Cc3ccc(C(=O)O)cc3OC2)cc(C(C)(C)C)c1O","CC(C)(C)c1cc(C2=Cc3ccc(C(=O)O)cc3OC2)cc(C(C)(C)C)c1O"
"CHEMBL455693","O=C(O)c1cc(/C=C/c2cc(C(=O)O)c(O)c(-c3ccccc3)c2)ccc1O","O=C(O)c1cc(/C=C/c2cc(C(=O)O)c(O)c(-c3ccccc3)c2)ccc1O"
"CHEMBL218866","O=C1c2ccccc2/C(=C/c2ccc(O)c(O)c2)c2sccc21","O=C1c2ccccc2/C(=C/c2ccc(O)c(O)c2)c2sccc21"
"CHEMBL181427","CC/C(=C(/CC)c1cccc(O)c1)c1ccc(O)cc1","CC/C(=C(/CC)c1cccc(O)c1)c1ccc(O)cc1"
"CHEMBL58389","COc1ccc(C2=C(c3cc(OC)c(OC)c(OC)c3)C(=O)CC2)cc1O","COc1ccc(C2=C(c3cc(OC)c(OC)c(OC)c3)C(=O)CC2)cc1O"
"CHEMBL274221","COc1ccc(C2=C(c3cc(OC)c(OC)c(OC)c3)C(=O)CC2OC(C)=O)cc1NC=O","COc1ccc(C2=C(c3cc(OC)c(OC)c(OC)c3)C(=O)CC2OC(C)=O)cc1NC=O"
"CHEMBL375749","COc1ccc(C2=C(c3cc(OC)c(OC)c(OC)c3)/C(=N\O)C(OC(C)=O)C2)cc1Cl","COc1ccc(C2=C(c3cc(OC)c(OC)c(OC)c3)/C(=N\O)C(OC(C)=O)C2)cc1Cl"
"CHEMBL374285","COc1ccc(C2=C(c3cc(OC)c(OC)c(OC)c3)/C(=N\O)C(O)C2)cc1F","COc1ccc(C2=C(c3cc(OC)c(OC)c(OC)c3)/C(=N\O)C(O)C2)cc1F"
"CHEMBL213838","O=C1CCC2(Cc3ccccc3)Cc3cc(O)ccc3C2=C1c1ccc(OCCN2CCOCC2)cc1","O=C1CCC2(Cc3ccccc3)Cc3cc(O)ccc3C2=C1c1ccc(OCCN2CCOCC2)cc1"
"CHEMBL109104","COc1ccc2c(c1)OC(c1ccc(OCCN3CCCC3)cc1)C(c1ccccc1)=C2","COc1ccc2c(c1)OC(c1ccc(OCCN3CCCC3)cc1)C(c1ccccc1)=C2"
"CHEMBL84523","Nc1ccc(/C=C/c2ccc(F)cc2)cc1","Nc1ccc(/C=C/c2ccc(F)cc2)cc1"
"CHEMBL44223","CC1(C)OC(c2ccc(S(C)(=O)=O)cc2)=C(c2cc(F)cc(F)c2)C1=O","CC1(C)OC(c2ccc(S(C)(=O)=O)cc2)=C(c2cc(F)cc(F)c2)C1=O"
"CHEMBL298468","CC1(C)OC(c2ccc(S(C)(=O)=O)cc2)=C(c2ccccc2)C1=O","CC1(C)OC(c2ccc(S(C)(=O)=O)cc2)=C(c2ccccc2)C1=O"
"CHEMBL218562","COc1ccc(/C=C/c2ccccc2F)cc1","COc1ccc(/C=C/c2ccccc2F)cc1"
"CHEMBL409954","c1ccc(N[C@@]23CCC[C@@H]2CC(c2ccccc2)=C3c2ccccc2)cc1","c1ccc(N[C@@]23CCC[C@@H]2CC(c2ccccc2)=C3c2ccccc2)cc1"
"CHEMBL477239","O=C1Nc2ccccc2/C1=C\c1ccccc1","O=C1Nc2ccccc2/C1=C\c1ccccc1"
"CHEMBL428715","COc1cc(/C=C/c2cc(O)c(C/C=C(\C)CCC=C(C)C)c(O)c2)cc2c1O[C@]1(C)CC[C@@H](O)C(C)(C)[C@H]1C2","COc1cc(/C=C/c2cc(O)c(C/C=C(\C)CCC=C(C)C)c(O)c2)cc2c1O[C@]1(C)CC[C@@H](O)C(C)(C)[C@H]1C2"
"CHEMBL104631","COc1cc(CCc2ccc(C3=Cc4ccccc4C4=NCC(C)(C)CN34)cc2)cc(OC)c1OC","COc1cc(CCc2ccc(C3=Cc4ccccc4C4=NCC(C)(C)CN34)cc2)cc(OC)c1OC"
"CHEMBL36051","CCCC(=C(c1ccc(OC(C)=O)cc1)c1ccc(OC(C)=O)cc1)c1ccccc1","CCCC(=C(c1ccc(OC(C)=O)cc1)c1ccc(OC(C)=O)cc1)c1ccccc1"
"CHEMBL342789","Oc1ccc(/C=C/c2cc(O)cc(O)c2Br)cc1","Oc1ccc(/C=C/c2cc(O)cc(O)c2Br)cc1"
"CHEMBL483226","COc1ccc(C2=C(c3ccc(OC)c(OC)c3)C[C@H]3CCCN3C2)cc1","COc1ccc(C2=C(c3ccc(OC)c(OC)c3)C[C@H]3CCCN3C2)cc1"
"CHEMBL193628","CCOC(=O)Cc1ccc(/C=C2/C(=O)Oc3ccccc32)cc1","CCOC(=O)Cc1ccc(/C=C2/C(=O)Oc3ccccc32)cc1"
"CHEMBL47911","COc1ccc(OC)c(/C=C\c2ccc(OC)c(C(=O)NCCc3ccccc3)c2)c1","COc1ccc(OC)c(/C=C\c2ccc(OC)c(C(=O)NCCc3ccccc3)c2)c1"
"CHEMBL1376","CC1=C(CC(=O)O)c2cc(F)ccc2/C1=C/c1ccc([S+](C)[O-])cc1","CC1=C(CC(=O)O)c2cc(F)ccc2/C1=C/c1ccc([S+](C)[O-])cc1"
"CHEMBL256178","CNc1ccc(/C=C/c2ccc(-c3nc4cc(OCCCF)ccc4s3)cc2)cc1","CNc1ccc(/C=C/c2ccc(-c3nc4cc(OCCCF)ccc4s3)cc2)cc1"
"CHEMBL372896","COc1ccc(/C=C\c2cc(OC)c(O)c(OC)c2)cc1O","COc1ccc(/C=C\c2cc(OC)c(O)c(OC)c2)cc1O"
"CHEMBL291838","COc1ccc(/C=C2/C(=O)Nc3ccccc32)cc1OC1CC2CCC1C2","COc1ccc(/C=C2/C(=O)Nc3ccccc32)cc1OC1CC2CCC1C2"
"CHEMBL380269","O=C1O/C(=C\c2cccc3ccccc23)c2ccccc21","O=C1O/C(=C\c2cccc3ccccc23)c2ccccc21"
"CHEMBL10824","O=C(O)Cc1ccc2c(c1)C=Cc1ccccc1O2","O=C(O)Cc1ccc2c(c1)C=Cc1ccccc1O2"
"CHEMBL223768","O=S(=O)(Oc1ccc(O)cc1)C1CC2OC1C(c1ccc(O)cc1)=C2c1ccc(O)cc1","O=S(=O)(Oc1ccc(O)cc1)C1CC2OC1C(c1ccc(O)cc1)=C2c1ccc(O)cc1"
"CHEMBL82247","Cc1ccccc1/N=C(/N)Nc1ccccc1/C=C/c1ccccc1","Cc1ccccc1/N=C(/N)Nc1ccccc1/C=C/c1ccccc1"
"CHEMBL282924","CS(=O)(=O)c1ccc(C2=C(c3cc(Cl)cc(Cl)c3)C(=O)CC2)cc1","CS(=O)(=O)c1ccc(C2=C(c3cc(Cl)cc(Cl)c3)C(=O)CC2)cc1"
"CHEMBL145356","CCC(=C(c1ccc(O)cc1)c1ccc(O)cc1)c1ccc(OCC(=O)O)cc1","CCC(=C(c1ccc(O)cc1)c1ccc(O)cc1)c1ccc(OCC(=O)O)cc1"
"CHEMBL27283","C1=C(c2ccccc2)C(c2ccc(OCCN3CCCCC3)cc2)Oc2ccccc21","C1=C(c2ccccc2)C(c2ccc(OCCN3CCCCC3)cc2)Oc2ccccc21"
"CHEMBL298356","CS(=O)(=O)c1ccc(C2=C(c3ccc(F)cc3)C(=O)N(c3ccccc3)C2)cc1","CS(=O)(=O)c1ccc(C2=C(c3ccc(F)cc3)C(=O)N(c3ccccc3)C2)cc1"
"CHEMBL120759","C/C(=C\c1ccc(C(=O)O)cc1)c1ccc2c(c1)C(C)(C)CO2","C/C(=C\c1ccc(C(=O)O)cc1)c1ccc2c(c1)C(C)(C)CO2"
"CHEMBL218808","CC(=O)NC/C(=C\c1ccccc1)c1ccccc1","CC(=O)NC/C(=C\c1ccccc1)c1ccccc1"
"CHEMBL466233","CC(C)c1onc(CO)c1COc1ccc(/C=C/c2cccc(C(=O)O)c2)c(Cl)c1","CC(C)c1onc(CO)c1COc1ccc(/C=C/c2cccc(C(=O)O)c2)c(Cl)c1"
"CHEMBL81879","CC/C(=C(\c1ccc(I)cc1)c1ccc(OCCN(CC)CC)cc1)c1ccccc1","CC/C(=C(\c1ccc(I)cc1)c1ccc(OCCN(CC)CC)cc1)c1ccccc1"
"CHEMBL429127","COc1ccc(/C=C\c2cc(OC)c(OC)c(OC)c2)c(N)c1N.Cl.Cl","COc1ccc(/C=C\c2cc(OC)c(OC)c(OC)c2)c(N)c1N.Cl.Cl"
"CHEMBL217041","COc1ccc(/C=C\c2cc(OC)c(OC)c(OC)c2)c(N)c1","COc1ccc(/C=C\c2cc(OC)c(OC)c(OC)c2)c(N)c1"
"CHEMBL82830","CN(C)c1ccc(/C=C/c2ccccc2F)cc1","CN(C)c1ccc(/C=C/c2ccccc2F)cc1"
"CHEMBL365089","CCCCCS(=O)(=O)CCCCCCCCCC/C(=C(/CC)c1cccc(O)c1)c1ccc(O)cc1","CCCCCS(=O)(=O)CCCCCCCCCC/C(=C(/CC)c1cccc(O)c1)c1ccc(O)cc1"
"CHEMBL319861","Cc1cc(OCc2c(-c3c(Cl)cccc3Cl)noc2C(C)C)cc(C)c1/C=C/c1cccc(C(=O)O)c1","Cc1cc(OCc2c(-c3c(Cl)cccc3Cl)noc2C(C)C)cc(C)c1/C=C/c1cccc(C(=O)O)c1"
"CHEMBL291639","Cc1ccc(/C(=C(\C#N)c2ccccc2)c2ccc(O)cc2)cc1","Cc1ccc(/C(=C(\C#N)c2ccccc2)c2ccc(O)cc2)cc1"
"CHEMBL92876","OC/C(=C/c1cc(OCc2ccsc2)ccc1Br)c1ccccc1","OC/C(=C/c1cc(OCc2ccsc2)ccc1Br)c1ccccc1"
"CHEMBL283246","CC/C(=C(\c1ccccc1)c1ccc(OC(C)=O)c(OC(C)=O)c1)c1cccc(OC(C)=O)c1","CC/C(=C(\c1ccccc1)c1ccc(OC(C)=O)c(OC(C)=O)c1)c1cccc(OC(C)=O)c1"
"CHEMBL195527","Oc1ccc(C2=C(c3ccc(O)cc3)C3CCC2CC3)cc1","Oc1ccc(C2=C(c3ccc(O)cc3)C3CCC2CC3)cc1"
"CHEMBL338715","O=C1c2c(O)cccc2C(=Cc2ccccc2)c2cccc(O)c21","O=C1c2c(O)cccc2C(=Cc2ccccc2)c2cccc(O)c21"
"CHEMBL179291","O=S(=O)(c1ccccc1)n1ccc2cc(/C=C/c3ccc4ccccc4c3)ccc21","O=S(=O)(c1ccccc1)n1ccc2cc(/C=C/c3ccc4ccccc4c3)ccc21"
"CHEMBL286793","CC/C(=C(/c1ccc(OCCN(C)C)cc1)c1ccccc1O)c1ccccc1","CC/C(=C(/c1ccc(OCCN(C)C)cc1)c1ccccc1O)c1ccccc1"
"CHEMBL209014","Oc1ccc2c(c1)OC(c1ccccc1)C1=C2COc2cc(O)ccc21","Oc1ccc2c(c1)OC(c1ccccc1)C1=C2COc2cc(O)ccc21"
"CHEMBL310465","CC/C(=C(/c1ccc(Br)cc1)c1ccc(OCCN(C)C)cc1)c1ccccc1","CC/C(=C(/c1ccc(Br)cc1)c1ccc(OCCN(C)C)cc1)c1ccccc1"
"CHEMBL226413","[O-][n+]1onc2cc(/C=C/c3ccc(Cl)cc3)ccc21","[O-][n+]1onc2cc(/C=C/c3ccc(Cl)cc3)ccc21"
"CHEMBL405623","CS(=O)(=O)c1ccc(C2=C(c3ccc4c(c3)OCO4)CCC2)cc1","CS(=O)(=O)c1ccc(C2=C(c3ccc4c(c3)OCO4)CCC2)cc1"
"CHEMBL452813","COc1ccc(/C=C\c2cc(OC)c3c(c2)OCO3)cc1NC(=O)[C@H](C)[C@@H](OC)[C@@H]1CCCN1C(=O)OC(C)(C)C","COc1ccc(/C=C\c2cc(OC)c3c(c2)OCO3)cc1NC(=O)[C@H](C)[C@@H](OC)[C@@H]1CCCN1C(=O)OC(C)(C)C"
"CHEMBL130560","O=C1c2c(O)cccc2C(=Cc2ccc(O)c(O)c2)c2cccc(O)c21","O=C1c2c(O)cccc2C(=Cc2ccc(O)c(O)c2)c2cccc(O)c21"
"CHEMBL75311","CC(C)(C)c1cc(C2=Cc3ccc(C(=O)O)cc3OC2)ccc1O","CC(C)(C)c1cc(C2=Cc3ccc(C(=O)O)cc3OC2)ccc1O"
"CHEMBL319606","Cc1cc(OCc2c(-c3c(Cl)cccc3Cl)noc2C(C)C)cc(C)c1/C=C/c1ccc(C(=O)O)cc1","Cc1cc(OCc2c(-c3c(Cl)cccc3Cl)noc2C(C)C)cc(C)c1/C=C/c1ccc(C(=O)O)cc1"
"CHEMBL460619","COc1cc(/C=C/c2ccc(NC(=O)[C@@H]3CCCN3P(=O)(OC(C)C)OC(C)C)cc2)cc(OC)c1","COc1cc(/C=C/c2ccc(NC(=O)[C@@H]3CCCN3P(=O)(OC(C)C)OC(C)C)cc2)cc(OC)c1"
"CHEMBL529732","Cc1ccc(N2C(=O)C3C(C2=O)C2(c4ccccc4)C(=O)C3(c3ccccc3)C(c3ccccc3)=C2c2ccccc2)cc1","Cc1ccc(N2C(=O)C3C(C2=O)C2(c4ccccc4)C(=O)C3(c3ccccc3)C(c3ccccc3)=C2c2ccccc2)cc1"
"CHEMBL474127","C/C(=C\c1cc(O)cc(O)c1)c1ccc(O)cc1","C/C(=C\c1cc(O)cc(O)c1)c1ccc(O)cc1"
"CHEMBL69609","CC(=O)NC[C@H]1CN(c2ccc(/C=C(\Br)c3cccc(CO)c3)c(F)c2)C(=O)O1","CC(=O)NC[C@H]1CN(c2ccc(/C=C(\Br)c3cccc(CO)c3)c(F)c2)C(=O)O1"
"CHEMBL395187","CC(C)CCc1sc(NC(=O)c2cc(NC(=O)c3ccc(/C=C/c4ccc5ccccc5c4)cc3)cn2C)nc1C(=O)NCCN1CCOCC1","CC(C)CCc1sc(NC(=O)c2cc(NC(=O)c3ccc(/C=C/c4ccc5ccccc5c4)cc3)cn2C)nc1C(=O)NCCN1CCOCC1"
"CHEMBL175431","COc1ccc(/C=C\c2cc(OC)c3ccccc3c2)cc1O","COc1ccc(/C=C\c2cc(OC)c3ccccc3c2)cc1O"
"CHEMBL75848","CC1(C)CCC(C)(C)c2cc(C3=Cc4ccc(C(=O)O)cc4OC3)ccc21","CC1(C)CCC(C)(C)c2cc(C3=Cc4ccc(C(=O)O)cc4OC3)ccc21"
"CHEMBL194754","Nc1ccc(/C=C/c2ccc(O)cc2)cc1","Nc1ccc(/C=C/c2ccc(O)cc2)cc1"
"CHEMBL456769","O=C(O)CC1=C/C(=C\c2ccc3nccnc3c2)c2ccc(F)cc21","O=C(O)CC1=C/C(=C\c2ccc3nccnc3c2)c2ccc(F)cc21"
"CHEMBL18381","C(=C/c1cccc(-c2nn[nH]n2)c1)\c1cccc(OCc2ccc3ccccc3n2)c1","C(=C/c1cccc(-c2nn[nH]n2)c1)\c1cccc(OCc2ccc3ccccc3n2)c1"
"CHEMBL466872","O=C1Nc2ccc(/C=C/c3ccccc3)cc2C1=O","O=C1Nc2ccc(/C=C/c3ccccc3)cc2C1=O"
"CHEMBL69011","Nc1ccc(/C=C/c2ccccc2)cc1","Nc1ccc(/C=C/c2ccccc2)cc1"
"CHEMBL508081","COc1cc2c(cc1OC)Oc1c(O)ccc(CCN(C)C)c1C=C2","COc1cc2c(cc1OC)Oc1c(O)ccc(CCN(C)C)c1C=C2"
"CHEMBL389013","O=S(=O)(c1ccccc1)C1CC2OC1C(c1ccc(O)cc1)=C2c1ccc(O)cc1","O=S(=O)(c1ccccc1)C1CC2OC1C(c1ccc(O)cc1)=C2c1ccc(O)cc1"
"CHEMBL8769","CC(=O)Nc1ccc(/C=C/c2ccc(C#N)cc2)cc1","CC(=O)Nc1ccc(/C=C/c2ccc(C#N)cc2)cc1"
"CHEMBL307116","O=C1O/C(=C\c2ccc3c(c2)OCO3)c2ccccc21","O=C1O/C(=C\c2ccc3c(c2)OCO3)c2ccccc21"
"CHEMBL362318","CS(=O)(=O)c1ccc(/C=C2\OC(=O)c3ccccc32)cc1","CS(=O)(=O)c1ccc(/C=C2\OC(=O)c3ccccc32)cc1"
"CHEMBL413309","CC1=CC(C)(C)Nc2ccc3c(c21)/C(=C/c1ccccc1)Oc1c(F)cccc1-3","CC1=CC(C)(C)Nc2ccc3c(c21)/C(=C/c1ccccc1)Oc1c(F)cccc1-3"
"CHEMBL207045","CC1(C)[N+]([O-])=c2ccc(/C=C/c3ccccc3)cc2=[N+]1[O-]","CC1(C)[N+]([O-])=c2ccc(/C=C/c3ccccc3)cc2=[N+]1[O-]"
"CHEMBL475135","COc1ccc(/C(C)=C/c2cc(O)cc(O)c2)cc1OC","COc1ccc(/C(C)=C/c2cc(O)cc(O)c2)cc1OC"
"CHEMBL442784","COc1cc(/C=C\c2ccc3[nH]ccc3c2)cc(OC)c1OC","COc1cc(/C=C\c2ccc3[nH]ccc3c2)cc(OC)c1OC"
"CHEMBL178806","COc1ccc(/C=C/c2cc(F)cc(F)c2)cc1","COc1ccc(/C=C/c2cc(F)cc(F)c2)cc1"
"CHEMBL478700","COc1cc(/C=C(/C(=O)O)c2ccccc2)ccc1O","COc1cc(/C=C(/C(=O)O)c2ccccc2)ccc1O"
"CHEMBL457224","COc1cc(/C=C/c2ccc(NC(=O)CCCCCNP(=O)(OC(C)C)OC(C)C)cc2)cc(OC)c1","COc1cc(/C=C/c2ccc(NC(=O)CCCCCNP(=O)(OC(C)C)OC(C)C)cc2)cc(OC)c1"
"CHEMBL98041","CSc1ccc(C2=C(c3ccc(F)cc3)CN(C)O2)cc1","CSc1ccc(C2=C(c3ccc(F)cc3)CN(C)O2)cc1"
"CHEMBL102949","COc1ccc(/C=C(/C#N)c2cc(OC)c(OC)c(OC)c2)cc1NC(C)=O","COc1ccc(/C=C(/C#N)c2cc(OC)c(OC)c(OC)c2)cc1NC(C)=O"
"CHEMBL109995","C1=C(c2ccccc2)C(c2cccc(OCCN3CCCCC3)c2)Oc2ccccc21","C1=C(c2ccccc2)C(c2cccc(OCCN3CCCCC3)c2)Oc2ccccc21"
"CHEMBL306439","CCC1=C(c2ccc(O)cc2)C(CC)c2ccccc21","CCC1=C(c2ccc(O)cc2)C(CC)c2ccccc21"
"CHEMBL296009","COc1ccc(C2=C(c3ccc(SC)cc3)CC3CCCN3C2=O)cc1C","COc1ccc(C2=C(c3ccc(SC)cc3)CC3CCCN3C2=O)cc1C"
"CHEMBL72365","O=C1Nc2ccc(I)cc2/C1=C/c1cc(Br)c(O)c(Br)c1","O=C1Nc2ccc(I)cc2/C1=C/c1cc(Br)c(O)c(Br)c1"
"CHEMBL412451","CCC1=C(c2ccc(O)cc2)C(C)c2cc(O)ccc21","CCC1=C(c2ccc(O)cc2)C(C)c2cc(O)ccc21"
"CHEMBL284384","O=c1c(C(c2ccc(/C=C/c3ccccc3)cc2)c2c(O)oc3ccccc3c2=O)c(O)oc2ccccc12","O=c1c(C(c2ccc(/C=C/c3ccccc3)cc2)c2c(O)oc3ccccc3c2=O)c(O)oc2ccccc12"
"CHEMBL180217","COc1cc(/C=C\c2ccc(N(C)C)c(N)c2)cc(OC)c1OC","COc1cc(/C=C\c2ccc(N(C)C)c(N)c2)cc(OC)c1OC"
"CHEMBL468193","COc1ccc(/C(F)=C(\F)c2cc(OC)c(OC)c(OC)c2)cc1N","COc1ccc(/C(F)=C(\F)c2cc(OC)c(OC)c(OC)c2)cc1N"
"CHEMBL512995","COc1cc(/C=C/c2cc(O)c3ccoc3c2)cc(OC)c1OC","COc1cc(/C=C/c2cc(O)c3ccoc3c2)cc(OC)c1OC"
"CHEMBL100922","Oc1ccc(/C=C/c2ccccc2)cc1O","Oc1ccc(/C=C/c2ccccc2)cc1O"
"CHEMBL234082","N#Cc1ccc(OCc2ccc(F)cc2)c(C2=C(c3cccc(C(=O)O)c3)CCC2)c1","N#Cc1ccc(OCc2ccc(F)cc2)c(C2=C(c3cccc(C(=O)O)c3)CCC2)c1"
"CHEMBL510467","O=C1Nc2ccccc2/C1=C\c1cccc(F)c1","O=C1Nc2ccccc2/C1=C\c1cccc(F)c1"
"CHEMBL468213","COc1ccc(/C(F)=C\c2cc(OC)c(OC)c(OC)c2)cc1F","COc1ccc(/C(F)=C\c2cc(OC)c(OC)c(OC)c2)cc1F"
"CHEMBL119259","CC1=C2CCc3cc(/C=C\c4ccccc4)ccc3N2CCC1=O","CC1=C2CCc3cc(/C=C\c4ccccc4)ccc3N2CCC1=O"
"CHEMBL476865","Cc1ccc(/C=C2/C(=O)Nc3ccccc32)cc1","Cc1ccc(/C=C2/C(=O)Nc3ccccc32)cc1"
"CHEMBL176338","O=C(CCCN1CCN(c2ccccc2)CC1)NC1c2ccccc2C=Cc2ccccc21","O=C(CCCN1CCN(c2ccccc2)CC1)NC1c2ccccc2C=Cc2ccccc21"
"CHEMBL115841","N.N.O=[N+]([O-])c1ccc(/C=C\c2cccc(C(F)(F)P(=O)(O)O)c2)cc1","N.N.O=[N+]([O-])c1ccc(/C=C\c2cccc(C(F)(F)P(=O)(O)O)c2)cc1"
"CHEMBL515152","COc1cccc(/C=C2/C(=O)Nc3cc(Cl)ccc32)c1","COc1cccc(/C=C2/C(=O)Nc3cc(Cl)ccc32)c1"
"CHEMBL284393","C[N+](C)(CCCCCC[N+](C)(C)CCCN1C(=O)c2ccccc2/C1=C/c1ccccc1)CCCN1C(=O)c2ccccc2/C1=C/c1ccccc1","C[N+](C)(CCCCCC[N+](C)(C)CCCN1C(=O)c2ccccc2/C1=C/c1ccccc1)CCCN1C(=O)c2ccccc2/C1=C/c1ccccc1"
"CHEMBL190846","CCCC/C(=C\c1ccc(C(=O)O)cc1)c1ccc2c(c1)C(C)(C)CCC2(C)C","CCCC/C(=C\c1ccc(C(=O)O)cc1)c1ccc2c(c1)C(C)(C)CCC2(C)C"
"CHEMBL168622","CC/C(=C(\c1ccccc1)c1ccc(OCCN2CC2)cc1)c1ccccc1","CC/C(=C(\c1ccccc1)c1ccc(OCCN2CC2)cc1)c1ccccc1"
"CHEMBL83126","Nc1ccc(/C=C/c2ccc(N)cc2)cc1","Nc1ccc(/C=C/c2ccc(N)cc2)cc1"
"CHEMBL296877","COC(=O)c1cc(/C=C\c2cc(OC)ccc2OC)ccc1OC","COC(=O)c1cc(/C=C\c2cc(OC)ccc2OC)ccc1OC"
"CHEMBL223046","CC(C)=CCc1c(O)cc(/C=C/c2cc(O)c3c(c2)C[C@@H]2C(C)(C)[C@H](O)[C@H](O)C[C@@]2(C)O3)cc1O","CC(C)=CCc1c(O)cc(/C=C/c2cc(O)c3c(c2)C[C@@H]2C(C)(C)[C@H](O)[C@H](O)C[C@@]2(C)O3)cc1O"
"CHEMBL496464","CSc1ccc(/C=C2\C=C(CC(=O)O)c3cc(F)ccc32)cc1","CSc1ccc(/C=C2\C=C(CC(=O)O)c3cc(F)ccc32)cc1"
"CHEMBL513583","OC[C@H]1O[C@@H](Oc2ccc(/C=C\c3cc(O)cc(O)c3)cc2O)[C@H](O)[C@@H](O)[C@@H]1O","OC[C@H]1O[C@@H](Oc2ccc(/C=C\c3cc(O)cc(O)c3)cc2O)[C@H](O)[C@@H](O)[C@@H]1O"
"CHEMBL466553","COc1cc(/C=C/c2cc(O)c3ccsc3c2)cc(OC)c1OC","COc1cc(/C=C/c2cc(O)c3ccsc3c2)cc(OC)c1OC"
"CHEMBL219402","CCc1cccc2c1CNc1c(cccc1CCc1ccccc1)/C=C\2COc1ccccc1C(=O)OC","CCc1cccc2c1CNc1c(cccc1CCc1ccccc1)/C=C\2COc1ccccc1C(=O)OC"
"CHEMBL218409","CCc1cccc2c1CNc1c(cccc1CCc1ccccc1)/C=C\2COc1cccc(Cl)c1","CCc1cccc2c1CNc1c(cccc1CCc1ccccc1)/C=C\2COc1cccc(Cl)c1"
"CHEMBL341872","C1=C(SCCN2CCOCC2)c2ccccc2Oc2ccccc21","C1=C(SCCN2CCOCC2)c2ccccc2Oc2ccccc21"
"CHEMBL421773","C/C(=C\c1ccc(C(=O)O)cc1)c1ccc(O)c(C23CC4CC(CC(C4)C2)C3)c1","C/C(=C\c1ccc(C(=O)O)cc1)c1ccc(O)c(C23CC4CC(CC(C4)C2)C3)c1"
"CHEMBL37961","COc1ccc(/C=C\c2cc(OC)c(OC)c(OC)c2)cc1OP(=O)(O)OC.N","COc1ccc(/C=C\c2cc(OC)c(OC)c(OC)c2)cc1OP(=O)(O)OC.N"
"CHEMBL280009","CC1(O)OC(=O)C(c2ccc(F)c(F)c2)=C1c1ccc(S(C)(=O)=O)cc1","CC1(O)OC(=O)C(c2ccc(F)c(F)c2)=C1c1ccc(S(C)(=O)=O)cc1"
"CHEMBL370609","CCC1=C(c2ccc(O)cc2)C(C(=O)O)c2cc(O)ccc21","CCC1=C(c2ccc(O)cc2)C(C(=O)O)c2cc(O)ccc21"
"CHEMBL147100","COc1ccc(C(=O)/C(=C/c2ccccc2)c2ccccc2)cc1","COc1ccc(C(=O)/C(=C/c2ccccc2)c2ccccc2)cc1"
"CHEMBL178917","Fc1ccc(/C=C\c2cc(F)cc(F)c2)cc1","Fc1ccc(/C=C\c2cc(F)cc(F)c2)cc1"
"CHEMBL374109","O=C1c2ccccc2/C(=C/c2cc(Br)c(O)c(Br)c2)c2sccc21","O=C1c2ccccc2/C(=C/c2cc(Br)c(O)c(Br)c2)c2sccc21"
"CHEMBL368597","CC(=O)NS(=O)(=O)c1ccc(C2=C(c3ccc(S(C)(=O)=O)cc3)COC2=O)cc1","CC(=O)NS(=O)(=O)c1ccc(C2=C(c3ccc(S(C)(=O)=O)cc3)COC2=O)cc1"
"CHEMBL56559","CC/C(=C(\c1ccc(OC(C)=O)cc1)c1cccc(OC(C)=O)c1)c1ccccc1","CC/C(=C(\c1ccc(OC(C)=O)cc1)c1cccc(OC(C)=O)c1)c1ccccc1"
"CHEMBL497164","COc1ccc(/C=C/c2cc(F)c(F)c(F)c2)c([N+](=O)[O-])c1","COc1ccc(/C=C/c2cc(F)c(F)c(F)c2)c([N+](=O)[O-])c1"
"CHEMBL179243","CCOc1ccc(/C=C\c2cc(OC)cc(OC)c2)cc1","CCOc1ccc(/C=C\c2cc(OC)cc(OC)c2)cc1"
"CHEMBL513735","CS(=O)(=O)c1ccc(C2=C(c3ccc(OCCN4CCCC4)cc3)c3ccc(F)cc3OCC2)cc1","CS(=O)(=O)c1ccc(C2=C(c3ccc(OCCN4CCCC4)cc3)c3ccc(F)cc3OCC2)cc1"
"CHEMBL346714","O=C(O)C1CCCN(CCCCOc2ccccc2/C=C/c2ccccc2)C1","O=C(O)C1CCCN(CCCCOc2ccccc2/C=C/c2ccccc2)C1"
"CHEMBL158160","C(=C/c1ccccc1OCCCCN1CCNCC1)\c1ccccc1","C(=C/c1ccccc1OCCCCN1CCNCC1)\c1ccccc1"
"CHEMBL489490","COc1cc(/C=C(/c2cccc(C(F)(F)F)c2)C(F)(F)F)cc(OC)c1","COc1cc(/C=C(/c2cccc(C(F)(F)F)c2)C(F)(F)F)cc(OC)c1"
"CHEMBL349117","OCC1CCCN(CCCCOc2ccccc2/C=C/c2ccccc2)C1","OCC1CCCN(CCCCOc2ccccc2/C=C/c2ccccc2)C1"
"CHEMBL90051","CC1=C(c2ccc(O)cc2)C(CCCCCCN2CCOCC2)c2ccc(O)cc21","CC1=C(c2ccc(O)cc2)C(CCCCCCN2CCOCC2)c2ccc(O)cc21"
"CHEMBL202135","COc1ccc(C2=C(c3ccccc3)C(=O)NC2=O)cc1OC","COc1ccc(C2=C(c3ccccc3)C(=O)NC2=O)cc1OC"
"CHEMBL254439","COc1cc(O)ccc1CCC(c1ccc(O)cc1)c1c(/C=C/c2ccc(O)cc2)cc(O)cc1OC","COc1cc(O)ccc1CCC(c1ccc(O)cc1)c1c(/C=C/c2ccc(O)cc2)cc(O)cc1OC"
"CHEMBL160165","CN(C)CCCCOc1cccc(/C=C/c2ccccc2)c1","CN(C)CCCCOc1cccc(/C=C/c2ccccc2)c1"
"CHEMBL160751","COC(=O)C1CCCN(CCCCOc2ccccc2/C=C/c2ccccc2)C1","COC(=O)C1CCCN(CCCCOc2ccccc2/C=C/c2ccccc2)C1"
"CHEMBL197800","COc1cc(OC)c2c(c1)OC(=O)/C2=C/c1ccc(OC)c(O)c1","COc1cc(OC)c2c(c1)OC(=O)/C2=C/c1ccc(OC)c(O)c1"
"CHEMBL189425","COC(=O)/C=C/c1cccc(N(Cc2ccc(/C=C/c3cccc(C(F)(F)F)c3)cc2)C(=O)C(C)C)c1","COC(=O)/C=C/c1cccc(N(Cc2ccc(/C=C/c3cccc(C(F)(F)F)c3)cc2)C(=O)C(C)C)c1"
"CHEMBL231694","O=C(Nc1ccccc1)c1ccc(/C=C/c2ccc(O)c(O)c2)cc1","O=C(Nc1ccccc1)c1ccc(/C=C/c2ccc(O)c(O)c2)cc1"
"CHEMBL441622","CC1=C(c2ccc(OC(=O)C(C)(C)C)cc2)[C@@H](c2ccc(OCCN3CCCCC3)cc2)Oc2cc(OC(=O)C(C)(C)C)ccc21","CC1=C(c2ccc(OC(=O)C(C)(C)C)cc2)[C@@H](c2ccc(OCCN3CCCCC3)cc2)Oc2cc(OC(=O)C(C)(C)C)ccc21"
"CHEMBL175834","COc1c(N)cc(/C=C\c2ccc3ccccc3c2)cc1N","COc1c(N)cc(/C=C\c2ccc3ccccc3c2)cc1N"
"CHEMBL486595","COc1ccc(/C=C\c2cc(OC)c3c(c2)OCO3)cc1NC(=O)[C@@H](N)Cc1ccc(O)cc1.Cl","COc1ccc(/C=C\c2cc(OC)c3c(c2)OCO3)cc1NC(=O)[C@@H](N)Cc1ccc(O)cc1.Cl"
"CHEMBL300687","COc1ccccc1N1CC(c2ccc(S(C)(=O)=O)cc2)=C(c2ccc(F)cc2)C1=O","COc1ccccc1N1CC(c2ccc(S(C)(=O)=O)cc2)=C(c2ccc(F)cc2)C1=O"
"CHEMBL305128","N#CC(=C(c1ccccc1)c1ccccc1)c1ccc(O)cc1","N#CC(=C(c1ccccc1)c1ccccc1)c1ccc(O)cc1"
"CHEMBL303801","N#C/C(=C(\c1ccccc1)c1ccc(O)cc1)c1ccccc1","N#C/C(=C(\c1ccccc1)c1ccc(O)cc1)c1ccccc1"
"CHEMBL119908","N.N.O=P(O)(O)C(F)(F)c1cccc(/C=C\c2ccc(F)cc2)c1","N.N.O=P(O)(O)C(F)(F)c1cccc(/C=C\c2ccc(F)cc2)c1"
"CHEMBL158161","CN(C)CCCCOc1ccc(/C=C/c2ccccc2)cc1","CN(C)CCCCOc1ccc(/C=C/c2ccccc2)cc1"
"CHEMBL300446","CN1C(=O)CC[C@]2(C)c3ccc(/C=C/c4ccccc4)cc3CC[C@@H]12","CN1C(=O)CC[C@]2(C)c3ccc(/C=C/c4ccccc4)cc3CC[C@@H]12"
"CHEMBL49056","COc1ccc(C2=C(c3ccc(S(C)(=O)=O)cc3)CN(c3ccccc3Cl)C2=O)cc1","COc1ccc(C2=C(c3ccc(S(C)(=O)=O)cc3)CN(c3ccccc3Cl)C2=O)cc1"
"CHEMBL67111","CC(=O)NC[C@H]1CN(c2ccc(/C=C(\Br)c3cccc(N)c3)c(F)c2)C(=O)O1","CC(=O)NC[C@H]1CN(c2ccc(/C=C(\Br)c3cccc(N)c3)c(F)c2)C(=O)O1"
"CHEMBL509991","COc1ccc(/C=C\c2cc(OC)c3ccsc3c2)cc1N.Cl","COc1ccc(/C=C\c2cc(OC)c3ccsc3c2)cc1N.Cl"
"CHEMBL106773","CC/C(=C(\c1ccc(O)cc1)c1ccc(OCC(=O)O)cc1)c1ccccc1","CC/C(=C(\c1ccc(O)cc1)c1ccc(OCC(=O)O)cc1)c1ccccc1"
"CHEMBL179124","Oc1cccc(/C=C/c2ccc(F)c(F)c2)c1","Oc1cccc(/C=C/c2ccc(F)c(F)c2)c1"
"CHEMBL308330","CC[C@@H]1C(c2ccc(O)cc2)=C(C)c2cc(O)ccc21","CC[C@@H]1C(c2ccc(O)cc2)=C(C)c2cc(O)ccc21"
"CHEMBL455867","COc1ccc(/C=C\c2cc(Br)c(OC)c(OC)c2)cc1OP(=O)([O-])[O-].[Li+].[Li+]","COc1ccc(/C=C\c2cc(Br)c(OC)c(OC)c2)cc1OP(=O)([O-])[O-].[Li+].[Li+]"
"CHEMBL424231","CC(=O)NC[C@H]1CN(c2ccc(/C=C(\Br)c3cccc(C(C)=O)c3)c(F)c2)C(=O)O1","CC(=O)NC[C@H]1CN(c2ccc(/C=C(\Br)c3cccc(C(C)=O)c3)c(F)c2)C(=O)O1"
"CHEMBL280287","CC(=O)/C(=C(\C(=O)[O-])c1ccccc1)c1ccc(S(C)(=O)=O)cc1.[Na+]","CC(=O)/C(=C(\C(=O)[O-])c1ccccc1)c1ccc(S(C)(=O)=O)cc1.[Na+]"
"CHEMBL77784","CCCCC(NC(=O)c1ccccc1/C=C/c1ccc(CN(C)C)cc1)C(N)=O","CCCCC(NC(=O)c1ccccc1/C=C/c1ccc(CN(C)C)cc1)C(N)=O"
"CHEMBL446685","CN(C)CCCOc1ccccc1/C=C/c1ccccc1","CN(C)CCCOc1ccccc1/C=C/c1ccccc1"
"CHEMBL351981","COc1ccccc1C1=C(c2cc(OC)c(OC)c(OC)c2)C(=O)OC1","COc1ccccc1C1=C(c2cc(OC)c(OC)c(OC)c2)C(=O)OC1"
"CHEMBL43369","O=S(=O)([O-])c1cc(/N=N/c2ccc3cccnc3c2O)ccc1/C=C/c1ccc(/N=N/c2ccc3cccnc3c2O)cc1S(=O)(=O)[O-].[Na+].[Na+]","O=S(=O)([O-])c1cc(/N=N/c2ccc3cccnc3c2O)ccc1/C=C/c1ccc(/N=N/c2ccc3cccnc3c2O)cc1S(=O)(=O)[O-].[Na+].[Na+]"
"CHEMBL308113","CCC1=C(c2ccc(O)cc2)[C@H](CC)c2cc(O)ccc21","CCC1=C(c2ccc(O)cc2)[C@H](CC)c2cc(O)ccc21"
"CHEMBL444689","CC(=O)Oc1cc(/C=C/c2ccc(OCCCC[P+](c3ccccc3)(c3ccccc3)c3ccccc3)cc2)cc(OC(C)=O)c1.[I-]","CC(=O)Oc1cc(/C=C/c2ccc(OCCCC[P+](c3ccccc3)(c3ccccc3)c3ccccc3)cc2)cc(OC(C)=O)c1.[I-]"
"CHEMBL220472","COc1cc(/C=C/c2cc(O)c(CC=C(C)C)c(O)c2)cc2c1O[C@]1(C)C[C@@H](O)[C@@H](O)C(C)(C)[C@H]1C2","COc1cc(/C=C/c2cc(O)c(CC=C(C)C)c(O)c2)cc2c1O[C@]1(C)C[C@@H](O)[C@@H](O)C(C)(C)[C@H]1C2"
"CHEMBL328044","CCOC1(CCN(C)C)c2ccccc2C=Cc2ccccc21","CCOC1(CCN(C)C)c2ccccc2C=Cc2ccccc21"
"CHEMBL349135","COc1ccc(C2=C(c3cc(OC)c(OC)c(OC)c3)C(=O)OC2)cc1N","COc1ccc(C2=C(c3cc(OC)c(OC)c(OC)c3)C(=O)OC2)cc1N"
"CHEMBL356992","CC(=O)Oc1ccc(/C(=C/c2ccccc2)C(=O)c2ccccc2)cc1","CC(=O)Oc1ccc(/C(=C/c2ccccc2)C(=O)c2ccccc2)cc1"
"CHEMBL38163","COc1ccc(/C=C\c2cc(OC)c(OC)c(OC)c2)cc1OCCCS(=O)(=O)[O-].[Na+]","COc1ccc(/C=C\c2cc(OC)c(OC)c(OC)c2)cc1OCCCS(=O)(=O)[O-].[Na+]"
"CHEMBL454400","COc1cc(/C=C\c2ccc(OC)c(N)c2)cc(OC(C)C)c1.Cl","COc1cc(/C=C\c2ccc(OC)c(N)c2)cc(OC(C)C)c1.Cl"
"CHEMBL504476","Oc1cc(O)cc(/C=C/c2ccc(OCCCC[P+](c3ccccc3)(c3ccccc3)c3ccccc3)cc2)c1.[I-]","Oc1cc(O)cc(/C=C/c2ccc(OCCCC[P+](c3ccccc3)(c3ccccc3)c3ccccc3)cc2)c1.[I-]"
"CHEMBL115791","N.N.O=P(O)(O)C(F)(F)c1cccc(/C=C\c2ccccc2)c1","N.N.O=P(O)(O)C(F)(F)c1cccc(/C=C\c2ccccc2)c1"
"CHEMBL197188","Cc1ccc(C2=C(c3ccc(O)cc3)Cc3cc(O)ccc32)cc1","Cc1ccc(C2=C(c3ccc(O)cc3)Cc3cc(O)ccc32)cc1"
"CHEMBL379830","C[N+](C)(C)CCOc1ccc(/C=C/c2ccccc2)cc1","C[N+](C)(C)CCOc1ccc(/C=C/c2ccccc2)cc1"
"CHEMBL319859","CN1C(=O)/C(=C/c2ccc(Br)cc2)c2ccccc21","CN1C(=O)/C(=C/c2ccc(Br)cc2)c2ccccc21"
"CHEMBL188193","COc1cccc(C2=C(c3ccc(OCCN(C)C)cc3)c3ccccc3OCC2)c1","COc1cccc(C2=C(c3ccc(OCCN(C)C)cc3)c3ccccc3OCC2)c1"
"CHEMBL428699","CC(=O)NC[C@H]1CN(c2ccc(/C=C(\Br)c3cccc(C=O)c3)c(F)c2)C(=O)O1","CC(=O)NC[C@H]1CN(c2ccc(/C=C(\Br)c3cccc(C=O)c3)c(F)c2)C(=O)O1"
"CHEMBL515228","COc1ccc(/C=C\c2cc(F)c(OC)c(OC)c2)cc1OP(=O)([O-])[O-].[Li+].[Li+]","COc1ccc(/C=C\c2cc(F)c(OC)c(OC)c2)cc1OP(=O)([O-])[O-].[Li+].[Li+]"
"CHEMBL61802","COc1ccc(C2=C(c3cc(OC)c(OC)c(OC)c3)COC2)cc1","COc1ccc(C2=C(c3cc(OC)c(OC)c(OC)c3)COC2)cc1"
"CHEMBL151494","CS(=O)(=O)N(c1cc(C(F)(F)P(=O)(O)O)ccc1/C=C/c1ccccc1)S(C)(=O)=O","CS(=O)(=O)N(c1cc(C(F)(F)P(=O)(O)O)ccc1/C=C/c1ccccc1)S(C)(=O)=O"
"CHEMBL118165","CN1c2cc(C(F)(F)F)ccc2C=C2c3ccccc3NC21","CN1c2cc(C(F)(F)F)ccc2C=C2c3ccccc3NC21"
"CHEMBL201949","O=C1NC(=O)C(c2ccccc2)=C1c1ccccc1","O=C1NC(=O)C(c2ccccc2)=C1c1ccccc1"
"CHEMBL295640","CSc1ccc(C2=C3c4ccccc4CCC3(O)OC2=O)cc1","CSc1ccc(C2=C3c4ccccc4CCC3(O)OC2=O)cc1"
"CHEMBL207577","O=C(O)c1cccc(C2=C(c3cc(Cl)ccc3OCc3ccccc3)CCC2)c1","O=C(O)c1cccc(C2=C(c3cc(Cl)ccc3OCc3ccccc3)CCC2)c1"
"CHEMBL422757","COc1ccc2c(c1)OCC(c1ccc(F)cc1)=C2c1ccc(OCCN2CCOCC2)cc1","COc1ccc2c(c1)OCC(c1ccc(F)cc1)=C2c1ccc(OCCN2CCOCC2)cc1"
"CHEMBL146938","CN(C)CCSC1=Cc2ccccc2Oc2ccc(F)cc21","CN(C)CCSC1=Cc2ccccc2Oc2ccc(F)cc21"
"CHEMBL532640","COc1ccc(C2=C(Nc3ccc4oc5ccccc5c4c3)c3ccccc3C2=O)cc1","COc1ccc(C2=C(Nc3ccc4oc5ccccc5c4c3)c3ccccc3C2=O)cc1"
"CHEMBL175897","COc1ccc(/C=C/c2cc(OC)c3ccccc3c2)cc1O","COc1ccc(/C=C/c2cc(OC)c3ccccc3c2)cc1O"
"CHEMBL158274","CCN1CCN(CCCCOc2ccccc2/C=C/c2ccccc2)CC1","CCN1CCN(CCCCOc2ccccc2/C=C/c2ccccc2)CC1"
"CHEMBL456609","COc1cc(/C=C/c2ccc(NC(=O)[C@H](Cc3ccccc3)NP(=O)(OC(C)C)OC(C)C)cc2)cc(OC)c1","COc1cc(/C=C/c2ccc(NC(=O)[C@H](Cc3ccccc3)NP(=O)(OC(C)C)OC(C)C)cc2)cc(OC)c1"
"CHEMBL478595","Oc1ccc(/C=C/c2cc(O)cc3c2C(c2cc(O)cc(O)c2)C(c2ccc(O)c(O)c2)O3)cc1","Oc1ccc(/C=C/c2cc(O)cc3c2C(c2cc(O)cc(O)c2)C(c2ccc(O)c(O)c2)O3)cc1"
"CHEMBL38061","COc1ccc(/C=C\c2cc(OC)c(OC)c(OC)c2)cc1OP(=O)(O)Oc1cccc(Cl)c1.N","COc1ccc(/C=C\c2cc(OC)c(OC)c(OC)c2)cc1OP(=O)(O)Oc1cccc(Cl)c1.N"
"CHEMBL342190","CC1=CC(C)(C)Nc2ccc3c(c21)/C(=C/c1cc(F)cc(F)c1)Oc1ccccc1-3","CC1=CC(C)(C)Nc2ccc3c(c21)/C(=C/c1cc(F)cc(F)c1)Oc1ccccc1-3"
"CHEMBL47037","COc1ccc(/C=C\c2cc(OC)c3c(c2)OCO3)cc1O","COc1ccc(/C=C\c2cc(OC)c3c(c2)OCO3)cc1O"
"CHEMBL503174","CC(=O)OC[C@H]1O[C@@H](N2C(=O)/C(=C3/C(=O)Nc4ccc(OC(F)(F)F)cc43)c3ccccc32)[C@H](OC(C)=O)[C@@H](OC(C)=O)[C@@H]1OC(C)=O","CC(=O)OC[C@H]1O[C@@H](N2C(=O)/C(=C3/C(=O)Nc4ccc(OC(F)(F)F)cc43)c3ccccc32)[C@H](OC(C)=O)[C@@H](OC(C)=O)[C@@H]1OC(C)=O"
"CHEMBL419471","CCc1ccc(C2=Cc3ccccc3C3=NCCN23)cc1","CCc1ccc(C2=Cc3ccccc3C3=NCCN23)cc1"
"CHEMBL284289","COc1ccc(/C=C\c2cc(OC)c(OC)c(OC)c2)cc1OP(=O)([O-])Oc1cc(/C=C\c2cc(OC)c(OC)c(OC)c2)ccc1OC.[Na+]","COc1ccc(/C=C\c2cc(OC)c(OC)c(OC)c2)cc1OP(=O)([O-])Oc1cc(/C=C\c2cc(OC)c(OC)c(OC)c2)ccc1OC.[Na+]"
"CHEMBL428582","COc1ccc(C2=C(c3cc(OC)c(OC)c(OCc4ccccc4)c3)CC3CCCN3C2=O)cc1OC","COc1ccc(C2=C(c3cc(OC)c(OC)c(OCc4ccccc4)c3)CC3CCCN3C2=O)cc1OC"
"CHEMBL503412","OC[C@H]1O[C@@H](Oc2cc(O)cc([C@H]3c4cc(/C=C/c5cc(O)cc(O)c5)ccc4O[C@@H]3c3ccc(O)cc3)c2)[C@H](O)[C@@H](O)[C@@H]1O","OC[C@H]1O[C@@H](Oc2cc(O)cc([C@H]3c4cc(/C=C/c5cc(O)cc(O)c5)ccc4O[C@@H]3c3ccc(O)cc3)c2)[C@H](O)[C@@H](O)[C@@H]1O"
"CHEMBL282489","CC[C@@H]1Cc2cc(O)ccc2C2=C1c1ccc(O)cc1C[C@H]2CC","CC[C@@H]1Cc2cc(O)ccc2C2=C1c1ccc(O)cc1C[C@H]2CC"
"CHEMBL455060","O=C(O)COc1ccc(/C=C/c2cc(O)cc(O)c2)cc1","O=C(O)COc1ccc(/C=C/c2cc(O)cc(O)c2)cc1"
"CHEMBL367432","O=C(C1=C(c2ccccc2)CCc2cc(O)ccc21)c1ccc(OCCN2CCCCC2)cc1","O=C(C1=C(c2ccccc2)CCc2cc(O)ccc21)c1ccc(OCCN2CCCCC2)cc1"
"CHEMBL289745","C/C(=C(/C)c1ccc2c(c1)C(C)(C)CCC2(C)C)c1ccc(C(=O)O)cc1","C/C(=C(/C)c1ccc2c(c1)C(C)(C)CCC2(C)C)c1ccc(C(=O)O)cc1"
"CHEMBL229166","Cc1cc[n+](Cc2ccc(/C=C\c3ccc(C[n+]4ccc(N)c5ccccc54)cc3)cc2)c2ccccc12","Cc1cc[n+](Cc2ccc(/C=C\c3ccc(C[n+]4ccc(N)c5ccccc54)cc3)cc2)c2ccccc12"
"CHEMBL7499","NS(=O)(=O)c1ccc(/C=C/c2ccc(O)cc2)cc1","NS(=O)(=O)c1ccc(/C=C/c2ccc(O)cc2)cc1"
"CHEMBL452185","CC(C)NC(=N)c1ccc2[nH]c(-c3ccc(/C=C/c4ccc(-c5nc6cc(C(=N)NC(C)C)ccc6[nH]5)cc4)cc3)nc2c1","CC(C)NC(=N)c1ccc2[nH]c(-c3ccc(/C=C/c4ccc(-c5nc6cc(C(=N)NC(C)C)ccc6[nH]5)cc4)cc3)nc2c1"
"CHEMBL28211","COc1ccc2c(c1)CCC(c1ccccc1)=C2c1ccc(OCCN2CCCC2)cc1","COc1ccc2c(c1)CCC(c1ccccc1)=C2c1ccc(OCCN2CCCC2)cc1"
"CHEMBL322045","CS(=O)(=O)c1ccc(C2=C(c3ccc(F)cc3)CC(CF)(CF)C2)cc1","CS(=O)(=O)c1ccc(C2=C(c3ccc(F)cc3)CC(CF)(CF)C2)cc1"
"CHEMBL289935","C(=C/c1ccc(OCc2ccc(CN3CCCCC3)cc2)cc1)\c1ccccc1.O=C(O)C(=O)O","C(=C/c1ccc(OCc2ccc(CN3CCCCC3)cc2)cc1)\c1ccccc1.O=C(O)C(=O)O"
"CHEMBL48783","CSc1ccc(C2=C(c3ccc(F)c(C)c3)C(=O)N3CCCC3C2)cc1","CSc1ccc(C2=C(c3ccc(F)c(C)c3)C(=O)N3CCCC3C2)cc1"
"CHEMBL504324","N#Cc1ccc(/C=C2/C(=O)Nc3ccccc32)cc1","N#Cc1ccc(/C=C2/C(=O)Nc3ccccc32)cc1"
"CHEMBL248133","CNc1cc(/C=C/c2cccc(/C=C/c3ccc(OC)c(NC)c3)c2)ccc1OC","CNc1cc(/C=C/c2cccc(/C=C/c3ccc(OC)c(NC)c3)c2)ccc1OC"
"CHEMBL496952","COc1ccc(/C=C\c2cc(F)c(F)c(F)c2)cc1[N+](=O)[O-]","COc1ccc(/C=C\c2cc(F)c(F)c(F)c2)cc1[N+](=O)[O-]"
"CHEMBL397951","O=C(O)c1cc(/C=C/c2ccc(/C=C/c3ccc(O)c(C(=O)O)c3)c(F)c2)ccc1O","O=C(O)c1cc(/C=C/c2ccc(/C=C/c3ccc(O)c(C(=O)O)c3)c(F)c2)ccc1O"
"CHEMBL363806","CCOC(=O)/C(=C(\COC(=O)[C@@H](N)CO)c1ccc(S(C)(=O)=O)cc1)c1ccc(F)c(F)c1","CCOC(=O)/C(=C(\COC(=O)[C@@H](N)CO)c1ccc(S(C)(=O)=O)cc1)c1ccc(F)c(F)c1"
"CHEMBL32172","CC/C(=C(\c1ccc(OCCN(C)C)cc1)c1ccc(OS(N)(=O)=O)cc1)c1ccccc1","CC/C(=C(\c1ccc(OCCN(C)C)cc1)c1ccc(OS(N)(=O)=O)cc1)c1ccccc1"
"CHEMBL202615","CN(C)CCOc1ccc(/C(=C(/CCCN=[N+]=[N-])c2ccccc2)c2ccc(O)cc2)cc1","CN(C)CCOc1ccc(/C(=C(/CCCN=[N+]=[N-])c2ccccc2)c2ccc(O)cc2)cc1"
"CHEMBL273340","CC1(O)OC(=O)C(c2cccc(F)c2)=C1c1ccc(S(C)(=O)=O)cc1","CC1(O)OC(=O)C(c2cccc(F)c2)=C1c1ccc(S(C)(=O)=O)cc1"
"CHEMBL58983","Cc1cc(O)cc(/C=C/c2ccc(O)cc2)c1","Cc1cc(O)cc(/C=C/c2ccc(O)cc2)c1"
"CHEMBL29983","CC/C(=C(/c1ccccc1)c1cccc(OC(C)=O)c1)c1ccc(OC(C)=O)c(OC(C)=O)c1","CC/C(=C(/c1ccccc1)c1cccc(OC(C)=O)c1)c1ccc(OC(C)=O)c(OC(C)=O)c1"
"CHEMBL275591","CC(=O)Nc1ccc(/C=C/c2ccccc2)cc1","CC(=O)Nc1ccc(/C=C/c2ccccc2)cc1"
"CHEMBL352495","CS(=O)(=O)c1ccc(C2=C(c3ccccc3)C(=O)C3(CCCCC3)O2)cc1","CS(=O)(=O)c1ccc(C2=C(c3ccccc3)C(=O)C3(CCCCC3)O2)cc1"
"CHEMBL138965","COc1ccc(C2=C(c3ccc(OC)c(OC)c3)C(=O)NC2=O)cc1OC","COc1ccc(C2=C(c3ccc(OC)c(OC)c3)C(=O)NC2=O)cc1OC"
"CHEMBL330314","NS(=O)(=O)c1ccc(C2=C(c3ccc(C(F)(F)F)cc3)CC3(CC3)C2)cc1","NS(=O)(=O)c1ccc(C2=C(c3ccc(C(F)(F)F)cc3)CC3(CC3)C2)cc1"
"CHEMBL454834","COc1ccc(/C=C/c2cc(OC)c(OC)c(OC)c2)c(O[C@@H]2O[C@H](CO)[C@@H](O)[C@H](O)[C@H]2O)c1","COc1ccc(/C=C/c2cc(OC)c(OC)c(OC)c2)c(O[C@@H]2O[C@H](CO)[C@@H](O)[C@H](O)[C@H]2O)c1"
"CHEMBL365249","CC(=O)NCC1=Cc2ccccc2Cc2ccccc21","CC(=O)NCC1=Cc2ccccc2Cc2ccccc21"
"CHEMBL111427","COc1ccc(C2=C(c3ccc(S(N)(=O)=O)cc3)CCC2)cc1F","COc1ccc(C2=C(c3ccc(S(N)(=O)=O)cc3)CCC2)cc1F"
"CHEMBL455094","COc1ccc(/C=C\c2cc(O[C@@H]3O[C@H](CO)[C@@H](O)[C@H](O)[C@H]3O)cc(O[C@@H]3O[C@H](CO)[C@@H](O)[C@H](O)[C@H]3O)c2)cc1","COc1ccc(/C=C\c2cc(O[C@@H]3O[C@H](CO)[C@@H](O)[C@H](O)[C@H]3O)cc(O[C@@H]3O[C@H](CO)[C@@H](O)[C@H](O)[C@H]3O)c2)cc1"
"CHEMBL426065","CCCCCS(=O)(=O)CCCCCCCCCC/C(=C(/CC)c1ccc(O)cc1)c1ccc(O)cc1","CCCCCS(=O)(=O)CCCCCCCCCC/C(=C(/CC)c1ccc(O)cc1)c1ccc(O)cc1"
"CHEMBL476443","O=C1Nc2ccccc2/C1=C\c1ccc2ccccc2c1","O=C1Nc2ccccc2/C1=C\c1ccc2ccccc2c1"
"CHEMBL313573","COc1cc(/C=C/c2ccc(OC)c(OC)c2OC)cc(OC)c1OC","COc1cc(/C=C/c2ccc(OC)c(OC)c2OC)cc(OC)c1OC"
"CHEMBL344073","N#CC1(CCCN2CCC(O)(c3ccc(Cl)cc3)CC2)c2ccccc2C=Cc2ccccc21","N#CC1(CCCN2CCC(O)(c3ccc(Cl)cc3)CC2)c2ccccc2C=Cc2ccccc21"
"CHEMBL399365","O=C1C(c2ccccc2)=C(c2ccc(O)cc2)CC2CCCN12","O=C1C(c2ccccc2)=C(c2ccc(O)cc2)CC2CCCN12"
"CHEMBL247713","COc1cc2c(cc1OC)/C(=C\c1ccc(NC(=O)N3CCN(C)CC3)cc1)C(=O)N2","COc1cc2c(cc1OC)/C(=C\c1ccc(NC(=O)N3CCN(C)CC3)cc1)C(=O)N2"
"CHEMBL49433","C/C(=C(\C(=O)c1ccc(O)cc1)c1ccccc1)c1ccccc1","C/C(=C(\C(=O)c1ccc(O)cc1)c1ccccc1)c1ccccc1"
"CHEMBL248132","COc1ccc(/C=C/c2cccc(/C=C/c3ccc(OC)c(N)c3)c2)cc1N","COc1ccc(/C=C/c2cccc(/C=C/c3ccc(OC)c(N)c3)c2)cc1N"
"CHEMBL76112","O=C(O)c1cc(/C=C\c2ccc(/C=C\c3ccc(O)c(C(=O)O)c3)c(Br)c2)ccc1O","O=C(O)c1cc(/C=C\c2ccc(/C=C\c3ccc(O)c(C(=O)O)c3)c(Br)c2)ccc1O"
"CHEMBL496951","COc1ccc(/C=C\c2cc(F)c(F)c(F)c2)c([N+](=O)[O-])c1","COc1ccc(/C=C\c2cc(F)c(F)c(F)c2)c([N+](=O)[O-])c1"
"CHEMBL495925","COc1ccc(/C=C\c2cc(F)c(F)c(F)c2)c(N)c1","COc1ccc(/C=C\c2cc(F)c(F)c(F)c2)c(N)c1"
"CHEMBL156101","Cc1cccc(C=C2c3ccccc3C(=O)c3ccccc32)c1","Cc1cccc(C=C2c3ccccc3C(=O)c3ccccc32)c1"
"CHEMBL147439","CNCCSC1=Cc2ccccc2Oc2ccc(SC)cc21","CNCCSC1=Cc2ccccc2Oc2ccc(SC)cc21"
"CHEMBL68290","CC(=O)NC[C@H]1CN(c2ccc(/C=C(\Br)c3cccc(C#N)c3)c(F)c2)C(=O)O1","CC(=O)NC[C@H]1CN(c2ccc(/C=C(\Br)c3cccc(C#N)c3)c(F)c2)C(=O)O1"
"CHEMBL10371","C1=C(c2ccccc2)N2CCCN=C2c2ccccc21","C1=C(c2ccccc2)N2CCCN=C2c2ccccc21"
"CHEMBL102702","COc1ccc(/C=C(/CO)c2cc(OC)c(OC)c(OC)c2)cc1","COc1ccc(/C=C(/CO)c2cc(OC)c(OC)c(OC)c2)cc1"
"CHEMBL263872","CC(C)c1onc(-c2c(Cl)cccc2Cl)c1COc1ccc(/C=C/c2cccc(C(=O)N(Cc3ccccc3)Cc3ccccc3)c2)c(Cl)c1","CC(C)c1onc(-c2c(Cl)cccc2Cl)c1COc1ccc(/C=C/c2cccc(C(=O)N(Cc3ccccc3)Cc3ccccc3)c2)c(Cl)c1"
"CHEMBL7617","CN1CCN(C2=Cc3ccccc3Cc3ccc(Cl)cc32)CC1","CN1CCN(C2=Cc3ccccc3Cc3ccc(Cl)cc32)CC1"
"CHEMBL185074","CCCCCCCCCCCCCCCC(=O)Oc1cc(/C=C/c2ccccc2)cc(OC(=O)CCCCCCCCCCCCCCC)c1","CCCCCCCCCCCCCCCC(=O)Oc1cc(/C=C/c2ccccc2)cc(OC(=O)CCCCCCCCCCCCCCC)c1"
"CHEMBL463252","Cc1c(O)cc(/C=C/c2ccccc2)cc1O","Cc1c(O)cc(/C=C/c2ccccc2)cc1O"
"CHEMBL418892","Nc1nc2c3c(ccc2s1)NC(=O)/C3=C\c1cc(Br)c(O)c(Br)c1","Nc1nc2c3c(ccc2s1)NC(=O)/C3=C\c1cc(Br)c(O)c(Br)c1"
"CHEMBL411344","COc1cc(/C=C/c2cc(O)c3c(c2)OC(C)(C)C(O)C3)cc2c1O[C@]1(C)C[C@@H](O)[C@@H](O)C(C)(C)[C@H]1C2","COc1cc(/C=C/c2cc(O)c3c(c2)OC(C)(C)C(O)C3)cc2c1O[C@]1(C)C[C@@H](O)[C@@H](O)C(C)(C)[C@H]1C2"
"CHEMBL113837","CC(C)(C)c1cc(C=C2c3ccccc3C(=O)c3ccccc32)cc(C(C)(C)C)c1O","CC(C)(C)c1cc(C=C2c3ccccc3C(=O)c3ccccc32)cc(C(C)(C)C)c1O"
"CHEMBL41041","COc1ccc(/C=C\c2cc(OC)c(OC)c(OC)c2)cc1O.N","COc1ccc(/C=C\c2cc(OC)c(OC)c(OC)c2)cc1O.N"
"CHEMBL437481","CC(C)c1onc(COc2ccc(Cl)c(Cl)c2)c1COc1ccc(/C=C/c2cccc(C(=O)O)c2)c(Cl)c1","CC(C)c1onc(COc2ccc(Cl)c(Cl)c2)c1COc1ccc(/C=C/c2cccc(C(=O)O)c2)c(Cl)c1"
"CHEMBL405910","C[N+]1(C)CC23C4=C5C6=C7C8C9=c%10c%11c%12c%13c%14c%15c%16c%17c%18c%19c%20c%21c%22c%23c(c4c4c2c2c%24c%25c(c%10c(c%11%15)c%10c%16c%19c(c%25%10)c%10c%20c%23c4c%24%10)C2C9C73C1)C1C%22=C2c3c(c6c(c-%13c3C(C%14%17)C23C[N+](C)(C)CC%21%183)C%128)C51.[I-].[I-]","C[N+]1(C)CC23C4=C5C6=C7C8C9=c%10c%11c%12c%13c%14c%15c%16c%17c%18c%19c%20c%21c%22c%23c(c4c4c2c2c%24c%25c(c%10c(c%11%15)c%10c%16c%19c(c%25%10)c%10c%20c%23c4c%24%10)C2C9C73C1)C1C%22=C2c3c(c6c(c-%13c3C(C%14%17)C23C[N+](C)(C)CC%21%183)C%128)C51.[I-].[I-]"
"CHEMBL111045","CS(=O)(=O)c1ccc(C2=C(c3ccc(F)cc3)CC(C(F)(F)F)(C(F)(F)F)C2)cc1","CS(=O)(=O)c1ccc(C2=C(c3ccc(F)cc3)CC(C(F)(F)F)(C(F)(F)F)C2)cc1"
"CHEMBL413704","C[N+]1(C)CC23c4c5c6c7c8c9c%10c%11c%12c%13c%14c%15c%16c%17c%18c%19c%20c%21c(c2c2c4c4c6c9c6c4c4c2c%21c2c%19c(c%18%14)c9c%13c%10c6c9c24)C2=C4c6c(c-%16c9c%10c6C(C5C7=C%10C5(C[N+](C)(C)CC8%115)C9C%15%12)C43C1)C%17C2%20.[I-].[I-]","C[N+]1(C)CC23c4c5c6c7c8c9c%10c%11c%12c%13c%14c%15c%16c%17c%18c%19c%20c%21c(c2c2c4c4c6c9c6c4c4c2c%21c2c%19c(c%18%14)c9c%13c%10c6c9c24)C2=C4c6c(c-%16c9c%10c6C(C5C7=C%10C5(C[N+](C)(C)CC8%115)C9C%15%12)C43C1)C%17C2%20.[I-].[I-]"
"CHEMBL166378","CCC1(C)OC(c2ccc(S(C)(=O)=O)cc2)=C(c2cc(Cl)cc(Cl)c2)C1=O","CCC1(C)OC(c2ccc(S(C)(=O)=O)cc2)=C(c2cc(Cl)cc(Cl)c2)C1=O"
"CHEMBL44333","CCCCCCNC(=O)c1cc(/C=C/c2cc(O)ccc2O)ccc1O","CCCCCCNC(=O)c1cc(/C=C/c2cc(O)ccc2O)ccc1O"
"CHEMBL518867","COC(=O)c1ccc2c(c1)NC(=O)/C2=C(\Nc1ccc(N(C)S(C)(=O)=O)cc1)c1ccccc1","COC(=O)c1ccc2c(c1)NC(=O)/C2=C(\Nc1ccc(N(C)S(C)(=O)=O)cc1)c1ccccc1"
"CHEMBL51545","O=[N+]([O-])c1ccc(C2=C(c3ccccc3)c3ccc(O)cc3C2)cc1","O=[N+]([O-])c1ccc(C2=C(c3ccccc3)c3ccc(O)cc3C2)cc1"
"CHEMBL292520","COc1ccc(C2=C(c3cc(OC)c(OC)c(OC)c3)C(=O)CC2)cc1","COc1ccc(C2=C(c3cc(OC)c(OC)c(OC)c3)C(=O)CC2)cc1"
"CHEMBL308094","O=C(O)c1cc(C(=O)O)c2cc(/C=C/c3ccc(-c4ccccc4)cc3)ccc2n1","O=C(O)c1cc(C(=O)O)c2cc(/C=C/c3ccc(-c4ccccc4)cc3)ccc2n1"
"CHEMBL330407","COc1ccc(/C=C\c2cc(OC)c(OC)c(OC)c2)cc1N","COc1ccc(/C=C\c2cc(OC)c(OC)c(OC)c2)cc1N"
"CHEMBL119991","COc1cc(/C=C\c2ccc(O[Si](C)(C)C(C)(C)C)cc2)cc(OC)c1","COc1cc(/C=C\c2ccc(O[Si](C)(C)C(C)(C)C)cc2)cc(OC)c1"
"CHEMBL478709","COc1cccc(/C=C2/C(=O)Nc3cc(OC)ccc32)c1","COc1cccc(/C=C2/C(=O)Nc3cc(OC)ccc32)c1"
"CHEMBL8442","CCCCCC(O)c1cccc(/C=C/c2ccccc2)c1","CCCCCC(O)c1cccc(/C=C/c2ccccc2)c1"
"CHEMBL187481","CCC/C(=C\c1ccccc1)c1ccc(S(C)(=O)=O)cc1","CCC/C(=C\c1ccccc1)c1ccc(S(C)(=O)=O)cc1"
"CHEMBL523942","CCCCc1ccc(C2=C(c3ccc(-c4ccc(CCCC)cc4)cc3)C(O)OC2=O)cc1","CCCCc1ccc(C2=C(c3ccc(-c4ccc(CCCC)cc4)cc3)C(O)OC2=O)cc1"
"CHEMBL486694","O=C1/C(=C/c2ccc(Cl)cc2Cl)c2ccccc2N1c1c(Cl)cccc1Cl","O=C1/C(=C/c2ccc(Cl)cc2Cl)c2ccccc2N1c1c(Cl)cccc1Cl"
"CHEMBL47270","COc1ccc(/C(=C(/c2ccccc2)[N+](=O)[O-])c2ccc(OCCN3CCCC3)cc2)cc1","COc1ccc(/C(=C(/c2ccccc2)[N+](=O)[O-])c2ccc(OCCN3CCCC3)cc2)cc1"
"CHEMBL457377","Oc1ccc2c(c1)/C=C/c1ccc(O)c(c1)Oc1ccc(cc1)CCc1cccc(c1)O2","Oc1ccc2c(c1)/C=C/c1ccc(O)c(c1)Oc1ccc(cc1)CCc1cccc(c1)O2"
"CHEMBL195653","Fc1ccc2c(c1)CC/C2=C/c1cccc2ncccc12","Fc1ccc2c(c1)CC/C2=C/c1cccc2ncccc12"
"CHEMBL51887","CC/C(=C(/c1ccccc1)c1ccc(O)cc1)c1ccccc1","CC/C(=C(/c1ccccc1)c1ccc(O)cc1)c1ccccc1"
"CHEMBL291501","COc1ccc(/C=C/c2cc(O)cc(O)c2)cc1","COc1ccc(/C=C/c2cc(O)cc(O)c2)cc1"
"CHEMBL222360","COc1ccc(C2=C(c3cc(OC)c(OC)c(OC)c3)C(=O)C(O)C2)cc1OC(C)C","COc1ccc(C2=C(c3cc(OC)c(OC)c(OC)c3)C(=O)C(O)C2)cc1OC(C)C"
"CHEMBL108482","C1=C(c2ccccc2)C(c2ccc(OCCN3CCCCCC3)cc2)Oc2ccccc21","C1=C(c2ccccc2)C(c2ccc(OCCN3CCCCCC3)cc2)Oc2ccccc21"
"CHEMBL374976","COc1cc(C2=C(c3cc(C)c(OC)c(C)c3)C(O[SiH2]C(C)(C)C)CC2=O)cc(OC)c1OC","COc1cc(C2=C(c3cc(C)c(OC)c(C)c3)C(O[SiH2]C(C)(C)C)CC2=O)cc(OC)c1OC"
"CHEMBL221556","COCOc1cc(C2=C(c3cc(OC)c(OC)c(OC)c3)/C(=N\O)CC2O[SiH2]C(C)(C)C)ccc1OC","COCOc1cc(C2=C(c3cc(OC)c(OC)c(OC)c3)/C(=N\O)CC2O[SiH2]C(C)(C)C)ccc1OC"
"CHEMBL67878","COc1cc(Nc2c(C#N)cnc3cc(/C=C/c4ccc5ccccc5c4)ccc23)c(Cl)cc1Cl","COc1cc(Nc2c(C#N)cnc3cc(/C=C/c4ccc5ccccc5c4)ccc23)c(Cl)cc1Cl"
"CHEMBL116173","COc1ccc(C=C2c3ccccc3C(=O)c3ccccc32)cc1O","COc1ccc(C=C2c3ccccc3C(=O)c3ccccc32)cc1O"
"CHEMBL469135","CC(C)c1onc(-c2c(Cl)cncc2Cl)c1COc1ccc(/C=C/c2cccc(C(=O)O)c2)c(Cl)c1","CC(C)c1onc(-c2c(Cl)cncc2Cl)c1COc1ccc(/C=C/c2cccc(C(=O)O)c2)c(Cl)c1"
"CHEMBL119320","COc1cc(/C=C\c2ccc(O)c(OC)c2)cc(OC)c1","COc1cc(/C=C\c2ccc(O)c(OC)c2)cc(OC)c1"
"CHEMBL89531","COc1ccccc1/C=C/c1cc(OC)c(OC)c(OC)c1","COc1ccccc1/C=C/c1cc(OC)c(OC)c(OC)c1"
"CHEMBL225115","COc1ccc(C2=C(c3cc(OC)c(OC)c(OC)c3)CC(O)C2=O)cc1N","COc1ccc(C2=C(c3cc(OC)c(OC)c(OC)c3)CC(O)C2=O)cc1N"
"CHEMBL221451","COc1ccc(C2=C(c3cc(OC)c(OC)c(OC)c3)/C(=N\O)CC2O)cc1O","COc1ccc(C2=C(c3cc(OC)c(OC)c(OC)c3)/C(=N\O)CC2O)cc1O"
"CHEMBL314297","CS(=O)(=O)c1ccc(C2=C(c3ccc(F)cc3F)CC3(CC3)C2)cc1","CS(=O)(=O)c1ccc(C2=C(c3ccc(F)cc3F)CC3(CC3)C2)cc1"
"CHEMBL39344","C/C(=C\c1ccc(C(=O)O)cc1)c1ccc2c(c1)C(C)(C)CCS2","C/C(=C\c1ccc(C(=O)O)cc1)c1ccc2c(c1)C(C)(C)CCS2"
"CHEMBL267600","CC/C(=C(\c1ccc(I)cc1)c1ccc(OCCCCCCCN2CCCC2)cc1)c1ccccc1","CC/C(=C(\c1ccc(I)cc1)c1ccc(OCCCCCCCN2CCCC2)cc1)c1ccccc1"
"CHEMBL131667","O=C1c2c(O)cccc2C(=Cc2ccc(O)cc2)c2cccc(O)c21","O=C1c2c(O)cccc2C(=Cc2ccc(O)cc2)c2cccc(O)c21"
"CHEMBL426856","C[S@@+]([O-])c1ccc(C2=C(c3ccccc3)C(=O)OC2)cc1","C[S@@+]([O-])c1ccc(C2=C(c3ccccc3)C(=O)OC2)cc1"
"CHEMBL355211","O=[N+]([O-])c1ccc(/C=C/c2ccccc2)cc1","O=[N+]([O-])c1ccc(/C=C/c2ccccc2)cc1"
"CHEMBL581920","COc1ccc(C=Cc2ccc(-c3c(C)[nH]c(C)c(Cl)c3=O)cc2)cc1OC","COc1ccc(C=Cc2ccc(-c3c(C)[nH]c(C)c(Cl)c3=O)cc2)cc1OC"
"CHEMBL308441","CC(=O)NC[C@H]1CN(c2ccc(/C=C(\F)c3cccc(C=O)c3)c(F)c2)C(=O)O1","CC(=O)NC[C@H]1CN(c2ccc(/C=C(\F)c3cccc(C=O)c3)c(F)c2)C(=O)O1"
"CHEMBL151300","O=P(O)(O)C(F)(F)c1cccc(/C=C/c2ccccc2)c1","O=P(O)(O)C(F)(F)c1cccc(/C=C/c2ccccc2)c1"
"CHEMBL33879","Oc1ccc(C(=Cc2ccc(Br)cc2)c2ccc(O)cc2)cc1","Oc1ccc(C(=Cc2ccc(Br)cc2)c2ccc(O)cc2)cc1"
"CHEMBL21518","C/C(=C\c1ccc(C(=O)O)cc1)c1ccc2c(c1)C(C)(C)CCO2","C/C(=C\c1ccc(C(=O)O)cc1)c1ccc2c(c1)C(C)(C)CCO2"
"CHEMBL484253","Oc1cc(O)cc(CC(c2ccc(O)cc2O)c2c(O)cc(/C=C/c3ccc(O)cc3O)cc2O)c1","Oc1cc(O)cc(CC(c2ccc(O)cc2O)c2c(O)cc(/C=C/c3ccc(O)cc3O)cc2O)c1"
"CHEMBL513860","COc1cc(/C(F)=C/c2cc(O)c3ccoc3c2)cc(OC)c1OC","COc1cc(/C(F)=C/c2cc(O)c3ccoc3c2)cc(OC)c1OC"
"CHEMBL83546","CC(CNCCOc1ccc(/C=C/c2ccccc2)cc1)c1ccccc1","CC(CNCCOc1ccc(/C=C/c2ccccc2)cc1)c1ccccc1"
"CHEMBL83168","C=CCNc1nc(NCC=C)nc(N2CCC(NCC3c4ccccc4C=Cc4ccccc43)CC2)n1","C=CCNc1nc(NCC=C)nc(N2CCC(NCC3c4ccccc4C=Cc4ccccc43)CC2)n1"
"CHEMBL444477","CCc1ccc(/C=C2/C(=O)Nc3ccccc32)cc1","CCc1ccc(/C=C2/C(=O)Nc3ccccc32)cc1"
"CHEMBL195605","COc1ccc(/C=C\c2cc(F)c(F)c(F)c2)cc1F","COc1ccc(/C=C\c2cc(F)c(F)c(F)c2)cc1F"
"CHEMBL86672","COc1ccc(/C=C\c2ccc(OC)c(OC)c2OC)cc1","COc1ccc(/C=C\c2ccc(OC)c(OC)c2OC)cc1"
"CHEMBL195416","O=C1Oc2cc(O)ccc2/C1=C\c1ccc(O)cc1","O=C1Oc2cc(O)ccc2/C1=C\c1ccc(O)cc1"
"CHEMBL296206","CCCc1ccc(C2=C(c3ccc(S(C)(=O)=O)cc3)OC(C)(C)C2=O)cc1","CCCc1ccc(C2=C(c3ccc(S(C)(=O)=O)cc3)OC(C)(C)C2=O)cc1"
"CHEMBL445731","CN(C)c1ccc(/C=C/c2ccc(N)cc2)cc1","CN(C)c1ccc(/C=C/c2ccc(N)cc2)cc1"
"CHEMBL439981","COC(=O)c1ccc(/C=C(\C)c2ccc3c(c2)C(C)(C)CC(C)(C)S3)cc1","COC(=O)c1ccc(/C=C(\C)c2ccc3c(c2)C(C)(C)CC(C)(C)S3)cc1"
"CHEMBL489583","O=C1OC(O)C(c2cccc(-c3ccc4ccccc4c3)c2)=C1c1ccc2ccccc2c1","O=C1OC(O)C(c2cccc(-c3ccc4ccccc4c3)c2)=C1c1ccc2ccccc2c1"
"CHEMBL316126","Oc1ccc2c(c1)CC(c1ccccc1)=C2c1ccccc1F","Oc1ccc2c(c1)CC(c1ccccc1)=C2c1ccccc1F"
"CHEMBL422268","CC1=CC(C)(C)Nc2ccc3c(c21)/C(=C/c1ccccc1C=O)Oc1ccc(F)cc1-3","CC1=CC(C)(C)Nc2ccc3c(c21)/C(=C/c1ccccc1C=O)Oc1ccc(F)cc1-3"
"CHEMBL477669","O=C1Nc2ccccc2/C1=C\c1cccc(Cl)c1","O=C1Nc2ccccc2/C1=C\c1cccc(Cl)c1"
"CHEMBL97641","Oc1ccc(/C=C/c2ccc3ccc(/C=C/c4ccc(O)c(O)c4)c(O)c3n2)cc1O","Oc1ccc(/C=C/c2ccc3ccc(/C=C/c4ccc(O)c(O)c4)c(O)c3n2)cc1O"
"CHEMBL524731","CCCCCn1cc(C(=O)NC23CC4CC(CC(C4)C2)C3)c(=O)c2cc(/C=C/c3ccc(OC)cc3)ccc21","CCCCCn1cc(C(=O)NC23CC4CC(CC(C4)C2)C3)c(=O)c2cc(/C=C/c3ccc(OC)cc3)ccc21"
"CHEMBL409869","Cc1cccc(/C=C/c2ccc3nc(NC4CCN(CCN)CC4)n(Cc4nc(C)ccc4O)c3c2)c1","Cc1cccc(/C=C/c2ccc3nc(NC4CCN(CCN)CC4)n(Cc4nc(C)ccc4O)c3c2)c1"
"CHEMBL242398","COc1ccc(/C=C/c2c(OC)cccc2OC)cc1","COc1ccc(/C=C/c2c(OC)cccc2OC)cc1"
"CHEMBL75781","C/C(=C\c1ccc(C(=O)O)cc1)c1ccc2ccc(C)c(C)c2c1","C/C(=C\c1ccc(C(=O)O)cc1)c1ccc2ccc(C)c(C)c2c1"
"CHEMBL87080","O=C1Nc2ccc(Br)cc2/C1=C/c1ccc(N2CCOCC2)cc1","O=C1Nc2ccc(Br)cc2/C1=C/c1ccc(N2CCOCC2)cc1"
"CHEMBL420984","COC/C(=C/c1cc(OCc2ccsc2)ccc1C#N)c1ccccc1C","COC/C(=C/c1cc(OCc2ccsc2)ccc1C#N)c1ccccc1C"
"CHEMBL192224","COc1ccc(/C=C\c2cc(OC)c(OC)c(OC)c2)cc1[N+](=O)[O-]","COc1ccc(/C=C\c2cc(OC)c(OC)c(OC)c2)cc1[N+](=O)[O-]"
"CHEMBL243076","FC(F)(F)c1ccc(/C=C/c2ccc(/C=C/c3ccc(C(F)(F)F)cc3)cc2)cc1","FC(F)(F)c1ccc(/C=C/c2ccc(/C=C/c3ccc(C(F)(F)F)cc3)cc2)cc1"
"CHEMBL388469","COc1cc(/C=C/c2cc(O)c(C/C=C(\C)CCC=C(C)C)c(O)c2)cc2c1O[C@@]1(C)CC[C@H](O)C(C)(C)[C@@H]1C2","COc1cc(/C=C/c2cc(O)c(C/C=C(\C)CCC=C(C)C)c(O)c2)cc2c1O[C@@]1(C)CC[C@H](O)C(C)(C)[C@@H]1C2"
"CHEMBL245114","COc1ccc(/C=C/c2ccc(OC)c(O)c2)cc1","COc1ccc(/C=C/c2ccc(OC)c(O)c2)cc1"
"CHEMBL231977","OCCCCCCCCCCCCCCc1c(O)cc(/C=C/c2ccc(O)cc2)cc1O","OCCCCCCCCCCCCCCc1c(O)cc(/C=C/c2ccc(O)cc2)cc1O"
"CHEMBL372372","COc1cc(/C=C2/C(=O)Oc3ccccc32)ccc1O","COc1cc(/C=C2/C(=O)Oc3ccccc32)ccc1O"
"CHEMBL234069","O=C(O)c1cccc(C2=C(c3cc(Br)ccc3OCc3ccc(Cl)c(Cl)c3)CCC2)c1","O=C(O)c1cccc(C2=C(c3cc(Br)ccc3OCc3ccc(Cl)c(Cl)c3)CCC2)c1"
"CHEMBL56153","O=S(=O)(Nc1ccc2c(/C=C/c3ccccc3)cccc2c1)C(F)(F)F","O=S(=O)(Nc1ccc2c(/C=C/c3ccccc3)cccc2c1)C(F)(F)F"
"CHEMBL474936","COc1ccc(/C(C)=C/c2cc(OC)cc(OC)c2)cc1","COc1ccc(/C(C)=C/c2cc(OC)cc(OC)c2)cc1"
"CHEMBL487092","C/C(=C\c1ccc2ccccc2c1)c1cc(O)cc(O)c1","C/C(=C\c1ccc2ccccc2c1)c1cc(O)cc(O)c1"
"CHEMBL196407","CN(C)c1ccc(/C=C/c2ccc(OCC(CO)CO)cc2)cc1","CN(C)c1ccc(/C=C/c2ccc(OCC(CO)CO)cc2)cc1"
"CHEMBL245688","COc1cc(/C=C/c2cc(Br)cc(/C=C/c3ccc(O)c(OC)c3)c2)ccc1O","COc1cc(/C=C/c2cc(Br)cc(/C=C/c3ccc(O)c(OC)c3)c2)ccc1O"
"CHEMBL352293","CC(=O)c1cccc(C2=C(C(C)C)c3cc(C(C)=O)ccc3C2(C)C)c1","CC(=O)c1cccc(C2=C(C(C)C)c3cc(C(C)=O)ccc3C2(C)C)c1"
"CHEMBL10852","CC/C(=C(\c1ccccc1)c1ccc(OC(C)=O)cc1)c1ccc(OC(C)=O)cc1","CC/C(=C(\c1ccccc1)c1ccc(OC(C)=O)cc1)c1ccc(OC(C)=O)cc1"
"CHEMBL276795","CC/C1=C(\c2ccccc2)c2ccc(OCC(O)CO)cc2SCc2ccccc21","CC/C1=C(\c2ccccc2)c2ccc(OCC(O)CO)cc2SCc2ccccc21"
"CHEMBL14881","C=CCOc1ccc2c(c1)Sc1ccccc1C(CC)=C2c1ccc(O)cc1","C=CCOc1ccc2c(c1)Sc1ccccc1C(CC)=C2c1ccc(O)cc1"
"CHEMBL352841","CC1(C)OC(c2ccc(S(C)(=O)=O)c(F)c2)=C(c2cccc(F)c2)C1=O","CC1(C)OC(c2ccc(S(C)(=O)=O)c(F)c2)=C(c2cccc(F)c2)C1=O"
"CHEMBL233486","CC(C)c1onc(-c2ccc(-c3ccccc3)cc2)c1COc1ccc(/C=C/c2cccc(C(=O)O)c2)c(Cl)c1","CC(C)c1onc(-c2ccc(-c3ccccc3)cc2)c1COc1ccc(/C=C/c2cccc(C(=O)O)c2)c(Cl)c1"
"CHEMBL245479","CN(C)c1ccc(/C=C/c2cc(I)cc(/C=C/c3ccc(N(C)C)cc3)c2)cc1","CN(C)c1ccc(/C=C/c2cc(I)cc(/C=C/c3ccc(N(C)C)cc3)c2)cc1"
"CHEMBL91268","CC1(C)CCC(C)(C)c2cc(/C=C/c3cccc(N)c3)ccc21","CC1(C)CCC(C)(C)c2cc(/C=C/c3cccc(N)c3)ccc21"
"CHEMBL478319","O=C1Nc2cc(Cl)ccc2/C1=C\c1cccc(C(F)(F)F)c1","O=C1Nc2cc(Cl)ccc2/C1=C\c1cccc(C(F)(F)F)c1"
"CHEMBL195580","Fc1ccc2c(c1)CC/C2=C\c1cccc2ncccc12","Fc1ccc2c(c1)CC/C2=C\c1cccc2ncccc12"
"CHEMBL192860","COc1ccc(/C=C\c2cc(OC)c(OC)c(OC)c2)cc1Br","COc1ccc(/C=C\c2cc(OC)c(OC)c(OC)c2)cc1Br"
"CHEMBL498265","COC(=O)c1ccc2c(c1)NC(=O)/C2=C(\Nc1ccc(N(CCN(C)C)C(C)=O)cc1)c1ccccc1","COC(=O)c1ccc2c(c1)NC(=O)/C2=C(\Nc1ccc(N(CCN(C)C)C(C)=O)cc1)c1ccccc1"
"CHEMBL91310","C=C1c2ccccc2C=C(N2CCN(C)CC2)c2ccccc21","C=C1c2ccccc2C=C(N2CCN(C)CC2)c2ccccc21"
"CHEMBL327755","CC[C@@H]1Cc2cc(O)ccc2C2=C1c1ccc(O)cc1C[C@@H]2CC","CC[C@@H]1Cc2cc(O)ccc2C2=C1c1ccc(O)cc1C[C@@H]2CC"
"CHEMBL76778","C1=C(c2ccc3c(c2)OCO3)N2CCN=C2c2ccccc21","C1=C(c2ccc3c(c2)OCO3)N2CCN=C2c2ccccc21"
"CHEMBL11367","CC/C(=C(\c1ccc(OC(C)=O)cc1)c1cccc(OC(C)=O)c1)c1cccc(OC(C)=O)c1","CC/C(=C(\c1ccc(OC(C)=O)cc1)c1cccc(OC(C)=O)c1)c1cccc(OC(C)=O)c1"
"CHEMBL431546","NS(=O)(=O)c1ccc(C2=C(c3ccc(F)cc3)C(=O)OC2)cc1","NS(=O)(=O)c1ccc(C2=C(c3ccc(F)cc3)C(=O)OC2)cc1"
"CHEMBL468194","COc1ccc(/C=C(/F)c2cc(OC)c(OC)c(OC)c2)cc1N","COc1ccc(/C=C(/F)c2cc(OC)c(OC)c(OC)c2)cc1N"
"CHEMBL88286","CS(=O)(=O)c1ccc(C2=C(c3ccc(F)c(Cl)c3)CC3(CC3)C2)cc1","CS(=O)(=O)c1ccc(C2=C(c3ccc(F)c(Cl)c3)CC3(CC3)C2)cc1"
"CHEMBL313387","NS(=O)(=O)c1ccc(C2=C(c3ccc(Cl)c(Cl)c3)CC3(CC3)C2)cc1","NS(=O)(=O)c1ccc(C2=C(c3ccc(Cl)c(Cl)c3)CC3(CC3)C2)cc1"
"CHEMBL456744","COc1ccc(/C=C\c2cc(F)c(OC)c(OC)c2)cc1O","COc1ccc(/C=C\c2cc(F)c(OC)c(OC)c2)cc1O"
"CHEMBL73082","CC(C)=C1c2ccccc2C=C(N2CCN(C)CC2)c2cc(Cl)ccc21","CC(C)=C1c2ccccc2C=C(N2CCN(C)CC2)c2cc(Cl)ccc21"
"CHEMBL459270","COc1ccc(/C=C\c2cc(O)c(OC)c(OC)c2)cc1[N+](=O)[O-]","COc1ccc(/C=C\c2cc(O)c(OC)c(OC)c2)cc1[N+](=O)[O-]"
"CHEMBL246274","O=C(Nc1ccccc1)Nc1ccc(/C=C2\C(=O)N(O)c3ccccc32)cc1","O=C(Nc1ccccc1)Nc1ccc(/C=C2\C(=O)N(O)c3ccccc32)cc1"
"CHEMBL348331","OC1CCCN(CCCCOc2ccccc2/C=C/c2cccc(Cl)c2)C1","OC1CCCN(CCCCOc2ccccc2/C=C/c2cccc(Cl)c2)C1"
"CHEMBL302085","O=C(O)c1c(O)cccc1/C=C/c1ccc(O)c(O)c1","O=C(O)c1c(O)cccc1/C=C/c1ccc(O)c(O)c1"
"CHEMBL78624","Cc1ccc2c(c1)C1=NCCN1C(c1ccc(C(C)(C)C)cc1)=C2","Cc1ccc2c(c1)C1=NCCN1C(c1ccc(C(C)(C)C)cc1)=C2"
"CHEMBL278231","CCOC1(C)OC(=O)C(c2ccc(F)cc2)=C1c1ccc(S(C)(=O)=O)cc1","CCOC1(C)OC(=O)C(c2ccc(F)cc2)=C1c1ccc(S(C)(=O)=O)cc1"
"CHEMBL56460","Cc1cc(/C=C/c2ccccc2Br)cc(C)c1O","Cc1cc(/C=C/c2ccccc2Br)cc(C)c1O"
"CHEMBL292349","COc1ccc(C2=C(c3cc(OC)c(OC)c(OC)c3)CCC2)cc1","COc1ccc(C2=C(c3cc(OC)c(OC)c(OC)c3)CCC2)cc1"
"CHEMBL465016","COC(=O)c1ccc2c(c1)NC(=O)/C2=C(\Nc1ccc(NC(=O)CN(C)C)cc1)c1ccccc1","COC(=O)c1ccc2c(c1)NC(=O)/C2=C(\Nc1ccc(NC(=O)CN(C)C)cc1)c1ccccc1"
"CHEMBL355107","C=C1c2ccc(Cl)cc2C=C(N2CCN(C)CC2)c2ccccc21","C=C1c2ccc(Cl)cc2C=C(N2CCN(C)CC2)c2ccccc21"
"CHEMBL339312","COc1cc(/C=C\c2ccc3nc(C)c(C)nc3c2)cc(OC)c1OC","COc1cc(/C=C\c2ccc3nc(C)c(C)nc3c2)cc(OC)c1OC"
"CHEMBL86921","CN(C)c1ccc(/C=C2\C(=O)N(C)c3ccccc32)cc1","CN(C)c1ccc(/C=C2\C(=O)N(C)c3ccccc32)cc1"
"CHEMBL260554","CC(=O)OCO/N=[N+](\[O-])N(C)CCOC(=O)/C(=C/c1ccc(S(C)(=O)=O)cc1)c1ccccc1","CC(=O)OCO/N=[N+](\[O-])N(C)CCOC(=O)/C(=C/c1ccc(S(C)(=O)=O)cc1)c1ccccc1"
"CHEMBL149791","CCC(=C(c1ccc(O)cc1)c1ccc(O)cc1)c1ccccc1","CCC(=C(c1ccc(O)cc1)c1ccc(O)cc1)c1ccccc1"
"CHEMBL18930","CN1CCC(/C(=C/c2ccccc2)c2ccccc2)CC1","CN1CCC(/C(=C/c2ccccc2)c2ccccc2)CC1"
"CHEMBL478753","OC[C@H]1O[C@@H](Oc2ccc(/C=C/c3cc(O)cc(O)c3)cc2)[C@H](O)[C@@H](O)[C@@H]1O","OC[C@H]1O[C@@H](Oc2ccc(/C=C/c3cc(O)cc(O)c3)cc2)[C@H](O)[C@@H](O)[C@@H]1O"
"CHEMBL7111","NS(=O)(=O)c1ccc(/C=C/c2cccc(O)c2)cc1","NS(=O)(=O)c1ccc(/C=C/c2cccc(O)c2)cc1"
"CHEMBL74826","COc1ccc(/C(C)=C/c2ccc(C(=O)O)cc2)cc1C(C)(C)C","COc1ccc(/C(C)=C/c2ccc(C(=O)O)cc2)cc1C(C)(C)C"
"CHEMBL304290","COc1cc(Nc2c(C#N)cnc3cc(/C=C/c4ccc(-c5ccccc5)cc4)ccc23)c(Cl)cc1Cl","COc1cc(Nc2c(C#N)cnc3cc(/C=C/c4ccc(-c5ccccc5)cc4)ccc23)c(Cl)cc1Cl"
"CHEMBL43951","CSc1ccc(C2=C(c3ccc(O)c(O)c3)C(=O)N3CCCC3C2)cc1","CSc1ccc(C2=C(c3ccc(O)c(O)c3)C(=O)N3CCCC3C2)cc1"
"CHEMBL360980","C(=C\c1ccc2ccccc2c1)\c1ccc2c(c1)-c1ccccc1C2","C(=C\c1ccc2ccccc2c1)\c1ccc2c(c1)-c1ccccc1C2"
"CHEMBL8635","CC(C)(C)c1cc(/C=C/c2ccc(Cl)c(Cl)c2)cc(C(C)(C)C)c1O","CC(C)(C)c1cc(/C=C/c2ccc(Cl)c(Cl)c2)cc(C(C)(C)C)c1O"
"CHEMBL298662","CC(=O)N(O)c1ccc(/C=C/c2ccccc2)cc1","CC(=O)N(O)c1ccc(/C=C/c2ccccc2)cc1"
"CHEMBL193376","Nc1ccc(/C=C2\C=Cc3ccccc32)cc1","Nc1ccc(/C=C2\C=Cc3ccccc32)cc1"
"CHEMBL89809","Cc1cccc2c1/C(=C/c1ccc(N(C)C)cc1)C(=O)N2","Cc1cccc2c1/C(=C/c1ccc(N(C)C)cc1)C(=O)N2"
"CHEMBL222437","COc1ccc(C2=C(c3cc(OC)c(OC)c(OC)c3)C(=O)C(O)C2)cc1NC(=O)c1ccccc1","COc1ccc(C2=C(c3cc(OC)c(OC)c(OC)c3)C(=O)C(O)C2)cc1NC(=O)c1ccccc1"
"CHEMBL75732","COc1ccc(C2=Cc3ccc(C(=O)O)cc3OC2)cc1C12C[C@H]3C[C@@H](C1)C[C@@H](C2)C3","COc1ccc(C2=Cc3ccc(C(=O)O)cc3OC2)cc1C12C[C@H]3C[C@@H](C1)C[C@@H](C2)C3"
"CHEMBL488546","O=C1/C(=C/c2ccccc2[N+](=O)[O-])c2ccccc2N1c1c(Cl)cccc1Cl","O=C1/C(=C/c2ccccc2[N+](=O)[O-])c2ccccc2N1c1c(Cl)cccc1Cl"
"CHEMBL505013","CS(=O)(=O)NC(=O)N1c2ccccc2C=Cc2ccccc21","CS(=O)(=O)NC(=O)N1c2ccccc2C=Cc2ccccc21"
"CHEMBL33974","C/C(=C\c1ccc(CO)cc1)c1ccc2c(c1)C(C)(C)CCO2","C/C(=C\c1ccc(CO)cc1)c1ccc2c(c1)C(C)(C)CCO2"
"CHEMBL163907","CC(=C\C(=O)O)/C(=C/c1ccc2cc(OCc3ccccc3)c(OCc3ccccc3)cc2c1)c1cccc(C(=O)O)c1","CC(=C\C(=O)O)/C(=C/c1ccc2cc(OCc3ccccc3)c(OCc3ccccc3)cc2c1)c1cccc(C(=O)O)c1"
"CHEMBL221566","O=c1cc(-c2ccc(-c3ccc(/C=C/c4ccccc4)cc3)cc2)sc(N2CCOCC2)c1","O=c1cc(-c2ccc(-c3ccc(/C=C/c4ccccc4)cc3)cc2)sc(N2CCOCC2)c1"
"CHEMBL431005","C1=C(c2ccc(C3CCCCC3)cc2)N2CCN=C2c2ccccc21","C1=C(c2ccc(C3CCCCC3)cc2)N2CCN=C2c2ccccc21"
"CHEMBL113536","COc1ccc(/C=C/c2cc(O)cc(O[C@@H]3O[C@H](CO)[C@@H](O)[C@H](O)[C@H]3O)c2)cc1","COc1ccc(/C=C/c2cc(O)cc(O[C@@H]3O[C@H](CO)[C@@H](O)[C@H](O)[C@H]3O)c2)cc1"
"CHEMBL345084","COC(=O)c1ccc(/C=C(/c2ccc3c(c2)C(C)(C)CC(C)(C)S3)C(F)(F)F)cc1","COC(=O)c1ccc(/C=C(/c2ccc3c(c2)C(C)(C)CC(C)(C)S3)C(F)(F)F)cc1"
"CHEMBL418327","Oc1ccc(C2=C(c3ccc(OCCN4CCCCC4)cc3)Oc3ccc(O)cc3S2)cc1","Oc1ccc(C2=C(c3ccc(OCCN4CCCCC4)cc3)Oc3ccc(O)cc3S2)cc1"
"CHEMBL293234","Cc1ccc(C(C#N)=C(c2ccc(O)cc2)c2ccc(O)cc2)cc1","Cc1ccc(C(C#N)=C(c2ccc(O)cc2)c2ccc(O)cc2)cc1"
"CHEMBL274652","O=C(O)c1cccc(/C=C/c2ccc(OCc3c(-c4c(Cl)cccc4Cl)noc3-c3ccccc3)cc2Cl)c1","O=C(O)c1cccc(/C=C/c2ccc(OCc3c(-c4c(Cl)cccc4Cl)noc3-c3ccccc3)cc2Cl)c1"
"CHEMBL328003","CS(=O)(=O)c1ccc(C2=C(c3ccccc3)C(=O)C2)cc1","CS(=O)(=O)c1ccc(C2=C(c3ccccc3)C(=O)C2)cc1"
"CHEMBL315641","COc1ccc(/C=C/c2ccccc2)c(OC)c1OC","COc1ccc(/C=C/c2ccccc2)c(OC)c1OC"
"CHEMBL322173","COc1ccc(/C=C(\C#N)c2cc(OC)c(OC)c(OC)c2)cc1[N+](=O)[O-]","COc1ccc(/C=C(\C#N)c2cc(OC)c(OC)c(OC)c2)cc1[N+](=O)[O-]"
"CHEMBL22812","CS(=O)(=O)c1ccc(C2=C(c3ccc(F)cc3)C(=O)CC2)cc1","CS(=O)(=O)c1ccc(C2=C(c3ccc(F)cc3)C(=O)CC2)cc1"
"CHEMBL277118","CSc1ccc(C2=C(c3ccc(S(C)(=O)=O)cc3)C(C)(O)OC2=O)cc1","CSc1ccc(C2=C(c3ccc(S(C)(=O)=O)cc3)C(C)(O)OC2=O)cc1"
"CHEMBL59502","COc1ccc(C2=C(c3cc(OC)c(OC)c(OC)c3)C(O)CC2)cc1","COc1ccc(C2=C(c3cc(OC)c(OC)c(OC)c3)C(O)CC2)cc1"
"CHEMBL244943","COc1ccc(/C=C/c2ccccc2O)cc1","COc1ccc(/C=C/c2ccccc2O)cc1"
"CHEMBL328464","N#Cc1ccc(OCc2ccsc2)cc1/C=C(/CCC(=O)O)c1ccccc1","N#Cc1ccc(OCc2ccsc2)cc1/C=C(/CCC(=O)O)c1ccccc1"
"CHEMBL502126","Cc1ccc(/C=C2\C=C(CC(=O)O)c3cc(F)ccc32)cc1","Cc1ccc(/C=C2\C=C(CC(=O)O)c3cc(F)ccc32)cc1"
"CHEMBL43823","COc1ccc(C2=C(c3ccc(SC)cc3)CC3CCCN3C2=O)cc1OC(=O)C1CCCN1C(=O)OC(C)(C)C","COc1ccc(C2=C(c3ccc(SC)cc3)CC3CCCN3C2=O)cc1OC(=O)C1CCCN1C(=O)OC(C)(C)C"
"CHEMBL433201","N#Cc1ccc(OCc2ccsc2)cc1/C=C(/C(=O)O)c1ccccc1Cl","N#Cc1ccc(OCc2ccsc2)cc1/C=C(/C(=O)O)c1ccccc1Cl"
"CHEMBL250564","NCCSNC(=O)N1c2ccccc2C=Cc2ccccc21.O=C(O)C(F)(F)F","NCCSNC(=O)N1c2ccccc2C=Cc2ccccc21.O=C(O)C(F)(F)F"
"CHEMBL186366","COc1cc(O)cc(/C=C/c2ccccc2)c1","COc1cc(O)cc(/C=C/c2ccccc2)c1"
"CHEMBL510194","CC(=O)OC[C@H]1O[C@@H](N2C(=O)/C(=C3/C(=O)Nc4ccc(Cl)cc43)c3ccccc32)[C@H](OC(C)=O)[C@@H](OC(C)=O)[C@@H]1OC(C)=O","CC(=O)OC[C@H]1O[C@@H](N2C(=O)/C(=C3/C(=O)Nc4ccc(Cl)cc43)c3ccccc32)[C@H](OC(C)=O)[C@@H](OC(C)=O)[C@@H]1OC(C)=O"
"CHEMBL352138","O=C(O)[C@H](Cc1ccc(/C=C/c2ccc([N+](=O)[O-])cc2)cc1)NC(=O)[C@@H]1CCC(=O)N1Cc1ccccc1","O=C(O)[C@H](Cc1ccc(/C=C/c2ccc([N+](=O)[O-])cc2)cc1)NC(=O)[C@@H]1CCC(=O)N1Cc1ccccc1"
"CHEMBL167614","CC1(C)OC(c2ccc(S(C)(=O)=O)cc2)=C(c2ccc(F)c(Cl)c2)C1=O","CC1(C)OC(c2ccc(S(C)(=O)=O)cc2)=C(c2ccc(F)c(Cl)c2)C1=O"
"CHEMBL467598","COc1ccc(/C=C(/F)c2cc(OC)c(OC)c(OC)c2)cc1O","COc1ccc(/C=C(/F)c2cc(OC)c(OC)c(OC)c2)cc1O"
"CHEMBL137103","CC1=CC(C)(C)Nc2ccc3c(c21)/C(=C/c1cc(F)ccc1F)Oc1ccccc1-3","CC1=CC(C)(C)Nc2ccc3c(c21)/C(=C/c1cc(F)ccc1F)Oc1ccccc1-3"
"CHEMBL955","CCN(CC)CCOc1ccc(/C(=C(/Cl)c2ccccc2)c2ccc(O)c(OC)c2)cc1","CCN(CC)CCOc1ccc(/C(=C(/Cl)c2ccccc2)c2ccc(O)c(OC)c2)cc1"
"CHEMBL468304","CC(C)c1onc(CCc2ccccc2)c1COc1ccc(/C=C/c2cccc(C(=O)O)c2)c(Cl)c1","CC(C)c1onc(CCc2ccccc2)c1COc1ccc(/C=C/c2cccc(C(=O)O)c2)c(Cl)c1"
"CHEMBL582012","O=C1C(c2ccccc2)=C(Nc2cccc([N+](=O)[O-])c2)c2ccccc21","O=C1C(c2ccccc2)=C(Nc2cccc([N+](=O)[O-])c2)c2ccccc21"
"CHEMBL232643","COc1cc(/C=C/c2cc(O)c(CC=C(C)C)c(O)c2)cc2c1O[C@@]1(C)CC[C@H](O)C(C)(C)[C@@H]1C2","COc1cc(/C=C/c2cc(O)c(CC=C(C)C)c(O)c2)cc2c1O[C@@]1(C)CC[C@H](O)C(C)(C)[C@@H]1C2"
"CHEMBL349754","CC/C(=C(/CC)c1ccc(C(C)=O)c(C(C)=O)c1)c1ccc(C(C)=O)c(C(C)=O)c1","CC/C(=C(/CC)c1ccc(C(C)=O)c(C(C)=O)c1)c1ccc(C(C)=O)c(C(C)=O)c1"
"CHEMBL142580","O=S(=O)(OC(=C(c1ccccc1)c1ccccc1)c1ccccc1)C(F)(F)F","O=S(=O)(OC(=C(c1ccccc1)c1ccccc1)c1ccccc1)C(F)(F)F"
"CHEMBL90666","O=C(O)/C(=C/c1cc(OCc2ccccc2)ccc1[N+](=O)[O-])c1ccccc1","O=C(O)/C(=C/c1cc(OCc2ccccc2)ccc1[N+](=O)[O-])c1ccccc1"
"CHEMBL67100","COc1ccc(/C=C2\OC(=O)c3ccccc32)cc1","COc1ccc(/C=C2\OC(=O)c3ccccc32)cc1"
"CHEMBL259820","COc1c(O)ccc2c1-c1ccc3c(c1/C(=C/c1cccc(C)c1F)O2)C(C)=CC(C)(C)N3","COc1c(O)ccc2c1-c1ccc3c(c1/C(=C/c1cccc(C)c1F)O2)C(C)=CC(C)(C)N3"
"CHEMBL328026","COc1cc(/C=C/c2ccc(O[Si](C)(C)C(C)(C)C)cc2)cc(OC)c1OC","COc1cc(/C=C/c2ccc(O[Si](C)(C)C(C)(C)C)cc2)cc(OC)c1OC"
"CHEMBL100577","C(=C/c1ccc(OCc2ccccc2)c(OCc2ccccc2)c1)\c1ccc(OCc2ccccc2)cc1","C(=C/c1ccc(OCc2ccccc2)c(OCc2ccccc2)c1)\c1ccc(OCc2ccccc2)cc1"
"CHEMBL484893","O=C1/C(=C\c2cccc3ccccc23)c2ccccc2N1c1c(Cl)cccc1Cl","O=C1/C(=C\c2cccc3ccccc23)c2ccccc2N1c1c(Cl)cccc1Cl"
"CHEMBL277510","CCC1=C(c2ccccc2)c2ccc(OCCN(C)C)cc2Oc2ccccc21","CCC1=C(c2ccccc2)c2ccc(OCCN(C)C)cc2Oc2ccccc21"
"CHEMBL384869","Nc1c(S(=O)(=O)[O-])cc2cc(S(=O)(=O)[O-])ccc2c1/N=N/c1ccc(/C=C/c2ccc(/N=N/c3c(N)c(S(=O)(=O)[O-])cc4cc(S(=O)(=O)[O-])ccc34)cc2S(=O)(=O)[O-])c(S(=O)(=O)[O-])c1.[Na+].[Na+].[Na+].[Na+].[Na+].[Na+]","Nc1c(S(=O)(=O)[O-])cc2cc(S(=O)(=O)[O-])ccc2c1/N=N/c1ccc(/C=C/c2ccc(/N=N/c3c(N)c(S(=O)(=O)[O-])cc4cc(S(=O)(=O)[O-])ccc34)cc2S(=O)(=O)[O-])c(S(=O)(=O)[O-])c1.[Na+].[Na+].[Na+].[Na+].[Na+].[Na+]"
"CHEMBL352223","Cc1ccccc1/C=C/c1ccccc1OCCCCN(C)C","Cc1ccccc1/C=C/c1ccccc1OCCCCN(C)C"
"CHEMBL85281","CC(=O)N(C(C)=O)c1ccc(/C=C/c2ccccc2)cc1","CC(=O)N(C(C)=O)c1ccc(/C=C/c2ccccc2)cc1"
"CHEMBL454381","COc1ccc(/C=C\c2ccc3[nH]ccc3c2)cc1N.O=C(O)C(=O)O","COc1ccc(/C=C\c2ccc3[nH]ccc3c2)cc1N.O=C(O)C(=O)O"
"CHEMBL393196","CCC(=C(c1ccc(OCCN2CCCCC2)cc1)c1ccc(OCCN2CCCCC2)cc1)c1ccccc1","CCC(=C(c1ccc(OCCN2CCCCC2)cc1)c1ccc(OCCN2CCCCC2)cc1)c1ccccc1"
"CHEMBL37775","CCC(=C(c1ccc(O)cc1)c1ccc(O)cc1)c1ccc(O)cc1","CCC(=C(c1ccc(O)cc1)c1ccc(O)cc1)c1ccc(O)cc1"
"CHEMBL15081","CCC1=C(c2ccc(O)cc2)c2ccc(OCCN(C)C)cc2Oc2ccccc21","CCC1=C(c2ccc(O)cc2)c2ccc(OCCN(C)C)cc2Oc2ccccc21"
"CHEMBL247931","CNc1ccc(/C=C/c2cccc(/C=C/c3ccc(NC)c(OC)c3)c2)cc1OC","CNc1ccc(/C=C/c2cccc(/C=C/c3ccc(NC)c(OC)c3)c2)cc1OC"
"CHEMBL225525","O/N=C1/CC(O)C(c2ccccc2)=C1c1ccccc1","O/N=C1/CC(O)C(c2ccccc2)=C1c1ccccc1"
"CHEMBL84273","Nc1nc(N)c2nc(CN3c4ccccc4C=Cc4cc(OCCC(=O)O)ccc43)cnc2n1","Nc1nc(N)c2nc(CN3c4ccccc4C=Cc4cc(OCCC(=O)O)ccc43)cnc2n1"
"CHEMBL487988","O=S(=O)([O-])O[C@H]1[C@H](Oc2cc(O)cc(/C=C/c3ccc(O)cc3)c2)O[C@H](CO)[C@@H](O)[C@@H]1O.[K+]","O=S(=O)([O-])O[C@H]1[C@H](Oc2cc(O)cc(/C=C/c3ccc(O)cc3)c2)O[C@H](CO)[C@@H](O)[C@@H]1O.[K+]"
"CHEMBL417379","Cc1cc(/C=C/c2ccc(Cl)cc2)cc(C)c1O","Cc1cc(/C=C/c2ccc(Cl)cc2)cc(C)c1O"
"CHEMBL348853","CC(C)c1cccc(C(C)C)c1NC(=O)C1c2ccccc2C=Cc2ccccc21","CC(C)c1cccc(C(C)C)c1NC(=O)C1c2ccccc2C=Cc2ccccc21"
"CHEMBL56196","Cc1cc(/C=C/c2ccc3ccccc3c2)cc(C)c1O","Cc1cc(/C=C/c2ccc3ccccc3c2)cc(C)c1O"
"CHEMBL84160","Cc1cc(/C=C/c2ccccc2)ccc1N","Cc1cc(/C=C/c2ccccc2)ccc1N"
"CHEMBL434308","CC1(C)OC(c2ccc(S(N)(=O)=O)c(F)c2)=C(c2ccccc2)C1=O","CC1(C)OC(c2ccc(S(N)(=O)=O)c(F)c2)=C(c2ccccc2)C1=O"
"CHEMBL155858","O=C1c2ccccc2C(=Cc2ccccc2Cl)c2ccccc21","O=C1c2ccccc2C(=Cc2ccccc2Cl)c2ccccc21"
"CHEMBL225874","[O-][n+]1onc2cc(/C=C/c3ccc(Br)cc3)ccc21","[O-][n+]1onc2cc(/C=C/c3ccc(Br)cc3)ccc21"
"CHEMBL336736","CC1=CC(C)(C)Nc2ccc3c(c21)/C(=C/c1ccccc1C)Oc1ccc(F)cc1-3","CC1=CC(C)(C)Nc2ccc3c(c21)/C(=C/c1ccccc1C)Oc1ccc(F)cc1-3"
"CHEMBL210300","COc1cc(/C=C/c2ccc([N+](=O)[O-])cc2)cc(OC)c1","COc1cc(/C=C/c2ccc([N+](=O)[O-])cc2)cc(OC)c1"
"CHEMBL310102","COc1ccc(/C=C/c2ccc(OC)cc2)cc1","COc1ccc(/C=C/c2ccc(OC)cc2)cc1"
"CHEMBL432347","CN1CCC(=C2c3ccccc3C=Cc3ccc(C(=O)O)cc32)CC1","CN1CCC(=C2c3ccccc3C=Cc3ccc(C(=O)O)cc32)CC1"
"CHEMBL190238","CC/N=C1/C(c2ccc(O)cc2)=C(O)c2cc(O)cc(O)c21","CC/N=C1/C(c2ccc(O)cc2)=C(O)c2cc(O)cc(O)c21"
"CHEMBL173106","O=C(CCCN1CCN(C(=O)c2ccccc2)CC1)NC1c2ccccc2C=Cc2ccccc21","O=C(CCCN1CCN(C(=O)c2ccccc2)CC1)NC1c2ccccc2C=Cc2ccccc21"
"CHEMBL489081","O=C([O-])CCC(O)c1ccc(/C=C/c2cccc(Cl)c2)cc1.[Li+]","O=C([O-])CCC(O)c1ccc(/C=C/c2cccc(Cl)c2)cc1.[Li+]"
"CHEMBL116776","COc1cc(/C=C\c2ccc(N)cc2)cc(OC)c1","COc1cc(/C=C\c2ccc(N)cc2)cc(OC)c1"
"CHEMBL167679","CC1(C)OC(c2ccc(S(C)(=O)=O)cc2F)=C(c2cccc(F)c2)C1=O","CC1(C)OC(c2ccc(S(C)(=O)=O)cc2F)=C(c2cccc(F)c2)C1=O"
"CHEMBL177661","CN(O)C(=O)/C(=C/c1ccc2ccccc2c1)c1ccc(F)cc1","CN(O)C(=O)/C(=C/c1ccc2ccccc2c1)c1ccc(F)cc1"
"CHEMBL66604","CC1(C)Oc2cc(O)ccc2C(c2ccc(OCCN3CCCC3)cc2)=C1c1ccccc1","CC1(C)Oc2cc(O)ccc2C(c2ccc(OCCN3CCCC3)cc2)=C1c1ccccc1"
"CHEMBL148228","O=C(/C(=C/c1ccccc1)c1ccc(O)cc1)c1ccccc1","O=C(/C(=C/c1ccccc1)c1ccc(O)cc1)c1ccccc1"
"CHEMBL88899","COc1ccc(C2=C(c3ccc(S(C)(=O)=O)cc3)CC3(CC3)C2)cc1Cl","COc1ccc(C2=C(c3ccc(S(C)(=O)=O)cc3)CC3(CC3)C2)cc1Cl"
"CHEMBL480304","O=C(OC[C@H]1O[C@@H](Oc2cc(O)cc(/C=C/c3ccc(O)cc3)c2)[C@H](O)[C@@H](O)[C@@H]1O)c1cc(O)c(O)c(O)c1","O=C(OC[C@H]1O[C@@H](Oc2cc(O)cc(/C=C/c3ccc(O)cc3)c2)[C@H](O)[C@@H](O)[C@@H]1O)c1cc(O)c(O)c(O)c1"
"CHEMBL17184","NS(=O)(=O)c1ccc(C2=C(c3ccc(F)cc3)CC3(CC3)C2)cc1","NS(=O)(=O)c1ccc(C2=C(c3ccc(F)cc3)CC3(CC3)C2)cc1"
"CHEMBL91741","N#Cc1ccc(OCc2ccc3c(c2)OCO3)cc1/C=C(/C(=O)O)c1ccccc1","N#Cc1ccc(OCc2ccc3c(c2)OCO3)cc1/C=C(/C(=O)O)c1ccccc1"
"CHEMBL300435","O=[N+]([O-])c1ccc(C2=C(c3ccc(O)cc3)c3ccc(O)cc3C2)cc1","O=[N+]([O-])c1ccc(C2=C(c3ccc(O)cc3)c3ccc(O)cc3C2)cc1"
"CHEMBL376511","COc1ccc(/C=C2/c3ccccc3C(=O)c3ccsc32)c(O)c1","COc1ccc(/C=C2/c3ccccc3C(=O)c3ccsc32)c(O)c1"
"CHEMBL368154","COc1ccc(/C=C/c2ccc3ccccc3c2)cc1C(=O)CN","COc1ccc(/C=C/c2ccc3ccccc3c2)cc1C(=O)CN"
"CHEMBL342089","CSc1ccc2c(c1)C(SCCN(C(C)C)C(C)C)=Cc1ccccc1O2","CSc1ccc2c(c1)C(SCCN(C(C)C)C(C)C)=Cc1ccccc1O2"
"CHEMBL55293","Cc1cc(/C=C/c2ccc(C(C)C)cc2)cc(C)c1O","Cc1cc(/C=C/c2ccc(C(C)C)cc2)cc(C)c1O"
"CHEMBL545812","COc1ccc(N2CCN(CCCN3CCN(C(=O)c4ccc(/C=C/c5ccc(Cl)c(Cl)c5)cc4)CC3)CC2)c(OC)c1","COc1ccc(N2CCN(CCCN3CCN(C(=O)c4ccc(/C=C/c5ccc(Cl)c(Cl)c5)cc4)CC3)CC2)c(OC)c1"
"CHEMBL190772","O=C(O)c1cc2c(cc1C(=O)O)/C(=C/c1ccc(Cl)cc1)OC2=O","O=C(O)c1cc2c(cc1C(=O)O)/C(=C/c1ccc(Cl)cc1)OC2=O"
"CHEMBL450239","O=C1Nc2cc(/C=C/c3ccccc3)ccc2C1=O","O=C1Nc2cc(/C=C/c3ccccc3)ccc2C1=O"
"CHEMBL89970","CN1CCN(C2=Cc3ccccc3Oc3ccccc32)CC1","CN1CCN(C2=Cc3ccccc3Oc3ccccc32)CC1"
"CHEMBL44632","O=C(NCCc1ccccc1)c1cc(/C=C/c2cc(O)ccc2O)ccc1O","O=C(NCCc1ccccc1)c1cc(/C=C/c2cc(O)ccc2O)ccc1O"
"CHEMBL178940","Cc1ccc(/C=C/c2ccc3ccccc3c2)cc1","Cc1ccc(/C=C/c2ccc3ccccc3c2)cc1"
"CHEMBL55737","Cc1cc(/C=C/c2cccc3ccccc23)cc(C)c1O","Cc1cc(/C=C/c2cccc3ccccc23)cc(C)c1O"
"CHEMBL416101","CC1(C)OC(c2ccc(S(C)(=O)=O)cc2)=C(c2ccc(F)c(F)c2)C1=O","CC1(C)OC(c2ccc(S(C)(=O)=O)cc2)=C(c2ccc(F)c(F)c2)C1=O"
"CHEMBL369169","COc1cc(/C=C/c2ccc(N(C)C)c(N)c2)cc(OC)c1OC","COc1cc(/C=C/c2ccc(N(C)C)c(N)c2)cc(OC)c1OC"
"CHEMBL463404","COc1cc(/C=C/c2ccc(O)cc2)cc2c1C=CC(C)(C)O2","COc1cc(/C=C/c2ccc(O)cc2)cc2c1C=CC(C)(C)O2"
"CHEMBL395859","COc1cc2c(cc1OC)N(C)C(=O)/C2=C/c1ccc(NC(=O)Nc2ccccc2)cc1","COc1cc2c(cc1OC)N(C)C(=O)/C2=C/c1ccc(NC(=O)Nc2ccccc2)cc1"
"CHEMBL456529","C#Cc1ccc(/C=C2\C=C(CC(=O)O)c3cc(F)ccc32)cc1","C#Cc1ccc(/C=C2\C=C(CC(=O)O)c3cc(F)ccc32)cc1"
"CHEMBL88769","COc1ccc(/C=C/c2ccc3c(c2)C(C)(C)CCC3(C)C)cc1N","COc1ccc(/C=C/c2ccc3c(c2)C(C)(C)CCC3(C)C)cc1N"
"CHEMBL523466","O=C1/C(=C/c2ccc(O)cc2)c2ccccc2N1c1c(Cl)cccc1Cl","O=C1/C(=C/c2ccc(O)cc2)c2ccccc2N1c1c(Cl)cccc1Cl"
"CHEMBL60985","COc1ccc(/C=C2\C(=O)Nc3ccccc32)cc1OC1CC2CCC1C2","COc1ccc(/C=C2\C(=O)Nc3ccccc32)cc1OC1CC2CCC1C2"
"CHEMBL47630","COc1ccc(C2=C(c3ccc(OC)c(OC)c3)CN3CCCC3C2)cc1OC","COc1ccc(C2=C(c3ccc(OC)c(OC)c3)CN3CCCC3C2)cc1OC"
"CHEMBL272380","NS(=O)(=O)c1ccc(N/N=C2\C(=O)Nc3cccc(/C=C/c4ccc(O)cc4)c32)cc1","NS(=O)(=O)c1ccc(N/N=C2\C(=O)Nc3cccc(/C=C/c4ccc(O)cc4)c32)cc1"
"CHEMBL352738","CC1(C)OC(c2ccc(S(C)(=O)=O)c(F)c2)=C(c2cc(F)cc(F)c2)C1=O","CC1(C)OC(c2ccc(S(C)(=O)=O)c(F)c2)=C(c2cc(F)cc(F)c2)C1=O"
"CHEMBL289215","CC(=O)Oc1ccc(C(=Cc2ccccc2)c2ccc(OC(C)=O)cc2)cc1","CC(=O)Oc1ccc(C(=Cc2ccccc2)c2ccc(OC(C)=O)cc2)cc1"
"CHEMBL525203","COC(=O)c1ccc2c(c1)NC(=O)/C2=C(\Nc1ccc(CN(C)C(=O)N(C)C)cc1)c1ccccc1","COC(=O)c1ccc2c(c1)NC(=O)/C2=C(\Nc1ccc(CN(C)C(=O)N(C)C)cc1)c1ccccc1"
"CHEMBL234808","COC(=O)c1ccc(/C=C/c2ccc(O)c(O)c2)cc1","COC(=O)c1ccc(/C=C/c2ccc(O)c(O)c2)cc1"
"CHEMBL375701","CC(=O)Nc1ccc(/C=C\c2ccc3c(c2)no[n+]3[O-])cc1[N+](=O)[O-]","CC(=O)Nc1ccc(/C=C\c2ccc3c(c2)no[n+]3[O-])cc1[N+](=O)[O-]"
"CHEMBL225813","O=C(O)c1ccc(/C=C/c2ccc3c(c2)no[n+]3[O-])cc1","O=C(O)c1ccc(/C=C/c2ccc3c(c2)no[n+]3[O-])cc1"
"CHEMBL393702","C(=C\c1ccccc1)\c1ccccc1","C(=C\c1ccccc1)\c1ccccc1"
"CHEMBL234924","N#Cc1ccc(OCc2ccccc2)c(C2=C(c3cccc(C(=O)O)c3)CCC2)c1","N#Cc1ccc(OCc2ccccc2)c(C2=C(c3cccc(C(=O)O)c3)CCC2)c1"
"CHEMBL234113","CCCNC(=O)c1cccc(/C=C/c2ccc(OCc3c(-c4c(Cl)cccc4Cl)noc3C(C)C)cc2Cl)c1","CCCNC(=O)c1cccc(/C=C/c2ccc(OCc3c(-c4c(Cl)cccc4Cl)noc3C(C)C)cc2Cl)c1"
"CHEMBL163239","CC(C)=C1c2ccccc2C=C(C2=CCN(C)CC2)c2cc(Cl)ccc21","CC(C)=C1c2ccccc2C=C(C2=CCN(C)CC2)c2cc(Cl)ccc21"
"CHEMBL308172","COc1cc(/C=C\c2ccc(C(C)C)cc2)cc(OC)c1OC","COc1cc(/C=C\c2ccc(C(C)C)cc2)cc(OC)c1OC"
"CHEMBL157664","O=C(N[C@@H](CS)Cc1ccccc1)/C(=C/c1ccccc1)c1ccccc1","O=C(N[C@@H](CS)Cc1ccccc1)/C(=C/c1ccccc1)c1ccccc1"
"CHEMBL396773","CC(C)c1onc(-c2ccc3ccccc3c2)c1COc1ccc(/C=C/c2cccc(C(=O)O)c2)c(Cl)c1","CC(C)c1onc(-c2ccc3ccccc3c2)c1COc1ccc(/C=C/c2cccc(C(=O)O)c2)c(Cl)c1"
"CHEMBL245478","CN(C)c1ccc(/C=C/c2cc(Br)cc(/C=C/c3ccc(N(C)C)cc3)c2)cc1","CN(C)c1ccc(/C=C/c2cc(Br)cc(/C=C/c3ccc(N(C)C)cc3)c2)cc1"
"CHEMBL164845","Nc1nc(N)c2c(/C=C/c3ccccc3)cccc2n1","Nc1nc(N)c2c(/C=C/c3ccccc3)cccc2n1"
"CHEMBL324828","CCOc1ccc(/C=C\c2cccc(C(F)(F)P(=O)(O)O)c2)cc1.N.N","CCOc1ccc(/C=C\c2cccc(C(F)(F)P(=O)(O)O)c2)cc1.N.N"
"CHEMBL489093","C/C(=C\c1ccc(C(F)(F)F)cc1)c1cc(O)cc(O)c1","C/C(=C\c1ccc(C(F)(F)F)cc1)c1cc(O)cc(O)c1"
"CHEMBL468646","COc1ccc(/C(F)=C(\F)c2cc(OC)c(OC)c(OC)c2)cc1[N+](=O)[O-]","COc1ccc(/C(F)=C(\F)c2cc(OC)c(OC)c(OC)c2)cc1[N+](=O)[O-]"
"CHEMBL457028","CC(C)OP(=O)(N[C@@H](C)C(=O)Nc1ccc(/C=C/c2ccccc2)cc1)OC(C)C","CC(C)OP(=O)(N[C@@H](C)C(=O)Nc1ccc(/C=C/c2ccccc2)cc1)OC(C)C"
"CHEMBL325376","C/C(=C(/C)c1cccc(O)c1)c1cccc(O)c1","C/C(=C(/C)c1cccc(O)c1)c1cccc(O)c1"
"CHEMBL337993","O=C1Nc2ccccc2/C1=C\c1ccc(C(F)(F)F)cc1","O=C1Nc2ccccc2/C1=C\c1ccc(C(F)(F)F)cc1"
"CHEMBL344577","Fc1ccc(/C=C(\CCN2CCN(c3ncc(F)cn3)CC2)c2ccc(F)cc2)cc1","Fc1ccc(/C=C(\CCN2CCN(c3ncc(F)cn3)CC2)c2ccc(F)cc2)cc1"
"CHEMBL468998","COc1ccc(/C(F)=C\c2cc(OC)c(OC)c(OC)c2)cc1[N+](=O)[O-]","COc1ccc(/C(F)=C\c2cc(OC)c(OC)c(OC)c2)cc1[N+](=O)[O-]"
"CHEMBL188519","c1ccc(C2=C(c3ccc(OCCN4CCCCC4)cc3)c3ccccc3OCC2)cc1","c1ccc(C2=C(c3ccc(OCCN4CCCCC4)cc3)c3ccccc3OCC2)cc1"
"CHEMBL166473","COc1cccc(C2=C(c3ccc(S(C)(=O)=O)cc3)OC(C)(C)C2=O)c1","COc1cccc(C2=C(c3ccc(S(C)(=O)=O)cc3)OC(C)(C)C2=O)c1"
"CHEMBL436304","COc1ccc(OC)c(C2=C(c3cc(OC)c(OC)c(OC)c3)C(=O)CC2O[SiH2]C(C)(C)C)c1","COc1ccc(OC)c(C2=C(c3cc(OC)c(OC)c(OC)c3)C(=O)CC2O[SiH2]C(C)(C)C)c1"
"CHEMBL147075","COc1ccc(/C=C\c2cc(OC)c3c(c2)OCO3)cc1N.Cl","COc1ccc(/C=C\c2cc(OC)c3c(c2)OCO3)cc1N.Cl"
"CHEMBL228463","CC(C)(C)c1cc(/C=C(\C(=O)O)c2ccccc2)c(O)c(C(C)(C)C)c1","CC(C)(C)c1cc(/C=C(\C(=O)O)c2ccccc2)c(O)c(C(C)(C)C)c1"
"CHEMBL133534","COc1ccc2c(c1)C(CCNC(=O)C(F)(F)F)=C(c1ccccc1)C2","COc1ccc2c(c1)C(CCNC(=O)C(F)(F)F)=C(c1ccccc1)C2"
"CHEMBL86736","COc1cc(/C=C\c2ccc(Br)cc2)cc(OC)c1OC","COc1cc(/C=C\c2ccc(Br)cc2)cc(OC)c1OC"
"CHEMBL466356","COc1ccc(/C=C(\F)c2cc(OC)c(OC)c(OC)c2)cc1N","COc1ccc(/C=C(\F)c2cc(OC)c(OC)c(OC)c2)cc1N"
"CHEMBL502835","COC(=O)c1ccc2c(c1)NC(=O)/C2=C(\Nc1ccc(N(C)C(=O)CN2CCN(C)CC2)cc1)c1ccccc1","COC(=O)c1ccc2c(c1)NC(=O)/C2=C(\Nc1ccc(N(C)C(=O)CN2CCN(C)CC2)cc1)c1ccccc1"
"CHEMBL510513","O=C1Nc2ccccc2/C1=C\c1ccc(F)cc1","O=C1Nc2ccccc2/C1=C\c1ccc(F)cc1"
"CHEMBL457077","O=C(/C=C/c1ccc(O)c(O)c1/C=C/c1ccc(O)c(O)c1)O[C@H](Cc1ccc(O)c(O)c1)C(=O)O","O=C(/C=C/c1ccc(O)c(O)c1/C=C/c1ccc(O)c(O)c1)O[C@H](Cc1ccc(O)c(O)c1)C(=O)O"
"CHEMBL466868","CCC(CC)c1onc(-c2c(Cl)cccc2Cl)c1COc1ccc(/C=C/c2cccc(C(=O)O)c2)c(Cl)c1","CCC(CC)c1onc(-c2c(Cl)cccc2Cl)c1COc1ccc(/C=C/c2cccc(C(=O)O)c2)c(Cl)c1"
"CHEMBL179413","C(=C\c1ccc2[nH]ccc2c1)\c1ccc2ccccc2c1","C(=C\c1ccc2[nH]ccc2c1)\c1ccc2ccccc2c1"
"CHEMBL6318","CC/C(=C(\c1ccc(I)cc1)c1ccc(OCCN2CCCC2)cc1)c1ccccc1","CC/C(=C(\c1ccc(I)cc1)c1ccc(OCCN2CCCC2)cc1)c1ccccc1"
"CHEMBL175891","COc1c([N+](=O)[O-])cc(/C=C\c2ccc3ccccc3c2)cc1[N+](=O)[O-]","COc1c([N+](=O)[O-])cc(/C=C\c2ccc3ccccc3c2)cc1[N+](=O)[O-]"
"CHEMBL368498","COc1cc(/C=C/c2ccc3ccccc3c2)cc([N+](=O)[O-])c1OC","COc1cc(/C=C/c2ccc3ccccc3c2)cc([N+](=O)[O-])c1OC"
"CHEMBL170581","COc1ccc(/C(=C(/c2ccccc2)C(F)(F)F)c2ccccc2)cc1","COc1ccc(/C(=C(/c2ccccc2)C(F)(F)F)c2ccccc2)cc1"
"CHEMBL89089","COc1ccc(C2=C(c3ccc(S(C)(=O)=O)cc3)CC3(CC3)C2)cc1","COc1ccc(C2=C(c3ccc(S(C)(=O)=O)cc3)CC3(CC3)C2)cc1"
"CHEMBL57298","CC(C)c1cc(/C=C/c2ccc(F)cc2)cc(C(C)C)c1O","CC(C)c1cc(/C=C/c2ccc(F)cc2)cc(C(C)C)c1O"
"CHEMBL516","CN1CCC(=C2c3ccccc3C=Cc3ccccc32)CC1","CN1CCC(=C2c3ccccc3C=Cc3ccccc32)CC1"
"CHEMBL38827","CCCCN(CCCC)CC(O)c1cc(Cl)cc2c1-c1ccc(Cl)cc1/C2=C/c1ccc(Cl)cc1","CCCCN(CCCC)CC(O)c1cc(Cl)cc2c1-c1ccc(Cl)cc1/C2=C/c1ccc(Cl)cc1"
"CHEMBL180152","CCc1c(C)nc(O)c(N(C)C)c1C(=O)c1cccc(/C=C\c2ccccc2)c1","CCc1c(C)nc(O)c(N(C)C)c1C(=O)c1cccc(/C=C\c2ccccc2)c1"
"CHEMBL127644","C1=C(CCN2CCOCC2)c2ccccc2/C1=C/c1cccc2ccccc12","C1=C(CCN2CCOCC2)c2ccccc2/C1=C/c1cccc2ccccc12"
"CHEMBL11702","CC/C(=C(/Cc1ccc(OCN2CCOCC2)cc1)c1ccccc1)c1ccccc1","CC/C(=C(/Cc1ccc(OCN2CCOCC2)cc1)c1ccccc1)c1ccccc1"
"CHEMBL191624","COc1ccc(/C=C/c2cc(OC)c(OC)c(OC)c2)cc1Br","COc1ccc(/C=C/c2cc(OC)c(OC)c(OC)c2)cc1Br"
"CHEMBL155591","CC(C)N(CCOc1ccc(C(C#N)=C(c2ccccc2)c2ccccc2)cc1)C(C)C","CC(C)N(CCOc1ccc(C(C#N)=C(c2ccccc2)c2ccccc2)cc1)C(C)C"
"CHEMBL329367","CN(C)c1ccc(/C=C2\C(=O)Nc3cc(F)ccc32)cc1","CN(C)c1ccc(/C=C2\C(=O)Nc3cc(F)ccc32)cc1"
"CHEMBL313259","O=C1Nc2ccccc2/C1=C/c1ccc(C(=O)O)cc1","O=C1Nc2ccccc2/C1=C/c1ccc(C(=O)O)cc1"
"CHEMBL88532","COc1ccc(C2=C(c3ccc(S(N)(=O)=O)cc3)CC3(CC3)C2)cc1F","COc1ccc(C2=C(c3ccc(S(N)(=O)=O)cc3)CC3(CC3)C2)cc1F"
"CHEMBL92570","O=C(O)/C(=C/c1cc(OCc2ccsc2)ccc1[N+](=O)[O-])c1c(F)cccc1Cl","O=C(O)/C(=C/c1cc(OCc2ccsc2)ccc1[N+](=O)[O-])c1c(F)cccc1Cl"
"CHEMBL321966","CC(C)(C)c1cc(/C=C2/C(=O)Nc3ccccc32)cc(Br)c1O","CC(C)(C)c1cc(/C=C2/C(=O)Nc3ccccc32)cc(Br)c1O"
"CHEMBL441599","COc1ccc(/C=C/c2ccccc2C(=O)NC(Cc2ccccc2)C(=O)C(N)=O)cc1OC","COc1ccc(/C=C/c2ccccc2C(=O)NC(Cc2ccccc2)C(=O)C(N)=O)cc1OC"
"CHEMBL272322","CN(C)c1ccc(/C=C/c2ccc(-c3nc4ccc(OCCCF)cc4o3)cc2)cc1","CN(C)c1ccc(/C=C/c2ccc(-c3nc4ccc(OCCCF)cc4o3)cc2)cc1"
"CHEMBL275664","CC1(O)OC(=O)C(c2ccc(Cl)cc2)=C1c1ccc(S(C)(=O)=O)cc1","CC1(O)OC(=O)C(c2ccc(Cl)cc2)=C1c1ccc(S(C)(=O)=O)cc1"
"CHEMBL669","CN(C)CCC=C1c2ccccc2C=Cc2ccccc21","CN(C)CCC=C1c2ccccc2C=Cc2ccccc21"
"CHEMBL316045","C(=C\c1ccc2ccccc2c1)\c1ccc2ccccc2c1","C(=C\c1ccc2ccccc2c1)\c1ccc2ccccc2c1"
"CHEMBL37672","COC(=O)c1ccc(/C=C(\C)c2ccc3c(c2)C(C)(C)CO3)cc1","COC(=O)c1ccc(/C=C(\C)c2ccc3c(c2)C(C)(C)CO3)cc1"
"CHEMBL156189","O=C1c2ccccc2C(=Cc2ccccc2O)c2ccccc21","O=C1c2ccccc2C(=Cc2ccccc2O)c2ccccc21"
"CHEMBL214451","COc1ccc2c(c1)/C(=C\c1cc(OC)c(OC)c(OC)c1)C(=O)N2","COc1ccc2c(c1)/C(=C\c1cc(OC)c(OC)c(OC)c1)C(=O)N2"
"CHEMBL90624","COc1ccc(/C=C\c2ccc3c(c2)C(C)(C)CCC3(C)C)cc1N","COc1ccc(/C=C\c2ccc3c(c2)C(C)(C)CCC3(C)C)cc1N"
"CHEMBL387979","[O-][n+]1onc2cc(/C=C\c3ccc4c(c3)OCO4)ccc21","[O-][n+]1onc2cc(/C=C\c3ccc4c(c3)OCO4)ccc21"
"CHEMBL481461","COc1cc(/C=C/c2ccc(O)cc2)cc(O[C@@H]2O[C@H](CO)[C@@H](O)[C@H](O)[C@H]2O)c1","COc1cc(/C=C/c2ccc(O)cc2)cc(O[C@@H]2O[C@H](CO)[C@@H](O)[C@H](O)[C@H]2O)c1"
"CHEMBL415864","Oc1ccc(C(=Cc2ccccc2)c2ccc(O)cc2)cc1","Oc1ccc(C(=Cc2ccccc2)c2ccc(O)cc2)cc1"
"CHEMBL43065","Oc1cc(O)cc(/C=C/c2ccc(O)cc2O)c1","Oc1cc(O)cc(/C=C/c2ccc(O)cc2O)c1"
"CHEMBL491277","COc1cc(/C=C\c2ccc3cc[nH]c3c2)cc(OC)c1","COc1cc(/C=C\c2ccc3cc[nH]c3c2)cc(OC)c1"
"CHEMBL264668","O=C1/C(=C/c2ccc(O)c(Br)c2)Cc2ccccc2/C1=C\c1ccc(O)c(Br)c1","O=C1/C(=C/c2ccc(O)c(Br)c2)Cc2ccccc2/C1=C\c1ccc(O)c(Br)c1"
"CHEMBL315262","Cc1ccccc1/C=C/c1ccc(N(C)C)cc1","Cc1ccccc1/C=C/c1ccc(N(C)C)cc1"
"CHEMBL159484","O=C1NC(=S)S/C1=C\c1ccc(/C=C/c2ccccc2)cc1","O=C1NC(=S)S/C1=C\c1ccc(/C=C/c2ccccc2)cc1"
"CHEMBL54169","CCc1cc(/C=C/c2ccc(C)cc2)cc(CC)c1O","CCc1cc(/C=C/c2ccc(C)cc2)cc(CC)c1O"
"CHEMBL371346","COC(=O)/C=C/c1cccc(N(Cc2ccc(/C=C/c3ccccc3)cc2)C(=O)C(C)C)c1","COC(=O)/C=C/c1cccc(N(Cc2ccc(/C=C/c3ccccc3)cc2)C(=O)C(C)C)c1"
"CHEMBL468647","COc1ccc(/C=C(/F)c2cc(OC)c(OC)c(OC)c2)cc1[N+](=O)[O-]","COc1ccc(/C=C(/F)c2cc(OC)c(OC)c(OC)c2)cc1[N+](=O)[O-]"
"CHEMBL279164","O=C1/C(=C/c2cc(Br)c(O)c(Br)c2)Cc2ccccc2/C1=C\c1cc(Br)c(O)c(Br)c1","O=C1/C(=C/c2cc(Br)c(O)c(Br)c2)Cc2ccccc2/C1=C\c1cc(Br)c(O)c(Br)c1"
"CHEMBL389207","[O-][n+]1onc2cc(/C=C/c3ccc(O)cc3)ccc21","[O-][n+]1onc2cc(/C=C/c3ccc(O)cc3)ccc21"
"CHEMBL55402","O=C(O)c1ccc2c(c1)CCc1cc(/C=C/c3ccccc3)ccc1-2","O=C(O)c1ccc2c(c1)CCc1cc(/C=C/c3ccccc3)ccc1-2"
"CHEMBL455619","OC[C@H]1O[C@@H](Oc2cc(O)cc(/C=C/c3ccc(O[C@@H]4O[C@H](CO)[C@@H](O)[C@H](O)[C@H]4O)cc3O)c2)[C@H](O)[C@@H](O)[C@@H]1O","OC[C@H]1O[C@@H](Oc2cc(O)cc(/C=C/c3ccc(O[C@@H]4O[C@H](CO)[C@@H](O)[C@H](O)[C@H]4O)cc3O)c2)[C@H](O)[C@@H](O)[C@@H]1O"
"CHEMBL173408","COc1ccc(N2CCN(CCCC(=O)NC3c4ccccc4C=Cc4ccccc43)CC2)cc1OC","COc1ccc(N2CCN(CCCC(=O)NC3c4ccccc4C=Cc4ccccc43)CC2)cc1OC"
"CHEMBL478699","COc1ccc(/C=C\c2ccccc2)cc1OC","COc1ccc(/C=C\c2ccccc2)cc1OC"
"CHEMBL81999","CN(C)c1ccc(/C=C/c2ccc(F)cc2)cc1","CN(C)c1ccc(/C=C/c2ccc(F)cc2)cc1"
"CHEMBL114651","O=C1c2ccccc2C(=Cc2ccc(O)cc2)c2ccccc21","O=C1c2ccccc2C(=Cc2ccc(O)cc2)c2ccccc21"
"CHEMBL246685","COc1cc2c(cc1OC)/C(=C\c1ccc(NC(=O)Nc3ccccc3)cc1)C(=O)N2","COc1cc2c(cc1OC)/C(=C\c1ccc(NC(=O)Nc3ccccc3)cc1)C(=O)N2"
"CHEMBL254229","COc1ccc(C(CCc2ccc(O)cc2OC)c2c(OC)cc(/C=C/c3ccc(O)cc3)cc2OC)cc1","COc1ccc(C(CCc2ccc(O)cc2OC)c2c(OC)cc(/C=C/c3ccc(O)cc3)cc2OC)cc1"
"CHEMBL485376","Nc1ccc(/C=C/c2ccc([125I])cc2)cc1","Nc1ccc(/C=C/c2ccc([125I])cc2)cc1"
"CHEMBL485375","Nc1ccc(/C=C/c2ccc(I)cc2)cc1","Nc1ccc(/C=C/c2ccc(I)cc2)cc1"
"CHEMBL101044","CSc1ccc(C2=C(c3ccc(F)cc3)ON(C)C2)cc1","CSc1ccc(C2=C(c3ccc(F)cc3)ON(C)C2)cc1"
"CHEMBL468886","C/C(=C\c1cc(O)cc(O)c1)c1cccc(F)c1","C/C(=C\c1cc(O)cc(O)c1)c1cccc(F)c1"
"CHEMBL269114","CC(=O)Nc1ccc(/C=C/c2ccc(C)cc2)cc1","CC(=O)Nc1ccc(/C=C/c2ccc(C)cc2)cc1"
"CHEMBL529442","O=C1/C(=C/c2ccc(F)cc2)c2ccccc2N1c1c(Cl)cccc1Cl","O=C1/C(=C/c2ccc(F)cc2)c2ccccc2N1c1c(Cl)cccc1Cl"
"CHEMBL345000","C1=C(c2ccccc2)C2(Cc3ccccc3C2)c2ccccc21","C1=C(c2ccccc2)C2(Cc3ccccc3C2)c2ccccc21"
"CHEMBL234809","COC(=O)c1ccc(/C=C/c2ccc(OC)c(OC)c2)cc1","COC(=O)c1ccc(/C=C/c2ccc(OC)c(OC)c2)cc1"
"CHEMBL167011","CC1(C)OC(c2ccc(S(N)(=O)=O)cc2)=C(c2ccc(F)c(F)c2)C1=O","CC1(C)OC(c2ccc(S(N)(=O)=O)cc2)=C(c2ccc(F)c(F)c2)C1=O"
"CHEMBL355546","CS(=O)(=O)c1ccc(C2=C(c3cccc(F)c3)C(=O)C3(CCCC3)O2)cc1","CS(=O)(=O)c1ccc(C2=C(c3cccc(F)c3)C(=O)C3(CCCC3)O2)cc1"
"CHEMBL315717","COc1ccc(/C=C\c2cc(OC)c(OC)c(OC)c2)c(Cl)c1","COc1ccc(/C=C\c2cc(OC)c(OC)c(OC)c2)c(Cl)c1"
"CHEMBL312567","COc1ccc(C2=Cc3ccccc3C3=NCCN23)cc1OC","COc1ccc(C2=Cc3ccccc3C3=NCCN23)cc1OC"
"CHEMBL384970","C[N+]1(C)C[C@]23c4c5c6c7c8c9c%10c%11c%12c%13c%14c%15c%16c%17c%18c%19c%20c%21c(c2c2c4c4c6c9c6c4c4c2c%21c2c(c%16%20)c%15c9c%13c%10c6c9c24)[C@@H]%19[C@H]2c4c6c9c%10c(c4-%18)[C@@H]%17[C@@H]%14C%12=C%10[C@]4(C[N+](C)(C)C[C@@]8%114)[C@H]9[C@@H]7C5=C6[C@]23C1.[I-].[I-]","C[N+]1(C)C[C@]23c4c5c6c7c8c9c%10c%11c%12c%13c%14c%15c%16c%17c%18c%19c%20c%21c(c2c2c4c4c6c9c6c4c4c2c%21c2c(c%16%20)c%15c9c%13c%10c6c9c24)[C@@H]%19[C@H]2c4c6c9c%10c(c4-%18)[C@@H]%17[C@@H]%14C%12=C%10[C@]4(C[N+](C)(C)C[C@@]8%114)[C@H]9[C@@H]7C5=C6[C@]23C1.[I-].[I-]"
"CHEMBL321632","COc1cc(C=C2c3ccccc3C(=O)c3ccccc32)cc(OC)c1O","COc1cc(C=C2c3ccccc3C(=O)c3ccccc32)cc(OC)c1O"
"CHEMBL497724","CNC(=O)c1ccc2c(c1)NC(=O)/C2=C(\Nc1ccc(CN2CCCCC2)cc1)c1ccccc1","CNC(=O)c1ccc2c(c1)NC(=O)/C2=C(\Nc1ccc(CN2CCCCC2)cc1)c1ccccc1"
"CHEMBL81228","COc1ccc(/C(C#N)=C/c2cc(OC)ccc2OC)cc1","COc1ccc(/C(C#N)=C/c2cc(OC)ccc2OC)cc1"
"CHEMBL98713","CSc1ccc(C2=C(c3ccccc3)ON(C)C2)cc1","CSc1ccc(C2=C(c3ccccc3)ON(C)C2)cc1"
"CHEMBL109336","CC(C)NC(=O)c1cc(/C=C/c2ccc(Cl)c(F)c2)ccc1-c1ccc(Cl)cc1","CC(C)NC(=O)c1cc(/C=C/c2ccc(Cl)c(F)c2)ccc1-c1ccc(Cl)cc1"
"CHEMBL286279","Cc1noc(NS(=O)(=O)c2ccccc2-c2ccc(-c3ncco3)cc2/C=C/c2ccccc2)c1C","Cc1noc(NS(=O)(=O)c2ccccc2-c2ccc(-c3ncco3)cc2/C=C/c2ccccc2)c1C"
"CHEMBL59408","COc1ccc(/C=C2\C(=O)Nc3ccc([N+](=O)[O-])cc32)cc1OC1CC2CCC1C2","COc1ccc(/C=C2\C(=O)Nc3ccc([N+](=O)[O-])cc32)cc1OC1CC2CCC1C2"
"CHEMBL284402","CCN(CC)CCOc1ccc(C2=C(c3ccc(F)cc3)COc3cc(OC)ccc32)cc1","CCN(CC)CCOc1ccc(C2=C(c3ccc(F)cc3)COc3cc(OC)ccc32)cc1"
"CHEMBL210648","CN(C)CCOc1ccc(C2Oc3cc(O)ccc3C3=C2c2ccc(O)cc2OC3)cc1","CN(C)CCOc1ccc(C2Oc3cc(O)ccc3C3=C2c2ccc(O)cc2OC3)cc1"
"CHEMBL421381","CS(=O)(=O)c1ccc(C2=C(c3ccccc3O)C(=O)OC2)cc1","CS(=O)(=O)c1ccc(C2=C(c3ccccc3O)C(=O)OC2)cc1"
"CHEMBL55680","CCCOc1ccc(/C=C/c2cc(C)c(O)c(C)c2)cc1","CCCOc1ccc(/C=C/c2cc(C)c(O)c(C)c2)cc1"
"CHEMBL56307","O=C(O)c1ccc(C(=O)Nc2ccc3c(/C=C/c4cccc(C(F)(F)F)c4)cccc3c2)cc1","O=C(O)c1ccc(C(=O)Nc2ccc3c(/C=C/c4cccc(C(F)(F)F)c4)cccc3c2)cc1"
"CHEMBL129868","N=C(N)c1ccc(/C=C/c2ccc3c(c2)CC(CC(=O)O)CC3)cc1","N=C(N)c1ccc(/C=C/c2ccc3c(c2)CC(CC(=O)O)CC3)cc1"
"CHEMBL163250","C(=C/c1ccc(OCCN2CCCC2)cc1)\c1ccccc1","C(=C/c1ccc(OCCN2CCCC2)cc1)\c1ccccc1"
"CHEMBL39416","CC/C(=C(\c1ccccc1)c1ccc(/C=C/C(=O)N2CCOCC2)cc1)c1ccccc1","CC/C(=C(\c1ccccc1)c1ccc(/C=C/C(=O)N2CCOCC2)cc1)c1ccccc1"
"CHEMBL190487","O=C1C(c2ccc(O)cc2)=C(Br)c2c(O)cc(O)cc21","O=C1C(c2ccc(O)cc2)=C(Br)c2c(O)cc(O)cc21"
"CHEMBL425374","COC(=O)/C=C/c1cccc(N(Cc2ccc(/C=C/c3ccccc3F)cc2)C(=O)C(C)C)c1","COC(=O)/C=C/c1cccc(N(Cc2ccc(/C=C/c3ccccc3F)cc2)C(=O)C(C)C)c1"
"CHEMBL176291","COc1cc(/C=C/c2ccc3[nH]ccc3c2)cc(OC)c1OC","COc1cc(/C=C/c2ccc3[nH]ccc3c2)cc(OC)c1OC"
"CHEMBL47044","COc1ccc(/C=C/c2cc(O)c(OC)c(OC)c2)cc1OC","COc1ccc(/C=C/c2cc(O)c(OC)c(OC)c2)cc1OC"
"CHEMBL401515","CN(C)c1ccc(/C=C/c2ccc(-c3nc4cc(OCCCF)ccc4o3)cc2)cc1","CN(C)c1ccc(/C=C/c2ccc(-c3nc4cc(OCCCF)ccc4o3)cc2)cc1"
"CHEMBL49114","CS(=O)(=O)c1ccc(C2=C(c3ccccc3)C(=O)N(c3cccc(Cl)c3)C2)cc1","CS(=O)(=O)c1ccc(C2=C(c3ccccc3)C(=O)N(c3cccc(Cl)c3)C2)cc1"
"CHEMBL296274","O=C([O-])c1cc(O)cc(O)c1/N=N/c1ccc(/C=C/c2ccc(/N=N/c3c(O)cc(O)cc3C(=O)[O-])cc2S(=O)(=O)[O-])c(S(=O)(=O)[O-])c1.[Na+].[Na+].[Na+].[Na+]","O=C([O-])c1cc(O)cc(O)c1/N=N/c1ccc(/C=C/c2ccc(/N=N/c3c(O)cc(O)cc3C(=O)[O-])cc2S(=O)(=O)[O-])c(S(=O)(=O)[O-])c1.[Na+].[Na+].[Na+].[Na+]"
"CHEMBL429767","CCC1=C(c2ccccc2)c2ccc(OC)cc2Sc2ccccc21","CCC1=C(c2ccccc2)c2ccc(OC)cc2Sc2ccccc21"
"CHEMBL327955","C(=C/c1ccc(OCc2ccccc2)c(OCc2ccccc2)c1)\c1cccc(OCc2ccccc2)c1","C(=C/c1ccc(OCc2ccccc2)c(OCc2ccccc2)c1)\c1cccc(OCc2ccccc2)c1"
"CHEMBL296781","COc1ccc(C2=C(c3ccc(SC)cc3)CC3CCCN3C2=O)cc1O","COc1ccc(C2=C(c3ccc(SC)cc3)CC3CCCN3C2=O)cc1O"
"CHEMBL466026","CC(C)c1onc(COc2ccc(Cl)cc2)c1COc1ccc(/C=C/c2cccc(C(=O)O)c2)c(Cl)c1","CC(C)c1onc(COc2ccc(Cl)cc2)c1COc1ccc(/C=C/c2cccc(C(=O)O)c2)c(Cl)c1"
"CHEMBL466451","CC(C)c1onc(COc2c(Cl)cccc2Cl)c1COc1ccc(/C=C/c2cccc(C(=O)O)c2)c(Cl)c1","CC(C)c1onc(COc2c(Cl)cccc2Cl)c1COc1ccc(/C=C/c2cccc(C(=O)O)c2)c(Cl)c1"
"CHEMBL289345","O=S(=O)([O-])c1cc(/N=N/c2cc(S(=O)(=O)[O-])c3cccnc3c2O)ccc1/C=C/c1ccc(/N=N/c2cc(S(=O)(=O)[O-])c3cccnc3c2O)cc1S(=O)(=O)[O-].[Na+].[Na+].[Na+].[Na+]","O=S(=O)([O-])c1cc(/N=N/c2cc(S(=O)(=O)[O-])c3cccnc3c2O)ccc1/C=C/c1ccc(/N=N/c2cc(S(=O)(=O)[O-])c3cccnc3c2O)cc1S(=O)(=O)[O-].[Na+].[Na+].[Na+].[Na+]"
"CHEMBL22674","C[N+]1(C)CCC(=C2c3ccccc3C=Cc3ccccc32)CC1.[I-]","C[N+]1(C)CCC(=C2c3ccccc3C=Cc3ccccc32)CC1.[I-]"
"CHEMBL81431","COc1ccc(/C(C#N)=C/c2cccc(OC)c2)cc1","COc1ccc(/C(C#N)=C/c2cccc(OC)c2)cc1"
"CHEMBL453374","COc1cc(/C=C\c2ccc(OC)c(N)c2)cc(OC)c1.O=C(O)C(=O)O","COc1cc(/C=C\c2ccc(OC)c(N)c2)cc(OC)c1.O=C(O)C(=O)O"
"CHEMBL490294","COc1cc(/C=C\c2ccc(OC)c(N)c2)cc(OC)c1.Cl","COc1cc(/C=C\c2ccc(OC)c(N)c2)cc(OC)c1.Cl"
"CHEMBL103394","Cc1cc(OCc2c(-c3c(Cl)cccc3Cl)noc2C(C)C)ccc1/C=C/c1cccc(C(=O)O)c1","Cc1cc(OCc2c(-c3c(Cl)cccc3Cl)noc2C(C)C)ccc1/C=C/c1cccc(C(=O)O)c1"
"CHEMBL353542","C(=C\c1ccc(Nc2c3ccccc3nc3ccccc23)cc1)\c1ccccc1","C(=C\c1ccc(Nc2c3ccccc3nc3ccccc23)cc1)\c1ccccc1"
"CHEMBL143671","COc1ccc(/C(=C\c2ccccc2)C(=O)c2ccccc2)cc1","COc1ccc(/C(=C\c2ccccc2)C(=O)c2ccccc2)cc1"
"CHEMBL192772","COC(=O)/C=C/c1cccc(N(Cc2ccc(/C=C/c3cccc(F)c3)cc2)C(=O)C(C)C)c1","COC(=O)/C=C/c1cccc(N(Cc2ccc(/C=C/c3cccc(F)c3)cc2)C(=O)C(C)C)c1"
"CHEMBL470940","CC/C(=C\c1cc(O)cc(O)c1)c1ccc(Cl)cc1","CC/C(=C\c1cc(O)cc(O)c1)c1ccc(Cl)cc1"
"CHEMBL491081","COc1ccc(/C=C(\C)c2cc(O)cc(O)c2)cc1OC","COc1ccc(/C=C(\C)c2cc(O)cc(O)c2)cc1OC"
"CHEMBL458719","CC(C)OP(=O)(NCC(=O)Nc1ccc(/C=C/c2ccccc2)cc1)OC(C)C","CC(C)OP(=O)(NCC(=O)Nc1ccc(/C=C/c2ccccc2)cc1)OC(C)C"
"CHEMBL198598","CN(C)c1ccc(/C=C/c2ccc(O)cc2)cc1","CN(C)c1ccc(/C=C/c2ccc(O)cc2)cc1"
"CHEMBL517883","COc1cc(/C=C/c2ccc(NC(=O)CCNP(=O)(OC(C)C)OC(C)C)cc2)cc(OC)c1","COc1cc(/C=C/c2ccc(NC(=O)CCNP(=O)(OC(C)C)OC(C)C)cc2)cc(OC)c1"
"CHEMBL309612","COc1ccc(/C=C(/C(=O)O)c2ccc(OC)cc2)cc1","COc1ccc(/C=C(/C(=O)O)c2ccc(OC)cc2)cc1"
"CHEMBL399363","COc1ccc(C2=C(c3ccccc3Cl)C(=O)N3CCCC3C2)cc1","COc1ccc(C2=C(c3ccccc3Cl)C(=O)N3CCCC3C2)cc1"
"CHEMBL328246","CC(C)=C1c2ccc(Cl)cc2C=C(N2CCN(C)CC2)c2ccccc21","CC(C)=C1c2ccc(Cl)cc2C=C(N2CCN(C)CC2)c2ccccc21"
"CHEMBL424063","NS(=O)(=O)c1ccc(C2=C(c3ccc4c(c3)OCO4)CCC2)cc1","NS(=O)(=O)c1ccc(C2=C(c3ccc4c(c3)OCO4)CCC2)cc1"
"CHEMBL116573","N.N.O=P(O)(O)C(F)(F)c1cccc(/C=C\c2ccc(Cl)cc2)c1","N.N.O=P(O)(O)C(F)(F)c1cccc(/C=C\c2ccc(Cl)cc2)c1"
"CHEMBL273426","CC/C(=C(\Cc1ccccc1)c1ccccc1)c1ccc(OCN2CCOCC2)cc1","CC/C(=C(\Cc1ccccc1)c1ccccc1)c1ccc(OCN2CCOCC2)cc1"
"CHEMBL511269","COc1ccc2c(c1)OCCC(c1ccc(O)cc1)=C2c1ccc(OCCN2CCC2)cc1","COc1ccc2c(c1)OCCC(c1ccc(O)cc1)=C2c1ccc(OCCN2CCC2)cc1"
"CHEMBL511632","CN(C)CCOc1ccc(C2=C(c3ccccc3)CCOc3cc(O)ccc32)cc1","CN(C)CCOc1ccc(C2=C(c3ccccc3)CCOc3cc(O)ccc32)cc1"
"CHEMBL268016","CC(C)(C)c1ccc(C2=Cc3ccc(NC(=O)Nc4ccc(Cl)cc4Cl)cc3C3=NCCCN23)cc1","CC(C)(C)c1ccc(C2=Cc3ccc(NC(=O)Nc4ccc(Cl)cc4Cl)cc3C3=NCCCN23)cc1"
"CHEMBL179097","C(=C/c1cccc2ccccc12)\c1ccc2ccccc2c1","C(=C/c1cccc2ccccc12)\c1ccc2ccccc2c1"
"CHEMBL160754","CN(C)CCCCOc1ccccc1/C=C/c1ccccc1Cl","CN(C)CCCCOc1ccccc1/C=C/c1ccccc1Cl"
"CHEMBL146074","CC1(C)Oc2ccc(/C=C/c3ccc(C#N)cc3)cc2[C@@H](n2ccccc2=O)[C@@H]1O","CC1(C)Oc2ccc(/C=C/c3ccc(C#N)cc3)cc2[C@@H](n2ccccc2=O)[C@@H]1O"
"CHEMBL300460","CC/C(=C(/c1ccccc1)c1ccc(OCCN(C)C)cc1)c1ccccc1","CC/C(=C(/c1ccccc1)c1ccc(OCCN(C)C)cc1)c1ccccc1"
"CHEMBL127791","COc1ccc(/C=C/c2cc(O)cc(O[C@@H]3C[C@H](CO)[C@@H](O)[C@H](O)[C@H]3O)c2)cc1","COc1ccc(/C=C/c2cc(O)cc(O[C@@H]3C[C@H](CO)[C@@H](O)[C@H](O)[C@H]3O)c2)cc1"
"CHEMBL324290","COc1cc(/C=C/c2ccc(N)cc2)cc(OC)c1","COc1cc(/C=C/c2ccc(N)cc2)cc(OC)c1"
"CHEMBL371788","CC1=C(c2ccc(O)cc2)C(=O)c2c(O)cc(O)cc21","CC1=C(c2ccc(O)cc2)C(=O)c2c(O)cc(O)cc21"
"CHEMBL87746","COc1c(Br)cc(/C=C2\C(=O)Nc3ccccc32)cc1C(C)(C)C","COc1c(Br)cc(/C=C2\C(=O)Nc3ccccc32)cc1C(C)(C)C"
"CHEMBL466315","COc1ccccc1-c1noc(C(C)C)c1COc1ccc(/C=C/c2cccc(C(=O)O)c2)c(Cl)c1","COc1ccccc1-c1noc(C(C)C)c1COc1ccc(/C=C/c2cccc(C(=O)O)c2)c(Cl)c1"
"CHEMBL101377","COc1ccc(/C(=C\c2cc(OC)c(OC)c(OC)c2)C(N)=O)cc1N","COc1ccc(/C(=C\c2cc(OC)c(OC)c(OC)c2)C(N)=O)cc1N"
"CHEMBL9748","CC/C(=C(/c1ccccc1)c1ccc(OCCN(C)C)cc1)c1cccc(O)c1","CC/C(=C(/c1ccccc1)c1ccc(OCCN(C)C)cc1)c1cccc(O)c1"
"CHEMBL505264","COc1cc(/C=C(\C)c2ccc(C(F)(F)F)cc2)cc(OC)c1","COc1cc(/C=C(\C)c2ccc(C(F)(F)F)cc2)cc(OC)c1"
"CHEMBL87147","C/C(=C/c1ccc2c(c1)C(C)(C)CCS2)c1ccc(C(=O)O)cc1","C/C(=C/c1ccc2c(c1)C(C)(C)CCS2)c1ccc(C(=O)O)cc1"
"CHEMBL72847","CCC1=C(c2ccccc2)[C@H](C)c2cc(O)ccc21","CCC1=C(c2ccccc2)[C@H](C)c2cc(O)ccc21"
"CHEMBL274194","C/C(=C\c1ccc(C(=O)O)cc1)c1ccc(C)c(C)c1","C/C(=C\c1ccc(C(=O)O)cc1)c1ccc(C)c(C)c1"
"CHEMBL68055","CC1=C(c2ccc(O)cc2)[C@H](c2ccc(OCCN3CCCCC3)cc2)Oc2cc(O)ccc21","CC1=C(c2ccc(O)cc2)[C@H](c2ccc(OCCN3CCCCC3)cc2)Oc2cc(O)ccc21"
"CHEMBL474126","COc1ccc(/C=C/c2ccc(N(C)C)cc2)cc1OC","COc1ccc(/C=C/c2ccc(N(C)C)cc2)cc1OC"
"CHEMBL438116","FC(F)(F)Oc1cccc(/C=C/c2ccc(/C=C/c3cccc(OC(F)(F)F)c3)cc2)c1","FC(F)(F)Oc1cccc(/C=C/c2ccc(/C=C/c3cccc(OC(F)(F)F)c3)cc2)c1"
"CHEMBL411","CC/C(=C(/CC)c1ccc(O)cc1)c1ccc(O)cc1","CC/C(=C(/CC)c1ccc(O)cc1)c1ccc(O)cc1"
"CHEMBL391568","O=C(Nc1ccccc1)Nc1ccc(/C=C2/C(=O)Nc3ccccc32)cc1","O=C(Nc1ccccc1)Nc1ccc(/C=C2/C(=O)Nc3ccccc32)cc1"
"CHEMBL463371","C1COCCN1.C1COCCN1.COc1ccc(/C=C\c2cc(F)c(OC)c(OC)c2)cc1OP(=O)(O)O","C1COCCN1.C1COCCN1.COc1ccc(/C=C\c2cc(F)c(OC)c(OC)c2)cc1OP(=O)(O)O"
"CHEMBL102770","O=C1Nc2ccccc2/C1=C\c1ccc(N2CCCC2)cc1","O=C1Nc2ccccc2/C1=C\c1ccc(N2CCCC2)cc1"
"CHEMBL188280","CSc1ccc(/C=C2\OC(=O)c3ccccc32)cc1","CSc1ccc(/C=C2\OC(=O)c3ccccc32)cc1"
"CHEMBL371047","O=C1Oc2ccccc2/C1=C\c1ccc(O)cc1","O=C1Oc2ccccc2/C1=C\c1ccc(O)cc1"
"CHEMBL205359","COC(=O)N[C@H](C(=O)NN(Cc1cccc(/C=C/c2ccccc2)c1)C[C@@](O)(Cc1ccccc1)C(=O)N[C@H]1c2ccccc2C[C@H]1O)C(C)(C)C","COC(=O)N[C@H](C(=O)NN(Cc1cccc(/C=C/c2ccccc2)c1)C[C@@](O)(Cc1ccccc1)C(=O)N[C@H]1c2ccccc2C[C@H]1O)C(C)(C)C"
"CHEMBL189012","Nc1nc(N)c2nc(CN3c4ccccc4C=Cc4c(C#CCCCC(=O)O)cccc43)cnc2n1","Nc1nc(N)c2nc(CN3c4ccccc4C=Cc4c(C#CCCCC(=O)O)cccc43)cnc2n1"
"CHEMBL350886","CN(C)CCN(C)CCCCOc1ccccc1/C=C/c1ccccc1","CN(C)CCN(C)CCCCOc1ccccc1/C=C/c1ccccc1"
"CHEMBL111657","CS(=O)(=O)c1ccc(C2=C(c3ccc(F)c(F)c3)CCC2)cc1","CS(=O)(=O)c1ccc(C2=C(c3ccc(F)c(F)c3)CCC2)cc1"
"CHEMBL8952","CC(=O)Nc1ccc(/C=C/c2ccc(Br)cc2)cc1","CC(=O)Nc1ccc(/C=C/c2ccc(Br)cc2)cc1"
"CHEMBL65843","Oc1ccc(C2=C(c3ccccc3)c3ccccc3C2)cc1","Oc1ccc(C2=C(c3ccccc3)c3ccccc3C2)cc1"
"CHEMBL159148","CC(=O)N1CCN(CCCCOc2ccccc2/C=C/c2ccccc2)CC1","CC(=O)N1CCN(CCCCOc2ccccc2/C=C/c2ccccc2)CC1"
"CHEMBL175515","CCN(CC)c1cc(/C=C\c2ccc3ccccc3c2)ccc1OC","CCN(CC)c1cc(/C=C\c2ccc3ccccc3c2)ccc1OC"
"CHEMBL225864","N#Cc1ccc(/C=C\c2ccc3c(c2)no[n+]3[O-])cc1","N#Cc1ccc(/C=C\c2ccc3c(c2)no[n+]3[O-])cc1"
"CHEMBL398752","O=C1N[C@H]2[C@H](CS[C@H]2CCCCC(=O)OC(=O)CCCCCNOc2ccc(C3=C(c4ccccc4)C(=O)N4CCCC4C3)cc2)N1","O=C1N[C@H]2[C@H](CS[C@H]2CCCCC(=O)OC(=O)CCCCCNOc2ccc(C3=C(c4ccccc4)C(=O)N4CCCC4C3)cc2)N1"
"CHEMBL160292","CN1CCN(CCCCOc2ccccc2/C=C/c2ccccc2F)CC1","CN1CCN(CCCCOc2ccccc2/C=C/c2ccccc2F)CC1"
"CHEMBL215428","CCC12CCC(=O)C(c3ccc(O)cc3)=C1c1ccc3[nH]nnc3c1C2","CCC12CCC(=O)C(c3ccc(O)cc3)=C1c1ccc3[nH]nnc3c1C2"
"CHEMBL369399","O=S(=O)(c1ccccc1)n1ccc2cc(/C=C\c3ccc4ccccc4c3)ccc21","O=S(=O)(c1ccccc1)n1ccc2cc(/C=C\c3ccc4ccccc4c3)ccc21"
"CHEMBL347434","OC1CCCN(CCCCOc2ccc(Cl)cc2/C=C/c2ccccc2)C1","OC1CCCN(CCCCOc2ccc(Cl)cc2/C=C/c2ccccc2)C1"
"CHEMBL55435","CCc1cc(/C=C/c2ccc(OC)cc2)cc(CC)c1O","CCc1cc(/C=C/c2ccc(OC)cc2)cc(CC)c1O"
"CHEMBL530450","COc1ccc(N2CCN(CCCN3CCN(C(=O)c4ccc(/C=C/c5ccc(Cl)c(Cl)c5)cc4)CC3)CC2)c(OC)c1.O=C(O)/C=C/C(=O)O","COc1ccc(N2CCN(CCCN3CCN(C(=O)c4ccc(/C=C/c5ccc(Cl)c(Cl)c5)cc4)CC3)CC2)c(OC)c1.O=C(O)/C=C/C(=O)O"
"CHEMBL512864","O=S(=O)([O-])Oc1cc(/C=C\c2ccc(O)cc2)cc(O[C@@H]2O[C@H](CO)[C@@H](O)[C@H](O)[C@H]2O)c1.[Na+]","O=S(=O)([O-])Oc1cc(/C=C\c2ccc(O)cc2)cc(O[C@@H]2O[C@H](CO)[C@@H](O)[C@H](O)[C@H]2O)c1.[Na+]"
"CHEMBL441050","COc1ccc2c(c1)OC(C)(C)C(c1ccccc1)=C2c1ccc(OCCN2CCCCC2)cc1","COc1ccc2c(c1)OC(C)(C)C(c1ccccc1)=C2c1ccc(OCCN2CCCCC2)cc1"
"CHEMBL351357","CN(C)CCCCOc1ccccc1/C=C/c1cccc(F)c1","CN(C)CCCCOc1ccccc1/C=C/c1cccc(F)c1"
"CHEMBL248339","COc1cc(/C=C/c2cccc(/C=C/c3ccc(N4CCCC4)c(OC)c3)c2)ccc1N1CCCC1","COc1cc(/C=C/c2cccc(/C=C/c3ccc(N4CCCC4)c(OC)c3)c2)ccc1N1CCCC1"
"CHEMBL413391","CC1C2c3cc4c5c6c3C3=C7c8c9c%10c%11c%12c%13c%14c%15c(c-5c5c%16c%15c%15c%17c%18c%19c%20c%21c%22c(c(c8c8c%22c%22c%20c%18c%18c%15c%14c%11c%18c%22c%108)C72)C1C%211CC=%19C1(C%16%17)C1C[N+](C)(C)CC451)C%13C6C31C[N+](C)(C)CC9%121.[I-].[I-]","CC1C2c3cc4c5c6c3C3=C7c8c9c%10c%11c%12c%13c%14c%15c(c-5c5c%16c%15c%15c%17c%18c%19c%20c%21c%22c(c(c8c8c%22c%22c%20c%18c%18c%15c%14c%11c%18c%22c%108)C72)C1C%211CC=%19C1(C%16%17)C1C[N+](C)(C)CC451)C%13C6C31C[N+](C)(C)CC9%121.[I-].[I-]"
"CHEMBL10653","CCOc1cc2c(cc1/C=C\c1ccc(OC)cc1)OCO2","CCOc1cc2c(cc1/C=C\c1ccc(OC)cc1)OCO2"
"CHEMBL489674","O=C([O-])CCC(O)c1ccc(/C=C/c2ccccc2Cl)cc1.[Li+]","O=C([O-])CCC(O)c1ccc(/C=C/c2ccccc2Cl)cc1.[Li+]"
"CHEMBL489082","COc1ccc(/C=C/c2ccc(C(O)CCC(=O)[O-])cc2)cc1.[Li+]","COc1ccc(/C=C/c2ccc(C(O)CCC(=O)[O-])cc2)cc1.[Li+]"
"CHEMBL148115","COc1ccc(/C=C(\C(=O)c2ccccc2)c2ccccc2)cc1","COc1ccc(/C=C(\C(=O)c2ccccc2)c2ccccc2)cc1"
"CHEMBL463171","COc1ccc(/C=C\c2cc(F)c(OC)c(OC)c2)cc1OP(=O)([O-])[O-].[K+].[K+]","COc1ccc(/C=C\c2cc(F)c(OC)c(OC)c2)cc1OP(=O)([O-])[O-].[K+].[K+]"
"CHEMBL103464","Oc1cccc(/C=C/c2ccc(O)c(O)c2)c1","Oc1cccc(/C=C/c2ccc(O)c(O)c2)c1"
"CHEMBL14933","C/C(=C/c1ccccc1)c1ccccc1","C/C(=C/c1ccccc1)c1ccccc1"
"CHEMBL311227","C1=C(c2ccc(CN3CCOCC3)cc2)N2CCN=C2c2ccccc21","C1=C(c2ccc(CN3CCOCC3)cc2)N2CCN=C2c2ccccc21"
"CHEMBL190769","CCOC(=O)/C(=C(\COC(=O)[C@@H](N)CCCCN)c1ccc(S(C)(=O)=O)cc1)c1ccc(F)c(F)c1","CCOC(=O)/C(=C(\COC(=O)[C@@H](N)CCCCN)c1ccc(S(C)(=O)=O)cc1)c1ccc(F)c(F)c1"
"CHEMBL98892","Oc1ccc2c(c1)OC(c1ccc(OCCN3CCCC3)cc1)C(c1ccccc1)=C2","Oc1ccc2c(c1)OC(c1ccc(OCCN3CCCC3)cc1)C(c1ccccc1)=C2"
"CHEMBL304890","COc1cc(/C=C/c2cccc(OC)c2OC)cc(OC)c1","COc1cc(/C=C/c2cccc(OC)c2OC)cc(OC)c1"
"CHEMBL75988","O=C1Nc2ccc(C(=O)C3CC3)cc2/C1=C/c1cc(Br)c(O)c(Br)c1","O=C1Nc2ccc(C(=O)C3CC3)cc2/C1=C/c1cc(Br)c(O)c(Br)c1"
"CHEMBL90977","C/C=C1/c2ccccc2C=C(N2CCN(C)CC2)c2ccccc21","C/C=C1/c2ccccc2C=C(N2CCN(C)CC2)c2ccccc21"
"CHEMBL255852","CNc1ccc(/C=C/c2ccc(-c3nc4cc(OCCF)ccc4s3)cc2)cc1","CNc1ccc(/C=C/c2ccc(-c3nc4cc(OCCF)ccc4s3)cc2)cc1"
"CHEMBL13001","CC1(C)CCC(C)(C)c2cc3c(cc21)C=C(c1ccc(C(=O)O)cc1)C3","CC1(C)CCC(C)(C)c2cc3c(cc21)C=C(c1ccc(C(=O)O)cc1)C3"
"CHEMBL192701","COC(=O)/C=C/c1cccc(N(Cc2ccc(/C=C/c3cccc(C(F)(F)F)c3)cc2)C(=O)NC(C)C)c1","COC(=O)/C=C/c1cccc(N(Cc2ccc(/C=C/c3cccc(C(F)(F)F)c3)cc2)C(=O)NC(C)C)c1"
"CHEMBL388977","COc1ccc(/C=C/c2cc(OC)cc(OC)c2OC)cc1","COc1ccc(/C=C/c2cc(OC)cc(OC)c2OC)cc1"
"CHEMBL18880","C(=C(/c1ccccc1)C1CCN(CCc2ccccc2)CC1)\c1ccccc1","C(=C(/c1ccccc1)C1CCN(CCc2ccccc2)CC1)\c1ccccc1"
"CHEMBL72078","CCC1=C(c2ccc(O)cc2)[C@@H](C)c2cc(O)ccc21","CCC1=C(c2ccc(O)cc2)[C@@H](C)c2cc(O)ccc21"
"CHEMBL267537","COc1cc2ccc(/C=C(C(/C)=C/C(=O)O)\c3cccc(C(=O)O)c3)cc2cc1C12C[C@H]3C[C@@H](C1)C[C@@H](C2)C3","COc1cc2ccc(/C=C(C(/C)=C/C(=O)O)\c3cccc(C(=O)O)c3)cc2cc1C12C[C@H]3C[C@@H](C1)C[C@@H](C2)C3"
"CHEMBL160583","CN(C)CCOc1ccccc1/C=C/c1ccccc1","CN(C)CCOc1ccccc1/C=C/c1ccccc1"
"CHEMBL350507","CC(=O)c1ccc(C2=C(C(C)C)c3cc(C(C)=O)c(C(C)=O)cc3C2(C)C)cc1C(C)=O","CC(=O)c1ccc(C2=C(C(C)C)c3cc(C(C)=O)c(C(C)=O)cc3C2(C)C)cc1C(C)=O"
"CHEMBL258082","Nc1ccc(/C=C/c2ccc(-c3nc4ccc(OCCF)cc4o3)cc2)cc1","Nc1ccc(/C=C/c2ccc(-c3nc4ccc(OCCF)cc4o3)cc2)cc1"
"CHEMBL315701","O=C1Nc2ccccc2/C1=C/c1ccc(N2CCCCC2)cc1","O=C1Nc2ccccc2/C1=C/c1ccc(N2CCCCC2)cc1"
"CHEMBL231899","O=C(O)c1cccc(/C=C/c2ccc(OCc3c(-c4c(Cl)cccc4Cl)noc3-c3ccc4ccccc4c3)cc2Cl)c1","O=C(O)c1cccc(/C=C/c2ccc(OCc3c(-c4c(Cl)cccc4Cl)noc3-c3ccc4ccccc4c3)cc2Cl)c1"
"CHEMBL28330","O=C1C(c2ccccc2)=C(c2ccccc2)c2ccc(O)cc21","O=C1C(c2ccccc2)=C(c2ccccc2)c2ccc(O)cc21"
"CHEMBL323133","CN(C)c1ccc(/C=C2/C(=O)N(C)c3ccccc32)cc1","CN(C)c1ccc(/C=C2/C(=O)N(C)c3ccccc32)cc1"
"CHEMBL10005","CC(C)(C)c1ccc(C2=Cc3ccc(N(Cc4ccccc4)Cc4ccccc4)cc3C3=NCCCN23)cc1","CC(C)(C)c1ccc(C2=Cc3ccc(N(Cc4ccccc4)Cc4ccccc4)cc3C3=NCCCN23)cc1"
"CHEMBL239860","CS(=O)(=O)c1ccc(/C=C(/C(=O)OCO/N=[N+](/[O-])N2CCCC2)c2ccc(F)cc2)cc1","CS(=O)(=O)c1ccc(/C=C(/C(=O)OCO/N=[N+](/[O-])N2CCCC2)c2ccc(F)cc2)cc1"
"CHEMBL487592","O=S(=O)([O-])O[C@H]1[C@H](O)[C@@H](O)[C@H](Oc2cc(O)cc(/C=C\c3ccc(O)cc3)c2)O[C@@H]1CO.[Na+]","O=S(=O)([O-])O[C@H]1[C@H](O)[C@@H](O)[C@H](Oc2cc(O)cc(/C=C\c3ccc(O)cc3)c2)O[C@@H]1CO.[Na+]"
"CHEMBL271260","CCC(/C=C1\Sc2ccc(/C=C/c3ccccc3)cc2N1CC)=C\c1sc2ccc(C)cc2[n+]1CC.[I-]","CCC(/C=C1\Sc2ccc(/C=C/c3ccccc3)cc2N1CC)=C\c1sc2ccc(C)cc2[n+]1CC.[I-]"
"CHEMBL29313","Cc1noc(NS(=O)(=O)c2ccccc2-c2ccc(-c3ncco3)cc2/C=C\c2ccccc2)c1C","Cc1noc(NS(=O)(=O)c2ccccc2-c2ccc(-c3ncco3)cc2/C=C\c2ccccc2)c1C"
"CHEMBL113074","COC[C@H]1O[C@@H](Oc2cc(/C=C/c3cc(OC)cc(OC)c3)ccc2OC)[C@H](OC)[C@@H](OC)[C@@H]1OC","COC[C@H]1O[C@@H](Oc2cc(/C=C/c3cc(OC)cc(OC)c3)ccc2OC)[C@H](OC)[C@@H](OC)[C@@H]1OC"
"CHEMBL89719","C[C@H]1c2ccccc2C=C(C2=CCN(C)CC2)c2ccccc21","C[C@H]1c2ccccc2C=C(C2=CCN(C)CC2)c2ccccc21"
"CHEMBL101327","CCc1onc(-c2c(F)cccc2C(F)(F)F)c1COc1ccc(/C=C/c2cccc(C(=O)O)c2)c(Cl)c1","CCc1onc(-c2c(F)cccc2C(F)(F)F)c1COc1ccc(/C=C/c2cccc(C(=O)O)c2)c(Cl)c1"
"CHEMBL344480","Oc1cc(O)cc(/C=C/c2ccc(O)c(CCF)c2)c1","Oc1cc(O)cc(/C=C/c2ccc(O)c(CCF)c2)c1"
"CHEMBL111299","CC1=C(c2ccccc2)C(c2ccc(OCCN3CCCC3)cc2)Oc2ccccc21","CC1=C(c2ccccc2)C(c2ccc(OCCN3CCCC3)cc2)Oc2ccccc21"
"CHEMBL357858","CNCCSC1=Cc2ccccc2Oc2ccc(F)cc21","CNCCSC1=Cc2ccccc2Oc2ccc(F)cc21"
"CHEMBL309194","COc1ccc(C2=Cc3ccccc3C3=NCCN23)cc1","COc1ccc(C2=Cc3ccccc3C3=NCCN23)cc1"
"CHEMBL267240","COc1cccc(/C=C/c2ccc(S(N)(=O)=O)cc2)c1","COc1cccc(/C=C/c2ccc(S(N)(=O)=O)cc2)c1"
"CHEMBL156979","OCCN1CCN(CCCCOc2ccccc2/C=C/c2ccccc2)CC1","OCCN1CCN(CCCCOc2ccccc2/C=C/c2ccccc2)CC1"
"CHEMBL187654","CCCC/C(=C(\c1ccccc1)c1ccc(S(C)(=O)=O)cc1)c1ccc(OC(C)=O)cc1","CCCC/C(=C(\c1ccccc1)c1ccc(S(C)(=O)=O)cc1)c1ccc(OC(C)=O)cc1"
"CHEMBL429769","CNCCSC1=Cc2ccccc2Sc2ccccc21","CNCCSC1=Cc2ccccc2Sc2ccccc21"
"CHEMBL276424","CCCCCC(=O)c1cccc(/C=C\c2ccccc2)c1","CCCCCC(=O)c1cccc(/C=C\c2ccccc2)c1"
"CHEMBL436090","O=C(CCCN1CCN(CCc2ccccc2)CC1)NC1c2ccccc2C=Cc2ccccc21","O=C(CCCN1CCN(CCc2ccccc2)CC1)NC1c2ccccc2C=Cc2ccccc21"
"CHEMBL371066","CN(C)c1ccc(/C=C/c2ccc(OCC3COC(C)(C)OC3)cc2)cc1","CN(C)c1ccc(/C=C/c2ccc(OCC3COC(C)(C)OC3)cc2)cc1"
"CHEMBL69408","CCC1=C(c2ccc(O)cc2)Cc2cc(O)ccc21","CCC1=C(c2ccc(O)cc2)Cc2cc(O)ccc21"
"CHEMBL308006","Cc1ccc(/C(=C(\C#N)c2ccc(O)cc2)c2ccc(O)cc2)cc1","Cc1ccc(/C(=C(\C#N)c2ccc(O)cc2)c2ccc(O)cc2)cc1"
"CHEMBL303987","N#C/C(=C(/c1ccccc1)c1ccc(O)cc1)c1ccccc1","N#C/C(=C(/c1ccccc1)c1ccc(O)cc1)c1ccccc1"
"CHEMBL73263","COc1cccc(/C=C(/C(=O)O)c2cc(OC)c(OC)c(OC)c2)c1","COc1cccc(/C=C(/C(=O)O)c2cc(OC)c(OC)c(OC)c2)c1"
"CHEMBL91258","CS(=O)(=O)c1ccc(C2=C(c3ccc(Cl)cc3Cl)CC3(CC3)C2)cc1","CS(=O)(=O)c1ccc(C2=C(c3ccc(Cl)cc3Cl)CC3(CC3)C2)cc1"
"CHEMBL475539","C/C(=C\c1cc(O)cc(O)c1)c1ccc(Cl)cc1","C/C(=C\c1cc(O)cc(O)c1)c1ccc(Cl)cc1"
"CHEMBL163863","CN1CC=C(C2=Cc3ccccc3Oc3ccccc32)CC1","CN1CC=C(C2=Cc3ccccc3Oc3ccccc32)CC1"
"CHEMBL111321","NS(=O)(=O)c1ccc(C2=C(c3ccc(Cl)c(Cl)c3)CCC2)cc1","NS(=O)(=O)c1ccc(C2=C(c3ccc(Cl)c(Cl)c3)CCC2)cc1"
"CHEMBL175920","COc1cc(/C=C\c2ccc3c(ccn3S(=O)(=O)c3ccccc3)c2)cc(OC)c1OC","COc1cc(/C=C\c2ccc3c(ccn3S(=O)(=O)c3ccccc3)c2)cc(OC)c1OC"
"CHEMBL176059","COc1cc(/C=C/c2ccc(N(C)C)c([N+](=O)[O-])c2)cc(OC)c1OC","COc1cc(/C=C/c2ccc(N(C)C)c([N+](=O)[O-])c2)cc(OC)c1OC"
"CHEMBL177370","C(=C/c1ccc2ccccc2c1)\c1ccc2c(c1)-c1ccccc1C2","C(=C/c1ccc2ccccc2c1)\c1ccc2c(c1)-c1ccccc1C2"
"CHEMBL375478","O=C(O)/C(=C\c1c(O)ccc2ccccc12)c1ccccc1","O=C(O)/C(=C\c1c(O)ccc2ccccc12)c1ccccc1"
"CHEMBL229957","COc1ccc2c(c1)CCC(c1ccc(OC)c(OC)c1OC)=C2","COc1ccc2c(c1)CCC(c1ccc(OC)c(OC)c1OC)=C2"
"CHEMBL188335","COc1ccc(/C=C2\OC(=O)c3ccc(C(N)=O)cc32)cc1","COc1ccc(/C=C2\OC(=O)c3ccc(C(N)=O)cc32)cc1"
"CHEMBL366538","CC(=O)Oc1cccc(/C=C\c2ccc3ccccc3c2)c1","CC(=O)Oc1cccc(/C=C\c2ccc3ccccc3c2)c1"
"CHEMBL321160","COc1c(Cl)cc(C2=C(c3ccc(S(C)(=O)=O)cc3)CCC2)cc1Cl","COc1c(Cl)cc(C2=C(c3ccc(S(C)(=O)=O)cc3)CCC2)cc1Cl"
"CHEMBL187827","C[S+]([O-])c1ccc(/C=C2\OC(=O)c3ccccc32)cc1","C[S+]([O-])c1ccc(/C=C2\OC(=O)c3ccccc32)cc1"
"CHEMBL72220","CC1c2ccccc2C=C(N2CCN(C)CC2)c2cc(Cl)ccc21","CC1c2ccccc2C=C(N2CCN(C)CC2)c2cc(Cl)ccc21"
"CHEMBL432454","O=C1c2ccc(OCCN3CCCCC3)cc2C(=O)C12C(c1ccc(O)cc1)=Cc1cc(O)ccc12","O=C1c2ccc(OCCN3CCCCC3)cc2C(=O)C12C(c1ccc(O)cc1)=Cc1cc(O)ccc12"
"CHEMBL133117","CC1=CC(C)(C)Nc2ccc3c(c21)/C(=C/c1ccc(F)cc1)Oc1c(F)cccc1-3","CC1=CC(C)(C)Nc2ccc3c(c21)/C(=C/c1ccc(F)cc1)Oc1c(F)cccc1-3"
"CHEMBL175504","COc1cc(/C=C\c2ccc3c(ccn3C)c2)cc(OC)c1OC","COc1cc(/C=C\c2ccc3c(ccn3C)c2)cc(OC)c1OC"
"CHEMBL114677","O=C1c2ccccc2C(=Cc2cc(O)c(O)c(O)c2)c2ccccc21","O=C1c2ccccc2C(=Cc2cc(O)c(O)c(O)c2)c2ccccc21"
"CHEMBL378545","O=C1O/C(=C\c2ccc(Cl)cc2)c2c1cccc2[N+](=O)[O-]","O=C1O/C(=C\c2ccc(Cl)cc2)c2c1cccc2[N+](=O)[O-]"
"CHEMBL112852","CC(C)NC(=O)c1cc(/C=C/c2cccc(Cl)c2)ccc1-c1ccc(Cl)cc1","CC(C)NC(=O)c1cc(/C=C/c2cccc(Cl)c2)ccc1-c1ccc(Cl)cc1"
"CHEMBL147843","COc1ccc(/C=C(\C=O)c2ccc(OC)cc2)cc1","COc1ccc(/C=C(\C=O)c2ccc(OC)cc2)cc1"
"CHEMBL327575","CNCCCCCCC1C(c2ccc(O)cc2)=C(C)c2cc(O)ccc21","CNCCCCCCC1C(c2ccc(O)cc2)=C(C)c2cc(O)ccc21"
"CHEMBL176130","COc1cc(/C=C/c2ccc3ccccc3c2)cc(NC(C)=O)c1OC","COc1cc(/C=C/c2ccc3ccccc3c2)cc(NC(C)=O)c1OC"
"CHEMBL96730","COc1ccc(C#N)c(/C=C(/C(=O)O)c2ccccc2)c1","COc1ccc(C#N)c(/C=C(/C(=O)O)c2ccccc2)c1"
"CHEMBL424468","CN(C)/C(=C1\C(=O)N(c2cccc(Cl)c2)c2ccccc21)c1ccccc1","CN(C)/C(=C1\C(=O)N(c2cccc(Cl)c2)c2ccccc21)c1ccccc1"
"CHEMBL157252","CN(C)CCCCOc1ccccc1/C=C/c1cccc(Cl)c1","CN(C)CCCCOc1ccccc1/C=C/c1cccc(Cl)c1"
"CHEMBL415470","C#Cc1ccc(/C(=C(\CC)c2ccccc2)c2ccc(OCCN3CCCC3)cc2)cc1","C#Cc1ccc(/C(=C(\CC)c2ccccc2)c2ccc(OCCN3CCCC3)cc2)cc1"
"CHEMBL91350","CC1c2ccccc2C=C(C2=CCN(C)CC2)c2ccccc21","CC1c2ccccc2C=C(C2=CCN(C)CC2)c2ccccc21"
"CHEMBL28145","CC/C(=C(\c1ccccc1)c1ccc(OCCN2CCN(C)CC2)cc1)c1ccccc1","CC/C(=C(\c1ccccc1)c1ccc(OCCN2CCN(C)CC2)cc1)c1ccccc1"
"CHEMBL288288","COc1ccc(/C=C\c2cc(OC)c(OC)c(OC)c2)cc1OP(=O)(O)OC1CCCCC1.N","COc1ccc(/C=C\c2cc(OC)c(OC)c(OC)c2)cc1OP(=O)(O)OC1CCCCC1.N"
"CHEMBL298762","CS(=O)(=O)c1ccc(C2=C(c3ccccc3)C(=O)N(c3ccccc3F)C2)cc1","CS(=O)(=O)c1ccc(C2=C(c3ccccc3)C(=O)N(c3ccccc3F)C2)cc1"
"CHEMBL489673","O=C([O-])CCC(O)c1ccc(/C=C/c2ccccc2)cc1.[Li+]","O=C([O-])CCC(O)c1ccc(/C=C/c2ccccc2)cc1.[Li+]"
"CHEMBL192614","CC1(C)CCC(C)(C)c2cc(/C=C\c3ccc(C(=O)O)cc3)ccc21","CC1(C)CCC(C)(C)c2cc(/C=C\c3ccc(C(=O)O)cc3)ccc21"
"CHEMBL475134","COc1ccc(/C(C)=C/c2ccc3ccccc3c2)cc1","COc1ccc(/C(C)=C/c2ccc3ccccc3c2)cc1"
"CHEMBL220071","CCc1cccc2c1CNc1c(cccc1CCc1ccccc1)/C=C\2COc1cccc(C(=O)OC)c1","CCc1cccc2c1CNc1c(cccc1CCc1ccccc1)/C=C\2COc1cccc(C(=O)OC)c1"
"CHEMBL340686","Oc1ccc(/C=C2\C=C(CCN3CCOCC3)c3ccccc32)c2ccccc12","Oc1ccc(/C=C2\C=C(CCN3CCOCC3)c3ccccc32)c2ccccc12"
"CHEMBL374394","O=[N+]([O-])c1ccc(/C=C\c2ccc3c(c2)no[n+]3[O-])cc1","O=[N+]([O-])c1ccc(/C=C\c2ccc3c(c2)no[n+]3[O-])cc1"
"CHEMBL114423","O=C1c2ccccc2C(=Cc2ccc(OCc3ccccc3)cc2)c2ccccc21","O=C1c2ccccc2C(=Cc2ccc(OCc3ccccc3)cc2)c2ccccc21"
"CHEMBL6547","CC/C(=C(\c1ccc(I)cc1)c1ccc(OCCCCCCCCCCN2CCCC2)cc1)c1ccccc1","CC/C(=C(\c1ccc(I)cc1)c1ccc(OCCCCCCCCCCN2CCCC2)cc1)c1ccccc1"
"CHEMBL395582","O=C(O)c1cccc(C2=C(c3ccccc3OCc3ccccc3)CCC2)c1","O=C(O)c1cccc(C2=C(c3ccccc3OCc3ccccc3)CCC2)c1"
"CHEMBL249484","COc1ccc(C2=C(c3ccc(OC)cc3)C(=O)N3CCCC3C2)cc1","COc1ccc(C2=C(c3ccc(OC)cc3)C(=O)N3CCCC3C2)cc1"
"CHEMBL547500","CCCCN(CCCC)CCC(O)C(=Cc1ccc(Cl)cc1Cl)c1ccc(C(F)(F)F)cc1N","CCCCN(CCCC)CCC(O)C(=Cc1ccc(Cl)cc1Cl)c1ccc(C(F)(F)F)cc1N"
"CHEMBL167123","CCC1(C)OC(c2ccc(S(C)(=O)=O)cc2)=C(c2cccc(OC)c2)C1=O","CCC1(C)OC(c2ccc(S(C)(=O)=O)cc2)=C(c2cccc(OC)c2)C1=O"
"CHEMBL94082","Nc1ccc(OCc2ccsc2)cc1/C=C(/C(=O)O)c1ccccc1F","Nc1ccc(OCc2ccsc2)cc1/C=C(/C(=O)O)c1ccccc1F"
"CHEMBL175686","CCCCCCC(=C(c1ccccc1)c1ccccc1)c1ccc(S(=O)(=O)OC)cc1","CCCCCCC(=C(c1ccccc1)c1ccccc1)c1ccc(S(=O)(=O)OC)cc1"
"CHEMBL295497","C[S+]([O-])c1ccc(C2=C(c3cc(F)cc(F)c3)C(=O)C(C)(C)O2)cc1","C[S+]([O-])c1ccc(C2=C(c3cc(F)cc(F)c3)C(=O)C(C)(C)O2)cc1"
"CHEMBL195550","CS(=O)(=O)c1ccc(C2=C(c3ccccc3)S(=O)OC2)cc1","CS(=O)(=O)c1ccc(C2=C(c3ccccc3)S(=O)OC2)cc1"
"CHEMBL112516","CNC(=O)c1cc(/C=C/c2ccc(OCc3ccccc3)c(OCc3ccccc3)c2)ccc1-c1ccc(Cl)cc1","CNC(=O)c1cc(/C=C/c2ccc(OCc3ccccc3)c(OCc3ccccc3)c2)ccc1-c1ccc(Cl)cc1"
"CHEMBL366274","c1ccc(C2=C(c3ccc(OCCN4CCOCC4)cc3)c3ccccc3OCC2)cc1","c1ccc(C2=C(c3ccc(OCCN4CCOCC4)cc3)c3ccccc3OCC2)cc1"
"CHEMBL191804","O=C1Oc2ccccc2/C1=C\c1ccccc1","O=C1Oc2ccccc2/C1=C\c1ccccc1"
"CHEMBL215717","COc1ccc(/C=C/c2ccccc2Cl)cc1","COc1ccc(/C=C/c2ccccc2Cl)cc1"
"CHEMBL219064","O=C1c2ccccc2/C(=C/c2ccccc2)c2sccc21","O=C1c2ccccc2/C(=C/c2ccccc2)c2sccc21"
"CHEMBL523368","CC(C)c1onc(COc2cc(Cl)cc(Cl)c2)c1COc1ccc(/C=C/c2cccc(C(=O)O)c2)c(Cl)c1","CC(C)c1onc(COc2cc(Cl)cc(Cl)c2)c1COc1ccc(/C=C/c2cccc(C(=O)O)c2)c(Cl)c1"
"CHEMBL80047","CS(=O)(=O)c1ccc(C2=C(c3ccc(F)cc3)c3ccccc3C2)cc1","CS(=O)(=O)c1ccc(C2=C(c3ccc(F)cc3)c3ccccc3C2)cc1"
"CHEMBL494195","CC(C)c1onc(COc2cccc(Cl)c2Cl)c1COc1ccc(/C=C/c2cccc(C(=O)O)c2)c(Cl)c1","CC(C)c1onc(COc2cccc(Cl)c2Cl)c1COc1ccc(/C=C/c2cccc(C(=O)O)c2)c(Cl)c1"
"CHEMBL98116","Oc1ccc2c(c1)CCC(c1ccccc1)=C2c1ccc(OCCN2CCCC2)cc1","Oc1ccc2c(c1)CCC(c1ccccc1)=C2c1ccc(OCCN2CCCC2)cc1"
"CHEMBL34709","Oc1ccc(C=C(c2ccc(O)cc2)c2ccc(O)cc2)cc1","Oc1ccc(C=C(c2ccc(O)cc2)c2ccc(O)cc2)cc1"
"CHEMBL276226","CC/C(=C(/c1ccccc1)c1cccc(OC(C)=O)c1)c1cccc(OC(C)=O)c1","CC/C(=C(/c1ccccc1)c1cccc(OC(C)=O)c1)c1cccc(OC(C)=O)c1"
"CHEMBL298888","C[S+]([O-])c1ccc(C2=C(c3cccc(Cl)c3)C(=O)C(C)(C)O2)cc1","C[S+]([O-])c1ccc(C2=C(c3cccc(Cl)c3)C(=O)C(C)(C)O2)cc1"
"CHEMBL363849","Fc1ccc2c(c1)CC/C2=C/c1cccc2cnccc12","Fc1ccc2c(c1)CC/C2=C/c1cccc2cnccc12"
"CHEMBL225476","CS(=O)(=O)Nc1ccc(C2=C(c3ccc(Br)cc3)C(=O)OC2)cc1","CS(=O)(=O)Nc1ccc(C2=C(c3ccc(Br)cc3)C(=O)OC2)cc1"
"CHEMBL374082","COc1ccc(C2=C(c3cc(OC)c(OC)c(OC)c3)C(=O)C(O[SiH2]C(C)(C)C)C2)cc1OC(C)C","COc1ccc(C2=C(c3cc(OC)c(OC)c(OC)c3)C(=O)C(O[SiH2]C(C)(C)C)C2)cc1OC(C)C"
"CHEMBL190129","CCOC(=O)/C(=C(\COC(=O)C[C@H](N)C(=O)O)c1ccc(S(C)(=O)=O)cc1)c1ccc(F)c(F)c1","CCOC(=O)/C(=C(\COC(=O)C[C@H](N)C(=O)O)c1ccc(S(C)(=O)=O)cc1)c1ccc(F)c(F)c1"
"CHEMBL191976","CCOC(=O)[C@H](N)COC(=O)/C(=C(\COC(C)=O)c1ccc(S(C)(=O)=O)cc1)c1ccc(F)c(F)c1","CCOC(=O)[C@H](N)COC(=O)/C(=C(\COC(C)=O)c1ccc(S(C)(=O)=O)cc1)c1ccc(F)c(F)c1"
"CHEMBL206049","COc1cc(/C=C/c2ccccc2O)cc(OC)c1","COc1cc(/C=C/c2ccccc2O)cc(OC)c1"
"CHEMBL218307","CCc1cccc2c1CNc1c(cccc1CCc1ccccc1)/C=C\2COc1cccc(OC)c1","CCc1cccc2c1CNc1c(cccc1CCc1ccccc1)/C=C\2COc1cccc(OC)c1"
"CHEMBL192739","CCOc1cc(/C=C\c2ccc(OC)c(O)c2)cc(OCC)c1OCC","CCOc1cc(/C=C\c2ccc(OC)c(O)c2)cc(OCC)c1OCC"
"CHEMBL118838","CN1c2cc(Cl)ccc2C=C2c3ccccc3NC21","CN1c2cc(Cl)ccc2C=C2c3ccccc3NC21"
"CHEMBL114428","O=C1c2ccccc2C(=Cc2ccc([N+](=O)[O-])cc2)c2ccccc21","O=C1c2ccccc2C(=Cc2ccc([N+](=O)[O-])cc2)c2ccccc21"
"CHEMBL100016","Oc1cccc(/C=C/c2cccc(O)c2)c1","Oc1cccc(/C=C/c2cccc(O)c2)c1"
"CHEMBL385774","COc1ccc(C2=C(c3ccc(O)cc3)C3CC(S(=O)(=O)c4ccccc4)C2O3)cc1","COc1ccc(C2=C(c3ccc(O)cc3)C3CC(S(=O)(=O)c4ccccc4)C2O3)cc1"
"CHEMBL217259","O=C(O)c1ccc2c(c1)C1CCCOc3ccccc3C1=C2C1CCCCC1","O=C(O)c1ccc2c(c1)C1CCCOc3ccccc3C1=C2C1CCCCC1"
"CHEMBL386024","CCCCCCCCCCCCCC(=O)OCC1(C)[C@H]2[C@@H]3C=C(CO)C[C@]4(O)C(=O)C(C)=C[C@H]4[C@@]3(O)[C@H](C)[C@@H](O)[C@]21OC(C)=O.COC(=O)c1ccc(/C=C(\C)c2ccc3c(c2)C(C)(C)CS3)cc1","CCCCCCCCCCCCCC(=O)OCC1(C)[C@H]2[C@@H]3C=C(CO)C[C@]4(O)C(=O)C(C)=C[C@H]4[C@@]3(O)[C@H](C)[C@@H](O)[C@]21OC(C)=O.COC(=O)c1ccc(/C=C(\C)c2ccc3c(c2)C(C)(C)CS3)cc1"
"CHEMBL419721","CCc1onc(-c2ccccc2OC(F)(F)F)c1COc1ccc(/C=C/c2cccc(C(=O)O)c2)c(Cl)c1","CCc1onc(-c2ccccc2OC(F)(F)F)c1COc1ccc(/C=C/c2cccc(C(=O)O)c2)c(Cl)c1"
"CHEMBL432844","CC/C(=C(\c1ccccc1)c1ccc(OC(C)=O)c(OC(C)=O)c1)c1ccc(OC(C)=O)cc1","CC/C(=C(\c1ccccc1)c1ccc(OC(C)=O)c(OC(C)=O)c1)c1ccc(OC(C)=O)cc1"
"CHEMBL207244","COc1cc(/C=C/c2cccc(OC)c2O)cc(OC)c1","COc1cc(/C=C/c2cccc(OC)c2O)cc(OC)c1"
"CHEMBL22162","O=C1/C(=C/c2ccccc2)c2ccccc2N1CCCN1CCN(c2cccc(Cl)c2)CC1","O=C1/C(=C/c2ccccc2)c2ccccc2N1CCCN1CCN(c2cccc(Cl)c2)CC1"
"CHEMBL87118","CC1=C(c2ccc(O)cc2)C(CCCCN2CCCC2)c2ccc(O)cc21","CC1=C(c2ccc(O)cc2)C(CCCCN2CCCC2)c2ccc(O)cc21"
"CHEMBL41069","CC/C(=C(\c1ccccc1)c1ccc(/C=C/C(=O)N(CC)CC)cc1)c1ccccc1","CC/C(=C(\c1ccccc1)c1ccc(/C=C/C(=O)N(CC)CC)cc1)c1ccccc1"
"CHEMBL206680","Oc1ccc2c(c1)OC(c1ccc(OCCN3CCCCCC3)cc1)C1=C2COc2cc(O)ccc21","Oc1ccc2c(c1)OC(c1ccc(OCCN3CCCCCC3)cc1)C1=C2COc2cc(O)ccc21"
"CHEMBL381416","O=C1Nc2cc(O)ccc2/C1=C\c1ccc(O)cc1","O=C1Nc2cc(O)ccc2/C1=C\c1ccc(O)cc1"
"CHEMBL199051","O=c1cc(N2CCOCC2)oc2cc(/C=C/c3ccc(Cl)cc3)ccc12","O=c1cc(N2CCOCC2)oc2cc(/C=C/c3ccc(Cl)cc3)ccc12"
"CHEMBL376583","COc1ccccc1C1=Cc2ccccc2C1","COc1ccccc1C1=Cc2ccccc2C1"
"CHEMBL315853","COc1ccc(/C=C\c2cc(O)cc(OC)c2)cc1","COc1ccc(/C=C\c2cc(O)cc(OC)c2)cc1"
"CHEMBL112192","COc1ccc(C=C2c3ccccc3C(=O)c3ccccc32)c(OC)c1O","COc1ccc(C=C2c3ccccc3C(=O)c3ccccc32)c(OC)c1O"
"CHEMBL18929","C(=C(\c1ccccc1)C1CCN(CCCCc2ccccc2)CC1)\c1ccccc1","C(=C(\c1ccccc1)C1CCN(CCCCc2ccccc2)CC1)\c1ccccc1"
"CHEMBL285197","CCC/C(=C(/CCC)c1cccc(OC(C)=O)c1)c1cccc(OC(C)=O)c1","CCC/C(=C(/CCC)c1cccc(OC(C)=O)c1)c1cccc(OC(C)=O)c1"
"CHEMBL288936","CCOC(=O)c1ccc(/C=C/c2ccc3c(c2)C2CCC3C2)cc1","CCOC(=O)c1ccc(/C=C/c2ccc3c(c2)C2CCC3C2)cc1"
"CHEMBL57358","Cc1cc(/C=C/c2ccc(F)cc2)cc(C)c1O","Cc1cc(/C=C/c2ccc(F)cc2)cc(C)c1O"
"CHEMBL84470","CCC[C@@H]1Cc2cc(O)ccc2C2=C1c1ccc(O)cc1C[C@H]2CCC","CCC[C@@H]1Cc2cc(O)ccc2C2=C1c1ccc(O)cc1C[C@H]2CCC"
"CHEMBL432556","C1=C(c2cccc3ccccc23)N2CCN=C2c2ccccc21","C1=C(c2cccc3ccccc23)N2CCN=C2c2ccccc21"
"CHEMBL297431","COc1ccc(C2=C(c3ccc(SC)cc3)CC3CCCN3C2=O)cc1OC","COc1ccc(C2=C(c3ccc(SC)cc3)CC3CCCN3C2=O)cc1OC"
"CHEMBL466227","Cc1cccc(Cl)c1OCc1noc(C(C)C)c1COc1ccc(/C=C/c2cccc(C(=O)O)c2)c(Cl)c1","Cc1cccc(Cl)c1OCc1noc(C(C)C)c1COc1ccc(/C=C/c2cccc(C(=O)O)c2)c(Cl)c1"
"CHEMBL348449","C/C(=C\c1ccc(C(=O)O)cc1)c1ccc(O)c(C(C)(C)C)c1","C/C(=C\c1ccc(C(=O)O)cc1)c1ccc(O)c(C(C)(C)C)c1"
"CHEMBL514409","CCS(=O)(=O)Nc1ccc2c(c1)/C(=C(/Nc1ccc(CN3CCCCC3)cc1)c1ccccc1)C(=O)N2","CCS(=O)(=O)Nc1ccc2c(c1)/C(=C(/Nc1ccc(CN3CCCCC3)cc1)c1ccccc1)C(=O)N2"
"CHEMBL321855","O=C1Nc2ccc(C(=O)c3cccs3)cc2/C1=C/c1ccccc1","O=C1Nc2ccc(C(=O)c3cccs3)cc2/C1=C/c1ccccc1"
"CHEMBL500169","CC(=O)c1ccc2c(c1)NC(=O)/C2=C(\Nc1ccc(CN2CCCCC2)cc1)c1ccccc1","CC(=O)c1ccc2c(c1)NC(=O)/C2=C(\Nc1ccc(CN2CCCCC2)cc1)c1ccccc1"
"CHEMBL56551","CCc1ccc(/C=C/c2cc(C)c(O)c(C)c2)cc1","CCc1ccc(/C=C/c2cc(C)c(O)c(C)c2)cc1"
"CHEMBL78775","COc1ccc(/C=C(/C(N)=O)c2ccc(OC)cc2)cc1","COc1ccc(/C=C(/C(N)=O)c2ccc(OC)cc2)cc1"
"CHEMBL513828","CC[C@H](C)c1onc(-c2c(Cl)cccc2Cl)c1COc1ccc(/C=C/c2cccc(C(=O)O)c2)c(Cl)c1","CC[C@H](C)c1onc(-c2c(Cl)cccc2Cl)c1COc1ccc(/C=C/c2cccc(C(=O)O)c2)c(Cl)c1"
"CHEMBL513475","CC(C)c1onc(COC(C)(C)C)c1COc1ccc(/C=C/c2cccc(C(=O)O)c2)c(Cl)c1","CC(C)c1onc(COC(C)(C)C)c1COc1ccc(/C=C/c2cccc(C(=O)O)c2)c(Cl)c1"
"CHEMBL429614","CC(C)(C)c1ccc(C2=Cc3ccc(N)cc3C3=NCCCN23)cc1","CC(C)(C)c1ccc(C2=Cc3ccc(N)cc3C3=NCCCN23)cc1"
"CHEMBL274893","CS(=O)(=O)c1ccc(C2=C(c3ccc(F)cc3)CCC2)cc1","CS(=O)(=O)c1ccc(C2=C(c3ccc(F)cc3)CCC2)cc1"
"CHEMBL276867","CC1(C)CCC(C)(C)c2cc3c(cc21)CC/C3=C\c1ccc(C(=O)O)cc1","CC1(C)CCC(C)(C)c2cc3c(cc21)CC/C3=C\c1ccc(C(=O)O)cc1"
"CHEMBL36775","COc1ccc(/C=C\c2cc(OC)c(OC)c(OC)c2)cc1OP(=O)(OC)OC","COc1ccc(/C=C\c2cc(OC)c(OC)c(OC)c2)cc1OP(=O)(OC)OC"
"CHEMBL294051","N#C/C(=C(/c1ccccc1)c1ccc(O)cc1)c1ccc(O)cc1","N#C/C(=C(/c1ccccc1)c1ccc(O)cc1)c1ccc(O)cc1"
"CHEMBL276655","CCC(=C(c1cccc(OC(C)=O)c1)c1cccc(OC(C)=O)c1)c1ccccc1","CCC(=C(c1cccc(OC(C)=O)c1)c1cccc(OC(C)=O)c1)c1ccccc1"
"CHEMBL89505","CC(C)(C)c1cc(/C=C2\C(=O)Nc3ccccc32)cc(C(C)(C)C)c1O","CC(C)(C)c1cc(/C=C2\C(=O)Nc3ccccc32)cc(C(C)(C)C)c1O"
"CHEMBL421537","CC/C(=C(\c1ccc(OCCN(C)C)cc1)c1ccc(SC)cc1)c1ccccc1","CC/C(=C(\c1ccc(OCCN(C)C)cc1)c1ccc(SC)cc1)c1ccccc1"
"CHEMBL418950","Cc1ccccc1C1=C(c2ccccc2)Cc2cc(O)ccc21","Cc1ccccc1C1=C(c2ccccc2)Cc2cc(O)ccc21"
"CHEMBL417580","CC/C(=C(\c1ccccc1)c1ccc(OC(C)=O)cc1)c1cccc(OC(C)=O)c1","CC/C(=C(\c1ccccc1)c1ccc(OC(C)=O)cc1)c1cccc(OC(C)=O)c1"
"CHEMBL90094","Cc1ccccc1/C(=C\c1cc(OCc2ccsc2)ccc1Br)C(=O)O","Cc1ccccc1/C(=C\c1cc(OCc2ccsc2)ccc1Br)C(=O)O"
"CHEMBL98193","CN1CC(c2ccc(S(C)(=O)=O)cc2)=C(c2ccccc2)O1","CN1CC(c2ccc(S(C)(=O)=O)cc2)=C(c2ccccc2)O1"
"CHEMBL192841","COc1ccc(/C=C\c2cc(OC)c(OC)c(OC)c2)cc1OCCCO","COc1ccc(/C=C\c2cc(OC)c(OC)c(OC)c2)cc1OCCCO"
"CHEMBL26865","Oc1ccc(C2=C(c3ccc(O)cc3)c3ccc(O)cc3C2)cc1","Oc1ccc(C2=C(c3ccc(O)cc3)c3ccc(O)cc3C2)cc1"
"CHEMBL198674","CC(C)c1cc(-c2cccc(/C=C(/c3ccc(C(C)(C)O)cc3)c3ccc(S(C)(=O)=O)cc3)c2)c2ncccc2c1","CC(C)c1cc(-c2cccc(/C=C(/c3ccc(C(C)(C)O)cc3)c3ccc(S(C)(=O)=O)cc3)c2)c2ncccc2c1"
"CHEMBL350217","COc1ccc2c(c1)OC(C)(C)C(c1ccc(O)cc1)=C2c1ccccc1","COc1ccc2c(c1)OC(C)(C)C(c1ccc(O)cc1)=C2c1ccccc1"
"CHEMBL190498","CC(=O)OC/C(=C(\C(=O)OCC[N+](C)(C)C)c1cccc(F)c1)c1ccc(S(C)(=O)=O)cc1.[Br-]","CC(=O)OC/C(=C(\C(=O)OCC[N+](C)(C)C)c1cccc(F)c1)c1ccc(S(C)(=O)=O)cc1.[Br-]"
"CHEMBL308234","CC1=C(c2ccc(OC(=O)C(C)(C)C)cc2)[C@H](c2ccc(OCCN3CCCCC3)cc2)Oc2cc(OC(=O)C(C)(C)C)ccc21","CC1=C(c2ccc(OC(=O)C(C)(C)C)cc2)[C@H](c2ccc(OCCN3CCCCC3)cc2)Oc2cc(OC(=O)C(C)(C)C)ccc21"
"CHEMBL28380","CC/C(=C(\c1ccccc1)c1ccc(OCCN(CC)CC)cc1)c1ccccc1","CC/C(=C(\c1ccccc1)c1ccc(OCCN(CC)CC)cc1)c1ccccc1"
"CHEMBL394377","COc1cccc(/C=C/c2cccc(C(=O)Nc3cc(C(=O)Nc4nc(C(=O)NCCCN(C)C)c(CCC(C)C)s4)n(C)c3)c2)c1","COc1cccc(/C=C/c2cccc(C(=O)Nc3cc(C(=O)Nc4nc(C(=O)NCCCN(C)C)c(CCC(C)C)s4)n(C)c3)c2)c1"
"CHEMBL263212","C=CCOc1ccc2c(c1)CCc1ccccc1/C(CC)=C\2c1ccc(O)cc1","C=CCOc1ccc2c(c1)CCc1ccccc1/C(CC)=C\2c1ccc(O)cc1"
"CHEMBL34464","COC(=O)c1ccc(/C=C(\C)c2ccc3c(c2)C(C)(C)CCO3)cc1","COC(=O)c1ccc(/C=C(\C)c2ccc3c(c2)C(C)(C)CCO3)cc1"
"CHEMBL14560","C=CCOc1ccc2c(c1)Sc1ccccc1C(CC)=C2c1ccccc1","C=CCOc1ccc2c(c1)Sc1ccccc1C(CC)=C2c1ccccc1"
"CHEMBL443634","C=CCOc1cc(/C=C\c2ccc(OC)c(N)c2)cc(OC)c1.Cl","C=CCOc1cc(/C=C\c2ccc(OC)c(N)c2)cc(OC)c1.Cl"
"CHEMBL238576","Cc1cc(NC(=O)CCl)sc1-c1nnc2n1NC(c1ccccc1)=C(c1ccccc1)S2","Cc1cc(NC(=O)CCl)sc1-c1nnc2n1NC(c1ccccc1)=C(c1ccccc1)S2"
"CHEMBL85065","COc1cc(/C=C\c2ccc3ccccc3c2)cc(OC)c1OC","COc1cc(/C=C\c2ccc3ccccc3c2)cc(OC)c1OC"
"CHEMBL223784","COCOc1cc(C2=C(c3cc(OC)c(OC)c(OC)c3)C(=O)CC2O[SiH2]C(C)(C)C)ccc1OC","COCOc1cc(C2=C(c3cc(OC)c(OC)c(OC)c3)C(=O)CC2O[SiH2]C(C)(C)C)ccc1OC"
"CHEMBL267035","CC/C(=C(\c1ccc(I)cc1)c1ccc(OCCCCN2CCCC2)cc1)c1ccccc1","CC/C(=C(\c1ccc(I)cc1)c1ccc(OCCCCN2CCCC2)cc1)c1ccccc1"
"CHEMBL447389","COc1cc(/C=C\c2cc(O)c3ccsc3c2)cc(OC)c1","COc1cc(/C=C\c2cc(O)c3ccsc3c2)cc(OC)c1"
"CHEMBL117087","Cc1ccc(/C=C\c2cccc(C(F)(F)P(=O)(O)O)c2)cc1.N.N","Cc1ccc(/C=C\c2cccc(C(F)(F)P(=O)(O)O)c2)cc1.N.N"
"CHEMBL388655","O=C(O)c1cccc(C2=C(c3ccccc3OCc3ccc(Cl)cc3F)CCC2)c1","O=C(O)c1cccc(C2=C(c3ccccc3OCc3ccc(Cl)cc3F)CCC2)c1"
"CHEMBL87209","COc1cc(/C=C\c2ccc(OC(C)=O)cc2)cc(OC)c1OC","COc1cc(/C=C\c2ccc(OC(C)=O)cc2)cc(OC)c1OC"
"CHEMBL259003","COc1cc(/C=C/c2ccc(OP(=O)(O)O)cc2)cc(OC)c1","COc1cc(/C=C/c2ccc(OP(=O)(O)O)cc2)cc(OC)c1"
"CHEMBL221212","COc1ccc(/C=C2\CC(c3ccc(OCCN(C)C)cc3)Oc3cc(OC)ccc32)cc1","COc1ccc(/C=C2\CC(c3ccc(OCCN(C)C)cc3)Oc3cc(OC)ccc32)cc1"
"CHEMBL14898","CC/C1=C(\c2ccccc2)c2ccc(OCC(O)CO)cc2CCc2ccccc21","CC/C1=C(\c2ccccc2)c2ccc(OCC(O)CO)cc2CCc2ccccc21"
"CHEMBL89025","C/C(=C/c1cccc(C(=O)O)c1)c1ccc2c(c1)C(C)(C)CCC2(C)C","C/C(=C/c1cccc(C(=O)O)c1)c1ccc2c(c1)C(C)(C)CCC2(C)C"
"CHEMBL23175","CS(=O)(=O)c1ccc(C2=C(c3ccc(Cl)c(F)c3)C(=O)CC2)cc1","CS(=O)(=O)c1ccc(C2=C(c3ccc(Cl)c(F)c3)C(=O)CC2)cc1"
"CHEMBL7821","CN1CCN(C2=Cc3ccccc3Cc3ccccc32)CC1","CN1CCN(C2=Cc3ccccc3Cc3ccccc32)CC1"
"CHEMBL68236","CCN(CC)CCOc1ccc(C(=C(C#N)c2ccccc2)c2ccc(OCCN(CC)CC)cc2)cc1","CCN(CC)CCOc1ccc(C(=C(C#N)c2ccccc2)c2ccc(OCCN(CC)CC)cc2)cc1"
"CHEMBL307507","COc1ccc(/C=C\c2cc(OC)c(O[Si](C)(C)C(C)(C)C)c(OC)c2)cc1","COc1ccc(/C=C\c2cc(OC)c(O[Si](C)(C)C(C)(C)C)c(OC)c2)cc1"
"CHEMBL73470","O=C1Nc2ccc(-c3ccccc3)cc2/C1=C/c1cc(Cl)c(O)c(Cl)c1","O=C1Nc2ccc(-c3ccccc3)cc2/C1=C/c1cc(Cl)c(O)c(Cl)c1"
"CHEMBL44683","O=C(NCCc1ccc(F)cc1)c1cc(/C=C/c2cc(O)ccc2O)ccc1O","O=C(NCCc1ccc(F)cc1)c1cc(/C=C/c2cc(O)ccc2O)ccc1O"
"CHEMBL449395","COc1cc(CCc2ccc(C3=Cc4ccccc4C4=NCCN34)cc2)cc(OC)c1OC","COc1cc(CCc2ccc(C3=Cc4ccccc4C4=NCCN34)cc2)cc(OC)c1OC"
"CHEMBL147745","O=C(/C(=C\c1ccccc1)c1ccc(O)cc1)c1ccc(O)cc1","O=C(/C(=C\c1ccccc1)c1ccc(O)cc1)c1ccc(O)cc1"
"CHEMBL1602","CC/C(=C(/CC)c1ccc(OS(=O)(=O)O)cc1)c1ccc(OS(=O)(=O)O)cc1","CC/C(=C(/CC)c1ccc(OS(=O)(=O)O)cc1)c1ccc(OS(=O)(=O)O)cc1"
"CHEMBL36113","O=c1cc(-c2nn[nH]n2)oc2cc(/C=C/c3cccc(OCc4ccc5ccccc5n4)c3)ccc12","O=c1cc(-c2nn[nH]n2)oc2cc(/C=C/c3cccc(OCc4ccc5ccccc5n4)c3)ccc12"
"CHEMBL314021","CN1C(=O)/C(=C\c2ccc(Br)cc2)c2ccccc21","CN1C(=O)/C(=C\c2ccc(Br)cc2)c2ccccc21"
"CHEMBL360195","N=C(N)c1ccc2cc(/C=C/c3ccccc3)cc(-c3ccoc3)c2c1","N=C(N)c1ccc2cc(/C=C/c3ccccc3)cc(-c3ccoc3)c2c1"
"CHEMBL462652","COc1cc(/C=C\c2ccc(OC)c(NC(=O)OCCN3CCOCC3)c2)cc(OC)c1.O=C(O)C(=O)O","COc1cc(/C=C\c2ccc(OC)c(NC(=O)OCCN3CCOCC3)c2)cc(OC)c1.O=C(O)C(=O)O"
"CHEMBL454376","COc1cc(/C=C\c2ccc(OC)c(NC(=O)OCCN3CCOCC3)c2)cc(OC)c1","COc1cc(/C=C\c2ccc(OC)c(NC(=O)OCCN3CCOCC3)c2)cc(OC)c1"
"CHEMBL274224","CC/C1=C(\c2ccccc2)c2ccc(OCCN(C)C)cc2SCc2ccccc21","CC/C1=C(\c2ccccc2)c2ccc(OCCN(C)C)cc2SCc2ccccc21"
"CHEMBL207362","CC(C)(C)C(=O)Oc1ccc2c(c1)O[C@H](c1ccc(OCCN3CCCCC3)cc1)C1=C2COc2cc(OC(=O)C(C)(C)C)ccc21","CC(C)(C)C(=O)Oc1ccc2c(c1)O[C@H](c1ccc(OCCN3CCCCC3)cc1)C1=C2COc2cc(OC(=O)C(C)(C)C)ccc21"
"CHEMBL111562","COc1ccc(C2=C(c3ccc(S(N)(=O)=O)cc3)CCC2)cc1","COc1ccc(C2=C(c3ccc(S(N)(=O)=O)cc3)CCC2)cc1"
"CHEMBL108201","COc1ccc(C2=C(c3ccc(S(C)(=O)=O)cc3)CCC2)cc1","COc1ccc(C2=C(c3ccc(S(C)(=O)=O)cc3)CCC2)cc1"
"CHEMBL344493","CCN(CC)CCSC1=Cc2ccccc2Oc2ccccc21","CCN(CC)CCSC1=Cc2ccccc2Oc2ccccc21"
"CHEMBL361539","COc1cc(/C=C\c2ccc3ccccc3c2)cc(N)c1OC","COc1cc(/C=C\c2ccc3ccccc3c2)cc(N)c1OC"
"CHEMBL139468","CC1=CC(C)(C)Nc2ccc3c(c21)/C(=C/c1ccc(C)cc1)Oc1ccccc1-3","CC1=CC(C)(C)Nc2ccc3c(c21)/C(=C/c1ccc(C)cc1)Oc1ccccc1-3"
"CHEMBL84671","CC/C(=C(\c1ccc(OCCN(C)C)cc1)c1ccc(S(C)(=O)=O)cc1)c1ccccc1","CC/C(=C(\c1ccc(OCCN(C)C)cc1)c1ccc(S(C)(=O)=O)cc1)c1ccccc1"
"CHEMBL461734","COc1cc(/C=C/c2cc(Br)c(O)c(C(=O)O)c2)ccc1/C=C/c1cc(Br)c(O)c(C(=O)O)c1","COc1cc(/C=C/c2cc(Br)c(O)c(C(=O)O)c2)ccc1/C=C/c1cc(Br)c(O)c(C(=O)O)c1"
"CHEMBL445194","COc1cc(/C=C/c2cc(C(=O)O)c(O)c(-c3ccco3)c2)ccc1/C=C/c1cc(C(=O)O)c(O)c(-c2ccco2)c1","COc1cc(/C=C/c2cc(C(=O)O)c(O)c(-c3ccco3)c2)ccc1/C=C/c1cc(C(=O)O)c(O)c(-c2ccco2)c1"
"CHEMBL442167","Cc1cc(/C=C/c2cccc(C(=O)O)c2)cc(C)c1O","Cc1cc(/C=C/c2cccc(C(=O)O)c2)cc(C)c1O"
"CHEMBL383372","CCC1=C(c2ccc(O)cc2)C(C(=O)Nc2ccc(OCCN3CCCCC3)cc2)c2cc(O)ccc21","CCC1=C(c2ccc(O)cc2)C(C(=O)Nc2ccc(OCCN3CCCCC3)cc2)c2cc(O)ccc21"
"CHEMBL109578","CS(=O)(=O)c1ccc(C2=C(c3ccc(CO)cc3)CCC2)cc1","CS(=O)(=O)c1ccc(C2=C(c3ccc(CO)cc3)CCC2)cc1"
"CHEMBL347130","CC(C)CCOc1ccc(C(=C(C#N)c2ccccc2)c2ccc(OCCC(C)C)cc2)cc1","CC(C)CCOc1ccc(C(=C(C#N)c2ccccc2)c2ccc(OCCC(C)C)cc2)cc1"
"CHEMBL74103","CCCOc1ccc(/C=C/c2cc(OC)c(OC)c(OC)c2)cc1","CCCOc1ccc(/C=C/c2cc(OC)c(OC)c(OC)c2)cc1"
"CHEMBL497049","COC(=O)c1ccc2c(c1)NC(=O)/C2=C(\Nc1ccc(CN2CCCCC2)cc1)c1ccccc1","COC(=O)c1ccc2c(c1)NC(=O)/C2=C(\Nc1ccc(CN2CCCCC2)cc1)c1ccccc1"
"CHEMBL280654","O=CC(Cc1ccccc1)NC(=O)c1ccccc1/C=C/c1ccc2ccccc2c1","O=CC(Cc1ccccc1)NC(=O)c1ccccc1/C=C/c1ccc2ccccc2c1"
"CHEMBL461243","COc1cc(/C=C/c2ccc(NC(=O)CCCNP(=O)(OC(C)C)OC(C)C)cc2)cc(OC)c1","COc1cc(/C=C/c2ccc(NC(=O)CCCNP(=O)(OC(C)C)OC(C)C)cc2)cc(OC)c1"
"CHEMBL361848","CS(=O)(=O)c1ccc(C=C(c2ccc(Cl)cc2)c2ccc(Cl)cc2)cc1","CS(=O)(=O)c1ccc(C=C(c2ccc(Cl)cc2)c2ccc(Cl)cc2)cc1"
"CHEMBL221300","COc1cc(/C=C\c2ccc(OC)cc2OC)cc(OC)c1","COc1cc(/C=C\c2ccc(OC)cc2OC)cc(OC)c1"
"CHEMBL162404","COc1ccc(C2=C(c3cc(OC)c(OC)c(OC)c3)C(=O)OC2)cc1[N+](=O)[O-]","COc1ccc(C2=C(c3cc(OC)c(OC)c(OC)c3)C(=O)OC2)cc1[N+](=O)[O-]"
"CHEMBL461451","Oc1ccc2c(c1)CCc1ccc(O)c(c1)-c1cc(ccc1O)/C=C\c1cccc(c1)O2","Oc1ccc2c(c1)CCc1ccc(O)c(c1)-c1cc(ccc1O)/C=C\c1cccc(c1)O2"
"CHEMBL67","COc1ccc(/C=C\c2cc(OC)c(OC)c(OC)c2)cc1O","COc1ccc(/C=C\c2cc(OC)c(OC)c(OC)c2)cc1O"
"CHEMBL458720","CC(C)OP(=O)(NCCC(=O)Nc1ccc(/C=C/c2ccccc2)cc1)OC(C)C","CC(C)OP(=O)(NCCC(=O)Nc1ccc(/C=C/c2ccccc2)cc1)OC(C)C"
"CHEMBL455405","COc1cc(/C=C\c2ccc(OC)c(NC(=O)OCCOCCOCCO)c2)cc(OC)c1","COc1cc(/C=C\c2ccc(OC)c(NC(=O)OCCOCCOCCO)c2)cc(OC)c1"
"CHEMBL450905","C/C(=C\c1ccc(O)c(O)c1)c1ccc(Cl)cc1","C/C(=C\c1ccc(O)c(O)c1)c1ccc(Cl)cc1"
"CHEMBL465002","COc1ccc(/C=C\c2cc(O)c(OC)c(OC)c2)cc1N.Cl","COc1ccc(/C=C\c2cc(O)c(OC)c(OC)c2)cc1N.Cl"
"CHEMBL464942","COc1ccc(/C=C\c2cc(O)c(OC)c(OC)c2)cc1N","COc1ccc(/C=C\c2cc(O)c(OC)c(OC)c2)cc1N"
"CHEMBL156859","CCOC1CCCN(CCCCOc2ccccc2/C=C/c2ccccc2)C1","CCOC1CCCN(CCCCOc2ccccc2/C=C/c2ccccc2)C1"
"CHEMBL381642","CNc1ccc(/C=C/c2ccc(O)cc2)cc1","CNc1ccc(/C=C/c2ccc(O)cc2)cc1"
"CHEMBL102711","COc1cc(/C(C#N)=C\c2ccc(Cl)c(N)c2)cc(OC)c1OC","COc1cc(/C(C#N)=C\c2ccc(Cl)c(N)c2)cc(OC)c1OC"
"CHEMBL440089","CC/C(=C(/Cc1ccc(OCN2CCCCC2)cc1)c1ccccc1)c1ccccc1","CC/C(=C(/Cc1ccc(OCN2CCCCC2)cc1)c1ccccc1)c1ccccc1"
"CHEMBL582136","CS(=O)(=O)c1ccc2c(c1)CCN(CCC1CCC(NC(=O)C(=Cc3cccc(C#N)c3)c3ccc(-c4ccccc4)cc3)CC1)CC2","CS(=O)(=O)c1ccc2c(c1)CCN(CCC1CCC(NC(=O)C(=Cc3cccc(C#N)c3)c3ccc(-c4ccccc4)cc3)CC1)CC2"
"CHEMBL581949","CN(C)S(=O)(=O)c1ccc(N2C(=O)C3C(C2=O)C2(c4ccccc4)C(=O)C3(c3ccccc3)C(c3ccccc3)=C2c2ccccc2)cc1","CN(C)S(=O)(=O)c1ccc(N2C(=O)C3C(C2=O)C2(c4ccccc4)C(=O)C3(c3ccccc3)C(c3ccccc3)=C2c2ccccc2)cc1"
"CHEMBL446319","CC(C)(O)[C@H](O)Cc1cc(/C=C/c2cc(O)cc(O)c2)ccc1O","CC(C)(O)[C@H](O)Cc1cc(/C=C/c2cc(O)cc(O)c2)ccc1O"
"CHEMBL503576","O=C1OC(O)C(c2cccc(-c3ccc(Oc4ccccc4)cc3)c2)=C1c1cccc(-c2ccc(Oc3ccccc3)cc2)c1","O=C1OC(O)C(c2cccc(-c3ccc(Oc4ccccc4)cc3)c2)=C1c1cccc(-c2ccc(Oc3ccccc3)cc2)c1"
"CHEMBL165573","NCCCCCNCCOc1ccc(/C(=C(/Cl)c2ccccc2)c2ccccc2)cc1","NCCCCCNCCOc1ccc(/C(=C(/Cl)c2ccccc2)c2ccccc2)cc1"
"CHEMBL468714","CC(C)c1onc(C[S+]([O-])c2c(Cl)cccc2Cl)c1COc1ccc(/C=C/c2cccc(C(=O)O)c2)c(Cl)c1","CC(C)c1onc(C[S+]([O-])c2c(Cl)cccc2Cl)c1COc1ccc(/C=C/c2cccc(C(=O)O)c2)c(Cl)c1"
"CHEMBL10035","CC(C)(C)c1ccc(C2=Cc3ccccc3C3=NCCCN23)cc1","CC(C)(C)c1ccc(C2=Cc3ccccc3C3=NCCCN23)cc1"
"CHEMBL14711","CCC1=C(c2ccc(O)cc2)c2ccc(OCCN(C)C)cc2Sc2ccccc21","CCC1=C(c2ccc(O)cc2)c2ccc(OCCN(C)C)cc2Sc2ccccc21"
"CHEMBL312636","CC[C@H]1Cc2cc(O)ccc2C2=C1c1ccc(O)cc1C[C@@H]2CC","CC[C@H]1Cc2cc(O)ccc2C2=C1c1ccc(O)cc1C[C@@H]2CC"
"CHEMBL256283","COc1cc(N)c(/C=C\c2cc(OC)c(OC)c(OC)c2)cc1[N+](=O)[O-]","COc1cc(N)c(/C=C\c2cc(OC)c(OC)c(OC)c2)cc1[N+](=O)[O-]"
"CHEMBL83314","COc1cc(/C=C/c2ccccc2)c(OC)cc1N","COc1cc(/C=C/c2ccccc2)c(OC)cc1N"
"CHEMBL261054","CS(=O)(=O)c1ccc(/C=C(/C(=O)OCCO[N+](=O)[O-])c2ccc(F)cc2)cc1","CS(=O)(=O)c1ccc(/C=C(/C(=O)OCCO[N+](=O)[O-])c2ccc(F)cc2)cc1"
"CHEMBL63922","N#C/C(=C(\c1ccccc1)c1ccc(O)cc1)c1ccc(O)cc1","N#C/C(=C(\c1ccccc1)c1ccc(O)cc1)c1ccc(O)cc1"
"CHEMBL518114","COc1ccc(/C=C2/C(=O)N(C)c3ccccc32)cc1O","COc1ccc(/C=C2/C(=O)N(C)c3ccccc32)cc1O"
"CHEMBL145576","CC1=C(c2ccc(O)cc2)C2(Cc3ccccc3C2)c2ccc(O)cc21","CC1=C(c2ccc(O)cc2)C2(Cc3ccccc3C2)c2ccc(O)cc21"
"CHEMBL478474","O=C1Nc2ccccc2/C1=C1\C(=O)Nc2cc(C(F)(F)F)ccc21","O=C1Nc2ccccc2/C1=C1\C(=O)Nc2cc(C(F)(F)F)ccc21"
"CHEMBL468303","CC(C)c1onc(Cc2ccccc2)c1COc1ccc(/C=C/c2cccc(C(=O)O)c2)c(Cl)c1","CC(C)c1onc(Cc2ccccc2)c1COc1ccc(/C=C/c2cccc(C(=O)O)c2)c(Cl)c1"
"CHEMBL467053","CC(C)c1onc(COc2c(Cl)cc(F)cc2Cl)c1COc1ccc(/C=C/c2cccc(C(=O)O)c2)c(Cl)c1","CC(C)c1onc(COc2c(Cl)cc(F)cc2Cl)c1COc1ccc(/C=C/c2cccc(C(=O)O)c2)c(Cl)c1"
"CHEMBL442778","CCN(C)CCSC1=Cc2ccccc2Oc2ccc(SC)cc21","CCN(C)CCSC1=Cc2ccccc2Oc2ccc(SC)cc21"
"CHEMBL450560","O=C(O)c1cc(/C=C/c2ccccc2)cc(-c2ccccc2)c1O","O=C(O)c1cc(/C=C/c2ccccc2)cc(-c2ccccc2)c1O"
"CHEMBL462055","COc1cc(/C=C\c2cc(O)c3ccsc3c2)cc2c1OCO2","COc1cc(/C=C\c2cc(O)c3ccsc3c2)cc2c1OCO2"
"CHEMBL159665","COc1ccc(C2=C(c3cc(OC)c(OC)c(OC)c3)C(=O)OC2)cc1O","COc1ccc(C2=C(c3cc(OC)c(OC)c(OC)c3)C(=O)OC2)cc1O"
"CHEMBL308044","COc1ccc(/C(=C\c2cc(OC)c(OC)c(OC)c2)C(=O)O)cc1","COc1ccc(/C(=C\c2cc(OC)c(OC)c(OC)c2)C(=O)O)cc1"
"CHEMBL187384","CCCCCCCC/C(=C(\c1ccccc1)c1ccc(S(C)(=O)=O)cc1)c1ccccc1","CCCCCCCC/C(=C(\c1ccccc1)c1ccc(S(C)(=O)=O)cc1)c1ccccc1"
"CHEMBL191841","CSC1=C(c2ccc(O)cc2)C(=O)c2cc(O)ccc21","CSC1=C(c2ccc(O)cc2)C(=O)c2cc(O)ccc21"
"CHEMBL479106","Cc1ccccc1/C=C1/C(=O)Nc2ccccc21","Cc1ccccc1/C=C1/C(=O)Nc2ccccc21"
"CHEMBL193067","COc1ccc(OC)c(/C=C2/C(=O)Nc3ccccc32)c1","COc1ccc(OC)c(/C=C2/C(=O)Nc3ccccc32)c1"
"CHEMBL318457","CC(C)c1onc(-c2c(Cl)cccc2Cl)c1COc1ccc(/C=C/c2cccc(C(=O)O)c2)c(Cl)c1","CC(C)c1onc(-c2c(Cl)cccc2Cl)c1COc1ccc(/C=C/c2cccc(C(=O)O)c2)c(Cl)c1"
"CHEMBL319326","CN1CC(c2ccc(F)cc2)=C(c2ccccc2)O1","CN1CC(c2ccc(F)cc2)=C(c2ccccc2)O1"
"CHEMBL269472","CC/C(=C(\c1ccc(I)cc1)c1ccc(OCCCN2CCCC2)cc1)c1ccccc1","CC/C(=C(\c1ccc(I)cc1)c1ccc(OCCCN2CCCC2)cc1)c1ccccc1"
"CHEMBL399481","COc1ccc(C(CCc2ccc(O)cc2OC)c2c(O)cc(OC)cc2/C=C/c2ccc(O)cc2)cc1","COc1ccc(C(CCc2ccc(O)cc2OC)c2c(O)cc(OC)cc2/C=C/c2ccc(O)cc2)cc1"
"CHEMBL277605","CCC1=C(c2ccccc2)c2ccc(OCC(O)CO)cc2Sc2ccccc21","CCC1=C(c2ccccc2)c2ccc(OCC(O)CO)cc2Sc2ccccc21"
"CHEMBL42192","CN(C)c1ccc(C(=C(c2ccc(N(C)C)cc2)c2ccc(N(C)C)cc2)c2ccc(N(C)C)cc2)cc1","CN(C)c1ccc(C(=C(c2ccc(N(C)C)cc2)c2ccc(N(C)C)cc2)c2ccc(N(C)C)cc2)cc1"
"CHEMBL15607","CN(C)CCSC1=Cc2ccccc2Sc2ccc(F)cc21","CN(C)CCSC1=Cc2ccccc2Sc2ccc(F)cc21"
"CHEMBL237172","COc1cccc(/C=C/c2ccc(C(=O)Nc3cc(C(=O)Nc4cc(C(=O)NCCCN(C)C)n(C)c4)n(C)c3)cc2)c1","COc1cccc(/C=C/c2ccc(C(=O)Nc3cc(C(=O)Nc4cc(C(=O)NCCCN(C)C)n(C)c4)n(C)c3)cc2)c1"
"CHEMBL72179","O=C1Nc2ccc(C(=O)CCl)cc2/C1=C/c1cc(Br)c(O)c(Br)c1","O=C1Nc2ccc(C(=O)CCl)cc2/C1=C/c1cc(Br)c(O)c(Br)c1"
"CHEMBL163404","COc1ccccc1/C=C1/C(C)=C(CC(=O)O)c2cc(F)ccc21","COc1ccccc1/C=C1/C(C)=C(CC(=O)O)c2cc(F)ccc21"
"CHEMBL297626","CC1(C)OC(c2ccc(S(C)(=O)=O)cc2)=C(c2cccc(Cl)c2)C1=O","CC1(C)OC(c2ccc(S(C)(=O)=O)cc2)=C(c2cccc(Cl)c2)C1=O"
"CHEMBL214101","O=C1OCC(c2ccc(-c3nn[nH]n3)cc2)=C1c1ccccc1","O=C1OCC(c2ccc(-c3nn[nH]n3)cc2)=C1c1ccccc1"
"CHEMBL356064","C1=C(SCCNCCc2ccccc2)c2ccccc2Oc2ccccc21","C1=C(SCCNCCc2ccccc2)c2ccccc2Oc2ccccc21"
"CHEMBL471626","Oc1ccc(C2=C(c3ccc(OCCN4CCCC4)cc3)c3ccc(F)cc3OCC2)cc1","Oc1ccc(C2=C(c3ccc(OCCN4CCCC4)cc3)c3ccc(F)cc3OCC2)cc1"
"CHEMBL315541","COc1cccc(/C=C\c2cc(OC)c(OC)c(OC)c2)c1","COc1cccc(/C=C\c2cc(OC)c(OC)c(OC)c2)c1"
"CHEMBL268756","CC(C(=O)O)c1ccc2c(c1)C=Cc1ccccc1O2","CC(C(=O)O)c1ccc2c(c1)C=Cc1ccccc1O2"
"CHEMBL167352","CCOC(Cc1ccc(OCCN2c3ccccc3C=Cc3ccccc32)cc1)C(=O)O","CCOC(Cc1ccc(OCCN2c3ccccc3C=Cc3ccccc32)cc1)C(=O)O"
"CHEMBL76124","O=C(O)c1cc(C(=O)O)c2cc(/C=C/c3ccccc3)ccc2n1","O=C(O)c1cc(C(=O)O)c2cc(/C=C/c3ccccc3)ccc2n1"
"CHEMBL180532","COc1ccccc1/C=C/c1cccc(O)c1","COc1ccccc1/C=C/c1cccc(O)c1"
"CHEMBL469574","CCCN1CC(c2ccc(S(C)(=O)=O)cc2)=C(c2ccc(C(=O)O)cc2)C1=O","CCCN1CC(c2ccc(S(C)(=O)=O)cc2)=C(c2ccc(C(=O)O)cc2)C1=O"
"CHEMBL190807","Nc1nc(N)c2nc(CN3c4ccccc4C=Cc4c(C#CCC(=O)O)cccc43)cnc2n1","Nc1nc(N)c2nc(CN3c4ccccc4C=Cc4c(C#CCC(=O)O)cccc43)cnc2n1"
"CHEMBL189541","NC1=C(c2ccc(O)cc2)C(=O)c2cc(O)ccc21","NC1=C(c2ccc(O)cc2)C(=O)c2cc(O)ccc21"
"CHEMBL517806","COc1ccc(/C=C2/C(=O)Nc3ccccc32)cc1O","COc1ccc(/C=C2/C(=O)Nc3ccccc32)cc1O"
"CHEMBL515514","CC(C)OP(=O)(N[C@@H](Cc1ccccc1)C(=O)Nc1ccc(/C=C/c2ccccc2)cc1)OC(C)C","CC(C)OP(=O)(N[C@@H](Cc1ccccc1)C(=O)Nc1ccc(/C=C/c2ccccc2)cc1)OC(C)C"
"CHEMBL190972","CN(C)CCOc1ccc(C2=C(c3ccccc3)CCOc3ccccc32)cc1","CN(C)CCOc1ccc(C2=C(c3ccccc3)CCOc3ccccc32)cc1"
"CHEMBL371414","COC(=O)/C=C/c1cccc(N(Cc2ccc(/C=C/c3cccc(Cl)c3)cc2)C(=O)C2CCCCC2)c1","COC(=O)/C=C/c1cccc(N(Cc2ccc(/C=C/c3cccc(Cl)c3)cc2)C(=O)C2CCCCC2)c1"
"CHEMBL201309","CN(C)CCC/C(=C(\c1ccc(O)cc1)c1ccc(OCCN(C)C)cc1)c1ccccc1","CN(C)CCC/C(=C(\c1ccc(O)cc1)c1ccc(OCCN(C)C)cc1)c1ccccc1"
"CHEMBL23063","CN(C)CCOc1ccc(C2=C(c3ccccc3)CCCc3ccccc32)cc1","CN(C)CCOc1ccc(C2=C(c3ccccc3)CCCc3ccccc32)cc1"
"CHEMBL189369","Nc1nc(N)c2nc(CN3c4ccccc4C=Cc4c(C#CCCC(=O)O)cccc43)cnc2n1","Nc1nc(N)c2nc(CN3c4ccccc4C=Cc4c(C#CCCC(=O)O)cccc43)cnc2n1"
"CHEMBL471086","CC(C)=CCc1c(O)cc(O)c(CC=C(C)C)c1/C=C/c1ccccc1","CC(C)=CCc1c(O)cc(O)c(CC=C(C)C)c1/C=C/c1ccccc1"
"CHEMBL179716","C(=C\c1cccc2ccccc12)\c1ccc2ccccc2c1","C(=C\c1cccc2ccccc12)\c1ccc2ccccc2c1"
"CHEMBL91411","C/C(=C\c1ccccc1C(=O)O)c1ccc2c(c1)C(C)(C)CCC2(C)C","C/C(=C\c1ccccc1C(=O)O)c1ccc2c(c1)C(C)(C)CCC2(C)C"
"CHEMBL222406","COc1ccc(C2=C(c3cc(OC)c(OC)c(OC)c3)/C(=N\O)C(OC(C)=O)C2)cc1","COc1ccc(C2=C(c3cc(OC)c(OC)c(OC)c3)/C(=N\O)C(OC(C)=O)C2)cc1"
"CHEMBL360461","COc1ccc(/C=C2\Cc3ccccc3/C(=C\c3ccc([N+](=O)[O-])cc3)C2=O)cc1","COc1ccc(/C=C2\Cc3ccccc3/C(=C\c3ccc([N+](=O)[O-])cc3)C2=O)cc1"
"CHEMBL1402","CN(C)CCOc1ccc(/C(=C(/CCCl)c2ccccc2)c2ccc(O)cc2)cc1","CN(C)CCOc1ccc(/C(=C(/CCCl)c2ccccc2)c2ccc(O)cc2)cc1"
"CHEMBL296951","COc1ccc(/C(=C(/c2ccccc2)[N+](=O)[O-])c2ccc(OCCN3CCCC3=O)cc2)cc1","COc1ccc(/C(=C(/c2ccccc2)[N+](=O)[O-])c2ccc(OCCN3CCCC3=O)cc2)cc1"
"CHEMBL150757","COc1ccc(/C=C\c2cc(OC)c3c(c2)OCO3)cc1NC(=O)C(N)C(C)C","COc1ccc(/C=C\c2cc(OC)c3c(c2)OCO3)cc1NC(=O)C(N)C(C)C"
"CHEMBL244944","COc1ccc(/C=C\c2ccc(OC)c(O)c2)cc1","COc1ccc(/C=C\c2ccc(OC)c(O)c2)cc1"
"CHEMBL302362","CC1=CC(C)(C)Nc2ccc3c(c21)/C(=C/c1ccccc1C)Oc1ccccc1-3","CC1=CC(C)(C)Nc2ccc3c(c21)/C(=C/c1ccccc1C)Oc1ccccc1-3"
"CHEMBL483118","COC(=O)CCCCCOc1ccc(/C=C/c2cc(O)cc(O)c2)cc1","COC(=O)CCCCCOc1ccc(/C=C/c2cc(O)cc(O)c2)cc1"
"CHEMBL26827","CC/C(=C(\c1ccccc1)c1ccc(OCCN2CCCC2)cc1)c1ccccc1","CC/C(=C(\c1ccccc1)c1ccc(OCCN2CCCC2)cc1)c1ccccc1"
"CHEMBL76176","O=C(O)c1cc(C(=O)O)c2c(/C=C/c3ccccc3)cccc2n1","O=C(O)c1cc(C(=O)O)c2c(/C=C/c3ccccc3)cccc2n1"
"CHEMBL310397","Nc1nc(N)c2nc(CN3c4ccccc4C=Cc4cc(OCC(=O)O)ccc43)cnc2n1","Nc1nc(N)c2nc(CN3c4ccccc4C=Cc4cc(OCC(=O)O)ccc43)cnc2n1"
"CHEMBL79089","CC(C)(C)c1ccc(C2=Cc3ccccc3C3=NCCN23)cc1","CC(C)(C)c1ccc(C2=Cc3ccccc3C3=NCCN23)cc1"
"CHEMBL214972","O=C1CCC2(Cc3ccccc3)Cc3cc(O)ccc3C2=C1c1ccc(O)cc1","O=C1CCC2(Cc3ccccc3)Cc3cc(O)ccc3C2=C1c1ccc(O)cc1"
"CHEMBL516888","COc1cccc(/C=C2/C(=O)N(C)c3ccccc32)c1","COc1cccc(/C=C2/C(=O)N(C)c3ccccc32)c1"
"CHEMBL471285","CC1(C)Oc2cc(/C=C/c3ccccc3)cc(O)c2C[C@@H]1O","CC1(C)Oc2cc(/C=C/c3ccccc3)cc(O)c2C[C@@H]1O"
"CHEMBL146646","O=C(O)c1ccc(/C=C/c2ccc(O)c(C34CC5CC(CC(C5)C3)C4)c2)cc1","O=C(O)c1ccc(/C=C/c2ccc(O)c(C34CC5CC(CC(C5)C3)C4)c2)cc1"
"CHEMBL375356","COC(=O)c1cc(C2=C(c3cc(OC)c(OC)c(OC)c3)C(=O)CC2O[SiH2]C(C)(C)C)ccc1OC","COC(=O)c1cc(C2=C(c3cc(OC)c(OC)c(OC)c3)C(=O)CC2O[SiH2]C(C)(C)C)ccc1OC"
"CHEMBL476410","O=C1Nc2ccccc2/C1=C1\C(=O)Nc2cc(Cl)ccc21","O=C1Nc2ccccc2/C1=C1\C(=O)Nc2cc(Cl)ccc21"
"CHEMBL458300","CC(C)OP(=O)(NCCCCC(=O)Nc1ccc(/C=C/c2ccccc2)cc1)OC(C)C","CC(C)OP(=O)(NCCCCC(=O)Nc1ccc(/C=C/c2ccccc2)cc1)OC(C)C"
"CHEMBL79464","Nc1nc(N)c2nc(CN3c4ccccc4C=Cc4cc(OCc5ccc(C(=O)O)cc5)ccc43)cnc2n1","Nc1nc(N)c2nc(CN3c4ccccc4C=Cc4cc(OCc5ccc(C(=O)O)cc5)ccc43)cnc2n1"
"CHEMBL167801","N=C(N)c1ccc(C2=Cc3ccc(C(=N)N)cc3C2)cc1","N=C(N)c1ccc(C2=Cc3ccc(C(=N)N)cc3C2)cc1"
"CHEMBL224394","CCC1(c2ccc(/C=C/c3ccccc3)cc2)Oc2ccccc2-n2cccc2C1=O","CCC1(c2ccc(/C=C/c3ccccc3)cc2)Oc2ccccc2-n2cccc2C1=O"
"CHEMBL305168","N#CC(=C(c1ccccc1)c1ccccc1)c1ccccc1","N#CC(=C(c1ccccc1)c1ccccc1)c1ccccc1"
"CHEMBL374003","COc1ccc(C2=C(c3cc(OC)c(OC)c(OC)c3)CC(O[SiH2]C(C)(C)C)C2=O)cc1[N+](=O)[O-]","COc1ccc(C2=C(c3cc(OC)c(OC)c(OC)c3)CC(O[SiH2]C(C)(C)C)C2=O)cc1[N+](=O)[O-]"
"CHEMBL243596","C1=Cc2ccccc2Nc2ccccc21","C1=Cc2ccccc2Nc2ccccc21"
"CHEMBL85839","CC/C(=C(/c1ccc(OCCN(C)C)cc1)c1ccc(SC)cc1)c1ccccc1","CC/C(=C(/c1ccc(OCCN(C)C)cc1)c1ccc(SC)cc1)c1ccccc1"
"CHEMBL66013","COc1ccc(/C=C2/c3ccccc3C(=O)N2NC(C)(C)C)cc1","COc1ccc(/C=C2/c3ccccc3C(=O)N2NC(C)(C)C)cc1"
"CHEMBL581804","COc1cc(NC2=C(c3ccccc3)C(=O)c3ccccc32)ccn1","COc1cc(NC2=C(c3ccccc3)C(=O)c3ccccc32)ccn1"
"CHEMBL192472","COc1ccc(/C=C\c2cc(OC)c(OC)c(OC)c2)cc1N(C)C","COc1ccc(/C=C\c2cc(OC)c(OC)c(OC)c2)cc1N(C)C"
"CHEMBL87982","COc1ccc(/C=C/c2cc(OC)c(OC)c(OC)c2)cc1","COc1ccc(/C=C/c2cc(OC)c(OC)c(OC)c2)cc1"
"CHEMBL222389","COc1ccc(C2=C(c3cc(OC)c(OC)c(OC)c3)C(=O)CC2C)cc1C(=O)[O-].[Na+]","COc1ccc(C2=C(c3cc(OC)c(OC)c(OC)c3)C(=O)CC2C)cc1C(=O)[O-].[Na+]"
"CHEMBL372944","COc1cc(C2=C(c3ccccc3)C(=O)NC2=O)cc(OC)c1OC","COc1cc(C2=C(c3ccccc3)C(=O)NC2=O)cc(OC)c1OC"
"CHEMBL341649","O=C(/C(=C/c1ccc(O)cc1)c1ccc(O)cc1)c1ccccc1","O=C(/C(=C/c1ccc(O)cc1)c1ccc(O)cc1)c1ccccc1"
"CHEMBL101506","Oc1cc(O)cc(/C=C/c2ccccc2)c1","Oc1cc(O)cc(/C=C/c2ccccc2)c1"
"CHEMBL313687","COc1ccc(/C=C\c2cc(O)cc(O)c2)cc1","COc1ccc(/C=C\c2cc(O)cc(O)c2)cc1"
"CHEMBL414976","C[N+]1(C)C[C@@]23C4=C5C6=C7c8c9c%10c%11c%12c%13c%14c%15c%16c%17c%18c%19c%20c%21c%22c%23c%24c%25c%26c%27c(c(c8c8c%10c%13c(c%278)c8c%14c%17c(c%24c%22%18)c%268)[C@@]72C1)[C@H]%25[C@@H]3C=%23[C@@H]4[C@H]%21c1c5c2c3c(c1-%20)[C@H]([C@H]%19%16)[C@@]1(C[N+](C)(C)C[C@]%12%151)C3=C%11[C@H]9[C@H]62.[I-].[I-]","C[N+]1(C)C[C@@]23C4=C5C6=C7c8c9c%10c%11c%12c%13c%14c%15c%16c%17c%18c%19c%20c%21c%22c%23c%24c%25c%26c%27c(c(c8c8c%10c%13c(c%278)c8c%14c%17c(c%24c%22%18)c%268)[C@@]72C1)[C@H]%25[C@@H]3C=%23[C@@H]4[C@H]%21c1c5c2c3c(c1-%20)[C@H]([C@H]%19%16)[C@@]1(C[N+](C)(C)C[C@]%12%151)C3=C%11[C@H]9[C@H]62.[I-].[I-]"
"CHEMBL43442","C[S+]([O-])c1ccc(C2=C3c4ccccc4CCC3(O)OC2=O)cc1","C[S+]([O-])c1ccc(C2=C3c4ccccc4CCC3(O)OC2=O)cc1"
"CHEMBL446586","COc1cc(/C=C(/c2ccc(F)cc2)C(F)(F)F)cc(OC)c1","COc1cc(/C=C(/c2ccc(F)cc2)C(F)(F)F)cc(OC)c1"
"CHEMBL463109","C[C@H]1CC[C@H]2[C@H](C1)c1c(O)cc(/C=C/c3ccccc3O)cc1OC2(C)C","C[C@H]1CC[C@H]2[C@H](C1)c1c(O)cc(/C=C/c3ccccc3O)cc1OC2(C)C"
"CHEMBL517946","C=C(C)[C@H]1CC[C@H](C)C[C@@H]1c1c(O)cc(/C=C/c2ccccc2)cc1O","C=C(C)[C@H]1CC[C@H](C)C[C@@H]1c1c(O)cc(/C=C/c2ccccc2)cc1O"
"CHEMBL180024","COc1cc(/C=C\c2ccc3ccccc3c2)cc([N+](=O)[O-])c1OC","COc1cc(/C=C\c2ccc3ccccc3c2)cc([N+](=O)[O-])c1OC"
"CHEMBL105771","COc1cc(/C=C/c2ccccc2)ccc1Nc1c2ccccc2nc2ccccc12","COc1cc(/C=C/c2ccccc2)ccc1Nc1c2ccccc2nc2ccccc12"
"CHEMBL303196","CN(C)CCOc1ccc(/C(=C(/CCO)c2ccccc2)c2ccccc2)cc1","CN(C)CCOc1ccc(/C(=C(/CCO)c2ccccc2)c2ccccc2)cc1"
"CHEMBL314798","C/C(=C1\C(=O)Nc2ccccc21)c1ccc(N2CCCCC2)cc1","C/C(=C1\C(=O)Nc2ccccc21)c1ccc(N2CCCCC2)cc1"
"CHEMBL237642","COc1cccc(/C=C/c2ccc(C(=O)Nc3cc(C(=O)Nc4cc(C(=O)NCCN5CCOCC5)n(C)c4)n(C)c3)cc2)c1","COc1cccc(/C=C/c2ccc(C(=O)Nc3cc(C(=O)Nc4cc(C(=O)NCCN5CCOCC5)n(C)c4)n(C)c3)cc2)c1"
"CHEMBL186096","CCCCC(CC)C(=O)Oc1cc(O)cc(/C=C/c2ccccc2)c1","CCCCC(CC)C(=O)Oc1cc(O)cc(/C=C/c2ccccc2)c1"
"CHEMBL238043","COc1cccc(/C=C/c2cccc(C(=O)Nc3cc(C(=O)Nc4cc(C(=O)NCCCN(C)C)n(C)c4)n(C)c3)c2)c1","COc1cccc(/C=C/c2cccc(C(=O)Nc3cc(C(=O)Nc4cc(C(=O)NCCCN(C)C)n(C)c4)n(C)c3)c2)c1"
"CHEMBL87477","COc1cc(/C=C/c2ccc(N)cc2)cc(OC)c1OC","COc1cc(/C=C/c2ccc(N)cc2)cc(OC)c1OC"
"CHEMBL229245","COc1ccc(C2=Cc3ccccc3CC2)c(OC)c1OC","COc1ccc(C2=Cc3ccccc3CC2)c(OC)c1OC"
"CHEMBL538406","N#C/C(C(=O)Nc1ccc(/C=C/c2ccc(Cl)cc2)cc1)=C(/O)C1CC1","N#C/C(C(=O)Nc1ccc(/C=C/c2ccc(Cl)cc2)cc1)=C(/O)C1CC1"
"CHEMBL14625","CCC1=C(c2ccc(O)cc2)c2ccc(OCC(O)CO)cc2Sc2ccccc21","CCC1=C(c2ccc(O)cc2)c2ccc(OCC(O)CO)cc2Sc2ccccc21"
"CHEMBL29945","CC/C(=C(\c1ccccc1)c1ccc(OC(C)=O)c(OC(C)=O)c1)c1ccc(OC(C)=O)c(OC(C)=O)c1","CC/C(=C(\c1ccccc1)c1ccc(OC(C)=O)c(OC(C)=O)c1)c1ccc(OC(C)=O)c(OC(C)=O)c1"
"CHEMBL402141","CN(C)c1ccc(/C=C/c2ccc(-c3nc4cc(OCCF)ccc4o3)cc2)cc1","CN(C)c1ccc(/C=C/c2ccc(-c3nc4cc(OCCF)ccc4o3)cc2)cc1"
"CHEMBL415282","CNc1ccc(/C=C/c2ccc(-c3nc4cc(OCCF)ccc4o3)cc2)cc1","CNc1ccc(/C=C/c2ccc(-c3nc4cc(OCCF)ccc4o3)cc2)cc1"
"CHEMBL369757","COc1ccc(/C=C/c2ccc3ccccc3c2)cc1[N+](=O)[O-]","COc1ccc(/C=C/c2ccc3ccccc3c2)cc1[N+](=O)[O-]"
"CHEMBL453371","COc1cc(/C=C\c2ccc(OC)c(NC(=O)NCCN3CCOCC3)c2)cc(OC)c1.Cl","COc1cc(/C=C\c2ccc(OC)c(NC(=O)NCCN3CCOCC3)c2)cc(OC)c1.Cl"
"CHEMBL409259","CC1C2c3cc4/c5c6c7c8c9c%10c6c4c4c3C3=C6c%11c%12c%13c%14c%15c(c9c9c%16c8c(c8/c(c%17c%18c%19c(c(c%11c%11c%19c%19c%17c8c%16c(c%149)c%19c%13%11)C62)C1C%181C[N+](C)(C)C1)=C\C\C=5)C7)C%10C4C31C[N+](C)(C)CC%12%151.[I-].[I-]","CC1C2c3cc4/c5c6c7c8c9c%10c6c4c4c3C3=C6c%11c%12c%13c%14c%15c(c9c9c%16c8c(c8/c(c%17c%18c%19c(c(c%11c%11c%19c%19c%17c8c%16c(c%149)c%19c%13%11)C62)C1C%181C[N+](C)(C)C1)=C\C\C=5)C7)C%10C4C31C[N+](C)(C)CC%12%151.[I-].[I-]"
"CHEMBL472637","Oc1ccc(/C=C/c2ccccc2)c(O)c1","Oc1ccc(/C=C/c2ccccc2)c(O)c1"
"CHEMBL520204","COc1ccc(/C=C/c2cc(OC)c(OC)c(OC)c2)c(O)c1O","COc1ccc(/C=C/c2cc(OC)c(OC)c(OC)c2)c(O)c1O"
"CHEMBL313527","CS(=O)(=O)c1ccc(C2=C(c3ccc(O)cc3)C(=O)OC2)cc1","CS(=O)(=O)c1ccc(C2=C(c3ccc(O)cc3)C(=O)OC2)cc1"
"CHEMBL370969","O=C1Oc2ccccc2/C1=C\c1ccc([N+](=O)[O-])cc1","O=C1Oc2ccccc2/C1=C\c1ccc([N+](=O)[O-])cc1"
"CHEMBL105217","COc1ccc(/C=C(/C[N+](C)(C)C)c2cc(OC)c(OC)c(OC)c2)cc1.[I-]","COc1ccc(/C=C(/C[N+](C)(C)C)c2cc(OC)c(OC)c(OC)c2)cc1.[I-]"
"CHEMBL45398","CSc1ccc(C2=C(c3ccc(OCC4CO4)cc3)C(=O)N3CCCC3C2)cc1","CSc1ccc(C2=C(c3ccc(OCC4CO4)cc3)C(=O)N3CCCC3C2)cc1"
"CHEMBL34648","Oc1ccc(C(=C(Cl)c2ccccc2)c2ccc(O)cc2)cc1","Oc1ccc(C(=C(Cl)c2ccccc2)c2ccc(O)cc2)cc1"
"CHEMBL334747","CC1=CC(C)(C)Nc2ccc3c(c21)/C(=C/c1ccccc1C#N)Oc1ccc(F)cc1-3","CC1=CC(C)(C)Nc2ccc3c(c21)/C(=C/c1ccccc1C#N)Oc1ccc(F)cc1-3"
"CHEMBL8566","CC(C)(C)c1cc(/C=C/c2ccccc2)cc(C(C)(C)C)c1O","CC(C)(C)c1cc(/C=C/c2ccccc2)cc(C(C)(C)C)c1O"
"CHEMBL40007","C/C(=C\c1ccc(C(=O)O)cc1)c1ccc2c(c1)C1CCC2C1","C/C(=C\c1ccc(C(=O)O)cc1)c1ccc2c(c1)C1CCC2C1"
"CHEMBL352702","Fc1cccc(C(=C(c2ccccc2)c2ccccc2)C(F)(F)F)c1","Fc1cccc(C(=C(c2ccccc2)c2ccccc2)C(F)(F)F)c1"
"CHEMBL248338","CN(C)c1cc(/C=C/c2cccc(/C=C/c3ccc(O)c(N(C)C)c3)c2)ccc1O","CN(C)c1cc(/C=C/c2cccc(/C=C/c3ccc(O)c(N(C)C)c3)c2)ccc1O"
"CHEMBL239429","CCN(CC)/[N+]([O-])=N\OCOC(=O)/C(=C/c1ccc(S(C)(=O)=O)cc1)c1cccc(Br)c1","CCN(CC)/[N+]([O-])=N\OCOC(=O)/C(=C/c1ccc(S(C)(=O)=O)cc1)c1cccc(Br)c1"
"CHEMBL428750","COc1ccc(/C=C/c2ccc(NC(=O)NCCCl)cc2)cc1O","COc1ccc(/C=C/c2ccc(NC(=O)NCCCl)cc2)cc1O"
"CHEMBL47833","CCCCCCNC(=O)c1cc(/C=C\c2cc(OC)ccc2OC)ccc1OC","CCCCCCNC(=O)c1cc(/C=C\c2cc(OC)ccc2OC)ccc1OC"
"CHEMBL463153","C1CCNCC1.C1CCNCC1.COc1ccc(/C=C\c2cc(F)c(OC)c(OC)c2)cc1OP(=O)(O)O","C1CCNCC1.C1CCNCC1.COc1ccc(/C=C\c2cc(F)c(OC)c(OC)c2)cc1OP(=O)(O)O"
"CHEMBL440841","CC/C(=C(/c1ccccc1)c1ccc(OC(C)=O)c(OC(C)=O)c1)c1ccccc1","CC/C(=C(/c1ccccc1)c1ccc(OC(C)=O)c(OC(C)=O)c1)c1ccccc1"
"CHEMBL312822","NS(=O)(=O)c1ccc(C2=C(c3ccc(F)c(Cl)c3)CC3(CC3)C2)cc1","NS(=O)(=O)c1ccc(C2=C(c3ccc(F)c(Cl)c3)CC3(CC3)C2)cc1"
"CHEMBL270152","CN(C)c1ccc(/C=C/c2ccc(-c3nc4ccc(OCCCF)cc4s3)cc2)cc1","CN(C)c1ccc(/C=C/c2ccc(-c3nc4ccc(OCCCF)cc4s3)cc2)cc1"
"CHEMBL89291","COc1cc(/C=C/c2ccc(N(C)C)cc2)cc(OC)c1OC","COc1cc(/C=C/c2ccc(N(C)C)cc2)cc(OC)c1OC"
"CHEMBL83176","N#Cc1cc(/C=C/c2ccccc2)ccc1N","N#Cc1cc(/C=C/c2ccccc2)ccc1N"
"CHEMBL1084","CS(=O)(=O)c1ccc(C2=C(c3ccccc3)C(=O)OC2O)cc1","CS(=O)(=O)c1ccc(C2=C(c3ccccc3)C(=O)OC2O)cc1"
"CHEMBL422678","CO/C=C(/C(=O)OC)c1ccccc1/C=C/c1ccccc1C(F)(F)F","CO/C=C(/C(=O)OC)c1ccccc1/C=C/c1ccccc1C(F)(F)F"
"CHEMBL514709","COc1ccc(/C=C2/C(=O)Nc3ccccc32)c(OC)c1","COc1ccc(/C=C2/C(=O)Nc3ccccc32)c(OC)c1"
"CHEMBL75426","CCNC(=O)/C(=C/c1ccc(OC)cc1)c1cc(OC)c(OC)c(OC)c1","CCNC(=O)/C(=C/c1ccc(OC)cc1)c1cc(OC)c(OC)c(OC)c1"
"CHEMBL365432","CCC/C(=C(\c1ccccc1)c1ccc(S(C)(=O)=O)cc1)c1ccccc1","CCC/C(=C(\c1ccccc1)c1ccc(S(C)(=O)=O)cc1)c1ccccc1"
"CHEMBL282836","CC/C(=C(/c1ccccc1)c1ccc(OC(C)=O)c(OC(C)=O)c1)c1cccc(OC(C)=O)c1","CC/C(=C(/c1ccccc1)c1ccc(OC(C)=O)c(OC(C)=O)c1)c1cccc(OC(C)=O)c1"
"CHEMBL228325","NCCCCNCCCNCCCCNC(=O)N1c2ccccc2C=Cc2ccccc21","NCCCCNCCCNCCCCNC(=O)N1c2ccccc2C=Cc2ccccc21"
"CHEMBL508624","COc1ccc(/C=C2/C(=O)Nc3ccccc32)c(O)c1","COc1ccc(/C=C2/C(=O)Nc3ccccc32)c(O)c1"
"CHEMBL469510","COc1ccc2c(c1)OCCC(c1ccc(O)cc1)=C2c1ccc(OCCN2CCCC2)cc1","COc1ccc2c(c1)OCCC(c1ccc(O)cc1)=C2c1ccc(OCCN2CCCC2)cc1"
"CHEMBL210442","FC(F)(F)c1cc(/C=C/c2ccccc2)c2[nH]c(N3CCN(c4ncccc4C(F)(F)F)CC3)nc2c1","FC(F)(F)c1cc(/C=C/c2ccccc2)c2[nH]c(N3CCN(c4ncccc4C(F)(F)F)CC3)nc2c1"
"CHEMBL188138","O=C1O/C(=C\c2ccc([N+](=O)[O-])cc2)c2ccccc21","O=C1O/C(=C\c2ccc([N+](=O)[O-])cc2)c2ccccc21"
"CHEMBL368624","FC(F)(F)C(=C(c1ccccc1)c1ccccc1)c1ccc(Cl)cc1","FC(F)(F)C(=C(c1ccccc1)c1ccccc1)c1ccc(Cl)cc1"
"CHEMBL36455","COc1ccc(/C=C/c2cc(OC)c(OC)c(OC)c2)cc1O","COc1ccc(/C=C/c2cc(OC)c(OC)c(OC)c2)cc1O"
"CHEMBL45948","CSc1ccc(C2=C(c3ccc(SC)cc3)C(=O)N3CCCC3C2)cc1","CSc1ccc(C2=C(c3ccc(SC)cc3)C(=O)N3CCCC3C2)cc1"
"CHEMBL264949","O=C1Nc2ccc(I)cc2/C1=C\c1cc(Br)c(O)c(Br)c1","O=C1Nc2ccc(I)cc2/C1=C\c1cc(Br)c(O)c(Br)c1"
"CHEMBL192587","COc1cc(O)cc2c1C(Br)=C(c1ccc(O)cc1)C2=O","COc1cc(O)cc2c1C(Br)=C(c1ccc(O)cc1)C2=O"
"CHEMBL372065","CC1(C)C=Cc2cc(-c3ccco3)cc(/C=C(/C#N)c3ccc(O)cc3)c2O1","CC1(C)C=Cc2cc(-c3ccco3)cc(/C=C(/C#N)c3ccc(O)cc3)c2O1"
"CHEMBL466621","CC(C)c1onc(CSc2c(Cl)cccc2Cl)c1COc1ccc(/C=C/c2cccc(C(=O)O)c2)c(Cl)c1","CC(C)c1onc(CSc2c(Cl)cccc2Cl)c1COc1ccc(/C=C/c2cccc(C(=O)O)c2)c(Cl)c1"
"CHEMBL86944","COc1c(Br)cc(/C=C2\C(=O)Nc3ccc(Cl)cc32)cc1C(C)(C)C","COc1c(Br)cc(/C=C2\C(=O)Nc3ccc(Cl)cc32)cc1C(C)(C)C"
"CHEMBL88549","CS(=O)(=O)c1ccc(C2=C(c3ccc4c(c3)OCO4)CC3(CC3)C2)cc1","CS(=O)(=O)c1ccc(C2=C(c3ccc4c(c3)OCO4)CC3(CC3)C2)cc1"
"CHEMBL422444","CSc1ccccc1/C=C1\Oc2ccc(F)cc2-c2ccc3c(c21)C(C)=CC(C)(C)N3","CSc1ccccc1/C=C1\Oc2ccc(F)cc2-c2ccc3c(c21)C(C)=CC(C)(C)N3"
"CHEMBL313702","COc1cc(OC)c(/C=C/c2ccccc2)c(OC)c1","COc1cc(OC)c(/C=C/c2ccccc2)c(OC)c1"
"CHEMBL214521","CCOc1ccc(/C=C/c2ccccc2)cc1","CCOc1ccc(/C=C/c2ccccc2)cc1"
"CHEMBL183683","CCCCCSCCCCCCCCCC/C(=C(/CC)c1ccc(O)cc1)c1cccc(O)c1","CCCCCSCCCCCCCCCC/C(=C(/CC)c1ccc(O)cc1)c1cccc(O)c1"
"CHEMBL186667","CCCCCSCCCCCCCCCC/C(=C(/CC)c1cccc(O)c1)c1ccc(O)cc1","CCCCCSCCCCCCCCCC/C(=C(/CC)c1cccc(O)c1)c1ccc(O)cc1"
"CHEMBL132565","C=CCNc1nc(N2CCC(NCC3c4ccccc4C=Cc4ccccc43)CC2)nc2c1ncn2CC=C","C=CCNc1nc(N2CCC(NCC3c4ccccc4C=Cc4ccccc43)CC2)nc2c1ncn2CC=C"
"CHEMBL92485","CC1(C)C(=O)C(c2ccc(S(C)(=O)=O)cc2)=C1c1ccccc1","CC1(C)C(=O)C(c2ccc(S(C)(=O)=O)cc2)=C1c1ccccc1"
"CHEMBL217139","COc1ccc(/C=C\c2cc(OC)c(OC)c(OC)c2N)cc1","COc1ccc(/C=C\c2cc(OC)c(OC)c(OC)c2N)cc1"
"CHEMBL80936","CCCCc1ccc(C2=Cc3ccccc3C3=NCCN23)cc1","CCCCc1ccc(C2=Cc3ccccc3C3=NCCN23)cc1"
"CHEMBL80647","C=CCN(CC=C)Cc1ccc(C2=Cc3ccccc3C3=NCCN23)cc1","C=CCN(CC=C)Cc1ccc(C2=Cc3ccccc3C3=NCCN23)cc1"
"CHEMBL214664","COc1cc(/C=C2/C(=O)Nc3cccc(Cl)c32)cc(OC)c1OC","COc1cc(/C=C2/C(=O)Nc3cccc(Cl)c32)cc(OC)c1OC"
"CHEMBL217446","COc1cc(/C=C2/C(=O)Nc3ccc(O)cc32)cc(OC)c1OC","COc1cc(/C=C2/C(=O)Nc3ccc(O)cc32)cc(OC)c1OC"
"CHEMBL15974","CNCCSC1=Cc2ccccc2Sc2ccc(Cl)cc21","CNCCSC1=Cc2ccccc2Sc2ccc(Cl)cc21"
"CHEMBL26556","COC(=O)c1c(C(=O)N2CCN(CCO)CC2)cc2cc(OC)c(OC)cc2c1/C=C/c1cc(OC)c(OC)c(OC)c1","COC(=O)c1c(C(=O)N2CCN(CCO)CC2)cc2cc(OC)c(OC)cc2c1/C=C/c1cc(OC)c(OC)c(OC)c1"
"CHEMBL8813","CC(C)(C)c1cc(/C=C/c2ccc(F)cc2)cc(C(C)(C)C)c1O","CC(C)(C)c1cc(/C=C/c2ccc(F)cc2)cc(C(C)(C)C)c1O"
"CHEMBL513397","c1ccc(C2=C(c3ccc(OCCN4CCC4)cc3)c3ccccc3OCC2)cc1","c1ccc(C2=C(c3ccc(OCCN4CCC4)cc3)c3ccccc3OCC2)cc1"
"CHEMBL73157","O=C1Nc2ccc(C(=O)c3ccco3)cc2/C1=C/c1cc(Cl)c(O)c(Cl)c1","O=C1Nc2ccc(C(=O)c3ccco3)cc2/C1=C/c1cc(Cl)c(O)c(Cl)c1"
"CHEMBL129158","COc1ccc(/C=C2\C(C)=C(CCN3CCOCC3)c3ccccc32)cc1","COc1ccc(/C=C2\C(C)=C(CCN3CCOCC3)c3ccccc32)cc1"
"CHEMBL483722","CSc1ccc(C2=C(c3ccccc3)C(=O)N3CCCC3C2)cc1","CSc1ccc(C2=C(c3ccccc3)C(=O)N3CCCC3C2)cc1"
"CHEMBL69973","Oc1ccc(C2=C(c3ccccc3)Cc3ccccc32)cc1","Oc1ccc(C2=C(c3ccccc3)Cc3ccccc32)cc1"
"CHEMBL15291","C=CCOc1ccc2c(c1)Oc1ccccc1C(CC)=C2c1ccccc1","C=CCOc1ccc2c(c1)Oc1ccccc1C(CC)=C2c1ccccc1"
"CHEMBL340948","COc1cc(/C=C\c2ccc3ncccc3c2)cc(OC)c1OC","COc1cc(/C=C\c2ccc3ncccc3c2)cc(OC)c1OC"
"CHEMBL430930","N=C(N)NCCC[C@H](NC(=O)[C@H](CC1CCCCC1)NC(=O)c1n[nH]c(NC(=O)/C(=C/c2ccccc2)c2ccccc2)n1)C(=O)N[C@@H](Cc1ccccc1)C(N)=O","N=C(N)NCCC[C@H](NC(=O)[C@H](CC1CCCCC1)NC(=O)c1n[nH]c(NC(=O)/C(=C/c2ccccc2)c2ccccc2)n1)C(=O)N[C@@H](Cc1ccccc1)C(N)=O"
"CHEMBL27513","COc1ccc2c(c1)OCC(c1ccccc1)=C2c1ccc(OCCN2CCCC2)cc1","COc1ccc2c(c1)OCC(c1ccccc1)=C2c1ccc(OCCN2CCCC2)cc1"
"CHEMBL88568","COc1ccc(/C=C\c2ccc3c(c2)C(C)(C)CCC3(C)C)cc1","COc1ccc(/C=C\c2ccc3c(c2)C(C)(C)CCC3(C)C)cc1"
"CHEMBL455694","O=C(O)c1cc(/C=C/c2ccc(/C=C/c3cc(Br)c(O)c(C(=O)O)c3)cc2)cc(Br)c1O","O=C(O)c1cc(/C=C/c2ccc(/C=C/c3cc(Br)c(O)c(C(=O)O)c3)cc2)cc(Br)c1O"
"CHEMBL294403","Oc1c(Cl)cc(Cl)cc1/C=C/c1ccc(Cl)c(Cl)c1","Oc1c(Cl)cc(Cl)cc1/C=C/c1ccc(Cl)c(Cl)c1"
"CHEMBL93023","C/C(=C(\c1ccccc1)c1ccc(OCCN(C)C)cc1)c1ccccc1","C/C(=C(\c1ccccc1)c1ccc(OCCN(C)C)cc1)c1ccccc1"
"CHEMBL280246","CC/C1=C(\c2ccccc2)c2ccc(OCCN(C)C)cc2CCc2ccccc21","CC/C1=C(\c2ccccc2)c2ccc(OCCN(C)C)cc2CCc2ccccc21"
"CHEMBL321142","CC(=O)Oc1ccc(/C=C/c2cc(OC(C)=O)cc3c2[C@H](c2cc(OC(C)=O)cc(OC(C)=O)c2)[C@@H](c2ccc(OC(C)=O)cc2)O3)cc1","CC(=O)Oc1ccc(/C=C/c2cc(OC(C)=O)cc3c2[C@H](c2cc(OC(C)=O)cc(OC(C)=O)c2)[C@@H](c2ccc(OC(C)=O)cc2)O3)cc1"
"CHEMBL319544","Cc1cc(OCc2c(-c3c(Cl)cccc3Cl)noc2C)cc(C)c1/C=C/c1cccc(C(=O)O)c1","Cc1cc(OCc2c(-c3c(Cl)cccc3Cl)noc2C)cc(C)c1/C=C/c1cccc(C(=O)O)c1"
"CHEMBL110004","CC(C)NC(=O)c1cc(/C=C/c2ccc(OCc3ccccc3)cc2)ccc1-c1ccc(Cl)cc1","CC(C)NC(=O)c1cc(/C=C/c2ccc(OCc3ccccc3)cc2)ccc1-c1ccc(Cl)cc1"
"CHEMBL490864","CN(C)c1ccc(/C=C2/C(=O)N(c3c(Cl)cccc3Cl)c3ccccc32)cc1","CN(C)c1ccc(/C=C2/C(=O)N(c3c(Cl)cccc3Cl)c3ccccc32)cc1"
"CHEMBL73321","C/C(=C\c1ccc2c(c1)C(C)(C)CCS2)c1ccc(C(=O)O)cc1","C/C(=C\c1ccc2c(c1)C(C)(C)CCS2)c1ccc(C(=O)O)cc1"
"CHEMBL415449","C/C(=C/c1ccc(C(=O)O)cc1)c1ccc2c(c1)C(C)(C)CCS2","C/C(=C/c1ccc(C(=O)O)cc1)c1ccc2c(c1)C(C)(C)CCS2"
"CHEMBL73520","CCC[C@H]1C(c2ccc(O)cc2)=C(CC)c2ccc(O)cc21","CCC[C@H]1C(c2ccc(O)cc2)=C(CC)c2ccc(O)cc21"
"CHEMBL390550","N#Cc1ccc(/C=C/c2ccc3c(c2)no[n+]3[O-])cc1","N#Cc1ccc(/C=C/c2ccc3c(c2)no[n+]3[O-])cc1"
"CHEMBL306878","CCC1=C(c2ccc(O)cc2)C(CC)c2cc(O)ccc21","CCC1=C(c2ccc(O)cc2)C(CC)c2cc(O)ccc21"
"CHEMBL467774","COc1ccc(/C=C(\F)c2cc(OC)c(OC)c(OC)c2)cc1O","COc1ccc(/C=C(\F)c2cc(OC)c(OC)c(OC)c2)cc1O"
"CHEMBL506965","COc1cccc(/C=C2/C(=O)Nc3ccccc32)c1","COc1cccc(/C=C2/C(=O)Nc3ccccc32)c1"
"CHEMBL355779","COc1ccc(/C(=C(/c2ccc(F)cc2)C(F)(F)F)c2ccccc2)cc1","COc1ccc(/C(=C(/c2ccc(F)cc2)C(F)(F)F)c2ccccc2)cc1"
"CHEMBL515154","O=C1Nc2ccccc2/C1=C1\C(=O)Nc2ccc(Cl)cc21","O=C1Nc2ccccc2/C1=C1\C(=O)Nc2ccc(Cl)cc21"
"CHEMBL23936","Oc1ccc2c(c1)CCC1=C2CCc2cc(O)ccc21","Oc1ccc2c(c1)CCC1=C2CCc2cc(O)ccc21"
"CHEMBL277727","CN(C)c1ccc(/C=C/c2ccc(-c3nc4ccc(OCCF)cc4o3)cc2)cc1","CN(C)c1ccc(/C=C/c2ccc(-c3nc4ccc(OCCF)cc4o3)cc2)cc1"
"CHEMBL376378","O=C1C2C3OC(C(c4ccc(O)cc4)=C3c3ccc(O)cc3)C2C(=O)N1c1ccccc1","O=C1C2C3OC(C(c4ccc(O)cc4)=C3c3ccc(O)cc3)C2C(=O)N1c1ccccc1"
"CHEMBL370479","COC(=O)/C=C/c1cccc(N(Cc2ccc(/C=C/c3cccc(Cl)c3)cc2)C(=O)C(C)C)c1","COC(=O)/C=C/c1cccc(N(Cc2ccc(/C=C/c3cccc(Cl)c3)cc2)C(=O)C(C)C)c1"
"CHEMBL142304","N=C(N)c1ccc(/C=C/c2ccc(C(=N)N)cc2)cc1","N=C(N)c1ccc(/C=C/c2ccc(C(=N)N)cc2)cc1"
"CHEMBL128402","CC/C(=C(/CC)c1ccc(OP(N)(=O)N(CCCl)CCCl)cc1)c1ccc(OP(N)(=O)N(CCCl)CCCl)cc1","CC/C(=C(/CC)c1ccc(OP(N)(=O)N(CCCl)CCCl)cc1)c1ccc(OP(N)(=O)N(CCCl)CCCl)cc1"
"CHEMBL157821","CC(C)N(CCOc1ccc(C(=C(C#N)c2ccccc2)c2ccc(OCCN(C(C)C)C(C)C)cc2)cc1)C(C)C","CC(C)N(CCOc1ccc(C(=C(C#N)c2ccccc2)c2ccc(OCCN(C(C)C)C(C)C)cc2)cc1)C(C)C"
"CHEMBL514234","O=C1Nc2ccccc2/C1=C\c1cccc(Oc2ccccc2)c1","O=C1Nc2ccccc2/C1=C\c1cccc(Oc2ccccc2)c1"
"CHEMBL332541","COc1ccc(/C=C\c2cc(O)cc(O)c2)cc1N","COc1ccc(/C=C\c2cc(O)cc(O)c2)cc1N"
"CHEMBL110057","COc1ccc(C2=C(C(=O)c3ccc(OCCN4CCCC4)cc3)c3ccccc3CC2)cc1","COc1ccc(C2=C(C(=O)c3ccc(OCCN4CCCC4)cc3)c3ccccc3CC2)cc1"
"CHEMBL89944","CC1=C(c2ccc(O)cc2)C(CCCCCCNCc2ccccc2)c2ccc(O)cc21","CC1=C(c2ccc(O)cc2)C(CCCCCCNCc2ccccc2)c2ccc(O)cc21"
"CHEMBL85263","CC/C(=C(/c1ccc(OCCN(C)C)cc1)c1ccc(C2CO2)cc1)c1ccccc1","CC/C(=C(/c1ccc(OCCN(C)C)cc1)c1ccc(C2CO2)cc1)c1ccccc1"
"CHEMBL314774","COc1cc(/C=C/c2ccc([N+](=O)[O-])cc2)cc(OC)c1OC","COc1cc(/C=C/c2ccc([N+](=O)[O-])cc2)cc(OC)c1OC"
"CHEMBL147683","COc1ccc(/C(=C/c2ccccc2)C(=O)c2ccccc2)cc1","COc1ccc(/C(=C/c2ccccc2)C(=O)c2ccccc2)cc1"
"CHEMBL440409","COC(=O)c1ccc(/C=C/c2cc(OC)cc(OC)c2)cc1","COC(=O)c1ccc(/C=C/c2cc(OC)cc(OC)c2)cc1"
"CHEMBL338557","COc1cc(/C=C\c2ccc3cccnc3c2)cc(OC)c1OC","COc1cc(/C=C\c2ccc3cccnc3c2)cc(OC)c1OC"
"CHEMBL222638","COc1ccc(C2=C(c3cc(OC)c(OC)c(OC)c3)/C(=N\O)CC2O[SiH2]C(C)(C)C)cc1OC","COc1ccc(C2=C(c3cc(OC)c(OC)c(OC)c3)/C(=N\O)CC2O[SiH2]C(C)(C)C)cc1OC"
"CHEMBL310866","Clc1ccc(C2=Cc3ccccc3C3=NCCN23)cc1Cl","Clc1ccc(C2=Cc3ccccc3C3=NCCN23)cc1Cl"
"CHEMBL190104","CCSC1=C(c2ccc(O)cc2)C(=O)c2ccc(O)cc21","CCSC1=C(c2ccc(O)cc2)C(=O)c2ccc(O)cc21"
"CHEMBL190830","COC(=O)/C=C/c1cccc(N(Cc2ccc(/C=C/c3ccc(F)cc3)cc2)C(=O)C2CCCCC2)c1","COC(=O)/C=C/c1cccc(N(Cc2ccc(/C=C/c3ccc(F)cc3)cc2)C(=O)C2CCCCC2)c1"
"CHEMBL234710","CS(=O)(=O)c1ccc(OCc2ccc(F)cc2F)c(C2=C(c3cccc(C(=O)O)c3)CCC2)c1","CS(=O)(=O)c1ccc(OCc2ccc(F)cc2F)c(C2=C(c3cccc(C(=O)O)c3)CCC2)c1"
"CHEMBL103586","O=C(O)c1cc(/C=C/c2ccc(O)c(O)c2)ccc1O","O=C(O)c1cc(/C=C/c2ccc(O)c(O)c2)ccc1O"
"CHEMBL430032","Nc1ccc(/C=C/c2ccc(-c3nc4cc(OCCCF)ccc4s3)cc2)cc1","Nc1ccc(/C=C/c2ccc(-c3nc4cc(OCCCF)ccc4s3)cc2)cc1"
"CHEMBL18498","COC1(C)OC(=O)C(c2ccc(F)cc2)=C1c1ccc(S(C)(=O)=O)cc1","COC1(C)OC(=O)C(c2ccc(F)cc2)=C1c1ccc(S(C)(=O)=O)cc1"
"CHEMBL89538","CC1=C(c2ccc(O)cc2)C(CCCCCCCCN2CCCC2)c2ccc(O)cc21","CC1=C(c2ccc(O)cc2)C(CCCCCCCCN2CCCC2)c2ccc(O)cc21"
"CHEMBL485891","O=C(O)c1ccc(-c2ccc(F)cc2)cc1/C=C/c1cccc(-c2ccccc2)c1","O=C(O)c1ccc(-c2ccc(F)cc2)cc1/C=C/c1cccc(-c2ccccc2)c1"
"CHEMBL469643","O=C1Oc2cc(O)cc(/C=C/c3ccc(O)cc3)c2[C@]12c1c(O)cc(O)cc1O[C@@H]2c1ccc(O)cc1","O=C1Oc2cc(O)cc(/C=C/c3ccc(O)cc3)c2[C@]12c1c(O)cc(O)cc1O[C@@H]2c1ccc(O)cc1"
"CHEMBL43740","COc1cc(/C=C/c2ccc(OC)cc2F)cc(OC)c1","COc1cc(/C=C/c2ccc(OC)cc2F)cc(OC)c1"
"CHEMBL372526","Oc1ccc(C2=C(c3ccc(CBr)cc3)c3ccc(O)cc3C2)cc1","Oc1ccc(C2=C(c3ccc(CBr)cc3)c3ccc(O)cc3C2)cc1"
"CHEMBL111032","CCC1=C(c2ccccc2)C(c2ccc(OCCN3CCCC3)cc2)Oc2cc(OC)ccc21","CCC1=C(c2ccccc2)C(c2ccc(OCCN3CCCC3)cc2)Oc2cc(OC)ccc21"
"CHEMBL268010","COc1ccc(/C=C/c2cc(C(C)(C)C)c(O)c(C(C)(C)C)c2)cc1OC","COc1ccc(/C=C/c2cc(C(C)(C)C)c(O)c(C(C)(C)C)c2)cc1OC"
"CHEMBL298484","COc1ccc(C2=C(c3ccc(SC)cc3)CC3CCCN3C2=O)cc1Br","COc1ccc(C2=C(c3ccc(SC)cc3)CC3CCCN3C2=O)cc1Br"
"CHEMBL309232","C[C@@H]1Cc2cc(O)ccc2C2=C1c1ccc(O)cc1C[C@@H]2C","C[C@@H]1Cc2cc(O)ccc2C2=C1c1ccc(O)cc1C[C@@H]2C"
"CHEMBL348316","CN(C)CCCCCOc1ccccc1/C=C/c1ccccc1","CN(C)CCCCCOc1ccccc1/C=C/c1ccccc1"
"CHEMBL144431","Oc1cccc(C2=Cc3ccc(O)cc3C23Cc2ccccc2C3)c1","Oc1cccc(C2=Cc3ccc(O)cc3C23Cc2ccccc2C3)c1"
"CHEMBL456530","COc1ccc(/C=C2\C=C(CC(=O)O)c3cc(F)ccc32)cc1","COc1ccc(/C=C2\C=C(CC(=O)O)c3cc(F)ccc32)cc1"
"CHEMBL84390","CC/C(=C(\c1ccc(O)cc1)c1ccc(OCCN(CC)CC)cc1)c1ccccc1","CC/C(=C(\c1ccc(O)cc1)c1ccc(OCCN(CC)CC)cc1)c1ccccc1"
"CHEMBL15016","C/C(=C/c1ccc(O)cc1)c1ccccc1","C/C(=C/c1ccc(O)cc1)c1ccccc1"
"CHEMBL325432","CCOC(=O)c1ccc(C=C2c3ccccc3C(=O)c3ccccc32)cc1","CCOC(=O)c1ccc(C=C2c3ccccc3C(=O)c3ccccc32)cc1"
"CHEMBL426804","CCN(CC)CCOc1ccc(C2=C(c3ccccc3)CCOc3ccccc32)cc1","CCN(CC)CCOc1ccc(C2=C(c3ccccc3)CCOc3ccccc32)cc1"
"CHEMBL192030","COc1ccc(/C=C\c2cc(OC)c(OC)c(OC)c2)cc1OCC[N+](C)(C)C.[I-]","COc1ccc(/C=C\c2cc(OC)c(OC)c(OC)c2)cc1OCC[N+](C)(C)C.[I-]"
"CHEMBL111356","CN(C)c1ccc(C2=C(c3ccc(S(N)(=O)=O)cc3)CCC2)cc1Cl","CN(C)c1ccc(C2=C(c3ccc(S(N)(=O)=O)cc3)CCC2)cc1Cl"
"CHEMBL34720","COc1ccc(/C=C\c2cc(OC)c(OC)c(OC)c2)cc1OP(=O)(O)OCC(F)(F)F.N","COc1ccc(/C=C\c2cc(OC)c(OC)c(OC)c2)cc1OP(=O)(O)OCC(F)(F)F.N"
"CHEMBL461052","O=C(Nc1ccc2c(c1)N(O)C(=O)/C2=C(\O)c1ccccc1)c1ccc(NC(=O)c2cccs2)cc1","O=C(Nc1ccc2c(c1)N(O)C(=O)/C2=C(\O)c1ccccc1)c1ccc(NC(=O)c2cccs2)cc1"
"CHEMBL376082","COc1cc(C2=C(c3cc(C)c(OC)c(C)c3)C(O)CC2=O)cc(OC)c1OC","COc1cc(C2=C(c3cc(C)c(OC)c(C)c3)C(O)CC2=O)cc(OC)c1OC"
"CHEMBL435140","CC(C)(C)[SiH2]OC1CC(=O)C(c2ccccc2)=C1c1ccccc1","CC(C)(C)[SiH2]OC1CC(=O)C(c2ccccc2)=C1c1ccccc1"
"CHEMBL11848","COc1ccc2c(c1OC)CN1CCc3cc4c(cc3C1=C2)OCO4","COc1ccc2c(c1OC)CN1CCc3cc4c(cc3C1=C2)OCO4"
"CHEMBL102944","COc1cc(/C(C#N)=C\c2ccc(C)c(N)c2)cc(OC)c1OC","COc1cc(/C(C#N)=C\c2ccc(C)c(N)c2)cc(OC)c1OC"
"CHEMBL476923","CC(C)=CCC/C(C)=C/Cc1c(O)cc(/C=C/c2ccc(O)c(O)c2)cc1O","CC(C)=CCC/C(C)=C/Cc1c(O)cc(/C=C/c2ccc(O)c(O)c2)cc1O"
"CHEMBL434586","CCCCc1nc(Cl)c(CC(=O)OC)n1Cc1ccc(N2C(=O)C(c3ccccc3)=C(c3ccccc3)C2=O)cc1","CCCCc1nc(Cl)c(CC(=O)OC)n1Cc1ccc(N2C(=O)C(c3ccccc3)=C(c3ccccc3)C2=O)cc1"
"CHEMBL448472","C1=C(c2ccccc2)C(c2ccccc2OCCN2CCCCC2)Oc2ccccc21","C1=C(c2ccccc2)C(c2ccccc2OCCN2CCCCC2)Oc2ccccc21"
"CHEMBL68936","C[N+](C)(CCCCCC[N+](C)(C)CCCN1C(=O)c2ccccc2/C1=C\c1ccccc1)CCCN1C(=O)c2ccccc2/C1=C\c1ccccc1.[Br-].[Br-]","C[N+](C)(CCCCCC[N+](C)(C)CCCN1C(=O)c2ccccc2/C1=C\c1ccccc1)CCCN1C(=O)c2ccccc2/C1=C\c1ccccc1.[Br-].[Br-]"
"CHEMBL33596","CC/C(=C(/CC)c1cccc(O)c1)c1cccc(O)c1","CC/C(=C(/CC)c1cccc(O)c1)c1cccc(O)c1"
"CHEMBL370250","COc1ccc(/C=C\c2cc(C)c(C)c(C)c2)cc1O","COc1ccc(/C=C\c2cc(C)c(C)c(C)c2)cc1O"
"CHEMBL224240","O=S(=O)(Oc1ccc(O)cc1)[C@H]1CC2OC1C(c1ccccc1)=C2c1ccccc1","O=S(=O)(Oc1ccc(O)cc1)[C@H]1CC2OC1C(c1ccccc1)=C2c1ccccc1"
"CHEMBL240076","CCN(CC)/[N+]([O-])=N\OCOC(=O)/C(=C/c1ccc(S(C)(=O)=O)cc1)c1ccc(NC(C)=O)cc1","CCN(CC)/[N+]([O-])=N\OCOC(=O)/C(=C/c1ccc(S(C)(=O)=O)cc1)c1ccc(NC(C)=O)cc1"
"CHEMBL225807","C(=C\c1ccc2nonc2c1)\c1ccc2c(c1)OCO2","C(=C\c1ccc2nonc2c1)\c1ccc2c(c1)OCO2"
"CHEMBL130305","COC(=O)c1cc(/C=C/c2cc(OC)ccc2OC)ccc1O","COC(=O)c1cc(/C=C/c2cc(OC)ccc2OC)ccc1O"
"CHEMBL225808","CN(C)c1ccc(/C=C/c2ccc3c(c2)no[n+]3[O-])cc1","CN(C)c1ccc(/C=C/c2ccc3c(c2)no[n+]3[O-])cc1"
"CHEMBL77227","O=C(NC1CCCCC1)Oc1ccc(/C=C/c2ccccc2)cc1","O=C(NC1CCCCC1)Oc1ccc(/C=C/c2ccccc2)cc1"
"CHEMBL209688","O=C1O/C(=C\c2ccccc2Cl)c2ccccc21","O=C1O/C(=C\c2ccccc2Cl)c2ccccc21"
"CHEMBL115488","COc1cccc(C=C2c3ccccc3C(=O)c3ccccc32)c1O","COc1cccc(C=C2c3ccccc3C(=O)c3ccccc32)c1O"
"CHEMBL47022","CC1(C)OC(c2ccc(S(C)(=O)=O)cc2)=C(c2cccc(C(F)(F)F)c2)C1=O","CC1(C)OC(c2ccc(S(C)(=O)=O)cc2)=C(c2cccc(C(F)(F)F)c2)C1=O"
"CHEMBL93803","CS(=O)(=O)c1ccc(C2=C(c3ccccc3)CC2)cc1","CS(=O)(=O)c1ccc(C2=C(c3ccccc3)CC2)cc1"
"CHEMBL80774","C1=C(c2ccc(CN(C3CCCCC3)C3CCCCC3)cc2)N2CCN=C2c2ccccc21","C1=C(c2ccc(CN(C3CCCCC3)C3CCCCC3)cc2)N2CCN=C2c2ccccc21"
"CHEMBL56896","CC/C(=C(/c1ccc(OC(C)=O)cc1)c1cccc(OC(C)=O)c1)c1ccccc1","CC/C(=C(/c1ccc(OC(C)=O)cc1)c1cccc(OC(C)=O)c1)c1ccccc1"
"CHEMBL466148","COc1ccc(/C(F)=C/c2cc(OC)c(OC)c(OC)c2)cc1[N+](=O)[O-]","COc1ccc(/C(F)=C/c2cc(OC)c(OC)c(OC)c2)cc1[N+](=O)[O-]"
"CHEMBL303478","COc1cc(Nc2c(C#N)cnc3cc(/C=C/c4ccccc4)c(OC)cc23)c(Cl)cc1Cl","COc1cc(Nc2c(C#N)cnc3cc(/C=C/c4ccccc4)c(OC)cc23)c(Cl)cc1Cl"
"CHEMBL192357","CCOc1cc(/C=C\c2ccc(OC)c(F)c2)cc(OCC)c1OCC","CCOc1cc(/C=C\c2ccc(OC)c(F)c2)cc(OCC)c1OCC"
"CHEMBL364234","COc1cc(/C=C\c2ccc(C)c(C)c2)cc(OC)c1OC","COc1cc(/C=C\c2ccc(C)c(C)c2)cc(OC)c1OC"
"CHEMBL73754","CC[C@H]1C(c2ccc(O)cc2)=C(C)c2cc(O)ccc21","CC[C@H]1C(c2ccc(O)cc2)=C(C)c2cc(O)ccc21"
"CHEMBL24009","CS(=O)(=O)c1ccc(C2=C(c3cc(F)cc(F)c3)C(=O)CC2)cc1","CS(=O)(=O)c1ccc(C2=C(c3cc(F)cc(F)c3)C(=O)CC2)cc1"
"CHEMBL92842","N#Cc1ccc(OCc2cccnc2)cc1/C=C(/C(=O)O)c1ccccc1","N#Cc1ccc(OCc2cccnc2)cc1/C=C(/C(=O)O)c1ccccc1"
"CHEMBL167779","CCN(CC)CCOc1ccc(/C(=C(\Cl)c2ccccc2)c2ccccc2)cc1","CCN(CC)CCOc1ccc(/C(=C(\Cl)c2ccccc2)c2ccccc2)cc1"
"CHEMBL360310","CS(=O)(=O)c1ccc(/C(=C/c2ccc(Cl)cc2)c2ccccc2)cc1","CS(=O)(=O)c1ccc(/C(=C/c2ccc(Cl)cc2)c2ccccc2)cc1"
"CHEMBL44806","CSc1ccc(C2=C(c3ccc(Br)cc3)C(=O)N3CCCC3C2)cc1","CSc1ccc(C2=C(c3ccc(Br)cc3)C(=O)N3CCCC3C2)cc1"
"CHEMBL298439","CSc1ccc(C2=C(c3ccc(OCCN4CCOCC4)cc3)C(=O)N3CCCC3C2)cc1","CSc1ccc(C2=C(c3ccc(OCCN4CCOCC4)cc3)C(=O)N3CCCC3C2)cc1"
"CHEMBL91787","CC1=C(c2ccc(O)cc2)C(CCCCCCN2CCCCC2)c2ccc(O)cc21","CC1=C(c2ccc(O)cc2)C(CCCCCCN2CCCCC2)c2ccc(O)cc21"
"CHEMBL353959","CC(=O)c1ccc(C2=C(c3ccc(S(N)(=O)=O)cc3)OC(C)(C)C2=O)cc1","CC(=O)c1ccc(C2=C(c3ccc(S(N)(=O)=O)cc3)OC(C)(C)C2=O)cc1"
"CHEMBL291710","Cc1ccc(/C=C/c2cc(C)c(O)c(C)c2)cc1","Cc1ccc(/C=C/c2cc(C)c(O)c(C)c2)cc1"
"CHEMBL221555","COc1ccc(C2=C(c3cc(OC)c(OC)c(OC)c3)C(=O)CC2O)cc1O","COc1ccc(C2=C(c3cc(OC)c(OC)c(OC)c3)C(=O)CC2O)cc1O"
"CHEMBL517921","CN(CCC(=O)N1CCN(c2ccc([N+](=O)[O-])cc2)CC1)CCC1c2ccccc2C=Cc2ccccc21","CN(CCC(=O)N1CCN(c2ccc([N+](=O)[O-])cc2)CC1)CCC1c2ccccc2C=Cc2ccccc21"
"CHEMBL330516","CC1(C)C(c2ccc(S(C)(=O)=O)cc2)=C(c2ccccc2)/C1=N/O","CC1(C)C(c2ccc(S(C)(=O)=O)cc2)=C(c2ccccc2)/C1=N/O"
"CHEMBL447074","COc1ccc(/C=C\c2cc(OC)c3c(c2)OCO3)cc1NC(=O)[C@H](Cc1ccc(OP(=O)(OCc2ccccc2)OCc2ccccc2)cc1)NC(=O)OCc1ccccc1","COc1ccc(/C=C\c2cc(OC)c3c(c2)OCO3)cc1NC(=O)[C@H](Cc1ccc(OP(=O)(OCc2ccccc2)OCc2ccccc2)cc1)NC(=O)OCc1ccccc1"
"CHEMBL246773","COc1ccc(/C=C\c2ccc(NC(=O)NCCCl)cc2)cc1O","COc1ccc(/C=C\c2ccc(NC(=O)NCCCl)cc2)cc1O"
"CHEMBL507494","COc1ccc(/C=C/c2cc(OC)c(OC)c(OC)c2)c(O)c1","COc1ccc(/C=C/c2cc(OC)c(OC)c(OC)c2)c(O)c1"
"CHEMBL219977","COc1ccc(/C=C2\CC(c3ccc(O)cc3)Oc3cc(OC)ccc32)cc1","COc1ccc(/C=C2\CC(c3ccc(O)cc3)Oc3cc(OC)ccc32)cc1"
"CHEMBL125535","COc1cc(/C=C/c2ccc3nc(C)c(C)nc3c2)cc(OC)c1OC","COc1cc(/C=C/c2ccc3nc(C)c(C)nc3c2)cc(OC)c1OC"
"CHEMBL364033","O=C1Oc2ccccc2/C1=C\c1ccc(F)cc1","O=C1Oc2ccccc2/C1=C\c1ccc(F)cc1"
"CHEMBL356748","CCN(CC)CCSC1=Cc2ccccc2Oc2ccc(SC)cc21","CCN(CC)CCSC1=Cc2ccccc2Oc2ccc(SC)cc21"
"CHEMBL81881","CC/C(=C(/c1ccc(I)cc1)c1ccc(OCCN(C)C)cc1)c1ccccc1","CC/C(=C(/c1ccc(I)cc1)c1ccc(OCCN(C)C)cc1)c1ccccc1"
"CHEMBL151670","COc1ccc(/C=C\c2cc(OC)c3c(c2)OCO3)cc1NC(=O)C(N)CO","COc1ccc(/C=C\c2cc(OC)c3c(c2)OCO3)cc1NC(=O)C(N)CO"
"CHEMBL274882","CC/C(=C(\c1ccccc1)c1cccc(OC(C)=O)c1)c1cccc(OC(C)=O)c1","CC/C(=C(\c1ccccc1)c1cccc(OC(C)=O)c1)c1cccc(OC(C)=O)c1"
"CHEMBL187551","O=C1Nc2ccc([N+](=O)[O-])cc2/C1=C/c1ccccc1O","O=C1Nc2ccc([N+](=O)[O-])cc2/C1=C/c1ccccc1O"
"CHEMBL319926","N=C(N)NCc1ccc(/C=C/c2ccccc2)cc1","N=C(N)NCc1ccc(/C=C/c2ccccc2)cc1"
"CHEMBL179194","COc1cc(/C=C\c2ccc(N(C)C)c([N+](=O)[O-])c2)cc(OC)c1OC","COc1cc(/C=C\c2ccc(N(C)C)c([N+](=O)[O-])c2)cc(OC)c1OC"
"CHEMBL422087","Cc1ccc(C=C2c3cccc(O)c3C(=O)c3c(O)cccc32)cc1","Cc1ccc(C=C2c3cccc(O)c3C(=O)c3c(O)cccc32)cc1"
"CHEMBL366681","O=C(CCCN1CCN(Cc2ccccc2)CC1)NC1c2ccccc2C=Cc2ccccc21","O=C(CCCN1CCN(Cc2ccccc2)CC1)NC1c2ccccc2C=Cc2ccccc21"
"CHEMBL168138","N=C(N)c1ccc(C2=Cc3cc(C(=N)N)ccc3S2(=O)=O)cc1","N=C(N)c1ccc(C2=Cc3cc(C(=N)N)ccc3S2(=O)=O)cc1"
"CHEMBL494880","Cc1cc(C)cc(/C=C/c2ccccc2)c1","Cc1cc(C)cc(/C=C/c2ccccc2)c1"
"CHEMBL449027","Brc1cc(Br)cc(/C=C/c2ccccc2)c1","Brc1cc(Br)cc(/C=C/c2ccccc2)c1"
"CHEMBL362133","CC(=O)NCCN1c2ccccc2C=Cc2ccccc21","CC(=O)NCCN1c2ccccc2C=Cc2ccccc21"
"CHEMBL364806","CCC(=O)NCCN1c2ccccc2C=Cc2ccc(OC)cc21","CCC(=O)NCCN1c2ccccc2C=Cc2ccc(OC)cc21"
"CHEMBL18089","CC(C)OC1(C)OC(=O)C(c2ccc(F)cc2)=C1c1ccc(S(C)(=O)=O)cc1","CC(C)OC1(C)OC(=O)C(c2ccc(F)cc2)=C1c1ccc(S(C)(=O)=O)cc1"
"CHEMBL234281","CSc1ccc(OCc2ccccc2)c(C2=C(c3cccc(C(=O)O)c3)CCC2)c1","CSc1ccc(OCc2ccccc2)c(C2=C(c3cccc(C(=O)O)c3)CCC2)c1"
"CHEMBL140454","O=C(O)C(=O)C1Cc2ccccc2CN1S(=O)(=O)c1ccc(/C=C/c2ccccc2)cc1","O=C(O)C(=O)C1Cc2ccccc2CN1S(=O)(=O)c1ccc(/C=C/c2ccccc2)cc1"
"CHEMBL144704","CC/C(=C(\c1ccccc1)c1ccc(OCC(=O)O)cc1)c1ccccc1","CC/C(=C(\c1ccccc1)c1ccc(OCC(=O)O)cc1)c1ccccc1"
"CHEMBL283290","O=C1C(c2ccccc2)=C(c2ccccc2)C(=O)C1c1ccccc1","O=C1C(c2ccccc2)=C(c2ccccc2)C(=O)C1c1ccccc1"
"CHEMBL459271","COc1ccc(/C=C/c2cc(O)c(OC)c(OC)c2)cc1[N+](=O)[O-]","COc1ccc(/C=C/c2cc(O)c(OC)c(OC)c2)cc1[N+](=O)[O-]"
"CHEMBL109486","COCc1ccc(C2=C(c3ccc(S(C)(=O)=O)cc3)CCC2)cc1","COCc1ccc(C2=C(c3ccc(S(C)(=O)=O)cc3)CCC2)cc1"
"CHEMBL1056","CCN(CC)CCOc1ccc(/C(=C(/Cl)c2ccccc2)c2ccc(O)cc2)cc1","CCN(CC)CCOc1ccc(/C(=C(/Cl)c2ccccc2)c2ccc(O)cc2)cc1"
"CHEMBL405127","CS(=O)(=O)c1ccc(/C=C(/C(=O)O)c2ccccc2)cc1","CS(=O)(=O)c1ccc(/C=C(/C(=O)O)c2ccccc2)cc1"
"CHEMBL73796","CC/C(=C(/CC)c1ccc(O)c(O)c1)c1ccc(O)c(O)c1","CC/C(=C(/CC)c1ccc(O)c(O)c1)c1ccc(O)c(O)c1"
"CHEMBL99302","CC[C@@H]1Cc2cc(O)ccc2C2=C1c1ccc(O)cc1CC2","CC[C@@H]1Cc2cc(O)ccc2C2=C1c1ccc(O)cc1CC2"
"CHEMBL221828","COc1ccc(C2=C(c3cc(OC)c(OC)c(OC)c3)C(=O)CC2O)cc1","COc1ccc(C2=C(c3cc(OC)c(OC)c(OC)c3)C(=O)CC2O)cc1"
"CHEMBL96836","OC/C(=C/c1cccc(OCc2ccccc2)c1)c1ccccc1","OC/C(=C/c1cccc(OCc2ccccc2)c1)c1ccccc1"
"CHEMBL256278","COc1ccc(/C=C\c2cc(OC)c(OC)c(OC)c2)c(N)c1N","COc1ccc(/C=C\c2cc(OC)c(OC)c(OC)c2)c(N)c1N"
"CHEMBL175749","COc1cccc(/C=C\c2ccc3ccccc3c2)c1","COc1cccc(/C=C\c2ccc3ccccc3c2)c1"
"CHEMBL519928","COc1c(O)cc(/C=C/c2cc(O)cc(O)c2)c2c1OC(=O)[C@@]21c2c(O)cc(O)cc2O[C@@H]1c1ccc(O)cc1","COc1c(O)cc(/C=C/c2cc(O)cc(O)c2)c2c1OC(=O)[C@@]21c2c(O)cc(O)cc2O[C@@H]1c1ccc(O)cc1"
"CHEMBL129525","C1=C(CCN2CCOCC2)c2ccccc2/C1=C/c1ccccc1","C1=C(CCN2CCOCC2)c2ccccc2/C1=C/c1ccccc1"
"CHEMBL337262","CC1=CC(C)(C)Nc2ccc3c(c21)/C(=C/c1cccc(Cl)c1)Oc1ccccc1-3","CC1=CC(C)(C)Nc2ccc3c(c21)/C(=C/c1cccc(Cl)c1)Oc1ccccc1-3"
"CHEMBL164733","BrCCOc1ccc(/C(=C/c2ccccc2)c2ccccc2)cc1","BrCCOc1ccc(/C(=C/c2ccccc2)c2ccccc2)cc1"
"CHEMBL424386","CC(=C\C(N)=O)/C(=C/c1ccc2cc3c(cc2c1)C(C)(C)CCC3(C)C)c1cccc(C(N)=O)c1","CC(=C\C(N)=O)/C(=C/c1ccc2cc3c(cc2c1)C(C)(C)CCC3(C)C)c1cccc(C(N)=O)c1"
"CHEMBL22486","CC/C(=C(/CC)c1ccc(OCCCC(=O)NCc2ccc(-c3c4ccc(=O)cc-4oc4cc(O)ccc34)c(C(=O)O)c2)cc1)c1ccc(O)cc1","CC/C(=C(/CC)c1ccc(OCCCC(=O)NCc2ccc(-c3c4ccc(=O)cc-4oc4cc(O)ccc34)c(C(=O)O)c2)cc1)c1ccc(O)cc1"
"CHEMBL47376","O=C1CC(c2nnn[nH]2)Oc2cc(/C=C/c3cccc(OCc4ccc5ccccc5n4)c3)ccc21","O=C1CC(c2nnn[nH]2)Oc2cc(/C=C/c3cccc(OCc4ccc5ccccc5n4)c3)ccc21"
"CHEMBL418799","O=C1Nc2ccccc2/C1=C\c1ccc(N2CCCCC2)cc1","O=C1Nc2ccccc2/C1=C\c1ccc(N2CCCCC2)cc1"
"CHEMBL193148","COC(=O)/C=C/c1cccc(N(Cc2ccc(/C=C/c3cc(C(F)(F)F)cc(C(F)(F)F)c3)cc2)C(=O)C2CCCCC2)c1","COC(=O)/C=C/c1cccc(N(Cc2ccc(/C=C/c3cc(C(F)(F)F)cc(C(F)(F)F)c3)cc2)C(=O)C2CCCCC2)c1"
"CHEMBL94067","CC(C)=C1c2ccccc2C=C(C2=CCN(C)CC2)c2ccccc21","CC(C)=C1c2ccccc2C=C(C2=CCN(C)CC2)c2ccccc21"
"CHEMBL125199","COc1ccc(/C=C2\C=C(CCN3CCOCC3)c3ccccc32)cc1OC","COc1ccc(/C=C2\C=C(CCN3CCOCC3)c3ccccc32)cc1OC"
"CHEMBL78310","Clc1cccc(C2=Cc3ccccc3C3=NCCN23)c1","Clc1cccc(C2=Cc3ccccc3C3=NCCN23)c1"
"CHEMBL369609","CCCCC(=C(c1ccccc1)c1ccccc1)c1ccc(S(=O)(=O)OC)cc1","CCCCC(=C(c1ccccc1)c1ccccc1)c1ccc(S(=O)(=O)OC)cc1"
"CHEMBL482141","CC(=O)OC1(c2ccccc2)OC(c2ccccc2)=C(c2ccccc2)C1=O","CC(=O)OC1(c2ccccc2)OC(c2ccccc2)=C(c2ccccc2)C1=O"
"CHEMBL459937","COc1ccc(/C=C/c2cc(OC)c3ccoc3c2)cc1O","COc1ccc(/C=C/c2cc(OC)c3ccoc3c2)cc1O"
"CHEMBL171576","O=C(CCCN1CCN(c2ccccc2F)CC1)NC1c2ccccc2C=Cc2ccccc21","O=C(CCCN1CCN(c2ccccc2F)CC1)NC1c2ccccc2C=Cc2ccccc21"
"CHEMBL325042","Cc1ccccc1/C=C\c1cccc(C(F)(F)P(=O)(O)O)c1.N.N","Cc1ccccc1/C=C\c1cccc(C(F)(F)P(=O)(O)O)c1.N.N"
"CHEMBL111314","COc1ccc(C2=C(c3ccc(S(C)(=O)=O)cc3)CCC2)cc1F","COc1ccc(C2=C(c3ccc(S(C)(=O)=O)cc3)CCC2)cc1F"
"CHEMBL6456","Oc1ccc(/C(=C(/c2ccccc2)C(F)(F)F)C(F)(F)F)cc1","Oc1ccc(/C(=C(/c2ccccc2)C(F)(F)F)C(F)(F)F)cc1"
"CHEMBL515074","CC(C)OP(=O)(NCCCC(=O)Nc1ccc(/C=C/c2ccccc2)cc1)OC(C)C","CC(C)OP(=O)(NCCCC(=O)Nc1ccc(/C=C/c2ccccc2)cc1)OC(C)C"
"CHEMBL232427","COc1cc(/C=C(\C(=O)O)c2ccc(Cl)cc2)c([N+](=O)[O-])cc1OC","COc1cc(/C=C(\C(=O)O)c2ccc(Cl)cc2)c([N+](=O)[O-])cc1OC"
"CHEMBL397957","N#Cc1ccc(OCc2ccc(F)cc2F)c(C2=C(c3cccc(C(=O)O)c3)CCC2)c1","N#Cc1ccc(OCc2ccc(F)cc2F)c(C2=C(c3cccc(C(=O)O)c3)CCC2)c1"
"CHEMBL280612","COc1ccc2c(c1)OCC(c1ccc(F)cc1)=C2c1ccc(OCCN2CCCC2)cc1","COc1ccc2c(c1)OCC(c1ccc(F)cc1)=C2c1ccc(OCCN2CCCC2)cc1"
"CHEMBL276614","CCCCC1=C(c2ccc(CCc3ccccc3)cc2)N2CCCN=C2c2ccccc21","CCCCC1=C(c2ccc(CCc3ccccc3)cc2)N2CCCN=C2c2ccccc21"
"CHEMBL46619","NCC1c2ccccc2C=Cc2ccccc21","NCC1c2ccccc2C=Cc2ccccc21"
"CHEMBL366422","CC(=O)NS(=O)(=O)c1ccc(C2=C(c3ccc(S(C)(=O)=O)cc3)C(=O)OC2)cc1","CC(=O)NS(=O)(=O)c1ccc(C2=C(c3ccc(S(C)(=O)=O)cc3)C(=O)OC2)cc1"
"CHEMBL469723","CC(C)=CCCC1(C)C=Cc2c(O)cc(/C=C/c3ccc(O)c(O)c3)cc2O1","CC(C)=CCCC1(C)C=Cc2c(O)cc(/C=C/c3ccc(O)c(O)c3)cc2O1"
"CHEMBL103429","O=C1C(=O)c2ccccc2C(O)=C1c1ccccc1","O=C1C(=O)c2ccccc2C(O)=C1c1ccccc1"
"CHEMBL358140","CS(=O)(=O)c1ccc(C2=C(c3cc(F)c(F)c(F)c3)CCC2)cc1","CS(=O)(=O)c1ccc(C2=C(c3cc(F)c(F)c(F)c3)CCC2)cc1"
"CHEMBL91810","Cc1ccccc1/C(=C\c1cc(OCc2ccsc2)ccc1C#N)C(=O)O","Cc1ccccc1/C(=C\c1cc(OCc2ccsc2)ccc1C#N)C(=O)O"
"CHEMBL400295","CC(C)(C)c1ccc(/C=C(\C#N)c2ccc(C(F)(F)F)cc2)cc1","CC(C)(C)c1ccc(/C=C(\C#N)c2ccc(C(F)(F)F)cc2)cc1"
"CHEMBL359178","COc1ccc(/C=C\c2cc(OC)c3c(c2)OCO3)cc1[N+](=O)[O-]","COc1ccc(/C=C\c2cc(OC)c3c(c2)OCO3)cc1[N+](=O)[O-]"
"CHEMBL515325","CC(C)=CCC/C(C)=C/Cc1cc(/C=C/c2cc(O)c(CC=C(C)C)c(O)c2)cc(O)c1O","CC(C)=CCC/C(C)=C/Cc1cc(/C=C/c2cc(O)c(CC=C(C)C)c(O)c2)cc(O)c1O"
"CHEMBL276797","CC/C1=C(\c2ccc(O)cc2)c2ccc(OCCN(C)C)cc2SCc2ccccc21","CC/C1=C(\c2ccc(O)cc2)c2ccc(OCCN(C)C)cc2SCc2ccccc21"
"CHEMBL234709","CSc1ccc(OCc2ccc(F)cc2F)c(C2=C(c3cccc(C(=O)O)c3)CCC2)c1","CSc1ccc(OCc2ccc(F)cc2F)c(C2=C(c3cccc(C(=O)O)c3)CCC2)c1"
"CHEMBL221464","COc1ccc(C2=C(c3cc(OC)c(OC)c(OC)c3)C(=O)C(OC(C)=O)C2)cc1Cl","COc1ccc(C2=C(c3cc(OC)c(OC)c(OC)c3)C(=O)C(OC(C)=O)C2)cc1Cl"
"CHEMBL520895","O=S(=O)([O-])O[C@H]1[C@H](O)[C@@H](O)[C@H](Oc2cc(O)cc(/C=C/c3ccc(O)cc3)c2)O[C@@H]1CO.[K+]","O=S(=O)([O-])O[C@H]1[C@H](O)[C@@H](O)[C@H](Oc2cc(O)cc(/C=C/c3ccc(O)cc3)c2)O[C@@H]1CO.[K+]"
"CHEMBL186728","Cc1cccc(C2=C(c3ccc(OCCN(C)C)cc3)c3ccccc3OCC2)c1","Cc1cccc(C2=C(c3ccc(OCCN(C)C)cc3)c3ccccc3OCC2)c1"
"CHEMBL157649","CN(C)CCCCOc1ccccc1/C=C/c1ccc(F)cc1","CN(C)CCCCOc1ccccc1/C=C/c1ccc(F)cc1"
"CHEMBL351418","C/C(=C\c1ccc(C(=O)O)cc1)c1ccc2c(c1)C(C)(C)CCC2(C)C.Cc1ccc(C2=CC(C)(C)Sc3cc4ccc(-c5ccc(C(=O)O)cc5)cc4cc32)cc1","C/C(=C\c1ccc(C(=O)O)cc1)c1ccc2c(c1)C(C)(C)CCC2(C)C.Cc1ccc(C2=CC(C)(C)Sc3cc4ccc(-c5ccc(C(=O)O)cc5)cc4cc32)cc1"
"CHEMBL337856","CC1=CC(C)(C)Nc2ccc3c(c21)/C(=C/c1ccccc1C)Oc1c(F)cccc1-3","CC1=CC(C)(C)Nc2ccc3c(c21)/C(=C/c1ccccc1C)Oc1c(F)cccc1-3"
"CHEMBL11512","CC/C(=C(\Cc1ccccc1)c1ccc(OCN(CC)CC)cc1)c1ccccc1","CC/C(=C(\Cc1ccccc1)c1ccc(OCN(CC)CC)cc1)c1ccccc1"
"CHEMBL341725","O=C(c1cc2c(cc1Cl)Sc1nccn1S2(=O)=O)N1c2ccccc2C=Cc2ccccc21","O=C(c1cc2c(cc1Cl)Sc1nccn1S2(=O)=O)N1c2ccccc2C=Cc2ccccc21"
"CHEMBL281101","CC/C(=C(/c1ccccc1)c1ccc(OC(C)=O)c(OC(C)=O)c1)c1ccc(OC(C)=O)cc1","CC/C(=C(/c1ccccc1)c1ccc(OC(C)=O)c(OC(C)=O)c1)c1ccc(OC(C)=O)cc1"
"CHEMBL176382","CCCCCCCCCC(=C(c1ccccc1)c1ccccc1)c1ccc(S(=O)(=O)OC)cc1","CCCCCCCCCC(=C(c1ccccc1)c1ccccc1)c1ccc(S(=O)(=O)OC)cc1"
"CHEMBL428052","COc1ccc(C2=C(c3cccc(N)c3)C(=O)N3CCCC3C2)cc1","COc1ccc(C2=C(c3cccc(N)c3)C(=O)N3CCCC3C2)cc1"
"CHEMBL467957","COc1ccc(/C(F)=C/c2cc(OC)c(OC)c(OC)c2)cc1F","COc1ccc(/C(F)=C/c2cc(OC)c(OC)c(OC)c2)cc1F"
"CHEMBL410417","CCCc1nc2c(C)cc(C)nc2n1Cc1ccc2c(c1)Oc1ccccc1C=C2c1nnn[nH]1","CCCc1nc2c(C)cc(C)nc2n1Cc1ccc2c(c1)Oc1ccccc1C=C2c1nnn[nH]1"
"CHEMBL176509","O=C(C1=C(c2ccc(O)cc2)CCc2cc(O)ccc21)c1ccc(OCCN2CCCCC2)cc1","O=C(C1=C(c2ccc(O)cc2)CCc2cc(O)ccc21)c1ccc(OCCN2CCCCC2)cc1"
"CHEMBL457404","O=C(O)CC1=C/C(=C\c2ccc(-c3ccccc3)cc2)c2ccc(F)cc21","O=C(O)CC1=C/C(=C\c2ccc(-c3ccccc3)cc2)c2ccc(F)cc21"
"CHEMBL514887","CC(C)C[C@H](NP(=O)(OC(C)C)OC(C)C)C(=O)Nc1ccc(/C=C/c2ccccc2)cc1","CC(C)C[C@H](NP(=O)(OC(C)C)OC(C)C)C(=O)Nc1ccc(/C=C/c2ccccc2)cc1"
"CHEMBL11199","CC/C(=C(\Cc1ccccc1)c1ccccc1)c1ccc(OCN(C)C)cc1","CC/C(=C(\Cc1ccccc1)c1ccccc1)c1ccc(OCN(C)C)cc1"
"CHEMBL167900","CC/C(=C(/CC)c1cccc(C(C)=O)c1)c1cccc(C(C)=O)c1","CC/C(=C(/CC)c1cccc(C(C)=O)c1)c1cccc(C(C)=O)c1"
"CHEMBL525909","COC(=O)c1ccc2c(c1)NC(=O)/C2=C(\Nc1ccc(N(CCCN(C)C)C(C)=O)cc1)c1ccccc1","COC(=O)c1ccc2c(c1)NC(=O)/C2=C(\Nc1ccc(N(CCCN(C)C)C(C)=O)cc1)c1ccccc1"
"CHEMBL6596","CC/C(=C(\c1ccc(I)cc1)c1ccc(OCCCCCCCCCCN(C)C)cc1)c1ccccc1","CC/C(=C(\c1ccc(I)cc1)c1ccc(OCCCCCCCCCCN(C)C)cc1)c1ccccc1"
"CHEMBL264707","O=C1c2ccccc2C(=Cc2cccc([N+](=O)[O-])c2)c2ccccc21","O=C1c2ccccc2C(=Cc2cccc([N+](=O)[O-])c2)c2ccccc21"
"CHEMBL137685","CC1(C)CC(C)(C)c2cc(/C(=C/c3ccc(C(=O)O)cc3)C(F)(F)F)ccc2S1","CC1(C)CC(C)(C)c2cc(/C(=C/c3ccc(C(=O)O)cc3)C(F)(F)F)ccc2S1"
"CHEMBL109618","CCCCNCC(O)COc1ccc(C2Oc3ccccc3C=C2c2ccccc2)cc1","CCCCNCC(O)COc1ccc(C2Oc3ccccc3C=C2c2ccccc2)cc1"
"CHEMBL258254","C1=C\c2ccc(cc2)C[n+]2ccc(c3ccccc32)NCCCCCCCCCCNc2cc[n+](c3ccccc23)Cc2ccc/1cc2","C1=C\c2ccc(cc2)C[n+]2ccc(c3ccccc32)NCCCCCCCCCCNc2cc[n+](c3ccccc23)Cc2ccc/1cc2"
"CHEMBL358975","CC/C(=C(\c1ccc(O)cc1)c1ccc(CC(=O)O)cc1)c1ccccc1","CC/C(=C(\c1ccc(O)cc1)c1ccc(CC(=O)O)cc1)c1ccccc1"
"CHEMBL190467","O=C1C(c2ccc(O)cc2)=C(Br)c2ccc(O)cc21","O=C1C(c2ccc(O)cc2)=C(Br)c2ccc(O)cc21"
"CHEMBL312225","C1=C(c2ccc(CN3CCCCC3)cc2)N2CCN=C2c2ccccc21","C1=C(c2ccc(CN3CCCCC3)cc2)N2CCN=C2c2ccccc21"
"CHEMBL335510","O=[N+]([O-])c1ccc(O)c(C=C2c3cc([N+](=O)[O-])cc([N+](=O)[O-])c3-c3c2cc([N+](=O)[O-])cc3[N+](=O)[O-])c1","O=[N+]([O-])c1ccc(O)c(C=C2c3cc([N+](=O)[O-])cc([N+](=O)[O-])c3-c3c2cc([N+](=O)[O-])cc3[N+](=O)[O-])c1"
"CHEMBL11019","CCC(=C(c1cccc(OC(C)=O)c1)c1cccc(OC(C)=O)c1)c1cccc(OC(C)=O)c1","CCC(=C(c1cccc(OC(C)=O)c1)c1cccc(OC(C)=O)c1)c1cccc(OC(C)=O)c1"
"CHEMBL38797","CC/C(=C(\c1ccccc1)c1ccc(/C=C/C(=O)N(CC)CCN(C)C)cc1)c1ccccc1","CC/C(=C(\c1ccccc1)c1ccc(/C=C/C(=O)N(CC)CCN(C)C)cc1)c1ccccc1"
"CHEMBL303857","CN(C)Cc1cc(C(=C(C#N)c2ccccc2)c2ccc(O)c(CN(C)C)c2)ccc1O","CN(C)Cc1cc(C(=C(C#N)c2ccccc2)c2ccc(O)c(CN(C)C)c2)ccc1O"
"CHEMBL286605","CC(=O)Oc1ccc(C(=C(C)c2ccccc2)c2ccc(OC(C)=O)cc2)cc1","CC(=O)Oc1ccc(C(=C(C)c2ccccc2)c2ccc(OC(C)=O)cc2)cc1"
"CHEMBL90009","Oc1ccc(C2=C(c3ccccc3)Cc3cc(O)ccc32)c(F)c1","Oc1ccc(C2=C(c3ccccc3)Cc3cc(O)ccc32)c(F)c1"
"CHEMBL336011","NS(=O)(=O)c1ccc(C2=C(c3cc(F)c(F)c(F)c3)CCC2)cc1","NS(=O)(=O)c1ccc(C2=C(c3cc(F)c(F)c(F)c3)CCC2)cc1"
"CHEMBL387009","CCc1cccc2c1CNc1c(cccc1CCc1ccccc1)/C=C\2COc1cccc([N+](=O)[O-])c1","CCc1cccc2c1CNc1c(cccc1CCc1ccccc1)/C=C\2COc1cccc([N+](=O)[O-])c1"
"CHEMBL322446","COc1ccc(/C=C(\C#N)c2cc(OC)c(OC)c(OC)c2)cc1","COc1ccc(/C=C(\C#N)c2cc(OC)c(OC)c(OC)c2)cc1"
"CHEMBL466248","CC(C)c1onc(COc2ccccc2)c1COc1ccc(/C=C/c2cccc(C(=O)O)c2)c(Cl)c1","CC(C)c1onc(COc2ccccc2)c1COc1ccc(/C=C/c2cccc(C(=O)O)c2)c(Cl)c1"
"CHEMBL136938","COC(=O)c1ccc(/C=C(/c2ccc3c(c2)C(C)(C)CCS3)C(F)(F)F)cc1","COC(=O)c1ccc(/C=C(/c2ccc3c(c2)C(C)(C)CCS3)C(F)(F)F)cc1"
"CHEMBL101547","CCc1onc(-c2c(Cl)cccc2Cl)c1COc1cc(C)c(/C=C/c2ccc(C(=O)O)cc2)c(C)c1","CCc1onc(-c2c(Cl)cccc2Cl)c1COc1cc(C)c(/C=C/c2ccc(C(=O)O)cc2)c(C)c1"
"CHEMBL225812","CN(C)c1ccc(/C=C/c2ccc3nonc3c2)cc1","CN(C)c1ccc(/C=C/c2ccc3nonc3c2)cc1"
"CHEMBL444805","CC1C(c2ccccc2)=C(c2ccc(S(C)(=O)=O)cc2)ON1C","CC1C(c2ccccc2)=C(c2ccc(S(C)(=O)=O)cc2)ON1C"
"CHEMBL15162","CCC1=C(c2ccccc2)c2ccc(OCC(O)CO)cc2Oc2ccccc21","CCC1=C(c2ccccc2)c2ccc(OCC(O)CO)cc2Oc2ccccc21"
"CHEMBL266816","CC1CCN(C2=Cc3ccccc3Cc3ccc(Cl)cc32)CC1","CC1CCN(C2=Cc3ccccc3Cc3ccc(Cl)cc32)CC1"
"CHEMBL85675","CCN(CC)CCOc1ccc(/C(=C(/Br)c2ccccc2)c2ccc(O)cc2)cc1","CCN(CC)CCOc1ccc(/C(=C(/Br)c2ccccc2)c2ccc(O)cc2)cc1"
"CHEMBL192325","O=C1C(c2ccc(O)cc2)=C(O)c2ccc(O)cc21","O=C1C(c2ccc(O)cc2)=C(O)c2ccc(O)cc21"
"CHEMBL179723","CS(=O)(=O)c1ccc(C=C(c2ccc(F)cc2)c2ccc(F)cc2)cc1","CS(=O)(=O)c1ccc(C=C(c2ccc(F)cc2)c2ccc(F)cc2)cc1"
"CHEMBL199292","COc1ccc(/C(=C\c2ccc(OC)c(OC)c2)CN2CCCC[C@H]2C)cc1","COc1ccc(/C(=C\c2ccc(OC)c(OC)c2)CN2CCCC[C@H]2C)cc1"
"CHEMBL102557","COc1ccc(/C=C(/C=O)c2cc(OC)c(OC)c(OC)c2)cc1","COc1ccc(/C=C(/C=O)c2cc(OC)c(OC)c(OC)c2)cc1"
"CHEMBL496861","CN(C)C(=O)c1ccc2c(c1)NC(=O)/C2=C(\Nc1ccc(CN2CCCCC2)cc1)c1ccccc1","CN(C)C(=O)c1ccc2c(c1)NC(=O)/C2=C(\Nc1ccc(CN2CCCCC2)cc1)c1ccccc1"
"CHEMBL427636","CN(C)CCC1=C(c2ccc(C(C)(C)C)cc2)N2CCCN=C2c2ccccc21","CN(C)CCC1=C(c2ccc(C(C)(C)C)cc2)N2CCCN=C2c2ccccc21"
"CHEMBL450921","O=C(O)CC1=C/C(=C\c2ccc(C(=O)O)cc2)c2ccc(F)cc21","O=C(O)CC1=C/C(=C\c2ccc(C(=O)O)cc2)c2ccc(F)cc21"
"CHEMBL457184","O=C(O)CC1=C/C(=C\c2ccc(F)c3ccccc23)c2ccc(F)cc21","O=C(O)CC1=C/C(=C\c2ccc(F)c3ccccc23)c2ccc(F)cc21"
"CHEMBL364845","CC(=O)NCC(=O)N1c2ccccc2C=Cc2ccccc21","CC(=O)NCC(=O)N1c2ccccc2C=Cc2ccccc21"
"CHEMBL197819","COc1ccc(/C(=C\c2ccc(OC)c(OC)c2)CN2CCCC[C@@H]2C)cc1","COc1ccc(/C(=C\c2ccc(OC)c(OC)c2)CN2CCCC[C@@H]2C)cc1"
"CHEMBL464004","COc1ccc(/C=C\c2cc(O)cc(O[C@@H]3O[C@H](CO)[C@@H](O)[C@H](O)[C@H]3O)c2)cc1","COc1ccc(/C=C\c2cc(O)cc(O[C@@H]3O[C@H](CO)[C@@H](O)[C@H](O)[C@H]3O)c2)cc1"
"CHEMBL514522","O=C1Nc2cc(C(F)(F)F)ccc2/C1=C1\C(=O)Nc2ccc(Cl)cc21","O=C1Nc2cc(C(F)(F)F)ccc2/C1=C1\C(=O)Nc2ccc(Cl)cc21"
"CHEMBL476375","O=C1Nc2cc(C(F)(F)F)ccc2/C1=C1\C(=O)Nc2ccc(F)cc21","O=C1Nc2cc(C(F)(F)F)ccc2/C1=C1\C(=O)Nc2ccc(F)cc21"
"CHEMBL217824","COc1ccc(/C=C\c2cc(OC)c(OC)c(OC)c2[N+](=O)[O-])cc1","COc1ccc(/C=C\c2cc(OC)c(OC)c(OC)c2[N+](=O)[O-])cc1"
"CHEMBL179821","FC(F)(F)c1cccc(/C=C\c2cc(Cl)cc(Cl)c2)c1","FC(F)(F)c1cccc(/C=C\c2cc(Cl)cc(Cl)c2)c1"
"CHEMBL189830","CN(C)CCOc1ccc(/C(=C/c2ccccc2)c2ccccc2)cc1","CN(C)CCOc1ccc(/C(=C/c2ccccc2)c2ccccc2)cc1"
"CHEMBL390533","COc1ccc(/C=C/c2cc(OC)cc(OC)c2CNC2CCCC2)cc1","COc1ccc(/C=C/c2cc(OC)cc(OC)c2CNC2CCCC2)cc1"
"CHEMBL72162","C=C1c2ccccc2C=C(N2CCN(C)CC2)c2cc(Cl)ccc21","C=C1c2ccccc2C=C(N2CCN(C)CC2)c2cc(Cl)ccc21"
"CHEMBL303768","CC1=CC(C)(C)Nc2ccc3c(c21)C(=C(c1ccccc1)c1ccccc1)Oc1ccc(F)cc1-3","CC1=CC(C)(C)Nc2ccc3c(c21)C(=C(c1ccccc1)c1ccccc1)Oc1ccc(F)cc1-3"
"CHEMBL361541","FC(F)(F)c1cccc(/C=C/c2cc(Cl)cc(Cl)c2)c1","FC(F)(F)c1cccc(/C=C/c2cc(Cl)cc(Cl)c2)c1"
"CHEMBL190440","COC(=O)/C=C/c1cccc(N(Cc2ccc(/C=C/c3ccccc3F)cc2)C(=O)NC(C)C)c1","COC(=O)/C=C/c1cccc(N(Cc2ccc(/C=C/c3ccccc3F)cc2)C(=O)NC(C)C)c1"
"CHEMBL56576","Cc1ccc(C)c(/C=C/c2cc(C)c(O)c(C)c2)c1","Cc1ccc(C)c(/C=C/c2cc(C)c(O)c(C)c2)c1"
"CHEMBL180216","Oc1ccc(/C=C/c2ccc3ccccc3c2)cc1","Oc1ccc(/C=C/c2ccc3ccccc3c2)cc1"
"CHEMBL440541","O=C1c2ccccc2C(=Cc2ccc(F)cc2)c2ccccc21","O=C1c2ccccc2C(=Cc2ccc(F)cc2)c2ccccc21"
"CHEMBL326023","COc1ccc2c(c1)OC(c1ccc(OCCN3CCCCC3)cc1)C(c1ccccc1)=C2","COc1ccc2c(c1)OC(c1ccc(OCCN3CCCCC3)cc1)C(c1ccccc1)=C2"
"CHEMBL179749","COc1ccc(/C=C\c2ccc3ccccc3c2)cc1N","COc1ccc(/C=C\c2ccc3ccccc3c2)cc1N"
"CHEMBL104367","CC/C(=C(/c1ccc(O)cc1)c1cccc(OCC(=O)O)c1)c1ccccc1","CC/C(=C(/c1ccc(O)cc1)c1cccc(OCC(=O)O)c1)c1ccccc1"
"CHEMBL335282","COc1ccc(C=C2c3cccc(O)c3C(=O)c3c(O)cccc32)cc1OC","COc1ccc(C=C2c3cccc(O)c3C(=O)c3c(O)cccc32)cc1OC"
"CHEMBL82022","COc1ccc(/C=C(\C#N)c2ccc(OC)cc2)cc1","COc1ccc(/C=C(\C#N)c2ccc(OC)cc2)cc1"
"CHEMBL225116","COc1cc(C2=C(c3ccc(SC)cc3)CC(O)/C2=N/O)cc(OC)c1OC","COc1cc(C2=C(c3ccc(SC)cc3)CC(O)/C2=N/O)cc(OC)c1OC"
"CHEMBL388150","COc1ccc(C2=C(c3cc(OC)c(OC)c(OC)c3)C(=O)C(OC(C)=O)C2)cc1","COc1ccc(C2=C(c3cc(OC)c(OC)c(OC)c3)C(=O)C(OC(C)=O)C2)cc1"
"CHEMBL222241","CC(=O)OC1C/C(=N/O)C(c2ccccc2)=C1c1ccccc1","CC(=O)OC1C/C(=N/O)C(c2ccccc2)=C1c1ccccc1"
"CHEMBL199043","O=C1Oc2ccccc2/C1=C\c1ccc(OC(=O)c2ccccc2)cc1","O=C1Oc2ccccc2/C1=C\c1ccc(OC(=O)c2ccccc2)cc1"
"CHEMBL222336","COc1ccc(C2=C(c3cc(OC)c(OC)c(OC)c3)/C(=N\O)CC2O)cc1","COc1ccc(C2=C(c3cc(OC)c(OC)c(OC)c3)/C(=N\O)CC2O)cc1"
"CHEMBL221499","COc1ccc(C2=C(c3cc(OC)c(OC)c(OC)c3)C(=O)C(O[SiH2]C(C)(C)C)C2)cc1","COc1ccc(C2=C(c3cc(OC)c(OC)c(OC)c3)C(=O)C(O[SiH2]C(C)(C)C)C2)cc1"
"CHEMBL224936","COc1ccc(C2=C(c3cc(OC)c(OC)c(OC)c3)/C(=N\O)C(O)C2)cc1","COc1ccc(C2=C(c3cc(OC)c(OC)c(OC)c3)/C(=N\O)C(O)C2)cc1"
"CHEMBL109802","OC[C@H]1O[C@@H](Oc2cc(/C=C/c3cc(O)cc(O)c3)ccc2O)[C@H](O)[C@@H](O)[C@@H]1O","OC[C@H]1O[C@@H](Oc2cc(/C=C/c3cc(O)cc(O)c3)ccc2O)[C@H](O)[C@@H](O)[C@@H]1O"
"CHEMBL313685","CC/C(=C(\c1ccc(Br)cc1)c1ccc(OCCN(C)C)cc1)c1ccccc1","CC/C(=C(\c1ccc(Br)cc1)c1ccc(OCCN(C)C)cc1)c1ccccc1"
"CHEMBL334586","CC1=CC(C)(C)Nc2ccc3c(c21)/C(=C/c1ccccc1Br)Oc1ccc(F)cc1-3","CC1=CC(C)(C)Nc2ccc3c(c21)/C(=C/c1ccccc1Br)Oc1ccc(F)cc1-3"
"CHEMBL78319","CCOc1ccc(/C=C/c2cc(OC)c(OC)c(OC)c2)cc1","CCOc1ccc(/C=C/c2cc(OC)c(OC)c(OC)c2)cc1"
"CHEMBL192466","COc1cc(/C=C\c2ccc(C(=O)O)cc2)cc(OC)c1OC","COc1cc(/C=C\c2ccc(C(=O)O)cc2)cc(OC)c1OC"
"CHEMBL511492","Fc1ccc(C2=C(c3ccc(OCCN4CCCC4)cc3)c3ccc(F)cc3OCC2)cc1","Fc1ccc(C2=C(c3ccc(OCCN4CCCC4)cc3)c3ccc(F)cc3OCC2)cc1"
"CHEMBL499861","Oc1ccc(/C=C/c2cc(O)cc3c2[C@@H](c2cc(O)cc4c2[C@H](c2cc(O)cc5c2[C@@H](c2cc(O)cc(O)c2)[C@H](c2ccc(O)cc2)O5)[C@@H](c2ccc(O)cc2)O4)[C@H](c2ccc(O)cc2)O3)cc1","Oc1ccc(/C=C/c2cc(O)cc3c2[C@@H](c2cc(O)cc4c2[C@H](c2cc(O)cc5c2[C@@H](c2cc(O)cc(O)c2)[C@H](c2ccc(O)cc2)O5)[C@@H](c2ccc(O)cc2)O4)[C@H](c2ccc(O)cc2)O3)cc1"
"CHEMBL361212","FC(F)(F)c1ccc(/C=C/c2cc(C(F)(F)F)cc(C(F)(F)F)c2)cc1","FC(F)(F)c1ccc(/C=C/c2cc(C(F)(F)F)cc(C(F)(F)F)c2)cc1"
"CHEMBL75048","O=C(O)c1ccc2c(c1)OCC(c1ccc(O)c(C34C[C@H]5C[C@@H](C3)C[C@@H](C4)C5)c1)=C2","O=C(O)c1ccc2c(c1)OCC(c1ccc(O)c(C34C[C@H]5C[C@@H](C3)C[C@@H](C4)C5)c1)=C2"
"CHEMBL242853","O=C(O)c1cc(/C=C/c2c(F)c(F)c(/C=C/c3ccc(O)c(C(=O)O)c3)c(F)c2F)ccc1O","O=C(O)c1cc(/C=C/c2c(F)c(F)c(/C=C/c3ccc(O)c(C(=O)O)c3)c(F)c2F)ccc1O"
"CHEMBL438335","COc1cc2c(cc1OC)/C(=C\c1ccc(NC(=O)Nc3ccc(N(C)C)cc3)cc1)C(=O)N2","COc1cc2c(cc1OC)/C(=C\c1ccc(NC(=O)Nc3ccc(N(C)C)cc3)cc1)C(=O)N2"
"CHEMBL130728","N#Cc1ccc(C=C2c3cccc(O)c3C(=O)c3c(O)cccc32)cc1","N#Cc1ccc(C=C2c3cccc(O)c3C(=O)c3c(O)cccc32)cc1"
"CHEMBL43741","COc1cc(/C=C/c2cc(OC)c(OC)c(OC)c2)cc(OC)c1","COc1cc(/C=C/c2cc(OC)c(OC)c(OC)c2)cc(OC)c1"
"CHEMBL362265","COc1cccc(/C=C\c2cc(Cl)cc(Cl)c2)c1","COc1cccc(/C=C\c2cc(Cl)cc(Cl)c2)c1"
"CHEMBL366280","CCCCCSCCCCCCCCCC/C(=C(/CC)c1ccc(O)cc1)c1ccc(O)cc1","CCCCCSCCCCCCCCCC/C(=C(/CC)c1ccc(O)cc1)c1ccc(O)cc1"
"CHEMBL466318","CC(C)c1onc(-c2ccc(S(C)(=O)=O)cc2Cl)c1COc1ccc(/C=C/c2cccc(C(=O)O)c2)c(Cl)c1","CC(C)c1onc(-c2ccc(S(C)(=O)=O)cc2Cl)c1COc1ccc(/C=C/c2cccc(C(=O)O)c2)c(Cl)c1"
"CHEMBL90277","Cc1cccc2c1/C(=C/c1ccc(N3CCOCC3)cc1)C(=O)N2","Cc1cccc2c1/C(=C/c1ccc(N3CCOCC3)cc1)C(=O)N2"
"CHEMBL378103","Cc1n(O)c2ccc(/C=C/c3ccccc3)cc2[n+]1[O-]","Cc1n(O)c2ccc(/C=C/c3ccccc3)cc2[n+]1[O-]"
"CHEMBL189735","COC(=O)/C=C/c1cccc(N(Cc2ccc(/C=C/c3c(Cl)cccc3Cl)cc2)C(=O)C2CCCCC2)c1","COC(=O)/C=C/c1cccc(N(Cc2ccc(/C=C/c3c(Cl)cccc3Cl)cc2)C(=O)C2CCCCC2)c1"
"CHEMBL370265","CC/C(=C(\c1ccccc1)c1ccc(S(C)(=O)=O)cc1)c1ccc(OC(C)=O)cc1","CC/C(=C(\c1ccccc1)c1ccc(S(C)(=O)=O)cc1)c1ccc(OC(C)=O)cc1"
"CHEMBL441240","O=C(/C(=C\c1ccccc1)c1ccccc1)c1ccc(O)cc1","O=C(/C(=C\c1ccccc1)c1ccccc1)c1ccc(O)cc1"
"CHEMBL67837","CC1=C(c2ccc(O)cc2)[C@@H](c2ccc(OCCN3CCCCC3)cc2)Oc2cc(O)ccc21","CC1=C(c2ccc(O)cc2)[C@@H](c2ccc(OCCN3CCCCC3)cc2)Oc2cc(O)ccc21"
"CHEMBL216956","COc1ccc(/C=C\c2cc(OC)c(OC)c(OC)c2N)cc1N","COc1ccc(/C=C\c2cc(OC)c(OC)c(OC)c2N)cc1N"
"CHEMBL103307","O=C1Nc2ccccc2/C1=C\c1ccc(O)cc1","O=C1Nc2ccccc2/C1=C\c1ccc(O)cc1"
"CHEMBL258268","CNc1ccc(/C=C/c2ccc(-c3nc4cc(OCCCF)ccc4o3)cc2)cc1","CNc1ccc(/C=C/c2ccc(-c3nc4cc(OCCCF)ccc4o3)cc2)cc1"
"CHEMBL429322","Nc1ccc(/C=C/c2ccc(-c3nc4cc(OCCCF)ccc4o3)cc2)cc1","Nc1ccc(/C=C/c2ccc(-c3nc4cc(OCCCF)ccc4o3)cc2)cc1"
"CHEMBL390304","NCCCNCCCCNCCCNC(=O)N1c2ccccc2C=Cc2ccccc21","NCCCNCCCCNCCCNC(=O)N1c2ccccc2C=Cc2ccccc21"
"CHEMBL459765","COc1cc(/C=C/c2ccc(NC(=O)[C@H](C)NP(=O)(OC(C)C)OC(C)C)cc2)cc(OC)c1","COc1cc(/C=C/c2ccc(NC(=O)[C@H](C)NP(=O)(OC(C)C)OC(C)C)cc2)cc(OC)c1"
"CHEMBL177719","CCCCCC(=C(c1ccccc1)c1ccccc1)c1ccc(S(=O)(=O)OC)cc1","CCCCCC(=C(c1ccccc1)c1ccccc1)c1ccc(S(=O)(=O)OC)cc1"
"CHEMBL78545","C[Si](C)(C)c1ccc(C2=Cc3ccccc3C3=NCCN23)cc1","C[Si](C)(C)c1ccc(C2=Cc3ccccc3C3=NCCN23)cc1"
"CHEMBL227066","[O-][n+]1onc2cc(/C=C/c3ccc(C(F)(F)F)cc3)ccc21","[O-][n+]1onc2cc(/C=C/c3ccc(C(F)(F)F)cc3)ccc21"
"CHEMBL354660","CC/C(=C(/c1ccc(I)cc1)c1ccc(OCCN2CCCC2)cc1)c1ccc(O)cc1","CC/C(=C(/c1ccc(I)cc1)c1ccc(OCCN2CCCC2)cc1)c1ccc(O)cc1"
"CHEMBL8636","Cc1ccc(/C=C/c2cc(C(C)(C)C)c(O)c(C(C)(C)C)c2)cc1","Cc1ccc(/C=C/c2cc(C(C)(C)C)c(O)c(C(C)(C)C)c2)cc1"
"CHEMBL532557","CS(=O)(=O)c1ccc2c(c1)CCN(CCC1CCC(NC(=O)C(=Cc3ccc(Cl)cc3Cl)c3ccc(-c4ccccc4)cc3)CC1)CC2","CS(=O)(=O)c1ccc2c(c1)CCN(CCC1CCC(NC(=O)C(=Cc3ccc(Cl)cc3Cl)c3ccc(-c4ccccc4)cc3)CC1)CC2"
"CHEMBL328521","CC1(C)C(c2ccc(S(C)(=O)=O)cc2)=C(c2ccccc2)C1O","CC1(C)C(c2ccc(S(C)(=O)=O)cc2)=C(c2ccccc2)C1O"
"CHEMBL421891","CCCNC(=O)c1cc(/C=C/c2ccc(F)cc2)ccc1-c1ccc(Cl)cc1","CCCNC(=O)c1cc(/C=C/c2ccc(F)cc2)ccc1-c1ccc(Cl)cc1"
"CHEMBL167357","CC1(C)OC(c2ccc(S(N)(=O)=O)cc2F)=C(c2cc(F)cc(F)c2)C1=O","CC1(C)OC(c2ccc(S(N)(=O)=O)cc2F)=C(c2cc(F)cc(F)c2)C1=O"
"CHEMBL309876","C1=C(c2ccc3ccccc3c2)N2CCN=C2c2ccccc21","C1=C(c2ccc3ccccc3c2)N2CCN=C2c2ccccc21"
"CHEMBL10448","O=C(O)Cc1ccc2c(c1)C=Cc1ccc(Cl)cc1O2","O=C(O)Cc1ccc2c(c1)C=Cc1ccc(Cl)cc1O2"
"CHEMBL297804","CSc1ccc(C2=C(c3ccc(F)cc3)C(=O)N3CCCC3C2)cc1","CSc1ccc(C2=C(c3ccc(F)cc3)C(=O)N3CCCC3C2)cc1"
"CHEMBL29525","CC/C(=C(/c1ccccc1)c1ccc(OC(C)=O)c(OC(C)=O)c1)c1ccc(OC(C)=O)c(OC(C)=O)c1","CC/C(=C(/c1ccccc1)c1ccc(OC(C)=O)c(OC(C)=O)c1)c1ccc(OC(C)=O)c(OC(C)=O)c1"
"CHEMBL208559","COc1cc(/C=C\c2ccc3cc[nH]c3c2)cc(OC)c1OC","COc1cc(/C=C\c2ccc3cc[nH]c3c2)cc(OC)c1OC"
"CHEMBL219439","COc1ccc(/C=C2/c3ccccc3C(=O)c3ccsc32)c(OC)c1O","COc1ccc(/C=C2/c3ccccc3C(=O)c3ccsc32)c(OC)c1O"
"CHEMBL196213","COc1ccc(S(=O)(=O)OCC(CO)COc2ccc(/C=C/c3ccc(N(C)C)cc3)cc2)cc1","COc1ccc(S(=O)(=O)OCC(CO)COc2ccc(/C=C/c3ccc(N(C)C)cc3)cc2)cc1"
"CHEMBL16669","O=C1NCc2c(-c3ccccc3)cc3[nH]c4ccc(/C=C/c5ccccc5)cc4c3c21","O=C1NCc2c(-c3ccccc3)cc3[nH]c4ccc(/C=C/c5ccccc5)cc4c3c21"
"CHEMBL298024","COc1ccccc1C1=C(c2ccc(S(C)(=O)=O)cc2)OC(C)(C)C1=O","COc1ccccc1C1=C(c2ccc(S(C)(=O)=O)cc2)OC(C)(C)C1=O"
"CHEMBL10997","CCC(=C(c1ccc(OC(C)=O)cc1)c1ccc(OC(C)=O)cc1)c1ccc(OC(C)=O)cc1","CCC(=C(c1ccc(OC(C)=O)cc1)c1ccc(OC(C)=O)cc1)c1ccc(OC(C)=O)cc1"
"CHEMBL11374","CC/C(=C(/Cc1ccc(OCN(C)C)cc1)c1ccccc1)c1ccccc1","CC/C(=C(/Cc1ccc(OCN(C)C)cc1)c1ccccc1)c1ccccc1"
"CHEMBL48332","CS(=O)(=O)c1ccc(C2=C(c3ccccc3)C(=O)N(c3ccc(F)cc3)C2)cc1","CS(=O)(=O)c1ccc(C2=C(c3ccccc3)C(=O)N(c3ccc(F)cc3)C2)cc1"
"CHEMBL11325","CC/C(=C(\Cc1ccccc1)c1ccc(OCN2CCCC2)cc1)c1ccccc1","CC/C(=C(\Cc1ccccc1)c1ccc(OCN2CCCC2)cc1)c1ccccc1"
"CHEMBL441035","COc1cc(/C=C/c2cc(OC)cc(OC)c2)cc(OC)c1","COc1cc(/C=C/c2cc(OC)cc(OC)c2)cc(OC)c1"
"CHEMBL518587","O=C(O)/C(=C/c1ccccc1O)c1ccccc1","O=C(O)/C(=C/c1ccccc1O)c1ccccc1"
"CHEMBL125587","COC(=O)c1ccc(/C=C(\C)c2ccc3c(c2)C(C)(C)CCS3)cc1","COC(=O)c1ccc(/C=C(\C)c2ccc3c(c2)C(C)(C)CCS3)cc1"
"CHEMBL274853","CCCCCC(=O)c1cccc(/C=C/c2ccccc2)c1","CCCCCC(=O)c1cccc(/C=C/c2ccccc2)c1"
"CHEMBL352854","CCC1(C)OC(c2ccc(S(C)(=O)=O)cc2)=C(c2cccc(C(F)(F)F)c2)C1=O","CCC1(C)OC(c2ccc(S(C)(=O)=O)cc2)=C(c2cccc(C(F)(F)F)c2)C1=O"
"CHEMBL489156","COc1cc(OC)c(/C=C2/C(=O)Nc3ccccc32)c(OC)c1","COc1cc(OC)c(/C=C2/C(=O)Nc3ccccc32)c(OC)c1"
"CHEMBL74707","COc1ccc(/C=C\c2cc(OC)c(OC(C)=O)c(OC)c2)cc1","COc1ccc(/C=C\c2cc(OC)c(OC(C)=O)c(OC)c2)cc1"
"CHEMBL382323","O=C1Nc2ccccc2/C1=C\c1cccc(O)c1","O=C1Nc2ccccc2/C1=C\c1cccc(O)c1"
"CHEMBL192326","O=C1C(c2ccc(O)cc2)=C(O)c2cc(O)cc(O)c21","O=C1C(c2ccc(O)cc2)=C(O)c2cc(O)cc(O)c21"
"CHEMBL363681","COc1ccc(/C=C\c2cc(OC)c(OC)c(OC)c2)cc1N(CCO)CCO","COc1ccc(/C=C\c2cc(OC)c(OC)c(OC)c2)cc1N(CCO)CCO"
"CHEMBL508741","COc1ccc2c(c1)CCCC(c1cc(OC)c(OC)c(OC)c1)=C2","COc1ccc2c(c1)CCCC(c1cc(OC)c(OC)c(OC)c1)=C2"
"CHEMBL247930","COc1cc(/C=C/c2cccc(/C=C/c3ccc(N)c(OC)c3)c2)ccc1N","COc1cc(/C=C/c2cccc(/C=C/c3ccc(N)c(OC)c3)c2)ccc1N"
"CHEMBL344644","CC1=CC(C)(C)Nc2ccc3c(c21)/C(=C/c1c(F)cccc1F)Oc1ccccc1-3","CC1=CC(C)(C)Nc2ccc3c(c21)/C(=C/c1c(F)cccc1F)Oc1ccccc1-3"
"CHEMBL72732","CC/C(=C(/CC)c1ccc(O)c(O)c1)c1ccc(O)cc1","CC/C(=C(/CC)c1ccc(O)c(O)c1)c1ccc(O)cc1"
"CHEMBL387031","CCc1cccc2c1CNc1c(cccc1CCc1ccccc1)/C=C\2COc1ccc(OC)cc1","CCc1cccc2c1CNc1c(cccc1CCc1ccccc1)/C=C\2COc1ccc(OC)cc1"
"CHEMBL240342","CC/C(=C(/c1ccc(Br)cc1)c1ccc(OCCN)cc1)c1ccccc1","CC/C(=C(/c1ccc(Br)cc1)c1ccc(OCCN)cc1)c1ccccc1"
"CHEMBL445702","COc1cc(O)cc(/C=C/c2ccccc2)c1CC=C(C)C","COc1cc(O)cc(/C=C/c2ccccc2)c1CC=C(C)C"
"CHEMBL81715","Oc1ccc(C2=Cc3ccccc3C3=NCCN23)cc1","Oc1ccc(C2=Cc3ccccc3C3=NCCN23)cc1"
"CHEMBL93596","O=[N+]([O-])c1ccc(OCc2ccsc2)cc1/C=C(/CO)c1ccccc1","O=[N+]([O-])c1ccc(OCc2ccsc2)cc1/C=C(/CO)c1ccccc1"
"CHEMBL190025","CCSC1=C(c2ccc(O)cc2)C(=O)c2cc(O)cc(O)c21","CCSC1=C(c2ccc(O)cc2)C(=O)c2cc(O)cc(O)c21"
"CHEMBL466358","COc1ccc(/C(F)=C/c2cc(OC)c(OC)c(OC)c2)cc1N","COc1ccc(/C(F)=C/c2cc(OC)c(OC)c(OC)c2)cc1N"
"CHEMBL310855","NC(=O)C(Cc1ccccc1)NC(=O)c1ccccc1/C=C/c1cccc2ccccc12","NC(=O)C(Cc1ccccc1)NC(=O)c1ccccc1/C=C/c1cccc2ccccc12"
"CHEMBL48675","N#Cc1ccc(C2=C(c3ccc(O)cc3)c3ccc(O)cc3C2)cc1","N#Cc1ccc(C2=C(c3ccc(O)cc3)c3ccc(O)cc3C2)cc1"
"CHEMBL433317","CCC[C@H]1Cc2cc(O)ccc2C2=C1c1ccc(O)cc1C[C@@H]2CCC","CCC[C@H]1Cc2cc(O)ccc2C2=C1c1ccc(O)cc1C[C@@H]2CCC"
"CHEMBL374139","COc1ccc(/C=C2/c3ccccc3C(=O)c3ccsc32)cc1OC","COc1ccc(/C=C2/c3ccccc3C(=O)c3ccsc32)cc1OC"
"CHEMBL114890","Cc1ccc(NC(=O)CCC2CCCCC2)cc1/C=C(\C#N)c1ccc2c(c1)OCO2","Cc1ccc(NC(=O)CCC2CCCCC2)cc1/C=C(\C#N)c1ccc2c(c1)OCO2"
"CHEMBL460742","CN1CCN(c2ccccc2/C=C2/C(=O)Nc3ccccc32)CC1","CN1CCN(c2ccccc2/C=C2/C(=O)Nc3ccccc32)CC1"
"CHEMBL194766","COc1ccc(/C=C/c2cc(OC)c(OC)c(OC)c2)cc1OCCCO","COc1ccc(/C=C/c2cc(OC)c(OC)c(OC)c2)cc1OCCCO"
"CHEMBL310238","Fc1ccccc1C1=Cc2ccccc2C2=NCCN12","Fc1ccccc1C1=Cc2ccccc2C2=NCCN12"
"CHEMBL512217","COc1ccc(/C=C\c2ccc3c(c2)C(C)(C)CCC3(C)C)cc1O","COc1ccc(/C=C\c2ccc3c(c2)C(C)(C)CCC3(C)C)cc1O"
"CHEMBL490482","Oc1cc(O)cc(/C=C/c2cccc(F)c2)c1","Oc1cc(O)cc(/C=C/c2cccc(F)c2)c1"
"CHEMBL487587","Oc1cc(O)cc(/C=C/c2ccc3ccccc3c2)c1","Oc1cc(O)cc(/C=C/c2ccc3ccccc3c2)c1"
"CHEMBL279249","CS(=O)(=O)c1ccc(C2=C(c3ccc(F)c(F)c3)C(=O)CC2)cc1","CS(=O)(=O)c1ccc(C2=C(c3ccc(F)c(F)c3)C(=O)CC2)cc1"
"CHEMBL67727","CN(C)Cc1cc(/C(=C(\C#N)c2ccccc2)c2ccc(O)cc2)ccc1O","CN(C)Cc1cc(/C(=C(\C#N)c2ccccc2)c2ccc(O)cc2)ccc1O"
"CHEMBL474731","COc1ccc(/C=C(/c2cc(OC)cc(OC)c2)C(F)(F)F)cc1","COc1ccc(/C=C(/c2cc(OC)cc(OC)c2)C(F)(F)F)cc1"
"CHEMBL150510","COc1ccc(/C=C\c2cc(OC)c3c(c2)OCO3)cc1NC(=O)C(N)Cc1ccc(O)cc1","COc1ccc(/C=C\c2cc(OC)c3c(c2)OCO3)cc1NC(=O)C(N)Cc1ccc(O)cc1"
"CHEMBL148177","CC(=O)Oc1ccc(/C(=C\c2ccccc2)C(=O)c2ccccc2)cc1","CC(=O)Oc1ccc(/C(=C\c2ccccc2)C(=O)c2ccccc2)cc1"
"CHEMBL378162","O=C1Nc2cc(O)ccc2/C1=C\c1cccc(O)c1","O=C1Nc2cc(O)ccc2/C1=C\c1cccc(O)c1"
"CHEMBL115451","COC(=O)c1cc(C=C2c3ccccc3C(=O)c3ccccc32)ccc1O","COC(=O)c1cc(C=C2c3ccccc3C(=O)c3ccccc32)ccc1O"
"CHEMBL377088","O=C1c2ccccc2C(O)C1C1c2ccccc2C=Cc2ccccc21","O=C1c2ccccc2C(O)C1C1c2ccccc2C=Cc2ccccc21"
"CHEMBL433372","Oc1ccc(C2=Cc3cc(O)ccc3C2CCCCCCN2CCCCC2)cc1","Oc1ccc(C2=Cc3cc(O)ccc3C2CCCCCCN2CCCCC2)cc1"
"CHEMBL6718","CC/C(=C(\c1ccc(I)cc1)c1ccc(OCCCCCCCCN(C)C)cc1)c1ccccc1","CC/C(=C(\c1ccc(I)cc1)c1ccc(OCCCCCCCCN(C)C)cc1)c1ccccc1"
"CHEMBL282979","COc1ccc(/C=C/c2ccccc2C(=O)NC(C=O)Cc2ccccc2)cc1OC","COc1ccc(/C=C/c2ccccc2C(=O)NC(C=O)Cc2ccccc2)cc1OC"
"CHEMBL232243","COc1cc(/C=C/c2cc(O)c(C/C=C(\C)CCC=C(C)C)c(O)c2)cc2c1O[C@]1(C)C[C@@H](O)[C@@H](O)C(C)(C)[C@H]1C2","COc1cc(/C=C/c2cc(O)c(C/C=C(\C)CCC=C(C)C)c(O)c2)cc2c1O[C@]1(C)C[C@@H](O)[C@@H](O)C(C)(C)[C@H]1C2"
"CHEMBL485642","COC(=O)c1ccc2c(c1)NC(=O)/C2=C(\Nc1cccc(C(=O)N(C)CCN(C)C)c1)c1ccccc1","COC(=O)c1ccc2c(c1)NC(=O)/C2=C(\Nc1cccc(C(=O)N(C)CCN(C)C)c1)c1ccccc1"
"CHEMBL184374","CC/C(=C\c1ccc(C)cc1)c1ccc(S(C)(=O)=O)cc1","CC/C(=C\c1ccc(C)cc1)c1ccc(S(C)(=O)=O)cc1"
"CHEMBL200933","COc1cc(-c2ccc3c(c2)NC(=O)/C3=C\c2cccc(OC)c2OC)ccc1O","COc1cc(-c2ccc3c(c2)NC(=O)/C3=C\c2cccc(OC)c2OC)ccc1O"
"CHEMBL381410","O=C1Oc2ccc(O)cc2/C1=C\c1ccccc1","O=C1Oc2ccc(O)cc2/C1=C\c1ccccc1"
"CHEMBL186237","COc1ccccc1C1=C(c2ccc(OCCN(C)C)cc2)c2ccccc2OCC1","COc1ccccc1C1=C(c2ccc(OCCN(C)C)cc2)c2ccccc2OCC1"
"CHEMBL441231","Cc1cc2c(cc1/C=C/c1ccc(C(=O)O)cc1)C(C)(C)CCC2(C)C","Cc1cc2c(cc1/C=C/c1ccc(C(=O)O)cc1)C(C)(C)CCC2(C)C"
"CHEMBL371777","CC1=C(c2ccc(O)cc2)C(=O)c2cc(O)ccc21","CC1=C(c2ccc(O)cc2)C(=O)c2cc(O)ccc21"
"CHEMBL375438","O=S(=O)(Oc1ccccc1)C1CC2OC1C(c1cccc(O)c1)=C2c1ccc(O)cc1","O=S(=O)(Oc1ccccc1)C1CC2OC1C(c1cccc(O)c1)=C2c1ccc(O)cc1"
"CHEMBL86745","CCN(CC)CCCCCCC1C(c2ccc(O)cc2)=C(C)c2cc(O)ccc21","CCN(CC)CCCCCCC1C(c2ccc(O)cc2)=C(C)c2cc(O)ccc21"
"CHEMBL355875","CCC1(CC)OC(c2ccc(S(C)(=O)=O)cc2)=C(c2cccc(C)c2)C1=O","CCC1(CC)OC(c2ccc(S(C)(=O)=O)cc2)=C(c2cccc(C)c2)C1=O"
"CHEMBL349666","COc1cccc(C2=C(c3cc(OC)c(OC)c(OC)c3)C(=O)OC2)c1","COc1cccc(C2=C(c3cc(OC)c(OC)c(OC)c3)C(=O)OC2)c1"
"CHEMBL106521","COc1cc(CCc2ccc(C3=Cc4ccccc4C4=NCCCN34)cc2)cc(OC)c1OC","COc1cc(CCc2ccc(C3=Cc4ccccc4C4=NCCCN34)cc2)cc(OC)c1OC"
"CHEMBL18797","CSc1ccc(/C=C2/C(C)=C(CC(=O)O)c3cc(F)ccc32)cc1","CSc1ccc(/C=C2/C(C)=C(CC(=O)O)c3cc(F)ccc32)cc1"
"CHEMBL328616","CC(=O)Oc1ccccc1C1=C(c2ccc(S(C)(=O)=O)cc2)COC1=O","CC(=O)Oc1ccccc1C1=C(c2ccc(S(C)(=O)=O)cc2)COC1=O"
"CHEMBL76233","C/C(=C\c1ccc(C(=O)O)cc1)c1ccc2c(c1)C(C)(C)CCC2","C/C(=C\c1ccc(C(=O)O)cc1)c1ccc2c(c1)C(C)(C)CCC2"
"CHEMBL142945","Oc1ccc(/C=C/c2cc(O)c(I)c(O)c2)cc1","Oc1ccc(/C=C/c2cc(O)c(I)c(O)c2)cc1"
"CHEMBL144357","O=C(/C(=C\c1ccc(O)cc1)c1ccccc1)c1ccc(O)cc1","O=C(/C(=C\c1ccc(O)cc1)c1ccccc1)c1ccc(O)cc1"
"CHEMBL247111","CCO[C@@H](Cc1ccc(OC/C=C/c2cc(/C=C/c3ccccc3)cc(/C=C/c3ccccc3)c2)cc1)C(=O)O","CCO[C@@H](Cc1ccc(OC/C=C/c2cc(/C=C/c3ccccc3)cc(/C=C/c3ccccc3)c2)cc1)C(=O)O"
"CHEMBL390532","COc1ccc(/C=C/c2cc(OC)cc(OC)c2/C=N/C2CCCCC2)cc1","COc1ccc(/C=C/c2cc(OC)cc(OC)c2/C=N/C2CCCCC2)cc1"
"CHEMBL48821","Oc1ccc(C2=C(c3ccc(Br)cc3)Cc3cc(O)ccc32)cc1","Oc1ccc(C2=C(c3ccc(Br)cc3)Cc3cc(O)ccc32)cc1"
"CHEMBL442233","OCc1ccc(/C=C/c2ccc(O)c(O)c2)cc1","OCc1ccc(/C=C/c2ccc(O)c(O)c2)cc1"
"CHEMBL502484","COc1ccc(/C=C\c2cc(OC)c3occc3c2)cc1O","COc1ccc(/C=C\c2cc(OC)c3occc3c2)cc1O"
"CHEMBL466641","CC(C)c1onc(COc2c(Cl)cc(Cl)cc2Cl)c1COc1ccc(/C=C/c2cccc(C(=O)O)c2)c(Cl)c1","CC(C)c1onc(COc2c(Cl)cc(Cl)cc2Cl)c1COc1ccc(/C=C/c2cccc(C(=O)O)c2)c(Cl)c1"
"CHEMBL166406","CCC1(C)OC(c2ccc(S(C)(=O)=O)cc2)=C(c2cccc(Cl)c2)C1=O","CCC1(C)OC(c2ccc(S(C)(=O)=O)cc2)=C(c2cccc(Cl)c2)C1=O"
"CHEMBL249485","COc1ccc(C2=C(c3ccc(C)cc3)C(=O)N3CCCC3C2)cc1","COc1ccc(C2=C(c3ccc(C)cc3)C(=O)N3CCCC3C2)cc1"
"CHEMBL88493","COc1c(Cl)cc(C2=C(c3ccc(S(N)(=O)=O)cc3)CC3(CC3)C2)cc1Cl","COc1c(Cl)cc(C2=C(c3ccc(S(N)(=O)=O)cc3)CC3(CC3)C2)cc1Cl"
"CHEMBL63770","N=C(N)c1ccc(/C=C\c2ccc3c(c2)CCN(CC(=O)O)C3=O)cc1","N=C(N)c1ccc(/C=C\c2ccc3c(c2)CCN(CC(=O)O)C3=O)cc1"
"CHEMBL338105","CS(=O)(=O)c1ccc(C2=C(c3ccc(C#N)cc3)CCC2)cc1","CS(=O)(=O)c1ccc(C2=C(c3ccc(C#N)cc3)CCC2)cc1"
"CHEMBL398751","COc1ccc(C2=C(c3cccc(NCCCCCC(=O)OC(=O)CCCC[C@@H]4SC[C@@H]5NC(=O)N[C@@H]54)c3)C(=O)N3CCCC3C2)cc1","COc1ccc(C2=C(c3cccc(NCCCCCC(=O)OC(=O)CCCC[C@@H]4SC[C@@H]5NC(=O)N[C@@H]54)c3)C(=O)N3CCCC3C2)cc1"
"CHEMBL103212","COc1ccc(/C=C2/C(=O)Nc3ccccc32)cc1C(C)(C)C","COc1ccc(/C=C2/C(=O)Nc3ccccc32)cc1C(C)(C)C"
"CHEMBL477753","COc1cc(/C=C/c2ccc(O)cc2)cc(O[C@@H]2O[C@H](CO[C@@H]3O[C@@H](C)[C@H](O)[C@@H](O)[C@H]3O)[C@@H](O)[C@H](O)[C@H]2O)c1","COc1cc(/C=C/c2ccc(O)cc2)cc(O[C@@H]2O[C@H](CO[C@@H]3O[C@@H](C)[C@H](O)[C@@H](O)[C@H]3O)[C@@H](O)[C@H](O)[C@H]2O)c1"
"CHEMBL76282","CCCC[C@@H]1C(c2ccc(O)cc2)=C(CC)c2ccc(O)cc21","CCCC[C@@H]1C(c2ccc(O)cc2)=C(CC)c2ccc(O)cc21"
"CHEMBL318034","CN(C(=O)C1C(c2ccccc2)=C1c1ccc(Cl)cc1)[C@H]1CCCC[C@@H]1N1CCCC1","CN(C(=O)C1C(c2ccccc2)=C1c1ccc(Cl)cc1)[C@H]1CCCC[C@@H]1N1CCCC1"
"CHEMBL487532","CN1CCN(c2ccc(N/C=C3\C(=O)NC(=O)c4ccc(/C=C/c5ccccc5)cc43)cc2)CC1","CN1CCN(c2ccc(N/C=C3\C(=O)NC(=O)c4ccc(/C=C/c5ccccc5)cc43)cc2)CC1"
"CHEMBL139631","COc1cccc(/C=C2\Oc3ccccc3-c3ccc4c(c32)C(C)=CC(C)(C)N4)c1","COc1cccc(/C=C2\Oc3ccccc3-c3ccc4c(c32)C(C)=CC(C)(C)N4)c1"
"CHEMBL383273","COc1cc(/C=C/c2cc(OC)c(O)c(OC)c2)cc(OC)c1","COc1cc(/C=C/c2cc(OC)c(O)c(OC)c2)cc(OC)c1"
"CHEMBL395876","N=C(N)NCCC[C@H](NC(=O)[C@H](Cc1ccc(/C=C/c2ccccc2)cc1)NC(=O)[C@@H](N)CCCNC(=N)N)C(N)=O","N=C(N)NCCC[C@H](NC(=O)[C@H](Cc1ccc(/C=C/c2ccccc2)cc1)NC(=O)[C@@H](N)CCCNC(=N)N)C(N)=O"
"CHEMBL93999","C1=Cc2ccccc2N(CCCCN2CCCC2)c2ccccc21","C1=Cc2ccccc2N(CCCCN2CCCC2)c2ccccc21"
"CHEMBL167828","CC1(C)OC(c2ccc(S(N)(=O)=O)cc2F)=C(c2ccccc2)C1=O","CC1(C)OC(c2ccc(S(N)(=O)=O)cc2F)=C(c2ccccc2)C1=O"
"CHEMBL301769","Nc1nc(N)c2nc(CN3c4ccccc4C=Cc4ccccc43)cnc2n1","Nc1nc(N)c2nc(CN3c4ccccc4C=Cc4ccccc43)cnc2n1"
"CHEMBL135138","CC1=CC(C)(C)Nc2ccc3c(c21)/C(=C/c1cccc(F)c1F)Oc1ccccc1-3","CC1=CC(C)(C)Nc2ccc3c(c21)/C(=C/c1cccc(F)c1F)Oc1ccccc1-3"
"CHEMBL18719","C(=C(\c1ccccc1)N1CCN(CCCCc2ccccc2)CC1)\c1ccccc1","C(=C(\c1ccccc1)N1CCN(CCCCc2ccccc2)CC1)\c1ccccc1"
"CHEMBL76975","COc1ccc(C2=C(c3cc(OC)c(OC)c(OC)c3)CCS2)cc1O","COc1ccc(C2=C(c3cc(OC)c(OC)c(OC)c3)CCS2)cc1O"
"CHEMBL321182","Cc1cc(F)ccc1C1=C(c2ccc(S(C)(=O)=O)cc2)CCC1","Cc1cc(F)ccc1C1=C(c2ccc(S(C)(=O)=O)cc2)CCC1"
"CHEMBL177065","Oc1cccc(/C=C\c2ccc3ccccc3c2)c1","Oc1cccc(/C=C\c2ccc3ccccc3c2)c1"
"CHEMBL78527","COC(=O)/C(=C\c1ccc(OC)cc1)c1ccc(OC)cc1","COC(=O)/C(=C\c1ccc(OC)cc1)c1ccc(OC)cc1"
"CHEMBL233231","O=C(O)c1cccc(C2=C(c3ccccc3OCc3ccc(Cl)c(Cl)c3)CCC2)c1","O=C(O)c1cccc(C2=C(c3ccccc3OCc3ccc(Cl)c(Cl)c3)CCC2)c1"
"CHEMBL391315","CC(=O)Nc1cc(-c2ccccc2)c(-c2nnc3n2NC(c2ccccc2)=C(c2ccccc2)S3)s1","CC(=O)Nc1cc(-c2ccccc2)c(-c2nnc3n2NC(c2ccccc2)=C(c2ccccc2)S3)s1"
"CHEMBL355074","CCCCc1ccc(C2=C(c3ccc(S(C)(=O)=O)cc3)OC(C)(C)C2=O)cc1","CCCCc1ccc(C2=C(c3ccc(S(C)(=O)=O)cc3)OC(C)(C)C2=O)cc1"
"CHEMBL510988","COc1cc2c(c(O)c1C)Oc1c(O)ccc(OC)c1C=C2","COc1cc2c(c(O)c1C)Oc1c(O)ccc(OC)c1C=C2"
"CHEMBL372633","O=c1cc(N2CCOCC2)oc2c(/C=C/c3ccc(F)cc3)cccc12","O=c1cc(N2CCOCC2)oc2c(/C=C/c3ccc(F)cc3)cccc12"
"CHEMBL113598","COc1ccc(/C=C/c2cc(O)cc(O[C@@H]3O[C@H](COC(=O)c4cc(O)c(O)c(O)c4)[C@@H](O)[C@H](O)[C@H]3O)c2)cc1O","COc1ccc(/C=C/c2cc(O)cc(O[C@@H]3O[C@H](COC(=O)c4cc(O)c(O)c(O)c4)[C@@H](O)[C@H](O)[C@H]3O)c2)cc1O"
"CHEMBL386803","COc1ccc(/C=C\c2cc(OC)c(OC)c(OC)c2N)cc1O","COc1ccc(/C=C\c2cc(OC)c(OC)c(OC)c2N)cc1O"
"CHEMBL231775","OCCCCCCCCCCc1c(O)cc(/C=C/c2ccc(O)cc2)cc1O","OCCCCCCCCCCc1c(O)cc(/C=C/c2ccc(O)cc2)cc1O"
"CHEMBL179143","COc1ccc(/C=C\c2ccc3ccccc3c2)cc1[N+](=O)[O-]","COc1ccc(/C=C\c2ccc3ccccc3c2)cc1[N+](=O)[O-]"
"CHEMBL109030","CS(=O)(=O)c1ccc(C2=C(c3ccc(C(F)(F)F)cc3)CCC2)cc1","CS(=O)(=O)c1ccc(C2=C(c3ccc(C(F)(F)F)cc3)CCC2)cc1"
"CHEMBL270429","Nc1ccc(/C=C/c2ccc(-c3nc4ccc(OCCF)cc4s3)cc2)cc1","Nc1ccc(/C=C/c2ccc(-c3nc4ccc(OCCF)cc4s3)cc2)cc1"
"CHEMBL229139","C1=C(c2ccc3c(c2)OCO3)Cc2ccccc21","C1=C(c2ccc3c(c2)OCO3)Cc2ccccc21"
"CHEMBL260539","CS(=O)(=O)c1ccc(/C=C(/C(=O)OCCO[N+](=O)[O-])c2ccccc2)cc1","CS(=O)(=O)c1ccc(/C=C(/C(=O)OCCO[N+](=O)[O-])c2ccccc2)cc1"
"CHEMBL171872","COc1ccc(/C=C/c2ccccc2NC(=O)c2ccc(OC)cc2)cc1","COc1ccc(/C=C/c2ccccc2NC(=O)c2ccc(OC)cc2)cc1"
"CHEMBL34733","C[Si](C)(C)c1cccc(/C=C/c2ccc(C(=O)O)cc2)c1","C[Si](C)(C)c1cccc(/C=C/c2ccc(C(=O)O)cc2)c1"
"CHEMBL323572","CC(C)(C)c1cc(/C=C2/C(=O)Nc3ccccc32)cc(C(C)(C)C)c1O","CC(C)(C)c1cc(/C=C2/C(=O)Nc3ccccc32)cc(C(C)(C)C)c1O"
"CHEMBL206345","C[N+]1(C)C2CCC1CC(OC1c3ccccc3C=Cc3ccccc31)C2","C[N+]1(C)C2CCC1CC(OC1c3ccccc3C=Cc3ccccc31)C2"
"CHEMBL417621","C/C(=C\c1ccc(O)cc1)c1ccccc1","C/C(=C\c1ccc(O)cc1)c1ccccc1"
"CHEMBL301304","CCCC/C(=C\c1cc(C)c(O)c(C)c1)c1ccc(F)cc1","CCCC/C(=C\c1cc(C)c(O)c(C)c1)c1ccc(F)cc1"
"CHEMBL82991","C(=C/c1ccc(OCCNCc2ccccc2)cc1)\c1ccccc1","C(=C/c1ccc(OCCNCc2ccccc2)cc1)\c1ccccc1"
"CHEMBL233696","CC(C)(C)c1onc(-c2c(Cl)cccc2Cl)c1COc1ccc(/C=C/c2cccc(C(=O)O)c2)c(Cl)c1","CC(C)(C)c1onc(-c2c(Cl)cccc2Cl)c1COc1ccc(/C=C/c2cccc(C(=O)O)c2)c(Cl)c1"
"CHEMBL414213","CCC1Cc2cc(O)ccc2C2=C1c1ccc(O)cc1CC2CC","CCC1Cc2cc(O)ccc2C2=C1c1ccc(O)cc1CC2CC"
"CHEMBL85021","CC(C)c1cc(/C=C2\C(=O)Nc3ccccc32)cc(C(C)C)c1O","CC(C)c1cc(/C=C2\C(=O)Nc3ccccc32)cc(C(C)C)c1O"
"CHEMBL178866","COc1ccc(/C=C\c2cc(F)cc(F)c2)cc1","COc1ccc(/C=C\c2cc(F)cc(F)c2)cc1"
"CHEMBL238295","O=c1oc2ccccc2c(O)c1C(c1ccc(/C=C/c2ccccc2)cc1)c1c(O)c2ccccc2oc1=O","O=c1oc2ccccc2c(O)c1C(c1ccc(/C=C/c2ccccc2)cc1)c1c(O)c2ccccc2oc1=O"
"CHEMBL49468","O=[N+]([O-])c1cccc(C2=C(c3ccc(O)cc3)c3ccc(O)cc3C2)c1","O=[N+]([O-])c1cccc(C2=C(c3ccc(O)cc3)c3ccc(O)cc3C2)c1"
"CHEMBL434688","COc1ccc(C2=C3c4cc(OC)c(OC)cc4CCN3C(=O)C2=O)cc1","COc1ccc(C2=C3c4cc(OC)c(OC)cc4CCN3C(=O)C2=O)cc1"
"CHEMBL188163","COc1ccc(/C=C\c2cc(OC)c(OC)c(OC)c2)cc1OCCN(CCCl)CCCl","COc1ccc(/C=C\c2cc(OC)c(OC)c(OC)c2)cc1OCCN(CCCl)CCCl"
"CHEMBL37688","CCCCOP(=O)(OCCCC)Oc1cc(/C=C\c2cc(OC)c(OC)c(OC)c2)ccc1OC","CCCCOP(=O)(OCCCC)Oc1cc(/C=C\c2cc(OC)c(OC)c(OC)c2)ccc1OC"
"CHEMBL75387","C/C(=C\c1ccc(C(=O)O)cc1)c1ccc2c(C)c(C)c(C)c(C)c2c1","C/C(=C\c1ccc(C(=O)O)cc1)c1ccc2c(C)c(C)c(C)c(C)c2c1"
"CHEMBL312268","Clc1ccc(C2=Cc3ccccc3C3=NCCN23)c(Cl)c1","Clc1ccc(C2=Cc3ccccc3C3=NCCN23)c(Cl)c1"
"CHEMBL233230","O=C(O)c1cccc(C2=C(c3ccccc3OCc3ccc(F)cc3F)CCC2)c1","O=C(O)c1cccc(C2=C(c3ccccc3OCc3ccc(F)cc3F)CCC2)c1"
"CHEMBL166295","CC1(C)OC(c2ccc(S(N)(=O)=O)cc2)=C(c2ccccc2)C1=O","CC1(C)OC(c2ccc(S(N)(=O)=O)cc2)=C(c2ccccc2)C1=O"
"CHEMBL86895","COc1cc(/C=C\c2ccc([N+](=O)[O-])cc2)cc(OC)c1OC","COc1cc(/C=C\c2ccc([N+](=O)[O-])cc2)cc(OC)c1OC"
"CHEMBL190682","O=C1C(c2ccc(O)cc2)=C(c2ccccc2)c2c(O)cc(O)cc21","O=C1C(c2ccc(O)cc2)=C(c2ccccc2)c2c(O)cc(O)cc21"
"CHEMBL276874","Clc1ccc(C2=Cc3ccccc3C3=NCCCN23)cc1","Clc1ccc(C2=Cc3ccccc3C3=NCCCN23)cc1"
"CHEMBL246569","COc1ccc(/C=C\c2cccc(NC(=O)NCCCl)c2)cc1O","COc1ccc(/C=C\c2cccc(NC(=O)NCCCl)c2)cc1O"
"CHEMBL308075","COc1cc(/C=C\c2ccc(C)cc2)cc(OC)c1OC","COc1cc(/C=C\c2ccc(C)cc2)cc(OC)c1OC"
"CHEMBL296455","CN(C)c1ccc(/C=C2/C(=O)Nc3ccccc32)cc1","CN(C)c1ccc(/C=C2/C(=O)Nc3ccccc32)cc1"
"CHEMBL174756","COS(=O)(=O)c1ccc(C(C)=C(c2ccccc2)c2ccccc2)cc1","COS(=O)(=O)c1ccc(C(C)=C(c2ccccc2)c2ccccc2)cc1"
"CHEMBL442760","CN1CC(c2ccccc2)=C(c2ccc(S(C)(=O)=O)cc2)O1","CN1CC(c2ccccc2)=C(c2ccc(S(C)(=O)=O)cc2)O1"
"CHEMBL515339","O=C1Nc2ccccc2/C1=C\c1cc(O)ccc1O","O=C1Nc2ccccc2/C1=C\c1cc(O)ccc1O"
"CHEMBL516733","COc1ccc(/C=C2/C(=O)Nc3cc(Cl)ccc32)cc1O","COc1ccc(/C=C2/C(=O)Nc3cc(Cl)ccc32)cc1O"
"CHEMBL73439","CCC1=C(c2ccc(O)cc2)[C@@H](CC)c2cc(O)ccc21","CCC1=C(c2ccc(O)cc2)[C@@H](CC)c2cc(O)ccc21"
"CHEMBL449773","O=C1Nc2ccccc2/C1=C\c1cccc(C(F)(F)F)c1","O=C1Nc2ccccc2/C1=C\c1cccc(C(F)(F)F)c1"
"CHEMBL75898","CC/C(=C(/CC)c1ccc(O)c(OC)c1)c1ccc(O)cc1","CC/C(=C(/CC)c1ccc(O)c(OC)c1)c1ccc(O)cc1"
"CHEMBL29781","CC/C(=C(\c1ccccc1)c1cccc(OC(C)=O)c1)c1ccc(OC(C)=O)c(OC(C)=O)c1","CC/C(=C(\c1ccccc1)c1cccc(OC(C)=O)c1)c1ccc(OC(C)=O)c(OC(C)=O)c1"
"CHEMBL44142","CSc1ccc(C2=C3c4cc(C)ccc4CCC3OC2=O)cc1","CSc1ccc(C2=C3c4cc(C)ccc4CCC3OC2=O)cc1"
"CHEMBL144164","CC(=O)Oc1ccc(/C=C(/C(=O)c2ccccc2)c2ccccc2)cc1","CC(=O)Oc1ccc(/C=C(/C(=O)c2ccccc2)c2ccccc2)cc1"
"CHEMBL587282","COc1ccc2nccc([C@@H](O)CN3CCC(NC(=O)/C(=C/c4ccccc4)c4ccc(-c5ccccc5)cc4)CC3)c2c1","COc1ccc2nccc([C@@H](O)CN3CCC(NC(=O)/C(=C/c4ccccc4)c4ccc(-c5ccccc5)cc4)CC3)c2c1"
"CHEMBL414893","COc1ccc(/C=C/c2cccc(O)c2)cc1","COc1ccc(/C=C/c2cccc(O)c2)cc1"
"CHEMBL179770","FC(F)(F)c1ccc(/C=C\c2cc(Cl)cc(Cl)c2)cc1","FC(F)(F)c1ccc(/C=C\c2cc(Cl)cc(Cl)c2)cc1"
"CHEMBL482245","COc1c(C)c(O)c2c(c1OC)C=Cc1c(O)cccc1O2","COc1c(C)c(O)c2c(c1OC)C=Cc1c(O)cccc1O2"
"CHEMBL521616","COc1cc(/C=C\c2ccc3[nH]cnc3c2)cc(OC)c1","COc1cc(/C=C\c2ccc3[nH]cnc3c2)cc(OC)c1"
"CHEMBL199594","COc1ccc(/C=C(/CN2CCCC[C@H]2C)c2ccc(O)cc2)cc1OC","COc1ccc(/C=C(/CN2CCCC[C@H]2C)c2ccc(O)cc2)cc1OC"
"CHEMBL197918","COc1ccc(/C=C(/CN2CCCC[C@@H]2C)c2ccc(O)cc2)cc1OC","COc1ccc(/C=C(/CN2CCCC[C@@H]2C)c2ccc(O)cc2)cc1OC"
"CHEMBL354938","CCCCCCCCCCOc1ccc2cc(/C=C(C(/C)=C/C(=O)O)\c3cccc(C(=O)O)c3)ccc2c1","CCCCCCCCCCOc1ccc2cc(/C=C(C(/C)=C/C(=O)O)\c3cccc(C(=O)O)c3)ccc2c1"
"CHEMBL156301","O=C1c2ccccc2C(=Cc2ccc(Cl)cc2)c2ccccc21","O=C1c2ccccc2C(=Cc2ccc(Cl)cc2)c2ccccc21"
"CHEMBL381645","Oc1ccc(C2=C(c3ccc(OCCN4CCCCC4)cc3)c3ccc(O)cc3C2)cc1","Oc1ccc(C2=C(c3ccc(OCCN4CCCCC4)cc3)c3ccc(O)cc3C2)cc1"
"CHEMBL127617","Cn1cncc1C(OCc1ccc(C#N)cc1/C=C/c1ccc([N+](=O)[O-])cc1)c1ccc(C#N)cc1","Cn1cncc1C(OCc1ccc(C#N)cc1/C=C/c1ccc([N+](=O)[O-])cc1)c1ccc(C#N)cc1"
"CHEMBL444932","COc1ccc(/C=C(/C(=O)O)c2ccccc2)cc1","COc1ccc(/C=C(/C(=O)O)c2ccccc2)cc1"
"CHEMBL496862","CCN(C)C(=O)c1ccc2c(c1)NC(=O)/C2=C(\Nc1ccc(CN2CCCCC2)cc1)c1ccccc1","CCN(C)C(=O)c1ccc2c(c1)NC(=O)/C2=C(\Nc1ccc(CN2CCCCC2)cc1)c1ccccc1"
"CHEMBL279301","CC/C(=C(/c1ccc(O)cc1)c1ccc(OCCN(C)C)cc1)c1ccccc1","CC/C(=C(/c1ccc(O)cc1)c1ccc(OCCN(C)C)cc1)c1ccccc1"
"CHEMBL314013","O=c1c(C(c2ccc(/C=C/c3ccccc3)cc2)c2c(O)oc3cc(O)ccc3c2=O)c(O)oc2cc(O)ccc12","O=c1c(C(c2ccc(/C=C/c3ccccc3)cc2)c2c(O)oc3cc(O)ccc3c2=O)c(O)oc2cc(O)ccc12"
"CHEMBL198853","CC(C)NC(=O)/C(=C\c1cccc(-c2cc(C(C)(C)C#N)cc3cccnc23)c1)c1ccc(S(C)(=O)=O)cc1","CC(C)NC(=O)/C(=C\c1cccc(-c2cc(C(C)(C)C#N)cc3cccnc23)c1)c1ccc(S(C)(=O)=O)cc1"
"CHEMBL474935","COc1ccc(/C(C)=C/c2cc(O)cc(O)c2)cc1","COc1ccc(/C(C)=C/c2cc(O)cc(O)c2)cc1"
"CHEMBL175429","COc1cc(/C=C\c2ccc3ccccc3c2)cc(NC(C)=O)c1OC","COc1cc(/C=C\c2ccc3ccccc3c2)cc(NC(C)=O)c1OC"
"CHEMBL371236","Oc1ccc(C2=C(c3ccc(F)cc3)c3ccc(O)cc3C2)cc1","Oc1ccc(C2=C(c3ccc(F)cc3)c3ccc(O)cc3C2)cc1"
"CHEMBL219102","COc1cc(/C=C2/c3ccccc3C(=O)c3ccsc32)cc(OC)c1O","COc1cc(/C=C2/c3ccccc3C(=O)c3ccsc32)cc(OC)c1O"
"CHEMBL67543","CN(Cc1ccc(/C=C/c2ccccc2)cc1)Cc1cccc2ccccc12","CN(Cc1ccc(/C=C/c2ccccc2)cc1)Cc1cccc2ccccc12"
"CHEMBL51434","CS(=O)(=O)c1ccc(C2=C(c3ccc(F)cc3)C(=O)OC2)cc1","CS(=O)(=O)c1ccc(C2=C(c3ccc(F)cc3)C(=O)OC2)cc1"
"CHEMBL420987","CC1(C)C(=O)C(c2ccccc2)=C1c1ccc(S(C)(=O)=O)cc1","CC1(C)C(=O)C(c2ccccc2)=C1c1ccc(S(C)(=O)=O)cc1"
"CHEMBL125462","COc1ccc(/C=C2\C=C(CCN3CCOCC3)c3ccccc32)cc1","COc1ccc(/C=C2\C=C(CCN3CCOCC3)c3ccccc32)cc1"
"CHEMBL421470","CSc1ccc(/C=C2\C=C(CCN3CCOCC3)c3ccccc32)cc1","CSc1ccc(/C=C2\C=C(CCN3CCOCC3)c3ccccc32)cc1"
"CHEMBL108424","OCC(O)COc1ccc(C2Oc3ccccc3C=C2c2ccccc2)cc1","OCC(O)COc1ccc(C2Oc3ccccc3C=C2c2ccccc2)cc1"
"CHEMBL169014","ClCCN(CCCl)c1ccc(/C=C/c2ccccc2)cc1","ClCCN(CCCl)c1ccc(/C=C/c2ccccc2)cc1"
"CHEMBL81384","COc1cc(C2=Cc3ccccc3C3=NCCN23)cc(OC)c1OC","COc1cc(C2=Cc3ccccc3C3=NCCN23)cc(OC)c1OC"
"CHEMBL246567","COc1ccc(/C=C/c2cccc(NC(=O)NCCCl)c2)cc1O","COc1ccc(/C=C/c2cccc(NC(=O)NCCCl)c2)cc1O"
"CHEMBL122322","COc1cc(/C=C/c2ccc3cccnc3c2)cc(OC)c1OC","COc1cc(/C=C/c2ccc3cccnc3c2)cc(OC)c1OC"
"CHEMBL28032","Oc1ccc2c(c1)CC(c1ccccc1)=C2c1ccccc1","Oc1ccc2c(c1)CC(c1ccccc1)=C2c1ccccc1"
"CHEMBL283873","CC/C(=C(\c1ccccc1)c1ccc(OC(C)=O)cc1)c1ccc(OC(C)=O)c(OC(C)=O)c1","CC/C(=C(\c1ccccc1)c1ccc(OC(C)=O)cc1)c1ccc(OC(C)=O)c(OC(C)=O)c1"
"CHEMBL29475","CCC(=C(c1ccc(OC(C)=O)c(OC(C)=O)c1)c1ccc(OC(C)=O)c(OC(C)=O)c1)c1ccccc1","CCC(=C(c1ccc(OC(C)=O)c(OC(C)=O)c1)c1ccc(OC(C)=O)c(OC(C)=O)c1)c1ccccc1"
"CHEMBL313151","CC1=C(c2ccc(O)cc2)C(CCCCCCN2CCCC2)c2ccc(O)cc21","CC1=C(c2ccc(O)cc2)C(CCCCCCN2CCCC2)c2ccc(O)cc21"
"CHEMBL168086","Cc1cccc(C2=C(c3ccc(S(C)(=O)=O)cc3)OC3(CCCC3)C2=O)c1","Cc1cccc(C2=C(c3ccc(S(C)(=O)=O)cc3)OC3(CCCC3)C2=O)c1"
"CHEMBL487","CC/C(=C(/c1ccc(OCCN(C)C)cc1)c1cccc(O)c1)c1ccccc1","CC/C(=C(/c1ccc(OCCN(C)C)cc1)c1cccc(O)c1)c1ccccc1"
"CHEMBL146506","C/C(=C\c1ccc(OCCN2CCOCC2)cc1)c1ccc2c(c1)C(C)(C)CCC2(C)C","C/C(=C\c1ccc(OCCN2CCOCC2)cc1)c1ccc2c(c1)C(C)(C)CCC2(C)C"
"CHEMBL12585","CC1(C)CCC(C)(C)c2cc(/C=C/c3ccc(C(=O)O)cc3)ccc21","CC1(C)CCC(C)(C)c2cc(/C=C/c3ccc(C(=O)O)cc3)ccc21"
"CHEMBL178967","COc1ccc(/C=C\c2cc(Cl)cc(Cl)c2)cc1","COc1ccc(/C=C\c2cc(Cl)cc(Cl)c2)cc1"
"CHEMBL86978","COc1cc(/C=C/c2cc(OC)c(OC)c(OC)c2)cc(OC)c1OC","COc1cc(/C=C/c2cc(OC)c(OC)c(OC)c2)cc(OC)c1OC"
"CHEMBL202215","COc1ccc(C2=C(c3cc(OC)c(OC)c(OC)c3)C(=O)NC2=O)cc1","COc1ccc(C2=C(c3cc(OC)c(OC)c(OC)c3)C(=O)NC2=O)cc1"
"CHEMBL456987","CSc1ccc(-c2ccc(/C=C3\C=C(CC(=O)O)c4cc(F)ccc43)cc2)cc1","CSc1ccc(-c2ccc(/C=C3\C=C(CC(=O)O)c4cc(F)ccc43)cc2)cc1"
"CHEMBL368407","CS(=O)(=O)c1ccc(C2=C(c3ccc(S(N)(=O)=O)cc3)C(=O)OC2)cc1","CS(=O)(=O)c1ccc(C2=C(c3ccc(S(N)(=O)=O)cc3)C(=O)OC2)cc1"
"CHEMBL102040","CN(C(=O)C1C(c2ccccc2)=C1c1ccccc1)[C@H]1CC[C@@]2(CCCO2)C[C@@H]1N1CCCC1","CN(C(=O)C1C(c2ccccc2)=C1c1ccccc1)[C@H]1CC[C@@]2(CCCO2)C[C@@H]1N1CCCC1"
"CHEMBL133124","CC1=CC(C)(C)Nc2ccc3c(c21)/C(=C/c1ccccc1C(F)(F)F)Oc1ccc(F)cc1-3","CC1=CC(C)(C)Nc2ccc3c(c21)/C(=C/c1ccccc1C(F)(F)F)Oc1ccc(F)cc1-3"
"CHEMBL215432","COc1ccc(/C=C/c2ccc(O)c(O)c2)cc1","COc1ccc(/C=C/c2ccc(O)c(O)c2)cc1"
"CHEMBL427498","COc1cccc(/C=C/c2cc(Cl)cc(Cl)c2)c1","COc1cccc(/C=C/c2cc(Cl)cc(Cl)c2)c1"
"CHEMBL113028","C(=C/c1ccccc1)\c1ccccc1","C(=C/c1ccccc1)\c1ccccc1"
"CHEMBL454434","COc1ccc(C2=C(c3ccccc3)C(=O)N3CCC[C@H]3C2)cc1","COc1ccc(C2=C(c3ccccc3)C(=O)N3CCC[C@H]3C2)cc1"
"CHEMBL333230","COc1ccc(/C=C\c2cc(O)cc(O)c2)cc1O","COc1ccc(/C=C\c2cc(O)cc(O)c2)cc1O"
"CHEMBL84723","CC/C(=C(\c1ccc(OCCN(C)C)cc1)c1ccc([S+](C)[O-])cc1)c1ccccc1","CC/C(=C(\c1ccc(OCCN(C)C)cc1)c1ccc([S+](C)[O-])cc1)c1ccccc1"
"CHEMBL353866","CS(=O)(=O)c1ccc(C2=C(c3ccccc3)C(=O)C3(CCCC3)O2)cc1","CS(=O)(=O)c1ccc(C2=C(c3ccccc3)C(=O)C3(CCCC3)O2)cc1"
"CHEMBL383871","COc1cc(/C=C2/C(=O)Nc3ccc(Cl)cc32)cc(OC)c1OC","COc1cc(/C=C2/C(=O)Nc3ccc(Cl)cc32)cc(OC)c1OC"
"CHEMBL496450","COc1ccc(/C=C\c2cc(OC)c(OC)c(OC)c2)c(O[C@H]2O[C@@H](CO)[C@H](O)[C@@H](O)[C@@H]2O)c1O","COc1ccc(/C=C\c2cc(OC)c(OC)c(OC)c2)c(O[C@H]2O[C@@H](CO)[C@H](O)[C@@H](O)[C@@H]2O)c1O"
"CHEMBL90947","CC1(C)CCC(C)(C)c2cc(/C=C\c3cccc(N)c3)ccc21","CC1(C)CCC(C)(C)c2cc(/C=C\c3cccc(N)c3)ccc21"
"CHEMBL159754","COc1cc(C2=C(c3ccc(N)cc3)COC2=O)cc(OC)c1OC","COc1cc(C2=C(c3ccc(N)cc3)COC2=O)cc(OC)c1OC"
"CHEMBL385995","COc1ccc2c(c1)OC(c1ccc(O)cc1)C/C2=C\c1ccc(OCc2ccccc2)cc1","COc1ccc2c(c1)OC(c1ccc(O)cc1)C/C2=C\c1ccc(OCc2ccccc2)cc1"
"CHEMBL222337","COc1ccc(C2=C(c3cc(OC)c(OC)c(OC)c3)/C(=N\O)CC2OC(C)=O)cc1","COc1ccc(C2=C(c3cc(OC)c(OC)c(OC)c3)/C(=N\O)CC2OC(C)=O)cc1"
"CHEMBL73296","CCCOc1ccc(/C=C\c2cc(OC)c(OC)c(OC)c2)cc1","CCCOc1ccc(/C=C\c2cc(OC)c(OC)c(OC)c2)cc1"
"CHEMBL248337","COc1ccc(/C=C/c2cccc(/C=C/c3ccc(OC)c(N(C)C)c3)c2)cc1N(C)C","COc1ccc(/C=C/c2cccc(/C=C/c3ccc(OC)c(N(C)C)c3)c2)cc1N(C)C"
"CHEMBL285179","C/C(=C\c1ccc2c(c1)C(C)(C)CCC2(C)C)c1ccc(C(=O)O)cc1","C/C(=C\c1ccc2c(c1)C(C)(C)CCC2(C)C)c1ccc(C(=O)O)cc1"
"CHEMBL479343","COc1c(O)cc(/C=C/c2cc(O)cc3c2[C@@]2(C(=O)O3)c3c(O)cc(O)cc3O[C@@H]2c2ccc(O)cc2)cc1O","COc1c(O)cc(/C=C/c2cc(O)cc3c2[C@@]2(C(=O)O3)c3c(O)cc(O)cc3O[C@@H]2c2ccc(O)cc2)cc1O"
"CHEMBL233145","O=C(NCC1CCCO1)c1ccc(/C=C/c2ccc(O)c(O)c2)cc1","O=C(NCC1CCCO1)c1ccc(/C=C/c2ccc(O)c(O)c2)cc1"
"CHEMBL147559","O=C(/C(=C\c1ccccc1)c1ccccc1)c1ccccc1","O=C(/C(=C\c1ccccc1)c1ccccc1)c1ccccc1"
"CHEMBL506431","COc1ccc(/C=C\c2cc(F)c(F)c(F)c2)cc1N","COc1ccc(/C=C\c2cc(F)c(F)c(F)c2)cc1N"
"CHEMBL291809","CCN(CC)CCOc1ccc(/C(=C(/Cl)c2ccc(O)cc2)c2ccccc2)cc1","CCN(CC)CCOc1ccc(/C(=C(/Cl)c2ccc(O)cc2)c2ccccc2)cc1"
"CHEMBL274044","CCC1=C(c2ccccc2)c2ccc(O)cc2Sc2ccccc21","CCC1=C(c2ccccc2)c2ccc(O)cc2Sc2ccccc21"
"CHEMBL275311","C/C(=C\c1ccc(C(=O)O)cc1)c1ccc2c(c1)C(C)(C)CCC2(C)C","C/C(=C\c1ccc(C(=O)O)cc1)c1ccc2c(c1)C(C)(C)CCC2(C)C"
"CHEMBL323166","CCN1C(=O)/C(=C/c2cc(C(C)(C)C)c(O)c(C(C)(C)C)c2)c2cc(OCc3ccccc3C(=O)O)ccc21","CCN1C(=O)/C(=C/c2cc(C(C)(C)C)c(O)c(C(C)(C)C)c2)c2cc(OCc3ccccc3C(=O)O)ccc21"
"CHEMBL15668","CNCCSC1=Cc2ccccc2Sc2ccc(O)cc21","CNCCSC1=Cc2ccccc2Sc2ccc(O)cc21"
"CHEMBL248453","COc1cc2cc(OC)c1OCCCCCCn1ccc3cc(ccc31)/C=C\2","COc1cc2cc(OC)c1OCCCCCCn1ccc3cc(ccc31)/C=C\2"
"CHEMBL13065","CC1(C)CCC(C)(C)c2cc(/C(=C/c3ccc(C(=O)O)cc3)C(F)(F)F)ccc21","CC1(C)CCC(C)(C)c2cc(/C(=C/c3ccc(C(=O)O)cc3)C(F)(F)F)ccc21"
"CHEMBL223065","O=S(=O)(Oc1ccccc1)[C@H]1CC2OC1C(c1ccc(O)cc1)=C2c1ccc(O)cc1","O=S(=O)(Oc1ccccc1)[C@H]1CC2OC1C(c1ccc(O)cc1)=C2c1ccc(O)cc1"
"CHEMBL373563","COc1ccc(OS(=O)(=O)C2CC3OC2C(c2ccc(O)cc2)=C3c2ccc(O)cc2)cc1","COc1ccc(OS(=O)(=O)C2CC3OC2C(c2ccc(O)cc2)=C3c2ccc(O)cc2)cc1"
"CHEMBL86893","C/C(=C/c1ccc2c(c1)C(C)(C)CCC2(C)C)c1ccc(C(=O)O)cc1","C/C(=C/c1ccc2c(c1)C(C)(C)CCC2(C)C)c1ccc(C(=O)O)cc1"
"CHEMBL81446","COc1ccc(/C(C#N)=C/c2ccc(OC)c(OC)c2)cc1","COc1ccc(/C(C#N)=C/c2ccc(OC)c(OC)c2)cc1"
"CHEMBL14745","Oc1ccc(/C(F)=C/c2ccccc2)cc1","Oc1ccc(/C(F)=C/c2ccccc2)cc1"
"CHEMBL191836","O=C1C(c2ccc(O)cc2)=C(c2ccccc2)c2cc(O)cc(O)c21","O=C1C(c2ccc(O)cc2)=C(c2ccccc2)c2cc(O)cc(O)c21"
"CHEMBL1301","N=C(N)c1ccc(/C=C/c2ccc(C(=N)N)cc2O)cc1","N=C(N)c1ccc(/C=C/c2ccc(C(=N)N)cc2O)cc1"
"CHEMBL47426","COc1ccc(/C=C\c2cc(OC)c(OC)c(OC)c2)cc1","COc1ccc(/C=C\c2cc(OC)c(OC)c(OC)c2)cc1"
"CHEMBL29776","CC/C(=C(\c1ccccc1)c1ccc(OC(C)=O)c(OC(C)=O)c1)c1ccccc1","CC/C(=C(\c1ccccc1)c1ccc(OC(C)=O)c(OC(C)=O)c1)c1ccccc1"
"CHEMBL45396","CC(=O)c1cccc(C2=C(c3ccc(S(C)(=O)=O)cc3)OC(C)(C)C2=O)c1","CC(=O)c1cccc(C2=C(c3ccc(S(C)(=O)=O)cc3)OC(C)(C)C2=O)c1"
"CHEMBL166869","CCC1(C)OC(c2ccc(S(C)(=O)=O)cc2)=C(c2ccccc2)C1=O","CCC1(C)OC(c2ccc(S(C)(=O)=O)cc2)=C(c2ccccc2)C1=O"
"CHEMBL72303","CCC1=C(c2ccccc2)[C@@H](C)c2cc(O)ccc21","CCC1=C(c2ccccc2)[C@@H](C)c2cc(O)ccc21"
"CHEMBL428538","CN(C)CCSC1=Cc2ccccc2Sc2ccccc21","CN(C)CCSC1=Cc2ccccc2Sc2ccccc21"
"CHEMBL459124","COc1ccc(/C=C/c2cc(Br)c(OC)c(OC)c2)cc1O","COc1ccc(/C=C/c2cc(Br)c(OC)c(OC)c2)cc1O"
"CHEMBL8505","CC(C)(C)c1cc(/C=C/c2cccc(C(F)(F)F)c2)cc(C(C)(C)C)c1O","CC(C)(C)c1cc(/C=C/c2cccc(C(F)(F)F)c2)cc(C(C)(C)C)c1O"
"CHEMBL293150","Cc1cc(/C=C/c2c(F)cccc2F)cc(C)c1O","Cc1cc(/C=C/c2c(F)cccc2F)cc(C)c1O"
"CHEMBL46774","CSc1ccc(C2=C(c3ccc(C)c(C)c3)C(=O)N3CCCC3C2)cc1","CSc1ccc(C2=C(c3ccc(C)c(C)c3)C(=O)N3CCCC3C2)cc1"
"CHEMBL147669","CSc1ccc2c(c1)C(SCCN(C)C)=Cc1ccccc1O2","CSc1ccc2c(c1)C(SCCN(C)C)=Cc1ccccc1O2"
"CHEMBL108975","CS(=O)(=O)c1ccc(C2=C(c3ccc(Cl)cc3Cl)CCC2)cc1","CS(=O)(=O)c1ccc(C2=C(c3ccc(Cl)cc3Cl)CCC2)cc1"
"CHEMBL67931","COc1cc(Nc2c(C#N)cnc3cc(/C=C/c4ccccc4)ccc23)c(Cl)cc1Cl","COc1cc(Nc2c(C#N)cnc3cc(/C=C/c4ccccc4)ccc23)c(Cl)cc1Cl"
"CHEMBL501751","O=C1Nc2cc([N+](=O)[O-])ccc2/C1=C(/Nc1ccc(CN2CCCCC2)cc1)c1ccccc1","O=C1Nc2cc([N+](=O)[O-])ccc2/C1=C(/Nc1ccc(CN2CCCCC2)cc1)c1ccccc1"
"CHEMBL786","CC/C(=C(\c1ccccc1)c1ccc(OCCN(C)C)cc1)c1ccccc1.O=C(O)CC(O)(CC(=O)O)C(=O)O","CC/C(=C(\c1ccccc1)c1ccc(OCCN(C)C)cc1)c1ccccc1.O=C(O)CC(O)(CC(=O)O)C(=O)O"
"CHEMBL122","CS(=O)(=O)c1ccc(C2=C(c3ccccc3)C(=O)OC2)cc1","CS(=O)(=O)c1ccc(C2=C(c3ccccc3)C(=O)OC2)cc1"
"CHEMBL488025","CC1=C(CC(=O)O)c2cc(F)ccc2/C1=C\c1ccc(S(C)(=O)=O)cc1","CC1=C(CC(=O)O)c2cc(F)ccc2/C1=C\c1ccc(S(C)(=O)=O)cc1"
"CHEMBL196731","Oc1ccc(/C=C/c2ccc(O)cc2)cc1","Oc1ccc(/C=C/c2ccc(O)cc2)cc1"
"CHEMBL259571","CC(C)c1c(O)cc(/C=C/c2ccccc2)cc1O","CC(C)c1c(O)cc(/C=C/c2ccccc2)cc1O"
"CHEMBL489","CC/C(=C(\c1ccc(O)cc1)c1ccc(OCCN(C)C)cc1)c1ccccc1","CC/C(=C(\c1ccc(O)cc1)c1ccc(OCCN(C)C)cc1)c1ccccc1"
"CHEMBL285802","CN(C)CCOC1=Cc2ccccc2Sc2ccc(Cl)cc21","CN(C)CCOC1=Cc2ccccc2Sc2ccc(Cl)cc21"
"CHEMBL83","CC/C(=C(\c1ccccc1)c1ccc(OCCN(C)C)cc1)c1ccccc1","CC/C(=C(\c1ccccc1)c1ccc(OCCN(C)C)cc1)c1ccccc1"
"CHEMBL302647","Cc1ccc(/C(=C(/C#N)c2ccccc2)c2ccc(O)cc2)cc1","Cc1ccc(/C(=C(/C#N)c2ccccc2)c2ccc(O)cc2)cc1"
"CHEMBL304867","COc1ccc(C(=C(C#N)c2ccccc2)c2ccc(OC)cc2)cc1","COc1ccc(C(=C(C#N)c2ccccc2)c2ccc(OC)cc2)cc1"
"CHEMBL668","CNCCCC1c2ccccc2C=Cc2ccccc21","CNCCCC1c2ccccc2C=Cc2ccccc21"
"CHEMBL291808","CC1=C(c2ccc(O)cc2)C(c2ccc(OCCN3CCCCC3)cc2)Oc2cc(O)ccc21","CC1=C(c2ccc(O)cc2)C(c2ccc(OCCN3CCCCC3)cc2)Oc2cc(O)ccc21"
"CHEMBL75015","COc1ccc(/C=C/c2cc(OC)c(OCc3ccccc3)c(OC)c2)cc1","COc1ccc(/C=C/c2cc(OC)c(OCc3ccccc3)c(OC)c2)cc1"
"CHEMBL61360","CC(=O)N(O)C(C)c1ccc(/C=C/c2ccccc2)cc1","CC(=O)N(O)C(C)c1ccc(/C=C/c2ccccc2)cc1"
"CHEMBL267928","Nc1nc(N)c2c(/C=C\c3ccc4ccccc4c3)cccc2n1","Nc1nc(N)c2c(/C=C\c3ccc4ccccc4c3)cccc2n1"
"CHEMBL490295","COc1cc(/C=C\c2ccc3[nH]ccc3c2)cc(OC)c1","COc1cc(/C=C\c2ccc3[nH]ccc3c2)cc(OC)c1"
"CHEMBL82091","COc1ccc(/C(C#N)=C/c2cc(OC)cc(OC)c2)cc1","COc1ccc(/C(C#N)=C/c2cc(OC)cc(OC)c2)cc1"
"CHEMBL218747","CCc1cccc2c1CNc1c(cccc1CCc1ccccc1)/C=C\2COc1ccccc1NC(C)=O","CCc1cccc2c1CNc1c(cccc1CCc1ccccc1)/C=C\2COc1ccccc1NC(C)=O"
"CHEMBL20482","O=C1/C(=C/c2ccc(Cl)cc2)c2ccccc2N1CCCN1CCN(c2cccc(Cl)c2)CC1","O=C1/C(=C/c2ccc(Cl)cc2)c2ccccc2N1CCCN1CCN(c2cccc(Cl)c2)CC1"
"CHEMBL126486","COc1cccc(/C=C/c2ccc(C(=O)Nc3cc(C(=O)Nc4nc(C(=O)NCCCN(C)C)c(CCC(C)C)s4)n(C)c3)cc2)c1","COc1cccc(/C=C/c2ccc(C(=O)Nc3cc(C(=O)Nc4nc(C(=O)NCCCN(C)C)c(CCC(C)C)s4)n(C)c3)cc2)c1"
"CHEMBL15770","CC1=C(CC(=O)O)c2cc(F)ccc2/C1=C\c1ccc([S+](C)[O-])cc1","CC1=C(CC(=O)O)c2cc(F)ccc2/C1=C\c1ccc([S+](C)[O-])cc1"
"CHEMBL36255","COc1ccc(/C=C\c2cc(OC)c(OC)c(OC)c2)c(O)c1O","COc1ccc(/C=C\c2cc(OC)c(OC)c(OC)c2)c(O)c1O"
"CHEMBL370753","OCCN1CCN(CCCN2c3ccccc3C=Cc3ccccc32)CC1","OCCN1CCN(CCCN2c3ccccc3C=Cc3ccccc32)CC1"
"CHEMBL83527","COc1cc(/C=C/c2ccc(O)cc2)cc(OC)c1","COc1cc(/C=C/c2ccc(O)cc2)cc(OC)c1"
"CHEMBL954","CCN(CC)CCOc1ccc(/C(=C(/Cl)c2ccccc2)c2ccccc2)cc1","CCN(CC)CCOc1ccc(/C(=C(/Cl)c2ccccc2)c2ccccc2)cc1"
"CHEMBL289351","COc1ccc(/C=C\c2cc(OC)c(OC)c(OC)c2)cc1OP(=O)([O-])[O-].[Na+].[Na+]","COc1ccc(/C=C\c2cc(OC)c(OC)c(OC)c2)cc1OP(=O)([O-])[O-].[Na+].[Na+]"
"CHEMBL1655","CN(C)CCOc1ccc(/C(=C(/CCCl)c2ccccc2)c2ccccc2)cc1","CN(C)CCOc1ccc(/C(=C(/CCCl)c2ccccc2)c2ccccc2)cc1"
"CHEMBL504535","CCCN1CC(c2ccc(S(C)(=O)=O)cc2)=C(c2ccc(C)cc2)C1=O","CCCN1CC(c2ccc(S(C)(=O)=O)cc2)=C(c2ccc(C)cc2)C1=O"
"CHEMBL166863","CC1(C)OC(c2ccc(S(N)(=O)=O)cc2)=C(c2cccc(F)c2)C1=O","CC1(C)OC(c2ccc(S(N)(=O)=O)cc2)=C(c2cccc(F)c2)C1=O"
"CHEMBL108","NC(=O)N1c2ccccc2C=Cc2ccccc21","NC(=O)N1c2ccccc2C=Cc2ccccc21"
"CHEMBL165","Oc1ccc(/C=C/c2cc(O)cc(O)c2)cc1","Oc1ccc(/C=C/c2cc(O)cc(O)c2)cc1"
