ChEMBL ID,SMILES,Predicted_pIC50,Max_Tanimoto_Similarity,Nearest_USP5_SMILES
CHEMBL246475,O=C(Nc1ccccc1)Nc1ccc(/C=C2\C(=O)Nc3ccccc32)cc1,6.114724159240723,0.18333333333333332,CC(C(=O)O)n1cnc2ccccc2c1=O
CHEMBL533057,COc1ccc2nccc([C@@H](O)CN3CCC(NC(=O)C(=Cc4ccc(C#N)cc4)c4ccc(-c5ccccc5)cc4)CC3)c2c1,4.433844566345215,0.24,Cc1cc(C(=O)CN2CCC(O)CC2)c(C)n1-c1ccc(C#N)cc1
CHEMBL93652,CCN(CC)CCCCN1c2ccccc2C=Cc2ccccc21,4.956101417541504,0.14583333333333334,CC(CC(=O)c1ccccc1)C(=O)O
CHEMBL328738,CCCCC(=O)N(Cc1ccc2c(c1)Oc1ccccc1C=C2c1nnn[nH]1)[C@H](C(=O)O)C(C)C,5.239676475524902,0.18604651162790697,O=C(O)CCc1nnc(-c2ccccc2I)o1
CHEMBL435268,COc1cc2c(cc1OC)C1=C(c3ccccc3OC)C(=O)C(=O)N1CC2,4.53892993927002,0.203125,COc1cc2ncn(CC(=O)O)c(=O)c2cc1OC
CHEMBL397687,O=C(O)c1cccc(C2=C(c3cc(Br)ccc3OCc3ccccc3)CCC2)c1,5.614063739776611,0.24615384615384617,O=C(Cc1ccccc1)Oc1c(OC(=O)Cc2ccccc2)c(-c2ccc(O)cc2)c(O)c(O)c1-c1ccc(O)cc1
CHEMBL127674,Cc1ccc(C2=C(c3ccc(S(C)(=O)=O)cc3)CCC2)cc1,5.755997180938721,0.2,O=C(O)CNC(=O)c1ccc(S(=O)(=O)N2CC=C(c3ccccc3)CC2)cc1
CHEMBL374173,COC(=O)C1=C(c2ccc(O)cc2)C2OC1C(c1ccccc1)=C2c1ccccc1,4.997331619262695,0.3076923076923077,O=C(Cc1ccccc1)Oc1c(OC(=O)Cc2ccccc2)c(-c2ccc(O)cc2)c(O)c(O)c1-c1ccc(O)cc1
CHEMBL391100,COc1ccc(/C=C/c2cc(OC)c(CCCCCCCCCCCCCCCCO)c(OC)c2)cc1,5.092355251312256,0.21875,COc1ccc(Br)c(-c2nnc(CCC(=O)O)o2)c1
CHEMBL75720,CCC[C@@H]1C(c2ccc(O)cc2)=C(CC)c2ccc(O)cc21,4.789247512817383,0.19298245614035087,O=C(Cc1ccccc1)Oc1c(OC(=O)Cc2ccccc2)c(-c2ccc(O)cc2)c(O)c(O)c1-c1ccc(O)cc1
CHEMBL163606,COc1cc(C2=C(c3ccc4c(c3)OCO4)COC2=O)cc(OC)c1OC,4.652732849121094,0.19696969696969696,COc1cc2oc(=O)cc(C)c2cc1CCC(=O)O
CHEMBL176232,COc1c(N)cc(/C=C/c2ccc3ccccc3c2)cc1N,4.42996883392334,0.14102564102564102,COc1ccccc1CNC(=O)Cn1c(CCC(=O)O)nc2c(Cl)cccc2c1=O
CHEMBL175736,COc1cc(/C=C/c2cccc(O)c2)cc(OC)c1,4.470743179321289,0.1896551724137931,COc1ccc(Br)c(-c2nnc(CCC(=O)O)o2)c1
CHEMBL170258,Fc1ccc(/C(=C(/c2ccccc2)C(F)(F)F)c2ccccc2)cc1,5.889484405517578,0.225,CC(CC(=O)c1ccccc1)C(=O)O
CHEMBL265086,CS(=O)(=O)c1ccc(OCc2ccccc2)c(C2=C(c3cccc(C(=O)O)c3)CCC2)c1,5.630987167358398,0.24358974358974358,O=C(O)CNC(=O)c1ccc(S(=O)(=O)N2CC=C(c3ccccc3)CC2)cc1
CHEMBL451311,Oc1cc(O)cc(/C=C/c2ccc(F)cc2)c1,4.166196346282959,0.22,Cc1cc(C(=O)CN2CCCC2)c(C)n1-c1ccc(F)cc1
CHEMBL170020,Fc1ccccc1C(=C(c1ccccc1)c1ccccc1)C(F)(F)F,5.646349906921387,0.21951219512195122,CC(CC(=O)c1ccccc1)C(=O)O
CHEMBL278139,CCOC(=O)c1ccc(/C=C(\C)c2ccc3c(c2)C(C)(C)CC[S+]3[O-])cc1,5.764359474182129,0.19696969696969696,O=C(O)CCC(=O)c1ccc2c(c1)CCC2
CHEMBL210063,O=C1CCC2(Cc3ccccc3)Cc3cc(O)ccc3C2=C1c1ccc(OCCN2CCCCC2)cc1,4.795232772827148,0.21518987341772153,O=C(Cc1ccccc1)Oc1c(OC(=O)Cc2ccccc2)c(-c2ccc(O)cc2)c(O)c(O)c1-c1ccc(O)cc1
CHEMBL200566,CO[C@]1(C#CC(O)C2c3ccccc3C=Cc3ccccc32)CN2CCC1CC2,5.033197402954102,0.15853658536585366,Cn1cc(S(=O)(=O)N2CCC(c3ccccc3)CC2)cc1C(=O)NCC(=O)O
CHEMBL38103,CC(=C(c1ccc(O)cc1)c1ccc(O)cc1)c1ccc(O)cc1,4.322720527648926,0.2222222222222222,CC(C)c1ccc(C(=O)CCC(=O)O)cc1
CHEMBL146987,CNCCSC1=Cc2ccccc2Oc2ccccc21,5.194833755493164,0.16666666666666666,O=C(O)CCc1nnc(-c2ccccc2I)o1
CHEMBL80443,CC(C)(C)c1ccc(C2=Cc3cc(Cl)ccc3C3=NCCN23)cc1,6.076329231262207,0.14102564102564102,O=C(O)CNC(=O)c1ccc(S(=O)(=O)N2CCC(c3ccc(Cl)cc3)CC2)cc1
CHEMBL132672,CC1=CC(C)(C)Nc2ccc3c(c21)/C(=C/c1ccccc1C(C)C)Oc1ccc(F)cc1-3,5.89057207107544,0.11764705882352941,Cc1cc(C(=O)CN2CCCC2)c(C)n1-c1ccc(F)cc1
CHEMBL422726,Cc1ccc(C(=C(c2ccccc2)c2ccccc2)C(F)(F)F)cc1,5.827517986297607,0.25,CC(CC(=O)c1ccccc1)C(=O)O
CHEMBL284937,CCc1cc2c(cc1/C(C)=C/c1ccc(C(=O)O)cc1)C(C)(C)CCC2(C)C,6.8933210372924805,0.22807017543859648,O=C(O)CCC(=O)c1ccc2c(c1)CCC2
CHEMBL509559,CCCC(=O)c1ccc2c(c1)/C(=C1\C(=O)N([C@@H]3O[C@H](COC(C)=O)[C@@H](OC(C)=O)[C@H](OC(C)=O)[C@H]3OC(C)=O)c3ccccc31)C(=O)N2,4.674521446228027,0.2235294117647059,O=C(O)CCC(=O)c1ccc2c(c1)CCC(=O)N2
CHEMBL295055,C/C(=C(\C(=O)c1ccc(OCCN2CCCC2)cc1)c1ccccc1)c1ccccc1,5.004165172576904,0.24615384615384617,Cc1cc(C(=O)CN2CCCC2)c(C)n1-c1ccc(F)cc1
CHEMBL444673,COc1ccccc1/C=C1/C(=O)Nc2ccccc21,5.389484405517578,0.1794871794871795,COc1ccccc1CNC(=O)Cn1c(CCC(=O)O)nc2c(Cl)cccc2c1=O
CHEMBL326388,COc1ccc(C=C2c3ccccc3C(=O)c3ccccc32)cc1OC,5.207488059997559,0.21428571428571427,COc1cc2ncn(CC(=O)O)c(=O)c2cc1OC
CHEMBL82537,O=C(O)CCC/C=C\C[C@@H]1[C@H]2CC[C@H](C2)[C@H]1NS(=O)(=O)c1ccc(/C=C/c2ccccc2)cc1,4.35473108291626,0.3055555555555556,CN1CCC(NS(=O)(=O)c2ccc(C(=O)NCC(=O)O)cc2)CC1
CHEMBL133296,O=C(O)c1ccc(C=C2c3cccc(O)c3C(=O)c3c(O)cccc32)cc1,5.491606712341309,0.21666666666666667,Nc1c(C(=O)c2ccccc2)sc2[nH]c(=O)c(C(=O)O)cc12
CHEMBL11024,Cc1ccc2c(c1)C=Cc1cc(C(C)C(=O)O)ccc1S2,4.215214252471924,0.25,CC(C)c1ccc(C(=O)CCC(=O)O)cc1
CHEMBL455488,Oc1cc(/C=C/c2ccccc2)cc(O)c1O,5.290251731872559,0.2,O=C(Cc1ccccc1)Oc1c(OC(=O)Cc2ccccc2)c(-c2ccc(O)cc2)c(O)c(O)c1-c1ccc(O)cc1
CHEMBL52285,CS(=O)(=O)c1ccc(C2=C(c3cccc(F)c3)C(=O)OC2)cc1,5.371849060058594,0.23943661971830985,O=C(O)CNC(=O)c1ccc(S(=O)(=O)N2CCC(c3cccc(F)c3)CC2)cc1
CHEMBL304806,CCN(CC)C1=NS(=O)(=O)C(c2ccccc2)=C1c1ccc(OC)cc1,4.915951728820801,0.20588235294117646,COc1ccc(Br)c(-c2nnc(CCC(=O)O)o2)c1
CHEMBL140137,C/C(=C\c1ccc(C(=O)O)cc1)c1ccc2c(c1)C(C)(C)CC(C)(C)S2,6.856325149536133,0.20689655172413793,O=C(O)CCC(=O)c1ccc2c(c1)CCC2
CHEMBL9684,C[Si](C)(C)c1ccc(C2=Cc3ccccc3C3=NCCCN23)cc1,6.578435897827148,0.171875,O=C(O)CCc1nnc(-c2ccccc2I)o1
CHEMBL465542,COc1ccc(/C=C/c2cc(O)cc(OC)c2)cc1,4.399177074432373,0.21428571428571427,COc1ccc(Br)c(-c2nnc(CCC(=O)O)o2)c1
CHEMBL142652,OC[C@H]1O[C@@H](Oc2cc(O)cc(/C=C/c3ccc(O)cc3)c2)[C@H](O)[C@@H](O)[C@@H]1O,3.782384634017944,0.15625,O=C(Cc1ccccc1)Oc1c(OC(=O)Cc2ccccc2)c(-c2ccc(O)cc2)c(O)c(O)c1-c1ccc(O)cc1
CHEMBL422832,Oc1cc(O)cc(/C=C/c2ccc(O)c(Br)c2)c1,4.188721179962158,0.15517241379310345,COc1ccc(Br)c(-c2nnc(CCC(=O)O)o2)c1
CHEMBL75284,CCc1ccc(/C=C\c2cc(OC)c(OC)c(OC)c2)cc1,4.644120216369629,0.18181818181818182,COc1cc2ncn(CC(=O)O)c(=O)c2cc1OC
CHEMBL498917,COc1cc(O)cc(/C=C/c2ccc(O)cc2)c1,4.263546466827393,0.19298245614035087,COc1ccc(Br)c(-c2nnc(CCC(=O)O)o2)c1
CHEMBL449735,CC/C(=C\c1ccc(C(F)(F)F)cc1)c1cc(O)cc(O)c1,4.279911041259766,0.19672131147540983,O=C(O)CCc1nnc(-c2cccc(C(F)(F)F)c2)o1
CHEMBL498439,Oc1ccc(/C=C/c2cc(O)cc3c2[C@H](c2cc(O)cc(O)c2)[C@@H](c2ccc(O)cc2)O3)cc1,4.80355978012085,0.14285714285714285,O=C(Cc1ccccc1)Oc1c(OC(=O)Cc2ccccc2)c(-c2ccc(O)cc2)c(O)c(O)c1-c1ccc(O)cc1
CHEMBL495365,CC(C)c1onc(COc2c(F)cccc2Cl)c1COc1ccc(/C=C/c2cccc(C(=O)O)c2)c(Cl)c1,4.611138820648193,0.18181818181818182,CC(CC(=O)c1ccccc1)C(=O)O
CHEMBL457853,O=C(O)CC1=C/C(=C\c2ccc(Br)cc2)c2ccc(F)cc21,3.3358888626098637,0.22666666666666666,O=C(O)CNC(=O)c1ccc(S(=O)(=O)N2CCC(c3ccc(Br)cc3)CC2)cc1F
CHEMBL513053,CC/C(=C\c1cc(O)cc(O)c1)c1ccc2ccccc2c1,5.044624328613281,0.18840579710144928,CCC[C@H](NC(=O)/C(C#N)=C/c1cccc(Br)n1)c1ccccc1
CHEMBL441672,COc1ccc(/C=C\c2ccc3ccccc3c2)cc1C(=O)CN,4.39539909362793,0.21153846153846154,CC(CC(=O)c1ccccc1)C(=O)O
CHEMBL32530,C[N+](C)(CCCCCC[N+](C)(C)CCCN1C(=O)c2ccccc2/C1=C\c1ccccc1)CCCN1C(=O)c2ccccc2/C1=C\c1ccccc1,7.015767574310303,0.16666666666666666,CC(CC(=O)c1ccccc1)C(=O)O
CHEMBL244723,COc1ccc(/C=C\c2cccc(O)c2)cc1,4.194889068603516,0.21052631578947367,COc1ccc(Br)c(-c2nnc(CCC(=O)O)o2)c1
CHEMBL511529,COc1ccc(/C=C\c2cc(OC)c3ccoc3c2)cc1O,4.273455619812012,0.20967741935483872,COc1cc2oc(=O)cc(C)c2cc1CCC(=O)O
CHEMBL351785,CN(O)C(=O)/C(=C/c1ccc2ccccc2c1)c1ccccc1,5.195308685302734,0.2553191489361702,CC(CC(=O)c1ccccc1)C(=O)O
CHEMBL367643,CN(O)C(=O)/C(=C/c1ccc2ccccc2c1)c1ccc(Br)cc1,5.138700485229492,0.2222222222222222,CCC[C@H](NC(=O)/C(C#N)=C/c1cccc(Br)n1)c1ccccc1
CHEMBL221822,COc1ccc(C2=C(c3cc(OC)c(OC)c(OC)c3)C(=O)C(OC(C)=O)C2)cc1F,3.7915449142456055,0.18571428571428572,COc1cc2ncn(CC(=O)O)c(=O)c2cc1OC
CHEMBL195287,COc1ccc(/C=C/c2cc(OC)c(O)c(OC)c2)cc1O,4.419618129730225,0.18518518518518517,COc1cc2ncn(CC(=O)O)c(=O)c2cc1OC
CHEMBL133930,O=S(=O)([O-])c1cc(N=C=S)ccc1/C=C/c1ccc(N=C=S)cc1S(=O)(=O)[O-].[Na+].[Na+],6.38467264175415,0.125,O=C(O)CNC(=O)c1ccc(S(=O)(=O)N2CCC(N3CCCC3)CC2)cc1F
CHEMBL486184,COc1ccc(/C=C\c2cc(OC)c3c(c2)OCO3)cc1NC(=O)[C@@H](N)Cc1ccc(OP(=O)(O)O)cc1,5.288081645965576,0.19,CC(C)(C)NS(=O)(=O)c1cccc2c(NC(=O)[C@H](Cc3ccccc3)NC(=O)C3CC3)cccc12
CHEMBL132578,CC1=CC(C)(C)Nc2ccc3c(c21)/C(=C/c1ccccc1OC(F)(F)F)Oc1ccc(F)cc1-3,6.022955417633057,0.12612612612612611,Cc1ccc(C(=O)Nc2cccc(C(F)(F)F)c2)cc1Nc1nc(-c2cccnc2)nc2nn(C)cc12
CHEMBL359307,COc1ccc(/C=C\c2cc(OC)c3c(c2)OCO3)cc1N,4.121260166168213,0.16666666666666666,COc1cc2oc(=O)cc(C)c2cc1CCC(=O)O
CHEMBL91119,C/C(=C/c1ccccc1C(=O)O)c1ccc2c(c1)C(C)(C)CCC2(C)C,6.654787063598633,0.2153846153846154,Nc1c(C(=O)c2ccccc2)sc2[nH]c(=O)c(C(=O)O)cc12
CHEMBL64172,CN(C)CCOc1ccc(C2=C(c3ccccc3)CCc3ccccc32)cc1,4.789684295654297,0.1746031746031746,O=C(Cc1ccccc1)Oc1c(OC(=O)Cc2ccccc2)c(-c2ccc(O)cc2)c(O)c(O)c1-c1ccc(O)cc1
CHEMBL73554,O=C1Nc2ccc(C(=O)c3ccccc3)cc2/C1=C/c1cc(Br)c(O)c(Br)c1,5.744848251342773,0.23880597014925373,Nc1c(C(=O)c2ccccc2)sc2[nH]c(=O)c(C(=O)O)cc12
CHEMBL472468,Oc1ccc(C2=C(c3ccc(OCCN4CCCC4)cc3)CCOc3cc(F)ccc32)cc1,3.849699020385742,0.2236842105263158,Cc1cc(C(=O)CN2CCCC2)c(C)n1-c1ccc(F)cc1
CHEMBL139149,O=C1OC(=O)C(c2ccc(O)c(O)c2)=C1c1ccc(O)c(O)c1,4.247825622558594,0.19148936170212766,O=C(Cc1ccccc1)Oc1c(OC(=O)Cc2ccccc2)c(-c2ccc(O)cc2)c(O)c(O)c1-c1ccc(O)cc1
CHEMBL476494,COc1cc(/C=C/c2ccc(OC)c(O[Si](C)(C)C(C)(C)C)c2O[Si](C)(C)C(C)(C)C)cc(OC)c1OC,7.125571250915527,0.1935483870967742,COc1cc2ncn(CC(=O)O)c(=O)c2cc1OC
CHEMBL381099,COc1ccc(C2=C(c3ccc(OC)cc3)C(=O)NC2=O)cc1,5.079977035522461,0.2037037037037037,COc1ccc(Br)c(-c2nnc(CCC(=O)O)o2)c1
CHEMBL379415,Oc1ccc2c(c1)OC(c1ccc(OCCN3CCCCC3)cc1)C1=C2COc2cc(O)ccc21,3.6890621185302734,0.16455696202531644,Cc1cc(C(=O)CN2CCCC2)c(C)n1-c1ccc(F)cc1
CHEMBL380469,CCCCC12CCC(=O)C(c3ccccc3)=C1c1ccc(O)cc1C2,6.436886787414551,0.19117647058823528,O=C(Cc1ccccc1)Oc1c(OC(=O)Cc2ccccc2)c(-c2ccc(O)cc2)c(O)c(O)c1-c1ccc(O)cc1
CHEMBL207368,COc1cc(/C=C\c2cc(OC)c(OC)c(OC)c2)cc(OC)c1,4.622225761413574,0.17647058823529413,COc1cc2ncn(CC(=O)O)c(=O)c2cc1OC
CHEMBL423604,CCN(CC)CCCCOc1ccccc1/C=C/c1ccccc1,4.158661842346191,0.1568627450980392,CC(CC(=O)c1ccccc1)C(=O)O
CHEMBL320571,COc1ccc(/C=C/c2cc(O)cc(O[C@@H]3O[C@H](CO)[C@@H](O)[C@H](O)[C@H]3OC(=O)c3cc(O)c(O)c(O)c3)c2)cc1O,4.553873062133789,0.16853932584269662,COc1ccc(Br)c(-c2nnc(CCC(=O)O)o2)c1
CHEMBL193716,COc1ccc(/C=C(/C)c2cc(OC)c(OC)c(OC)c2)cc1O,4.471951961517334,0.1694915254237288,COc1cc2ncn(CC(=O)O)c(=O)c2cc1OC
CHEMBL115002,O=C1c2ccccc2C(=Cc2cc(Cl)cc(Cl)c2)c2ccccc21,5.425859928131104,0.16279069767441862,CC(CC(=O)c1ccccc1)C(=O)O
CHEMBL527116,COc1cc(/C=C\c2ccc(OC)c3nc4ccccc4nc23)cc(OC)c1OC,5.072551727294922,0.189873417721519,COc1ccccc1CNC(=O)Cn1c(CCC(=O)O)nc2c(Cl)cccc2c1=O
CHEMBL415043,CN1C(=O)C(Cc2ccc(/C=C/c3ccccc3)cc2)NC(=O)c2cc(Cl)ccc21,5.3455023765563965,0.189873417721519,CC(=O)C1=C(O)C(=O)N(CCc2ccc(Cl)c(Cl)c2)C1c1ccc(Br)cc1
CHEMBL364969,COc1ccc(/C=C\c2ccccc2)cc1O,4.833513259887695,0.20754716981132076,COc1cc2ncn(CC(=O)O)c(=O)c2cc1OC
CHEMBL195538,COc1ccc(/C=C\c2ccc(C)c(C)c2)cc1F,4.633594512939453,0.19298245614035087,COc1cc2oc(=O)cc(C)c2cc1CCC(=O)O
CHEMBL373764,CCc1cccc2c1CNc1c(cccc1CCc1ccccc1)/C=C\2COc1ccc(F)cc1,4.447298526763916,0.17708333333333334,COc1ccccc1CNC(=O)Cn1c(CCC(=O)O)nc2c(Cl)cccc2c1=O
CHEMBL221609,O=c1cc(-c2cccc(/C=C/c3ccc(F)cc3)c2)sc(N2CCOCC2)c1,4.571290016174316,0.19444444444444445,Cc1cc(C(=O)CN2CCCC2)c(C)n1-c1ccc(F)cc1
CHEMBL221616,O=c1cc(-c2ccc(/C=C/c3ccc(Cl)cc3)cc2)sc(N2CCOCC2)c1,4.113445281982422,0.15789473684210525,O=C(O)CNC(=O)c1ccc(S(=O)(=O)N2CCC(N3CCOCC3)CC2)cc1
CHEMBL383922,COc1ccc(/C=C/c2ccc(C)cc2)cc1,3.939908742904663,0.18867924528301888,COc1ccc(Br)c(-c2nnc(CCC(=O)O)o2)c1
CHEMBL391567,COc1cc2c(cc1OC)/C(=C\c1ccc(O)cc1)C(=O)N2,4.7990312576293945,0.21666666666666667,COc1cc2ncn(CC(=O)O)c(=O)c2cc1OC
CHEMBL355343,COc1ccc(C(=C(c2ccccc2)C(F)(F)F)c2ccc(OC)cc2)cc1,6.184469223022461,0.23255813953488372,CC(CC(=O)c1ccccc1)C(=O)O
CHEMBL375547,CCc1cccc2c1CNc1c(cccc1CCc1ccccc1)/C=C\2COc1ccccc1C(F)(F)F,4.551211357116699,0.1836734693877551,COc1ccccc1CNC(=O)Cn1c(CCC(=O)O)nc2c(Cl)cccc2c1=O
CHEMBL219447,CCc1cccc2c1CNc1c(cccc1CCc1ccccc1)/C=C\2COc1cccc(F)c1,4.421022415161133,0.17582417582417584,O=C(O)CNC(=O)c1ccc(S(=O)(=O)N2CCC(c3cccc(F)c3)CC2)cc1
CHEMBL229955,COc1ccc2c(c1)CCC(c1ccc(OC)c(OC)c1)=C2,4.455147743225098,0.18461538461538463,COc1ccc(Br)c(-c2nnc(CCC(=O)O)o2)c1
CHEMBL229304,C1=C(c2ccc3c(c2)OCO3)CCc2ccccc21,4.786623001098633,0.15151515151515152,O=C(O)CNC(=O)c1ccc(S(=O)(=O)N2CCc3ccccc3C2)cc1
CHEMBL118915,COc1ccc2c(c1)N(C)C1Nc3ccccc3C1=C2,5.400995254516602,0.19117647058823528,COc1ccc(Br)c(-c2nnc(CCC(=O)O)o2)c1
CHEMBL348301,CN1CCN(CCCCOc2ccccc2/C=C/c2ccccc2)CC1,4.114933967590332,0.17647058823529413,CN1CCC(NS(=O)(=O)c2ccc(C(=O)NCC(=O)O)cc2)CC1
CHEMBL86663,C/C(=C/c1ccc(C(=O)O)cc1)c1ccc2c(c1)C(C)(C)CCC2(C)C,6.781250476837158,0.22641509433962265,O=C(O)CCC(=O)c1ccc2c(c1)CCC2
CHEMBL118104,COc1cc(/C=C/c2ccc(O[Si](C)(C)C(C)(C)C)cc2)cc(OC)c1,7.011325836181641,0.23333333333333334,COc1ccc(Br)c(-c2nnc(CCC(=O)O)o2)c1
CHEMBL176181,COCCOc1cc(/C=C\c2ccc3ccccc3c2)ccc1OC,5.322857856750488,0.18032786885245902,COc1cc2ncn(CC(=O)O)c(=O)c2cc1OC
CHEMBL109860,COc1cc(O)cc(/C=C/c2ccc(OC)c(OC)c2)c1,4.624926090240479,0.2,COc1cc2ncn(CC(=O)O)c(=O)c2cc1OC
CHEMBL364663,CC/C(=C(\c1ccccc1)c1ccc(S(C)(=O)=O)cc1)c1ccccc1,5.883428573608398,0.2909090909090909,O=C(O)CCC(=O)c1ccc(S(=O)(=O)N2CCC(c3ccccc3)CC2)cc1
CHEMBL187893,CN(C)CCOc1ccc(C2=C(c3ccc(C#N)cc3)CCOc3ccccc32)cc1,5.123680114746094,0.17073170731707318,Cc1cc(C(=O)CN2CCC(O)CC2)c(C)n1-c1ccc(C#N)cc1
CHEMBL486585,O=S(=O)([O-])Oc1cc(/C=C/c2ccc(O)cc2)cc(O[C@@H]2O[C@H](CO)[C@@H](O)[C@H](O)[C@H]2O)c1.[K+],4.657174110412598,0.15853658536585366,O=C(O)CNC(=O)c1ccc(S(=O)(=O)N2CCC(Oc3ccccc3)CC2)cc1
CHEMBL461031,COc1cc(/C=C/c2ccc(NC(=O)CNP(=O)(OC(C)C)OC(C)C)cc2)cc(OC)c1,6.117858409881592,0.1891891891891892,COc1ccc(Br)c(-c2nnc(CCC(=O)O)o2)c1
CHEMBL284167,C/C(=C\c1ccc(C(=O)O)cc1)c1cc2c(cc1Br)C(C)(C)CCC2(C)C,6.725791931152344,0.21052631578947367,O=C(O)CCC(=O)c1ccc2c(c1)CCC2
CHEMBL237509,C=CCCOc1ccccc1/C=C/c1c(C(=O)O)c(OC)cc2c1C(=O)c1c(OC)cccc1C2=O,4.596513748168945,0.22972972972972974,COc1cc2ncn(CC(=O)O)c(=O)c2cc1OC
CHEMBL312130,Fc1ccc(C2=Cc3ccccc3C3=NCCN23)cc1,4.973965644836426,0.171875,Cc1cc(C(=O)CN2CCCC2)c(C)n1-c1ccc(F)cc1
CHEMBL309503,CCCCc1ccc(/C(=C(\CC)c2ccccc2)c2ccc(OCCN(C)C)cc2)cc1,4.834181785583496,0.2,CC(C)Cc1ccc(C(=O)CCC(=O)O)cc1
CHEMBL190038,CSC1=C(c2ccc(O)cc2)C(=O)c2cc(O)cc(O)c21,4.533590316772461,0.21818181818181817,O=C(Cc1ccccc1)Oc1c(OC(=O)Cc2ccccc2)c(-c2ccc(O)cc2)c(O)c(O)c1-c1ccc(O)cc1
CHEMBL78137,CC(C)(C)c1ccc(C2=Cc3ccc(Cl)cc3C3=NCCN23)cc1,6.142248153686523,0.14102564102564102,O=C(O)CNC(=O)c1ccc(S(=O)(=O)N2CCC(c3ccc(Cl)cc3)CC2)cc1
CHEMBL368232,COc1cc(/C=C/c2ccc3c(ccn3S(=O)(=O)c3ccccc3)c2)cc(OC)c1OC,5.96937894821167,0.18840579710144928,O=C(O)CNC(=O)c1ccc(S(=O)(=O)N2Cc3ccccc3C2)cc1
CHEMBL256761,COc1cc(/C=C/c2ccc(OC)c([N+](=O)[O-])c2[N+](=O)[O-])cc(OC)c1OC,4.575826168060303,0.18333333333333332,COc1cc2ncn(CC(=O)O)c(=O)c2cc1OC
CHEMBL363420,COc1ccc(/C=C2\OC(=O)c3cc([N+](=O)[O-])c([N+](=O)[O-])cc32)cc1,3.599930763244629,0.208955223880597,COc1ccc(Br)c(-c2nnc(CCC(=O)O)o2)c1
CHEMBL181484,CC/C(=C(/CCCCCC(=O)N(C)CCCSCCCC(F)(F)C(F)(F)F)c1ccc(O)cc1)c1ccc(O)cc1,5.195147514343262,0.16666666666666666,CC(C)c1ccc(C(=O)CCC(=O)O)cc1
CHEMBL470250,Oc1ccc(/C=C/c2cc(O)cc(O[C@@H]3OC[C@@H](O)[C@H](O)[C@H]3O)c2)cc1,3.5281286239624023,0.14516129032258066,O=C(Cc1ccccc1)Oc1c(OC(=O)Cc2ccccc2)c(-c2ccc(O)cc2)c(O)c(O)c1-c1ccc(O)cc1
CHEMBL196389,CN(C)c1ccc(/C=C/c2ccc(OCC(CO)CF)cc2)cc1,3.653493642807007,0.13432835820895522,Cc1cc(C(=O)CN2CCCC2)c(C)n1-c1ccc(F)cc1
CHEMBL86363,COc1ccc(C2=C(c3ccc(S(C)(=O)=O)cc3)CC3(CC3)C2)cc1Br,6.016852378845215,0.17142857142857143,COc1ccc(Br)c(-c2nnc(CCC(=O)O)o2)c1
CHEMBL91832,CC1(C)C(=O)C(c2ccc(F)cc2)=C1c1ccc(S(C)(=O)=O)cc1,6.307316303253174,0.234375,O=C(O)CNC(=O)c1ccc(S(=O)(=O)N2CCC(c3ccc(F)cc3)CC2)cc1
CHEMBL463598,COc1cc(/C=C/c2cc(OC)c3c(c2)OC(C)(C)C=C3)ccc1O,6.84665060043335,0.15942028985507245,COc1cc2oc(=O)cc(C)c2cc1CCC(=O)O
CHEMBL179029,COc1ccc(/C=C/c2ccc3ccccc3c2)cc1N,4.645457267761231,0.15584415584415584,COc1ccccc1CNC(=O)Cn1c(CCC(=O)O)nc2c(Cl)cccc2c1=O
CHEMBL7218,NS(=O)(=O)c1ccc(/C=C/c2ccc(F)cc2)cc1,5.567770957946777,0.22807017543859648,O=C(O)CNC(=O)c1ccc(S(=O)(=O)N2CCC(c3ccc(F)cc3)CC2)cc1
CHEMBL426807,CS(=O)(=O)c1ccc(/C(CO)=C(/C(=O)O)c2ccc(F)c(F)c2)cc1,5.281794548034668,0.3181818181818182,O=C(O)CNC(=O)c1ccc(S(=O)(=O)N2CCC(c3ccc(F)c(F)c3)CC2)cc1
CHEMBL375249,COc1cc(C2=C(c3cc(C)c(OC)c(C)c3)C(OC(C)=O)C/C2=N/O)cc(OC)c1OC,4.257230758666992,0.21428571428571427,COc1cc2oc(=O)cc(C)c2cc1CCC(=O)O
CHEMBL313597,COc1ccccc1/C=C\c1cc(OC)c(OC)c(OC)c1,5.320351123809815,0.1780821917808219,COc1ccccc1CNC(=O)Cn1c(CCC(=O)O)nc2c(Cl)cccc2c1=O
CHEMBL90623,CC1(C)CCC(C)(C)c2cc(/C=C\c3ccc(N)cc3)ccc21,6.937465667724609,0.13636363636363635,N#CSc1cc(SC#N)c(N)nc1N
CHEMBL498266,COC(=O)c1ccc2c(c1)NC(=O)/C2=C(\Nc1ccc(N(CCN(C)C)S(C)(=O)=O)cc1)c1ccccc1,4.797189235687256,0.1956521739130435,O=C(O)CNC(=O)c1ccc(S(=O)(=O)N2CCC(c3ccccc3)CC2)c(F)c1
CHEMBL500952,N#Cc1ccc2c(c1)NC(=O)/C2=C(\Nc1ccc(CN2CCCCC2)cc1)c1ccccc1,5.314780235290527,0.2268041237113402,CC(C)C[C@H](NC(=O)C1(C(F)(F)F)CCCCC1)C(=O)Nc1nnc(Cc2ccc(C#N)cc2)s1
CHEMBL500436,O=C1Nc2cc(C(=O)O)ccc2/C1=C(/Nc1ccc(CN2CCCCC2)cc1)c1ccccc1,5.0508317947387695,0.2191780821917808,O=C(O)CCC(=O)c1ccc2c(c1)CCC(=O)N2
CHEMBL324863,COc1ccc(C2=C(c3ccc(S(C)(=O)=O)cc3)CCC2)cc1Cl,5.2631683349609375,0.18181818181818182,O=C(O)CCC(=O)c1ccc(S(=O)(=O)N2CCC(N3CCCC3)CC2)cc1
CHEMBL18251,CC1(O)OC(=O)C(c2ccc(Cl)c(Cl)c2)=C1c1ccc(S(C)(=O)=O)cc1,5.090863227844238,0.2191780821917808,O=C(O)CNC(=O)c1ccc(S(=O)(=O)N2CCC(c3ccccc3)CC2)cc1Cl
CHEMBL346307,COC1CCCN(CCCCOc2ccccc2/C=C/c2ccccc2)C1,4.247393608093262,0.19444444444444445,Cc1cc(C(=O)CN2CCCC2)c(C)n1-c1ccc(F)cc1
CHEMBL372120,COc1ccc2c(c1)NC(=O)/C2=C/c1cc(OC)c(OC)c(OC)c1,4.610474586486816,0.208955223880597,COc1ccc(Br)c(-c2nnc(CCC(=O)O)o2)c1
CHEMBL229580,COc1ccc(/C=C/c2cc(OC)cc(OC)c2CNC2CCCCC2)cc1,4.565117359161377,0.16216216216216217,COc1ccc(Br)c(-c2nnc(CCC(=O)O)o2)c1
CHEMBL298653,O=C1Nc2ccccc2/C1=C\c1ccc2c(c1O)CCCC2,5.536412239074707,0.19047619047619047,O=C(O)CCC(=O)c1ccc2c(c1)CCC(=O)N2
CHEMBL90882,CN1CCN(C2=Cc3ccccc3Oc3ccc(Cl)cc32)CC1,4.935090065002441,0.15789473684210525,Cn1cc(S(=O)(=O)N2CCC(c3ccccc3)CC2)cc1C(=O)NCC(=O)O
CHEMBL375725,COc1ccc(/C=C(/C(=O)c2cc(OC)c(OC)c(OC)c2)c2ccc(OC)cc2)cc1,5.27316951751709,0.21875,COc1ccc(Br)c(-c2nnc(CCC(=O)O)o2)c1
CHEMBL423083,CC1(C)OC(c2ccc(S(N)(=O)=O)cc2)=C(c2cccc(Cl)c2)C1=O,6.499201774597168,0.16666666666666666,Cc1cc(S(=O)(=O)N2CCC(c3ccccc3)CC2)ccc1C(=O)NCC(=O)O
CHEMBL497165,COc1ccc(/C=C/c2cc(F)c(F)c(F)c2)cc1[N+](=O)[O-],3.854700565338135,0.171875,COc1cc2oc(=O)cc(C)c2cc1CCC(=O)O
CHEMBL167875,CC/C(=C(\c1ccc(I)cc1)c1ccc(OCCN2CCCC2)cc1)c1ccc(O)cc1,4.249255180358887,0.18571428571428572,Cc1cc(C(=O)CN2CCCC2)c(C)n1-c1ccc(F)cc1
CHEMBL216433,COc1ccc(/C=C\c2cc(OC)cc(OC)c2N)cc1,4.677495956420898,0.18032786885245902,COc1ccc(Br)c(-c2nnc(CCC(=O)O)o2)c1
CHEMBL160775,C(=C/c1ccccc1OCCCCN1CCOCC1)\c1ccccc1,4.428383827209473,0.18055555555555555,O=C(O)CNC(=O)c1ccc(S(=O)(=O)N2CCC(N3CCOCC3)CC2)cc1
CHEMBL221450,COc1ccc(OC)c(C2=C(c3cc(OC)c(OC)c(OC)c3)/C(=N\O)CC2O[SiH2]C(C)(C)C)c1,6.867871284484863,0.189873417721519,COc1ccc(Br)c(-c2nnc(CCC(=O)O)o2)c1
CHEMBL157145,OC1CCCN(CCCCOc2ccccc2/C=C/c2ccccc2)C1,4.182489395141602,0.19480519480519481,O=C(O)CNC(=O)c1ccc(S(=O)(=O)N2CCCC(c3ccccc3)CC2)cc1
CHEMBL419378,COc1cc(/C=C/c2ccc(OC)c(O)c2)cc(OC)c1,4.208795547485352,0.18333333333333332,COc1ccc(Br)c(-c2nnc(CCC(=O)O)o2)c1
CHEMBL103788,CN(C)c1ccc(/C=C2/C(=O)Nc3cc(F)ccc32)cc1,4.500117301940918,0.14925373134328357,Cc1cc(C(=O)CN2CCCC2)c(C)n1-c1ccc(F)cc1
CHEMBL69863,Oc1cc(O)cc(/C=C/c2ccc(O)c(O)c2)c1,3.856193065643311,0.14583333333333334,O=C(Cc1ccccc1)Oc1c(OC(=O)Cc2ccccc2)c(-c2ccc(O)cc2)c(O)c(O)c1-c1ccc(O)cc1
CHEMBL87089,COc1cc(/C=C/c2ccc(OC(C)=O)cc2)cc(OC)c1OC,4.097170352935791,0.22033898305084745,COc1cc2oc(=O)cc(C)c2cc1CCC(=O)O
CHEMBL293174,Cc1ccc(/C(=C(/C#N)c2ccc(O)cc2)c2ccc(O)cc2)cc1,5.548559665679932,0.18181818181818182,CC(C)c1ccc(C(=O)CCC(=O)O)cc1
CHEMBL154590,CCN(CC)CCOc1ccc(C(C#N)=C(c2ccc(O)cc2)c2ccc(O)cc2)cc1,4.817405700683594,0.16129032258064516,O=C(Cc1ccccc1)Oc1c(OC(=O)Cc2ccccc2)c(-c2ccc(O)cc2)c(O)c(O)c1-c1ccc(O)cc1
CHEMBL268476,O=C(O)Cc1ccc2c(c1)Oc1ccccc1C=C2,3.437910795211792,0.24074074074074073,O=C(O)CCc1nnc(-c2ccccc2I)o1
CHEMBL424131,COc1ccc(/C=C\c2cc(OC)c3c(c2)OCO3)cc1NC(=O)C(N)CS,5.110974788665772,0.19230769230769232,COc1cc2oc(=O)cc(C)c2cc1CCC(=O)O
CHEMBL469512,Fc1ccc2c(c1)OCCC(c1ccccc1)=C2c1ccc(OCCN2CCCC2)cc1,4.780506610870361,0.21052631578947367,Cc1cc(C(=O)CN2CCCC2)c(C)n1-c1ccc(F)cc1
CHEMBL111057,NS(=O)(=O)c1ccc(C2=C(c3ccc(C(F)(F)F)cc3)CCC2)cc1,5.768537521362305,0.23529411764705882,O=C(O)CNC(=O)c1ccc(S(=O)(=O)N2CCC(c3cccc(C(F)(F)F)c3)CC2)cc1
CHEMBL347107,COc1ccc(/C=C\c2cc(OC)c3c(c2)OCO3)cc1NC(=O)C(N)Cc1ccccc1,5.153950214385986,0.25842696629213485,CC(C)(C)NS(=O)(=O)c1cccc2c(NC(=O)[C@H](Cc3ccccc3)NC(=O)C3CC3)cccc12
CHEMBL163333,COc1cccc(/C=C2/C(C)=C(CC(=O)O)c3cc(F)ccc32)c1,4.234644889831543,0.2571428571428571,COc1ccc(Br)c(-c2nnc(CCC(=O)O)o2)c1
CHEMBL250096,COc1ccc(C2=C(c3ccc(OC)c(OC)c3)C(=O)N3CCCC3C2)cc1,4.732854843139648,0.19117647058823528,COc1cc2ncn(CC(=O)O)c(=O)c2cc1OC
CHEMBL404086,COc1cc(/C=C\c2cc(NC(=O)[C@@H](N)CO)c(OC)c(NC(=O)[C@@H](N)CO)c2)cc(OC)c1OC,4.745206832885742,0.20634920634920634,COc1cc2ncn(CC(=O)O)c(=O)c2cc1OC
CHEMBL248347,O=C(O)c1c(O)cccc1/C=C/c1ccc(O)cc1,4.937942028045654,0.23529411764705882,O=C(Cc1ccccc1)Oc1c(OC(=O)Cc2ccccc2)c(-c2ccc(O)cc2)c(O)c(O)c1-c1ccc(O)cc1
CHEMBL369935,CSCCC/C(=C(\c1ccc(O)cc1)c1ccc(OCCN(C)C)cc1)c1ccccc1,4.964396953582764,0.19696969696969696,O=C(Cc1ccccc1)Oc1c(OC(=O)Cc2ccccc2)c(-c2ccc(O)cc2)c(O)c(O)c1-c1ccc(O)cc1
CHEMBL228378,NCCCCNCCCCNCCCCNC(=O)N1c2ccccc2C=Cc2ccccc21,6.362239837646484,0.19047619047619047,O=C(O)CNC(=O)c1ccc(S(=O)(=O)N2Cc3ccccc3C2)cc1
CHEMBL354123,CC1(C)OC(c2ccc(S(C)(=O)=O)cc2F)=C(c2ccccc2)C1=O,6.258635997772217,0.21333333333333335,O=C(O)CNC(=O)c1ccc(S(=O)(=O)N2CCC(c3ccccc3)CC2)cc1F
CHEMBL494194,CC(C)c1onc(COc2c(F)cccc2F)c1COc1ccc(/C=C/c2cccc(C(=O)O)c2)c(Cl)c1,4.471733093261719,0.18666666666666668,CC(CC(=O)c1ccccc1)C(=O)O
CHEMBL192908,CC(=O)OC/C(=C(\C(=O)OCC[N+](C)(C)C)c1ccc(F)c(F)c1)c1ccc(S(C)(=O)=O)cc1.[Br-],7.794337272644043,0.25316455696202533,O=C(O)CNC(=O)c1ccc(S(=O)(=O)N2CCC(c3ccc(F)c(F)c3)CC2)cc1
CHEMBL130257,CC1=CC(C)(C)Nc2ccc3c(c21)/C(=C/c1cccc(F)c1)Oc1c(F)cccc1-3,5.523394584655762,0.12087912087912088,O=C(O)CNC(=O)c1ccc(S(=O)(=O)N2CCC(c3cccc(F)c3)CC2)cc1
CHEMBL467269,CC(C)c1onc(CCc2c(Cl)cccc2Cl)c1COc1ccc(/C=C/c2cccc(C(=O)O)c2)c(Cl)c1,4.441068172454834,0.19718309859154928,CC(CC(=O)c1ccccc1)C(=O)O
CHEMBL176131,CN(C)c1ccc(/C=C\c2ccc3ccccc3c2)cc1,4.527581214904785,0.13432835820895522,CCC[C@H](NC(=O)/C(C#N)=C/c1cccc(Br)n1)c1ccccc1
CHEMBL504258,C/C(=C\c1ccc(O)c(O)c1)c1ccc(O)cc1,3.955190658569336,0.15384615384615385,O=C(Cc1ccccc1)Oc1c(OC(=O)Cc2ccccc2)c(-c2ccc(O)cc2)c(O)c(O)c1-c1ccc(O)cc1
CHEMBL185345,N=C(N)c1ccc2cc(/C=C/c3ccccc3)ccc2c1,4.904674530029297,0.2,CC(CC(=O)c1ccccc1)C(=O)O
CHEMBL100994,CN(C(=O)C1C(c2ccccc2)=C1c1cccc(Cl)c1)[C@H]1CCCC[C@@H]1N1CCCC1,4.8194260597229,0.2191780821917808,O=C(O)CCC(=O)c1ccc(S(=O)(=O)N2CCC(N3CCCC3)CC2)cc1
CHEMBL88550,COc1ccc(C2=C(c3ccc(S(C)(=O)=O)cc3)CC3(CC3)C2)cc1F,6.101480484008789,0.18666666666666668,O=C(O)CNC(=O)c1ccc(S(=O)(=O)N2CCC(N3CCCC3)CC2)cc1F
CHEMBL66352,CCN(CC)CCOc1ccc(/C(=C(\C#N)c2ccccc2)c2ccc(O)cc2)cc1,5.274192810058594,0.20634920634920634,O=C(Cc1ccccc1)Oc1c(OC(=O)Cc2ccccc2)c(-c2ccc(O)cc2)c(O)c(O)c1-c1ccc(O)cc1
CHEMBL188635,Oc1ccc(/C=C/c2ccc(/C=C/c3ccc(O)cc3)cc2)cc1,3.4622278213500977,0.20512820512820512,O=C(Cc1ccccc1)Oc1c(OC(=O)Cc2ccccc2)c(-c2ccc(O)cc2)c(O)c(O)c1-c1ccc(O)cc1
CHEMBL56283,Cc1cc(/C=C/c2ccccc2OCc2ccccc2)cc(C)c1O,5.171712875366211,0.25,O=C(Cc1ccccc1)Oc1c(OC(=O)Cc2ccccc2)c(-c2ccc(O)cc2)c(O)c(O)c1-c1ccc(O)cc1
CHEMBL81627,COc1ccc(/C(C#N)=C/c2ccccc2OC)cc1,5.598772048950195,0.1875,COc1ccc(Br)c(-c2nnc(CCC(=O)O)o2)c1
CHEMBL86480,O=C1Nc2ccccc2/C1=C/c1ccc(N2CCOCC2)cc1,5.59160041809082,0.1643835616438356,O=C(O)CNC(=O)c1ccc(S(=O)(=O)N2CCC(N3CCOCC3)CC2)cc1
CHEMBL296701,CC(O)c1ccc(C2=C(c3ccc(S(C)(=O)=O)cc3)OC(C)(C)C2=O)cc1,6.539699077606201,0.17857142857142858,CC(C)c1ccc(C(=O)CCC(=O)O)cc1
CHEMBL63835,N#CC(=C(c1ccc(O)cc1)c1ccc(O)cc1)c1ccc(O)cc1,5.506195545196533,0.175,CC(C)c1ccc(C(=O)CCC(=O)O)cc1
CHEMBL60007,COc1ccc(/C=C2\C(=O)N(C)c3ccc(Cl)cc32)cc1OC1CC2CCC1C2,4.485251426696777,0.17592592592592593,Cc1cc(Cl)cc(-c2ccnc3cc(CN4C(=O)C5C(C4=O)C5(C)C)sc23)c1O[C@@H]1CCNC[C@@H]1C
CHEMBL380565,Nc1ccc(C2=C(c3ccc(O)cc3)Cc3cc(O)ccc32)cc1,4.449996948242188,0.18181818181818182,O=C(Cc1ccccc1)Oc1c(OC(=O)Cc2ccccc2)c(-c2ccc(O)cc2)c(O)c(O)c1-c1ccc(O)cc1
CHEMBL27547,CN(C)CCOc1ccc(C2Oc3ccccc3C=C2c2ccccc2)cc1,4.533040046691895,0.15625,O=C(O)CCc1nnc(-c2ccccc2)o1
CHEMBL348128,COc1cccc(/C=C/c2ccccc2)c1OCCCCN(C)C,4.957043647766113,0.2073170731707317,COc1ccccc1CN(C)C(=O)Cn1c(CCC(=O)O)nc2c(Cl)cccc2c1=O
CHEMBL175441,FC(F)(F)Oc1cccc(/C=C\c2ccc3ccccc3c2)c1,5.068748474121094,0.14516129032258066,O=C(O)CCc1nnc(-c2cccc(C(F)(F)F)c2)o1
CHEMBL455632,COc1cc2c(cc1OC)Oc1c(OC)ccc(CCN(C)C)c1C=C2,3.11961030960083,0.19402985074626866,COc1cc2oc(=O)cc(C)c2cc1CCC(=O)O
CHEMBL86572,COc1cc(OC)c(OC)cc1/C=C/c1ccccc1,5.221314907073975,0.24,COc1cc2ncn(CC(=O)O)c(=O)c2cc1OC
CHEMBL223142,CC(C)=CCc1c(O)cc(/C=C/c2cc(O)c3c(c2)C[C@@H]2C(C)(C)[C@H](O)CC[C@@]2(C)O3)cc1O,5.646848678588867,0.13761467889908258,C#CCOC(=O)/C(C)=C(C)C=C[C@](C)(O)[C@H]1CC[C@H]2[C@@H]3[C@@H]4O[C@@H]4[C@@]4(O)CC=CC(=O)[C@]4(C)[C@H]3CC[C@@]21C
CHEMBL203472,CN(C)CCOc1ccc(/C(=C(/CCN=[N+]=[N-])c2ccccc2)c2ccc(O)cc2)cc1,5.177620887756348,0.19402985074626866,O=C(Cc1ccccc1)Oc1c(OC(=O)Cc2ccccc2)c(-c2ccc(O)cc2)c(O)c(O)c1-c1ccc(O)cc1
CHEMBL180541,COc1cc(/C=C2\Cc3ccccc3/C(=C\c3ccc([N+](=O)[O-])cc3)C2=O)cc(OC)c1OC,5.794845581054688,0.1595744680851064,COc1ccccc1CNC(=O)Cn1c(CCC(=O)O)nc2c(Cl)cccc2c1=O
CHEMBL87333,Oc1ccc(/C=C\c2cc(O)cc(O)c2)cc1,3.61561918258667,0.20930232558139536,O=C(Cc1ccccc1)Oc1c(OC(=O)Cc2ccccc2)c(-c2ccc(O)cc2)c(O)c(O)c1-c1ccc(O)cc1
CHEMBL362600,N=C(N)c1ccc2cc(/C=C/c3ccccc3)cc(Nc3ncccn3)c2c1,5.538407325744629,0.16842105263157894,Cc1ccc(C(=O)Nc2cccc(C(F)(F)F)c2)cc1Nc1nc(-c2cccnc2)nc2nn(C)cc12
CHEMBL13022,C/C(=C\c1ccc(C(=O)O)cc1)c1ccc(C(C)(C)C)cc1,6.334266662597656,0.21739130434782608,CC(C)c1ccc(C(=O)CCC(=O)O)cc1
CHEMBL316378,COc1cc(/C=C/c2ccccc2)cc(OC)c1OC,5.385178089141846,0.19607843137254902,COc1cc2ncn(CC(=O)O)c(=O)c2cc1OC
CHEMBL159037,CN1CCN(CCCCOc2ccccc2/C=C/c2ccc(Cl)c(Cl)c2)CC1,4.102235794067383,0.18181818181818182,CC(=O)C1=C(O)C(=O)N(CCc2ccc(Cl)c(Cl)c2)C1c1ccc(Br)cc1
CHEMBL346372,OC1CCCN(CCCCOc2ccccc2/C=C/c2cccc(F)c2)C1,4.808550834655762,0.21428571428571427,O=C(O)CNC(=O)c1ccc(S(=O)(=O)N2CCC(c3cccc(F)c3)CC2)cc1
CHEMBL396098,COc1cc2c(cc1OC)/C(=C\c1ccc(NC(=O)Nc3ccc(O)cc3)cc1)C(=O)N2,5.377516746520996,0.20588235294117646,COc1cc2ncn(CC(=O)O)c(=O)c2cc1OC
CHEMBL67365,O=C1O/C(=C\c2ccccc2)c2ccccc21,4.493490695953369,0.20408163265306123,O=C(O)CCc1nnc(-c2ccccc2I)o1
CHEMBL170693,Fc1ccc(C(=C(c2ccccc2)c2ccccc2)C(F)(F)F)cc1,5.721182823181152,0.225,CC(CC(=O)c1ccccc1)C(=O)O
CHEMBL278738,CC1(O)OC(=O)C(c2ccc(O)cc2)=C1c1ccc(S(C)(=O)=O)cc1,6.183533191680908,0.20689655172413793,O=C(Cc1ccccc1)Oc1c(OC(=O)Cc2ccccc2)c(-c2ccc(O)cc2)c(O)c(O)c1-c1ccc(O)cc1
CHEMBL99852,Oc1cccc(/C=C/c2cc(O)cc(O)c2)c1,4.250310897827148,0.17391304347826086,O=C(Cc1ccccc1)Oc1c(OC(=O)Cc2ccccc2)c(-c2ccc(O)cc2)c(O)c(O)c1-c1ccc(O)cc1
CHEMBL78642,C1=C(c2ccc(CN3CCCC3)cc2)N2CCN=C2c2ccccc21,5.251100540161133,0.16666666666666666,O=C(O)CCc1nnc(-c2ccccc2I)o1
CHEMBL375204,COc1ccc(C(=C2CC(c3ccc(OCCN4CCCCC4)cc3)Oc3cc(OC)ccc32)c2ccc(OC)cc2)cc1,4.1858673095703125,0.2125,COc1ccc(Br)c(-c2nnc(CCC(=O)O)o2)c1
CHEMBL216099,O=C1c2ccccc2/C(=C/c2cc(Cl)cc(Cl)c2)c2sccc21,4.787515640258789,0.15384615384615385,O=C(O)CCC(=O)c1cccs1
CHEMBL419472,CC(C)(C)c1cccc(C2=Cc3ccccc3C3=NCCN23)c1,6.194005966186523,0.20588235294117646,O=C(O)CCc1nnc(-c2cccc(C(F)(F)F)c2)o1
CHEMBL376861,COc1ccc(C2=C(c3cc(OC)c(OC)c(OC)c3)C(=O)C(O)C2)cc1,4.221379280090332,0.19117647058823528,COc1ccc(Br)c(-c2nnc(CCC(=O)O)o2)c1
CHEMBL243684,COc1ccc(/C=C\c2ccc(OC)cc2OC)cc1,4.068082809448242,0.21153846153846154,COc1cc2ncn(CC(=O)O)c(=O)c2cc1OC
CHEMBL111154,Oc1ccc(C2=C(c3ccccc3)Cc3ccccc3O2)cc1,4.985620021820068,0.25,O=C(Cc1ccccc1)Oc1c(OC(=O)Cc2ccccc2)c(-c2ccc(O)cc2)c(O)c(O)c1-c1ccc(O)cc1
CHEMBL34824,CC1C(=O)C(C)(C)Nc2ccc3c(c21)/C(=C/c1cccc(F)c1)Oc1ccccc1-3,5.488949298858643,0.14130434782608695,O=C(O)CNC(=O)c1ccc(S(=O)(=O)N2CCC(c3cccc(F)c3)CC2)cc1
CHEMBL429672,Nc1ccc(/C=C/c2ccc(-c3nc4ccc(OCCCF)cc4s3)cc2)cc1,4.804690361022949,0.11842105263157894,Nc1c(C(=O)c2ccccc2)sc2[nH]c(=O)c(C(=O)O)cc12
CHEMBL310322,Cc1cc(N)ccc1/C=C/c1ccccc1,5.6610260009765625,0.17857142857142858,Nc1c(C(=O)c2ccccc2)sc2[nH]c(=O)c(C(=O)O)cc12
CHEMBL133483,CCCc1ccccc1/C=C1\Oc2ccc(F)cc2-c2ccc3c(c21)C(C)=CC(C)(C)N3,5.499336242675781,0.12790697674418605,Cc1cc(C(=O)CN2CCCC2)c(C)n1-c1ccc(F)cc1
CHEMBL457581,[O-][n+]1onc2ccc(/C=C/c3ccc4c(c3)OCO4)cc21,3.8735857009887695,0.10309278350515463,Cc1cc(Cl)cc(-c2ccnc3cc(CN4C(=O)C5C(C4=O)C5(C)C)sc23)c1O[C@@H]1CCNC[C@@H]1C
CHEMBL456828,CC(C)OP(=O)(NCCCCCC(=O)Nc1ccc(/C=C/c2ccccc2)cc1)OC(C)C,6.42016077041626,0.22413793103448276,CC(CC(=O)c1ccccc1)C(=O)O
CHEMBL344627,CC1=CC(C)(C)Nc2ccc3c(c21)/C(=C/c1ccccc1Cl)Oc1ccccc1-3,5.813087463378906,0.12380952380952381,Cc1cc(Cl)cc(-c2ccnc3cc(CN4C(=O)C5C(C4=O)C5(C)C)sc23)c1O[C@@H]1CCNC[C@@H]1C
CHEMBL466232,Cc1cc(Cl)cc(C)c1OCc1noc(C(C)C)c1COc1ccc(/C=C/c2cccc(C(=O)O)c2)c(Cl)c1,3.700181484222412,0.19298245614035087,Cc1cc(Cl)cc(-c2ccnc3cc(CN4C(=O)C5C(C4=O)C5(C)C)sc23)c1O[C@@H]1CCNC[C@@H]1C
CHEMBL371487,COc1ccc(/C=C\c2cc(OC)c(OC)c(OC)c2)cc1OCCO,5.01281213760376,0.20689655172413793,COc1cc2ncn(CC(=O)O)c(=O)c2cc1OC
CHEMBL497055,O=C1Nc2cc(-n3cccc3)ccc2/C1=C(/Nc1ccc(CN2CCCCC2)cc1)c1ccccc1,4.836040496826172,0.2,Cc1cc(C(=O)CN2CCCC2)c(C)n1-c1ccc(F)cc1
CHEMBL335996,COc1ccccc1/C=C1\Oc2ccc(F)cc2-c2ccc3c(c21)C(C)=CC(C)(C)N3,5.920839786529541,0.13253012048192772,COc1cc2oc(=O)cc(C)c2cc1CCC(=O)O
CHEMBL214207,CN(C)CCOc1ccc(C2=C3c4ccc(O)cc4CC3(Cc3ccccc3)CCC2=O)cc1,5.266829490661621,0.2236842105263158,O=C(Cc1ccccc1)Oc1c(OC(=O)Cc2ccccc2)c(-c2ccc(O)cc2)c(O)c(O)c1-c1ccc(O)cc1
CHEMBL514865,O=C1Nc2cc(F)ccc2/C1=C\c1cccc(C(F)(F)F)c1,5.523412227630615,0.23076923076923078,O=C(O)CCc1nnc(-c2cccc(C(F)(F)F)c2)o1
CHEMBL143334,COc1ccc(/C=C/c2cc(OC)cc(OC)c2Br)cc1,4.996265411376953,0.21666666666666667,COc1ccc(Br)c(-c2nnc(CCC(=O)O)o2)c1
CHEMBL46529,COc1cc(C2=C(c3ccc(SC)cc3)CC3CCCN3C2=O)ccc1O,4.724367618560791,0.17567567567567569,COc1cc2ncn(CC(=O)O)c(=O)c2cc1OC
CHEMBL102223,[N-]=[N+]=Nc1ccc(C2=C(c3ccccc3)C(=O)OC2)cc1,5.827140331268311,0.18518518518518517,O=C(O)CCc1nnc(-c2ccccc2)o1
CHEMBL350887,CN(C)CC/C=C1/c2ccccc2C=Cc2ccc(Cl)cc21,4.948612213134766,0.14285714285714285,O=C(O)CCc1nnc(-c2ccccc2I)o1
CHEMBL402914,O=C(Cc1ccc(O)cc1)N1C(=O)C(c2ccc(O)cc2)=C(c2ccc(O)cc2)C1O,3.994209051132202,0.3076923076923077,O=C(Cc1ccccc1)Oc1c(OC(=O)Cc2ccccc2)c(-c2ccc(O)cc2)c(O)c(O)c1-c1ccc(O)cc1
CHEMBL14744,C=CCOc1ccc2c(c1)Oc1ccccc1C(CC)=C2c1ccc(O)cc1,4.901777267456055,0.20588235294117646,O=C(Cc1ccccc1)Oc1c(OC(=O)Cc2ccccc2)c(-c2ccc(O)cc2)c(O)c(O)c1-c1ccc(O)cc1
CHEMBL89580,Oc1ccc(C2=Cc3cc(O)ccc3C2CCCCCCN2CCCC2)cc1,3.6875715255737305,0.18840579710144928,Cc1cc(C(=O)CN2CCCC2)c(C)n1-c1ccc(F)cc1
CHEMBL547684,COc1ccc(NC(=O)c2ccc(C=Cc3ccc(C(F)(F)F)cc3)cc2)cc1N1CCN(C)CC1,3.943272829055786,0.26595744680851063,Cc1ccc(C(=O)Nc2cccc(C(F)(F)F)c2)cc1Nc1nc(-c2cccnc2)nc2nn(C)cc12
CHEMBL198597,Nc1ccc(/C=C/c2ccc(OCC(CO)CF)cc2)cc1,3.7949509620666495,0.1320754716981132,CC(C)c1ccc(C(=O)CCC(=O)O)cc1
CHEMBL323478,Oc1ccc2c(c1)OC(c1ccc(OCCN3CCCCC3)cc1)C(c1ccccc1)=C2,4.859603404998779,0.17567567567567569,O=C(Cc1ccccc1)Oc1c(OC(=O)Cc2ccccc2)c(-c2ccc(O)cc2)c(O)c(O)c1-c1ccc(O)cc1
CHEMBL477459,COc1cc(/C=C(/C(=O)O)c2ccccc2)ccc1OC(C)=O,4.97860050201416,0.24,CC(CC(=O)c1ccccc1)C(=O)O
CHEMBL36136,CC(=O)Oc1ccc(C(=C(c2ccccc2)C(C)C)c2ccc(OC(C)=O)cc2)cc1,5.156408786773682,0.34146341463414637,CC(CC(=O)c1ccccc1)C(=O)O
CHEMBL296528,CSc1ccc(C2=C(c3ccc(F)c(F)c3)C(=O)N3CCCC3C2)cc1,4.517053604125977,0.21794871794871795,O=C(O)CNC(=O)c1ccc(S(=O)(=O)N2CCC(c3ccc(F)c(F)c3)CC2)cc1
CHEMBL296717,COc1ccc(C2=C(c3cc(OC)c(OC)c(OC)c3)CC3CCCN3C2=O)cc1O,4.41771936416626,0.18055555555555555,COc1cc2ncn(CC(=O)O)c(=O)c2cc1OC
CHEMBL36679,CC/C(=C(\c1ccccc1)c1ccc(/C=C/C(N)=O)cc1)c1ccccc1,4.913346290588379,0.28888888888888886,CC(CC(=O)c1ccccc1)C(=O)O
CHEMBL78928,N=C(Nc1ccccc1I)Nc1ccccc1/C=C/c1ccccc1,6.209660530090332,0.19298245614035087,O=C(O)CCc1nnc(-c2ccccc2I)o1
CHEMBL192540,COc1ccc(/C=C\c2cc(C)c(C)c(C)c2)cc1,3.849147081375122,0.19642857142857142,COc1ccc(Br)c(-c2nnc(CCC(=O)O)o2)c1
CHEMBL342340,CC/C(=C(\c1ccc(C)cc1)c1ccc(OCC(=O)O)cc1)c1ccccc1,4.686061859130859,0.2708333333333333,CC(CC(=O)c1ccccc1)C(=O)O
CHEMBL12962,CC(C)(C)c1cccc(/C=C/c2ccc(C(=O)O)cc2)c1,6.195672035217285,0.22033898305084745,O=C(O)CCc1nnc(-c2cccc(C(F)(F)F)c2)o1
CHEMBL190631,CC/C(=C(/CC)c1ccc(OCCN(CC)CC)cc1)c1ccc(OCCN(CC)CC)cc1,3.5367259979248047,0.1702127659574468,CC(C)c1ccc(C(=O)CCC(=O)O)cc1
CHEMBL198282,CC(=O)Oc1ccc(/C=C2/C(=O)Oc3ccc(OC(C)=O)cc32)cc1,3.5023205280303955,0.2153846153846154,COc1ccc(Br)c(-c2nnc(CCC(=O)O)o2)c1
CHEMBL18316,CC1(O)OC(=O)C(c2ccccc2)=C1c1ccc(S(C)(=O)=O)cc1,5.987737655639648,0.2222222222222222,O=C(O)CCC(=O)c1ccc(S(=O)(=O)N2CCC(c3ccccc3)CC2)cc1
CHEMBL11663,CC/C(=C(\Cc1ccccc1)c1ccc(OCN2CCCCC2)cc1)c1ccccc1,4.421511650085449,0.21311475409836064,O=C(Cc1ccccc1)Oc1c(OC(=O)Cc2ccccc2)c(-c2ccc(O)cc2)c(O)c(O)c1-c1ccc(O)cc1
CHEMBL278888,CC/C1=C(\c2ccc(O)cc2)c2ccc(OCC(O)CO)cc2SCc2ccccc21,4.671095848083496,0.1917808219178082,O=C(Cc1ccccc1)Oc1c(OC(=O)Cc2ccccc2)c(-c2ccc(O)cc2)c(O)c(O)c1-c1ccc(O)cc1
CHEMBL373095,O=C1C(c2ccc(O)cc2)=C(c2ccccc2)c2cc(O)ccc21,5.363481998443604,0.2916666666666667,O=C(Cc1ccccc1)Oc1c(OC(=O)Cc2ccccc2)c(-c2ccc(O)cc2)c(O)c(O)c1-c1ccc(O)cc1
CHEMBL49606,COc1ccc(N2CC(c3ccc(S(C)(=O)=O)cc3)=C(c3ccc(F)cc3)C2=O)cc1,5.714925765991211,0.2,Cc1cc(C(=O)CN2CCCC2)c(C)n1-c1ccc(F)cc1
CHEMBL422830,Cc1c(C)c2ccc(/C=C/c3ccccc3)cc2oc1=O,4.250400543212891,0.22413793103448276,COc1cc2oc(=O)cc(C)c2cc1CCC(=O)O
CHEMBL98440,CSc1ccc(C2=C(c3ccccc3)CN(C)O2)cc1,4.1756792068481445,0.16981132075471697,O=C(O)CCc1nnc(-c2ccccc2)o1
CHEMBL75468,C/C(=C\c1ccc(C(=O)O)cc1)c1ccc2c(c1)SCCC2(C)C,7.363831996917725,0.2033898305084746,O=C(O)CCC(=O)c1ccc2c(c1)CCC2
CHEMBL10088,CC(C)(C)c1ccc(C2=Cc3ccc(N/C(S)=N/C4CCCCC4)cc3C3=NCCCN23)cc1,6.219699859619141,0.16091954022988506,O=C(O)CNC(=O)c1ccc(S(=O)(=O)N2CCC(C3CCCC3)CC2)cc1
CHEMBL289582,CC/C(=C(/c1ccc(OCCN(C)C)cc1)c1ccc(O)cc1C)c1ccccc1,4.394260406494141,0.1875,Cc1cc(S(=O)(=O)N2CCC(c3ccccc3)CC2)ccc1C(=O)NCC(=O)O
CHEMBL147914,O=C(/C(=C/c1ccccc1)c1ccccc1)c1ccccc1,5.773638725280762,0.3055555555555556,CC(CC(=O)c1ccccc1)C(=O)O
CHEMBL518933,O=S(=O)([O-])Oc1ccc(/C=C/c2cc(O)cc(O[C@@H]3O[C@H](CO)[C@@H](O)[C@H](O)[C@H]3O)c2)cc1.[K+],4.739991664886475,0.15853658536585366,O=C(O)CNC(=O)c1ccc(S(=O)(=O)N2CCC(Oc3ccccc3)CC2)cc1
CHEMBL407035,CS(=O)(=O)c1ccc(/C=C(/C(=O)O)c2ccc(F)cc2)cc1,5.496155738830566,0.2903225806451613,O=C(O)CNC(=O)c1ccc(S(=O)(=O)N2CCC(c3ccc(F)cc3)CC2)cc1
CHEMBL401178,COc1ccc(C2=C(c3ccc(Cl)cc3)C(=O)N3CCCC3C2)cc1,4.568193435668945,0.20270270270270271,O=C(O)CNC(=O)c1ccc(S(=O)(=O)N2CCC(c3ccc(Cl)cc3)CC2)cc1
CHEMBL8462,CCCCCC(O)c1cccc(/C=C\c2ccccc2)c1,5.38204288482666,0.26153846153846155,CCC[C@H](NC(=O)/C(C#N)=C/c1cccc(Br)n1)c1ccccc1
CHEMBL383533,CN(C)CCOc1ccc(/C(=C(/CCCCO)c2ccccc2)c2ccc(O)cc2)cc1,5.149472713470459,0.203125,O=C(Cc1ccccc1)Oc1c(OC(=O)Cc2ccccc2)c(-c2ccc(O)cc2)c(O)c(O)c1-c1ccc(O)cc1
CHEMBL417378,Cc1cc(/C=C/c2ccc(C(=O)O)cc2)cc(C)c1O,3.834028720855713,0.22727272727272727,CC(C)c1ccc(C(=O)CCC(=O)O)cc1
CHEMBL496463,C[S+]([O-])c1ccc(/C=C2\C=C(CC(=O)O)c3cc(F)ccc32)cc1,3.747493028640747,0.1875,O=C(O)CNC(=O)c1ccc(S(=O)(=O)N2CCC(c3cccc(F)c3)CC2)cc1
CHEMBL11225,CC/C(=C(/c1ccccc1)c1ccc(OC(C)=O)cc1)c1ccccc1,5.377371311187744,0.3023255813953488,CC(CC(=O)c1ccccc1)C(=O)O
CHEMBL28094,COC1=C(c2ccccc2)C(=O)c2ccccc21,5.48753547668457,0.225,CC(CC(=O)c1ccccc1)C(=O)O
CHEMBL188624,CCCC/C(=C(\c1ccccc1)c1ccc(S(C)(=O)=O)cc1)c1ccccc1,5.617712497711182,0.29310344827586204,O=C(O)CCC(=O)c1ccc(S(=O)(=O)N2CCC(c3ccccc3)CC2)cc1
CHEMBL34463,C/C(=C\c1ccc(C#N)cc1)c1ccc2c(c1)C(C)(C)CCO2,7.063668251037598,0.2328767123287671,Cc1cc(C(=O)CN2CCC(O)CC2)c(C)n1-c1ccc(C#N)cc1
CHEMBL355219,CC(=O)c1ccc(C2=C(c3ccc(S(C)(=O)=O)cc3)OC(C)(C)C2=O)cc1,6.546921730041504,0.2,O=C(O)CNC(=O)c1ccc(S(=O)(=O)N2CCC3(CC2)OCc2ccccc23)cc1
CHEMBL113029,COc1ccc(/C=C/c2cc(O)cc(O)c2)cc1O,4.287574291229248,0.18867924528301888,COc1cc2ncn(CC(=O)O)c(=O)c2cc1OC
CHEMBL397302,O=[N+]([O-])c1ccc(/C=C/c2ccc(O)c(O)c2)c([N+](=O)[O-])c1,4.150227546691895,0.10344827586206896,O=C(O)CCC(=O)c1ccc2c(c1)CCC2
CHEMBL356326,COc1ccc(/C(C)=C/c2ccc(C(=O)O)cc2)cc1C1(C)CCCCC1,6.904333114624023,0.21666666666666667,O=C(O)CCC(=O)c1ccc2c(c1)CCC2
CHEMBL468630,COc1ccc(/C(F)=C/c2cc(OC)c(OC)c(OC)c2)cc1O,4.835622787475586,0.16666666666666666,COc1cc2ncn(CC(=O)O)c(=O)c2cc1OC
CHEMBL514867,O=C1Nc2ccccc2/C1=C\c1ccccc1C(F)(F)F,5.711808204650879,0.13846153846153847,O=C(O)CCc1nnc(-c2cccc(C(F)(F)F)c2)o1
CHEMBL478145,COc1cccc(OC)c1/C=C1/C(=O)Nc2ccccc21,4.453896522521973,0.19480519480519481,COc1ccccc1CNC(=O)Cn1c(CCC(=O)O)nc2c(Cl)cccc2c1=O
CHEMBL307520,C/C(=C(/F)c1ccc(C(=O)O)cc1)c1ccc2c(c1)C(C)(C)CCC2(C)C,6.689874649047852,0.23076923076923078,O=C(O)CCC(=O)c1ccc2c(c1)CCC2
CHEMBL201371,COc1ccc(/C=C/c2c3c(c(C)c(C)c2OC)OC(C)(C)CC3)cc1OC,6.106948852539063,0.14864864864864866,COc1cc2oc(=O)cc(C)c2cc1CCC(=O)O
CHEMBL478318,COc1ccc2c(c1)NC(=O)/C2=C/c1cccc(C(F)(F)F)c1,5.154145240783691,0.21739130434782608,O=C(O)CCc1nnc(-c2cccc(C(F)(F)F)c2)o1
CHEMBL341081,COc1cc(/C=C\c2ccc3nccnc3c2)cc(OC)c1OC,4.651505470275879,0.21428571428571427,COc1cc2ncn(CC(=O)O)c(=O)c2cc1OC
CHEMBL428125,CC1=CC(C)(C)Nc2ccc3c(c21)/C(=C/c1ccc(F)cc1F)Oc1ccccc1-3,5.838267803192139,0.12345679012345678,Cc1cc(C(=O)CN2CCCC2)c(C)n1-c1ccc(F)cc1
CHEMBL235336,Cn1cc(NC(=O)c2cc(NC(=O)c3ccc(/C=C/c4ccc5ccccc5c4)cc3)cn2C)cc1C(=O)NCCN1CCOCC1,5.028260231018066,0.2823529411764706,Cn1cc(S(=O)(=O)N2CCC(c3ccccc3)CC2)cc1C(=O)NCC(=O)O
CHEMBL220355,CCc1cccc2c1CNc1c(cccc1CCc1ccccc1)/C=C\2COc1ccccc1OC,4.023438453674316,0.23076923076923078,COc1ccccc1CNC(=O)Cn1c(CCC(=O)O)nc2c(Cl)cccc2c1=O
CHEMBL471103,CC/C(=C\c1cc(O)cc(O)c1)c1cccc(F)c1,4.837747573852539,0.2028985507246377,O=C(O)CNC(=O)c1ccc(S(=O)(=O)N2CCC(c3cccc(F)c3)CC2)cc1
CHEMBL334025,CCOC(=O)c1ccc(/C=C(\C)c2ccc3c(c2)CC[C@@H](CC)[S+]3[O-])cc1,3.9465413093566895,0.2153846153846154,O=C(O)CCC(=O)c1ccc2c(c1)CCC2
CHEMBL275825,CC/C1=C(\c2ccc(O)cc2)c2ccc(OCC(O)CO)cc2CCc2ccccc21,5.134734630584717,0.2,O=C(Cc1ccccc1)Oc1c(OC(=O)Cc2ccccc2)c(-c2ccc(O)cc2)c(O)c(O)c1-c1ccc(O)cc1
CHEMBL422224,CC/C(=C(\c1ccc(OC(C)=O)cc1)c1ccc(OC(C)=O)c(OC(C)=O)c1)c1ccccc1,5.184543132781982,0.26,CC(CC(=O)c1ccccc1)C(=O)O
CHEMBL80963,Clc1ccccc1C1=Cc2ccccc2C2=NCCN12,4.323914527893066,0.1694915254237288,O=C(O)CCc1nnc(-c2ccccc2I)o1
CHEMBL376007,COc1cc(/C=C/c2cc(O)c(CC=C(C)C)c(O)c2)cc2c1O[C@]1(C)CC[C@@H](O)C(C)(C)[C@H]1C2,5.646848678588867,0.14285714285714285,COc1cc2oc(=O)cc(C)c2cc1CCC(=O)O
CHEMBL227002,[O-][n+]1onc2cc(/C=C/c3ccccc3)ccc21,4.485386848449707,0.14814814814814814,O=C(O)CCc1nnc(-c2ccccc2)o1
CHEMBL479274,COC(=O)c1ccc(/C=C/c2cccc(Cl)c2)c(C)c1,4.626102447509766,0.2222222222222222,Cc1cc(C(=O)NCC(=O)O)ccc1S(=O)(=O)N1CCC(c2ccccc2)CC1
CHEMBL281499,Oc1ccc(C2=Cc3cc(O)ccc3C23Cc2ccccc2C3)cc1,5.208553314208984,0.2222222222222222,O=C(Cc1ccccc1)Oc1c(OC(=O)Cc2ccccc2)c(-c2ccc(O)cc2)c(O)c(O)c1-c1ccc(O)cc1
CHEMBL167077,COc1cc2c(cc1OC)C1=C(c3ccccc3Cl)C(=O)C(=O)N1CC2,4.6152424812316895,0.21428571428571427,COc1ccccc1CNC(=O)Cn1c(CCC(=O)O)nc2c(Cl)cccc2c1=O
CHEMBL89263,CS(=O)(=O)c1ccc(C2=C(c3ccc(OC(F)(F)F)cc3)CC3(CC3)C2)cc1,5.753596305847168,0.15384615384615385,O=C(O)CNC(=O)c1ccc(S(=O)(=O)N2CCC(c3cccc(C(F)(F)F)c3)CC2)cc1
CHEMBL374958,COC(=O)C1=C(c2ccccc2)C2OC1C(c1ccccc1)=C2c1ccccc1,4.826831817626953,0.25,O=C(O)CCc1nnc(-c2ccccc2)o1
CHEMBL119576,COc1cc(/C=C/c2ccc(O)c(OC)c2)cc(OC)c1,4.388514041900635,0.18333333333333332,COc1ccc(Br)c(-c2nnc(CCC(=O)O)o2)c1
CHEMBL497166,COc1ccc(/C=C/c2cc(F)c(F)c(F)c2)cc1N,3.8774728775024414,0.16666666666666666,COc1cc2oc(=O)cc(C)c2cc1CCC(=O)O
CHEMBL516421,O=C1Nc2ccccc2/C1=C\c1ccc(F)cc1F,5.85402250289917,0.15254237288135594,CC(C(=O)O)n1cnc2ccccc2c1=O
CHEMBL360703,N=C(N)c1ccc2cc(/C=C/c3ccccc3)cc(Br)c2c1,5.356410980224609,0.17647058823529413,CC(CC(=O)c1ccccc1)C(=O)O
CHEMBL187400,COc1ccc(C2=C(c3ccc(OCCN(C)C)cc3)c3ccccc3OCC2)cc1,4.762661933898926,0.17105263157894737,COc1ccc(Br)c(-c2nnc(CCC(=O)O)o2)c1
CHEMBL481633,Oc1ccc(C2=Cc3cc(O)cc(O)c3[C@@H](c3cc(O)cc(O)c3)[C@@H]2c2ccc(O)cc2)cc1,4.341043472290039,0.1724137931034483,O=C(Cc1ccccc1)Oc1c(OC(=O)Cc2ccccc2)c(-c2ccc(O)cc2)c(O)c(O)c1-c1ccc(O)cc1
CHEMBL299602,CC/C(=C(\c1ccccc1)c1ccc(OCCCN2CCCC2)cc1)c1ccccc1,4.928003311157227,0.21428571428571427,O=C(O)CNC(=O)c1ccc(S(=O)(=O)N2CCC(Oc3ccccc3)CC2)cc1
CHEMBL370403,CC(=O)c1ccc(C2=C(c3ccc(O)cc3)Cc3cc(O)ccc32)cc1,4.2604827880859375,0.25,O=C(O)CCC(=O)c1ccc2c(c1)CCC2
CHEMBL52764,CC/C(=C(/c1ccccc1)c1ccc(OC(C)=O)cc1)c1cccc(OC(C)=O)c1,5.340095520019531,0.2708333333333333,CC(CC(=O)c1ccccc1)C(=O)O
CHEMBL137902,CC1=CC(C)(C)Nc2ccc3c(c21)/C(=C/c1ccc(Br)cc1)Oc1ccccc1-3,5.77330493927002,0.11320754716981132,Cc1cc(Cl)cc(-c2ccnc3cc(CN4C(=O)C5C(C4=O)C5(C)C)sc23)c1O[C@@H]1CCNC[C@@H]1C
CHEMBL74191,COc1cc(/C=C/c2ccc(C)cc2)cc(OC)c1OC,4.687839508056641,0.18181818181818182,COc1cc2oc(=O)cc(C)c2cc1CCC(=O)O
CHEMBL140815,Oc1cc(O)cc(/C=C/c2ccc(O)c(I)c2)c1,4.177012920379639,0.13725490196078433,O=C(Cc1ccccc1)Oc1c(OC(=O)Cc2ccccc2)c(-c2ccc(O)cc2)c(O)c(O)c1-c1ccc(O)cc1
CHEMBL8504,CC(C)(C)c1cc(/C=C/c2ccccc2C(=O)O)cc(C(C)(C)C)c1O,6.469606399536133,0.21311475409836064,Nc1c(C(=O)c2ccccc2)sc2[nH]c(=O)c(C(=O)O)cc12
CHEMBL197386,CC(C)c1cc(-c2cccc(/C=C(/C(=O)O)c3ccc(S(C)(=O)=O)cc3)c2)c2ncccc2c1,4.915985107421875,0.22388059701492538,CC(C)c1ccc(C(=O)CCC(=O)O)cc1
CHEMBL456768,O=C(O)CC1=C/C(=C\c2ccc(SC(F)(F)F)cc2)c2ccc(F)cc21,3.968595027923584,0.18055555555555555,O=C(O)CCc1nnc(-c2cccc(C(F)(F)F)c2)o1
CHEMBL166621,COc1cc2c(cc1OC)C1=C(c3ccc(Cl)cc3)C(=O)C(=O)N1CC2,3.852063179016113,0.19696969696969696,COc1cc2ncn(CC(=O)O)c(=O)c2cc1OC
CHEMBL195195,O=C1Oc2ccc(O)cc2/C1=C\c1ccc(O)c(O)c1,4.08904504776001,0.15254237288135594,O=C(Cc1ccccc1)Oc1c(OC(=O)Cc2ccccc2)c(-c2ccc(O)cc2)c(O)c(O)c1-c1ccc(O)cc1
CHEMBL199140,Oc1ccc(C2=C(Cc3ccccc3)c3ccc(O)cc3C2)cc1,5.032793045043945,0.3076923076923077,O=C(Cc1ccccc1)Oc1c(OC(=O)Cc2ccccc2)c(-c2ccc(O)cc2)c(O)c(O)c1-c1ccc(O)cc1
CHEMBL12601,O=C(O)c1ccc(/C=C/c2ccccc2)cc1,5.122468948364258,0.2857142857142857,CC(CC(=O)c1ccccc1)C(=O)O
CHEMBL327900,CS(=O)(=O)c1ccc(C2=C(c3ccc(F)cc3)CC3(CCCC3)C2)cc1,6.749313831329346,0.2153846153846154,O=C(O)CNC(=O)c1ccc(S(=O)(=O)N2CCC(c3ccc(F)cc3)CC2)cc1
CHEMBL515985,CCOC(=O)/C=C/c1ccc(O)c2c1C=Cc1cc(O)c(O)cc1O2,4.165075302124023,0.15492957746478872,COc1cc2ncn(CC(=O)O)c(=O)c2cc1OC
CHEMBL364442,Oc1ccc(C2=C(c3ccc(Cl)cc3)c3ccc(O)cc3C2)cc1,4.45700740814209,0.18518518518518517,O=C(Cc1ccccc1)Oc1c(OC(=O)Cc2ccccc2)c(-c2ccc(O)cc2)c(O)c(O)c1-c1ccc(O)cc1
CHEMBL452495,COc1ccc(/C=C/c2cc(O[C@@H]3O[C@H](CO)[C@@H](O)[C@H](O)[C@H]3O)cc(O[C@@H]3O[C@H](CO)[C@@H](O)[C@H](O)[C@H]3O)c2)cc1,4.003158092498779,0.2,COc1ccc(Br)c(-c2nnc(CCC(=O)O)o2)c1
CHEMBL279282,O=C1/C(=C\c2ccc(Cl)cc2)c2ccccc2N1CCCN1CCN(c2cccc(Cl)c2)CC1,4.426471710205078,0.16883116883116883,Cc1cc(C(=O)CN2CCCC2)c(C)n1-c1ccc(F)cc1
CHEMBL274381,Cc1ccc2c(c1)C=Cc1cc(C(C)C(=O)O)ccc1O2,4.180228233337402,0.2553191489361702,CC(C)c1ccc(C(=O)CCC(=O)O)cc1
CHEMBL86599,COc1cccc(/C=C/c2cc(OC)c(OC)c(OC)c2)c1,4.689009666442871,0.18333333333333332,COc1ccc(Br)c(-c2nnc(CCC(=O)O)o2)c1
CHEMBL15130,F/C(=C\c1ccccc1)c1ccccc1,4.955760478973389,0.2571428571428571,CC(CC(=O)c1ccccc1)C(=O)O
CHEMBL178356,Cc1ccc(/C=C(\c2ccccc2)c2ccc(S(C)(=O)=O)cc2)cc1,5.434455871582031,0.24561403508771928,O=C(O)CNC(=O)c1ccc(S(=O)(=O)N2Cc3ccccc3C2)cc1
CHEMBL432762,CC1c2ccccc2C=C(N2CCN(C)CC2)c2ccccc21,4.398412704467773,0.16923076923076924,CN1CCC(NS(=O)(=O)c2ccc(C(=O)NCC(=O)O)cc2)CC1
CHEMBL154725,C[C@@H](NCc1ccc(/C=C/c2ccccc2)cc1)C(N)=O,4.425964832305908,0.28888888888888886,CC(CC(=O)c1ccccc1)C(=O)O
CHEMBL297177,CS(=O)(=O)c1ccc(C2=C(c3ccccc3)C(=O)N(c3ccc(C(F)(F)F)cc3)C2)cc1,5.880865573883057,0.24050632911392406,O=C(O)CNC(=O)c1ccc(S(=O)(=O)N2CCC(c3cccc(C(F)(F)F)c3)CC2)cc1
CHEMBL14574,C=CCOc1ccc2c(c1)CCc1ccccc1/C(CC)=C\2c1ccccc1,5.5646514892578125,0.17333333333333334,O=C(O)CNC(=O)c1ccc(S(=O)(=O)N2CCc3ccccc3C2)cc1
CHEMBL441643,C(=C/c1cccc(OCc2ccccc2)c1)\c1ccc(OCc2ccccc2)cc1,4.2500410079956055,0.20754716981132076,O=C(Cc1ccccc1)Oc1c(OC(=O)Cc2ccccc2)c(-c2ccc(O)cc2)c(O)c(O)c1-c1ccc(O)cc1
CHEMBL259401,COc1ccc(/C(=C\c2ccc(S(C)(=O)=O)cc2)C(=O)O)cc1,5.099557876586914,0.22388059701492538,O=C(O)CNC(=O)c1ccc(S(=O)(=O)N2CCC(Oc3ccccc3)CC2)cc1
CHEMBL318788,COc1ccc(/C=C2/C(=O)Nc3ccccc32)cc1,5.3205413818359375,0.1875,COc1ccc(Br)c(-c2nnc(CCC(=O)O)o2)c1
CHEMBL81995,Nc1nc(N)c2nc(CN3c4ccccc4C=Cc4cc(O)ccc43)cnc2n1,5.563816070556641,0.1388888888888889,O=C(Cc1ccccc1)Oc1c(OC(=O)Cc2ccccc2)c(-c2ccc(O)cc2)c(O)c(O)c1-c1ccc(O)cc1
CHEMBL133805,O=C1c2c(O)cccc2C(=Cc2cc(O)c(O)c(O)c2)c2cccc(O)c21,5.629915237426758,0.16666666666666666,Nc1c(C(=O)c2ccccc2)sc2[nH]c(=O)c(C(=O)O)cc12
CHEMBL533468,O=C1C(c2ccccc2)=C(Nc2ccc([N+](=O)[O-])cc2)c2ccccc21,5.222574234008789,0.17647058823529413,O=C(O)CNC(=O)c1ccc(S(=O)(=O)N2CC=C(c3ccccc3)CC2)cc1
CHEMBL109266,COc1ccc(/C=C/c2cc(O)cc(O[C@@H]3O[C@H](CO)[C@@H](O)[C@H](O)[C@H]3O)c2)cc1O,3.9739632606506343,0.15789473684210525,COc1cc2oc(=O)cc(C)c2cc1CCC(=O)O
CHEMBL352602,CC1(C)OC(c2ccc(S(N)(=O)=O)c(F)c2)=C(c2cc(F)cc(F)c2)C1=O,6.331053733825684,0.18181818181818182,O=C(O)CNC(=O)c1ccc(S(=O)(=O)N2CCC(c3ccccc3)CC2)c(F)c1
CHEMBL118591,O=C1C[C@H](O)C[C@@H](C=C2c3ccccc3C=Cc3ccccc32)O1,3.5615651607513428,0.2,O=C(O)CCc1nnc(-c2ccccc2I)o1
CHEMBL126333,O=C(O)c1ccc(/C=C(\c2ccc(CCNS(=O)(=O)c3ccc(Cl)cc3)cc2)c2cccnc2)cc1,5.737614154815674,0.24691358024691357,O=C(O)CNC(=O)c1ccc(S(=O)(=O)N2CCC(c3ccc(Cl)cc3)CC2)cc1
CHEMBL18955,CN1CCN(/C(=C/c2ccccc2)c2ccccc2)CC1,3.849270820617676,0.23809523809523808,CC(CC(=O)c1ccccc1)C(=O)O
CHEMBL260889,C=C[C@@](C)(/C=C/c1ccc(O)c(/C=C/c2ccc(OC)cc2)c1)CCC=C(C)C,7.116237163543701,0.16883116883116883,COc1ccc(Br)c(-c2nnc(CCC(=O)O)o2)c1
CHEMBL370530,Fc1ccc2c(c1)CC/C2=C\c1cccc2cnccc12,5.084888935089111,0.17391304347826086,Cc1ccc(C(=O)Nc2cccc(C(F)(F)F)c2)cc1Nc1nc(-c2cccnc2)nc2nn(C)cc12
CHEMBL181035,O=C(O)/C=C/c1ccccc1/C=C/c1ccccc1OCc1ccccc1,4.460698127746582,0.2692307692307692,O=C(Cc1ccccc1)Oc1c(OC(=O)Cc2ccccc2)c(-c2ccc(O)cc2)c(O)c(O)c1-c1ccc(O)cc1
CHEMBL34882,CC1CC(C)(C)Nc2ccc3c(c21)/C(=C/c1cccc(F)c1)Oc1ccccc1-3,5.540058612823486,0.14285714285714285,O=C(O)CNC(=O)c1ccc(S(=O)(=O)N2CCC(c3cccc(F)c3)CC2)cc1
CHEMBL512245,COc1cc(/C(F)=C/c2cc(O)c3ccsc3c2)cc(OC)c1OC,4.873285293579102,0.17391304347826086,COc1cc2oc(=O)cc(C)c2cc1CCC(=O)O
CHEMBL67783,Oc1ccc(C2=Cc3ccc(O)cc3OC2c2ccc(OCCN3CCCCC3)cc2)cc1,3.806738376617432,0.16666666666666666,Cc1cc(C(=O)CN2CCCC2)c(C)n1-c1ccc(F)cc1
CHEMBL225814,O=C(O)c1ccc(/C=C\c2ccc3c(c2)no[n+]3[O-])cc1,3.790765285491944,0.2,O=C(O)CCC(=O)c1ccc2c(c1)CCC2
CHEMBL302338,COc1ccc(/C=C2\OC(=O)c3ccccc32)cc1OC,4.606939315795898,0.21666666666666667,COc1cc2oc(=O)cc(C)c2cc1CCC(=O)O
CHEMBL111219,Oc1ccc(C2=Cc3ccc(O)cc3OC2c2ccc(O)cc2)cc1,4.232802391052246,0.18181818181818182,O=C(Cc1ccccc1)Oc1c(OC(=O)Cc2ccccc2)c(-c2ccc(O)cc2)c(O)c(O)c1-c1ccc(O)cc1
CHEMBL352909,BrCCOc1ccc(/C(=C\c2ccccc2)c2ccccc2)cc1,5.03587532043457,0.21739130434782608,CC(CC(=O)c1ccccc1)C(=O)O
CHEMBL500435,O=C1Nc2ccccc2/C1=C(/Nc1ccc(CN2CCCCC2)cc1)c1ccccc1,4.82904052734375,0.189873417721519,O=C(O)CNC(=O)c1ccc(S(=O)(=O)N2CCC(c3ccccc3)CC2)o1
CHEMBL179088,Oc1ccccc1/C=C/c1ccc(F)c(F)c1,4.567391395568848,0.16666666666666666,O=C(O)CNC(=O)c1ccc(S(=O)(=O)N2CCC(c3ccc(F)c(F)c3)CC2)cc1
CHEMBL276335,C=CCOc1ccc2c(c1)SCc1ccccc1/C(CC)=C\2c1ccc(O)cc1,5.029401779174805,0.19718309859154928,O=C(Cc1ccccc1)Oc1c(OC(=O)Cc2ccccc2)c(-c2ccc(O)cc2)c(O)c(O)c1-c1ccc(O)cc1
CHEMBL490674,CN(C)c1ccc(/C=C/c2cc(O)cc(O)c2)cc1,3.7495133876800537,0.13725490196078433,O=C(Cc1ccccc1)Oc1c(OC(=O)Cc2ccccc2)c(-c2ccc(O)cc2)c(O)c(O)c1-c1ccc(O)cc1
CHEMBL466867,O=C(O)c1cccc(/C=C/c2ccc(OCc3c(-c4c(Cl)cccc4Cl)noc3C3CCCC3)cc2Cl)c1,4.477886199951172,0.18085106382978725,O=C(O)CNC(=O)c1ccc(S(=O)(=O)N2CCCC(c3ccccc3)CC2)cc1
CHEMBL410284,CC(=O)OCO/N=[N+](\[O-])N(C)CCOC(=O)/C(=C/c1ccc(S(C)(=O)=O)cc1)c1ccc(Br)cc1,5.8789801597595215,0.20689655172413793,O=C(O)CNC(=O)c1ccc(S(=O)(=O)N2CCC(c3ccc(Br)cc3)CC2)cc1
CHEMBL473724,COc1cc(/C=C/c2ccc3ccccc3c2)cc(OC)c1,4.802262783050537,0.1694915254237288,COc1ccc(Br)c(-c2nnc(CCC(=O)O)o2)c1
CHEMBL92102,Cc1ccc(C2=C(c3ccc(S(C)(=O)=O)cc3)CC3(CC3)C2)cc1,5.672988414764404,0.171875,O=C(O)CNC(=O)c1ccc(S(=O)(=O)N2CC=C(c3ccccc3)CC2)cc1
CHEMBL501986,COc1cc(/C=C/c2ccc(O)cc2)cc(O[C@@H]2O[C@H](CO[C@@H]3OC[C@](O)(CO)[C@H]3O)[C@@H](O)[C@H](O)[C@H]2O)c1,6.577270030975342,0.16091954022988506,COc1ccc(Br)c(-c2nnc(CCC(=O)O)o2)c1
CHEMBL373236,CNc1ccc(/C=C/c2ccc(OCC(CO)CF)cc2)cc1,3.7489285469055176,0.1375,CC(C)(C)NS(=O)(=O)c1cccc2c(NC(=O)[C@H](Cc3ccccc3)NC(=O)C3CC3)cccc12
CHEMBL150511,COc1ccc(/C=C\c2cc(OC)c3c(c2)OCO3)cc1NC(=O)C(N)Cc1c[nH]c2ccccc12,4.612640857696533,0.21428571428571427,CC(C)(C)NS(=O)(=O)c1cccc2c(NC(=O)[C@H](Cc3ccccc3)NC(=O)C3CC3)cccc12
CHEMBL436404,O=C(/C(=C\c1ccc(O)cc1)c1ccc(O)cc1)c1ccccc1,5.89916467666626,0.2708333333333333,O=C(Cc1ccccc1)Oc1c(OC(=O)Cc2ccccc2)c(-c2ccc(O)cc2)c(O)c(O)c1-c1ccc(O)cc1
CHEMBL324079,Cc1ccc(NC(=O)CCC2CCCCC2)cc1/C=C(\C#N)c1ccc(O)cc1,4.787039756774902,0.20512820512820512,O=C(O)CNC(=O)c1ccc(S(=O)(=O)N2CCC(C3CCCC3)CC2)cc1
CHEMBL137956,CC1=CC(C)(C)Nc2ccc3c(c21)/C(=C/c1cccc(Br)c1)Oc1ccccc1-3,5.775939464569092,0.1111111111111111,CCC[C@H](NC(=O)/C(C#N)=C/c1cccc(Br)n1)c1ccccc1
CHEMBL514561,O=C(/C=C/c1ccccc1Cl)Nc1ccc(C(=O)Nc2ccc3c(c2)N(O)C(=O)/C3=C(\O)c2ccccc2)cc1,5.317759037017822,0.1978021978021978,O=C(O)CNC(=O)c1ccc(S(=O)(=O)N2CCC(N3C(=O)Cc4ccccc43)CC2)cc1
CHEMBL474128,C/C(=C\c1cc(O)cc(O)c1)c1ccc(C(F)(F)F)cc1,4.489452838897705,0.2028985507246377,O=C(O)CNC(=O)c1ccc(S(=O)(=O)N2CCC(c3cccc(C(F)(F)F)c3)CC2)cc1
CHEMBL372225,COc1ccc(/C=C\c2cc(OC)c(OC)c(OC)c2)cc1OCC[n+]1ccccc1.[Cl-],5.523149967193604,0.18461538461538463,COc1cc2ncn(CC(=O)O)c(=O)c2cc1OC
CHEMBL546496,COc1ccc(NC2=C(c3ccccc3)C(=O)c3ccccc32)cn1,5.791362285614014,0.2,CC(C(=O)O)n1cnc2ccccc2c1=O
CHEMBL511341,COc1ccc(/C=C\c2cc(Br)c(OC)c(OC)c2)cc1OP(=O)([O-])[O-].[Mg+2],5.892723083496094,0.17142857142857143,COc1ccc(Br)c(-c2nnc(CCC(=O)O)o2)c1
CHEMBL515619,O=C1Nc2ccccc2/C1=C\c1cccc2ccccc12,5.083136558532715,0.17857142857142858,CC(C(=O)O)n1cnc2ccccc2c1=O
CHEMBL217470,COc1cc(/C=C2/C(=O)Nc3ccccc32)cc(OC)c1OC,5.386001586914063,0.1774193548387097,COc1cc2ncn(CC(=O)O)c(=O)c2cc1OC
CHEMBL450995,Oc1c(Br)cc(/C=C/c2ccccc2)cc1Br,5.399050712585449,0.19148936170212766,O=C(Cc1ccccc1)Oc1c(OC(=O)Cc2ccccc2)c(-c2ccc(O)cc2)c(O)c(O)c1-c1ccc(O)cc1
CHEMBL165655,COc1ccc2[nH]c3c(C)c4cc[n+](CC(=O)NCCCCCNCCOc5ccc(/C(=C(/Cl)c6ccccc6)c6ccccc6)cc5)cc4c(C)c3c2c1.[Cl-],5.088634490966797,0.18095238095238095,O=C(O)CNC(=O)c1ccc(S(=O)(=O)N2CCC(Oc3ccccc3)CC2)cc1
CHEMBL435903,O=C(CCCCN1CCN(c2ccc(F)cc2)CC1)NC1c2ccccc2C=Cc2ccccc21,4.9923295974731445,0.2571428571428571,Cc1cc(C(=O)CN2CCCC2)c(C)n1-c1ccc(F)cc1
CHEMBL191350,COc1ccc(/C=C\c2cc(F)c(F)c(F)c2)cc1O,4.120946407318115,0.1864406779661017,COc1cc2oc(=O)cc(C)c2cc1CCC(=O)O
CHEMBL449587,COc1ccc(/C=C2/C(=O)Nc3cc(F)ccc32)cc1O,4.989236354827881,0.1791044776119403,COc1cc2ncn(CC(=O)O)c(=O)c2cc1OC
CHEMBL355729,CCC1(CC)OC(c2ccc(S(C)(=O)=O)cc2)=C(c2ccc(C(F)(F)F)cc2)C1=O,6.157831192016602,0.20253164556962025,O=C(O)CNC(=O)c1ccc(S(=O)(=O)N2CCC(c3cccc(C(F)(F)F)c3)CC2)cc1
CHEMBL347413,COc1ccc2c(c1)OC(C)(C)C(c1ccccc1)=C2c1ccccc1OCCN1CCCC1,5.20821475982666,0.19753086419753085,COc1ccc(Br)c(-c2nnc(CCC(=O)O)o2)c1
CHEMBL477527,COc1cc(/C=C/c2ccc(OC)c(OC(C)=O)c2OC(C)=O)cc(OC)c1OC,3.368274688720703,0.2413793103448276,COc1cc2ncn(CC(=O)O)c(=O)c2cc1OC
CHEMBL328580,O=C(O)/C(=C/c1cc(OCc2ccsc2)ccc1[N+](=O)[O-])c1ccccc1F,5.032431602478027,0.1797752808988764,O=C(O)CNC(=O)c1ccc(S(=O)(=O)N2CCC(c3ccccc3)CC2)cc1F
CHEMBL347455,C(=C/c1ccccc1OCCCCN1CCCC1)\c1ccccc1,4.244502067565918,0.20967741935483872,Cc1cc(C(=O)CN2CCCC2)c(C)n1-c1ccc(F)cc1
CHEMBL113770,O=C1c2ccccc2C(=Cc2ccc(C(F)(F)F)cc2)c2ccccc21,5.489422798156738,0.1896551724137931,O=C(O)CCc1nnc(-c2cccc(C(F)(F)F)c2)o1
CHEMBL350547,COc1ccc2[nH]c3c(C)c4cc[n+](CC(=O)N(CCCCCN)CCOc5ccc(/C(=C(/Cl)c6ccccc6)c6ccccc6)cc5)cc4c(C)c3c2c1.[Cl-],5.249616622924805,0.16666666666666666,Nc1c(C(=O)c2ccccc2)sc2[nH]c(=O)c(C(=O)O)cc12
CHEMBL84591,Cc1cccc(/C=C/c2ccc(N(C)C)cc2)c1,4.2669172286987305,0.11864406779661017,Cc1cc(C(=O)CN2CCCC2)c(C)n1-c1ccc(F)cc1
CHEMBL158769,CN(C)CCCCOc1ccccc1/C=C/c1ccccc1,4.362207889556885,0.16455696202531644,COc1ccccc1CN(C)C(=O)Cn1c(CCC(=O)O)nc2c(Cl)cccc2c1=O
CHEMBL422523,OC1CCCN(CCCCOc2ccccc2/C=C/c2ccc(F)cc2)C1,4.738180160522461,0.24285714285714285,Cc1cc(C(=O)CN2CCCC2)c(C)n1-c1ccc(F)cc1
CHEMBL464383,COc1cc(/C=C\c2ccc(OC)c(OP(=O)([O-])[O-])c2O)cc(OP(=O)([O-])[O-])c1OC.[Na+].[Na+].[Na+].[Na+],6.162896156311035,0.18181818181818182,COc1cc2ncn(CC(=O)O)c(=O)c2cc1OC
CHEMBL343581,COc1ccc(C2=C(c3ccc(OC)c(OC)c3)C(=O)OC2=O)cc1OC,4.3587141036987305,0.24,COc1cc2ncn(CC(=O)O)c(=O)c2cc1OC
CHEMBL207989,COc1cc(/C=C/c2cc(C(C)(C)C)c(O)c(C(C)(C)C)c2)cc(OC)c1,6.244863510131836,0.16666666666666666,COc1ccc(Br)c(-c2nnc(CCC(=O)O)o2)c1
CHEMBL36464,C/C(=C\c1ccc(C(=O)O)cc1)c1cc2c(cc1Cl)C(C)(C)CCC2(C)C,6.766478538513184,0.21052631578947367,O=C(O)CCC(=O)c1ccc2c(c1)CCC2
CHEMBL89040,Cc1cccc2c1/C(=C/c1ccc(N3CCN(C=O)CC3)cc1)C(=O)N2,5.740042209625244,0.16049382716049382,Cc1cc(C(=O)NCC(=O)O)ccc1S(=O)(=O)N1CCC(c2ccccc2)CC1
CHEMBL93372,CC(=O)Oc1ccc(C2=C(c3ccc(S(C)(=O)=O)cc3)COC2=O)cc1,5.179559230804443,0.19736842105263158,O=C(O)CNC(=O)c1ccc(S(=O)(=O)N2CCC3(CC2)OCc2ccccc23)cc1
CHEMBL509386,OC[C@H]1O[C@@H](Oc2cc(O)cc(/C=C\c3ccc(O)cc3)c2)[C@H](O)[C@@H](O)[C@@H]1O,3.782384634017944,0.15625,O=C(Cc1ccccc1)Oc1c(OC(=O)Cc2ccccc2)c(-c2ccc(O)cc2)c(O)c(O)c1-c1ccc(O)cc1
CHEMBL457211,CC(C)OP(=O)(N[C@H](C(=O)Nc1ccc(/C=C/c2ccccc2)cc1)C(C)C)OC(C)C,5.740812301635742,0.2222222222222222,CC(CC(=O)c1ccccc1)C(=O)O
CHEMBL147417,COc1ccc(/C=C\c2cc(OC)c3c(c2)OCO3)cc1NC(=O)CN,4.783673286437988,0.2054794520547945,COc1cc2oc(=O)cc(C)c2cc1CCC(=O)O
CHEMBL109739,N=C(N)NNC(=O)c1cc(/C=C/c2ccc(F)cc2)ccc1-c1ccc(Cl)cc1,4.770939826965332,0.2,Cc1cc(C(=O)CN2CCCC2)c(C)n1-c1ccc(F)cc1
CHEMBL463011,COc1cc(/C=C/c2ccc3c(c2)OC(C)(C)C=C3)cc(OC)c1OC,7.289957523345947,0.14705882352941177,COc1cc2oc(=O)cc(C)c2cc1CCC(=O)O
CHEMBL327210,COc1ccc(/C=C(\C)c2ccc3c(c2)C(C)(C)CCC3(C)C)cc1N,6.411856174468994,0.15714285714285714,COc1cc2oc(=O)cc(C)c2cc1CCC(=O)O
CHEMBL318303,O=C1Nc2ccccc2/C1=C\c1ccc(C(O)O)cc1,5.539041519165039,0.17543859649122806,CC(C(=O)O)n1cnc2ccccc2c1=O
CHEMBL251747,COc1ccc(C2=C(c3ccc(NCCCCCC(=O)OC(=O)CCCC[C@@H]4SC[C@@H]5NC(=O)N[C@@H]54)cc3)C(=O)N3CCCC3C2)cc1,4.929856777191162,0.15841584158415842,Cc1cc(C(=O)CN2CCCC2)c(C)n1-c1ccc(F)cc1
CHEMBL299765,CS(=O)(=O)c1ccc(C2=C(c3ccc(F)c(F)c3)C(=O)N(c3ccccc3)C2)cc1,5.515885353088379,0.24,O=C(O)CNC(=O)c1ccc(S(=O)(=O)N2CCC(c3ccc(F)c(F)c3)CC2)cc1
CHEMBL355771,CS(=O)(=O)c1ccc(C2=C(c3ccc(F)cc3)C3CCC2C3)cc1,4.635895729064941,0.3050847457627119,O=C(O)CNC(=O)c1ccc(S(=O)(=O)N2CCC(c3ccc(F)cc3)CC2)cc1
CHEMBL75937,C/C(=C\c1ccc(C(=O)O)cc1)c1ccc2c(c1)C(C)(C)CC[C@@H]2C,6.945552349090576,0.2,O=C(O)CCC(=O)c1ccc2c(c1)CCC2
CHEMBL85067,CN(C)c1ccc(/C=C/c2ccc(Cl)cc2)cc1,4.060834884643555,0.13333333333333333,O=C(O)CNC(=O)c1ccc(S(=O)(=O)N2CCC(c3ccc(Cl)cc3)CC2)cc1
CHEMBL506632,CNS(=O)(=O)c1ccc2c(c1)/C(=C1\C(=O)N([C@@H]3O[C@H](COC(C)=O)[C@@H](OC(C)=O)[C@H](OC(C)=O)[C@H]3OC(C)=O)c3ccccc31)C(=O)N2,5.276247024536133,0.1941747572815534,O=C(O)CNC(=O)c1ccc(S(=O)(=O)N2CCC(N3C(=O)Cc4ccccc43)CC2)cc1
CHEMBL468413,COc1cc(/C(F)=C\c2cc(O)c3ccoc3c2)cc(OC)c1OC,5.011367321014404,0.19117647058823528,COc1cc2oc(=O)cc(C)c2cc1CCC(=O)O
CHEMBL111095,COc1ccc(C2=C(c3ccc(S(N)(=O)=O)cc3)CCC2)cc1Cl,5.2406086921691895,0.1791044776119403,O=C(O)CCC(=O)c1ccc(S(=O)(=O)N2CCC(N3CCCC3)CC2)cc1
CHEMBL418153,CCC(=C(c1ccccc1)c1ccccc1)c1ccccc1,5.547809600830078,0.3333333333333333,CC(CC(=O)c1ccccc1)C(=O)O
CHEMBL37515,C/C(=C\c1ccc(C=O)cc1)c1ccc2c(c1)C(C)(C)CCO2,7.036700248718262,0.16666666666666666,O=C(O)CCC(=O)c1ccc2c(c1)CCC2
CHEMBL107273,O=C1Nc2ccc(C(=O)c3cccs3)cc2/C1=C/c1ccc(F)cc1,5.445267677307129,0.2631578947368421,O=C(O)CCC(=O)c1cccs1
CHEMBL91928,CCOc1nc2cccc(C(=O)O)c2n1Cc1ccc2c(c1)Oc1ccccc1C=C2c1nnn[nH]1,4.527844905853272,0.19101123595505617,O=C(O)CCc1nnc(-c2ccccc2I)o1
CHEMBL313313,COc1ccc(C2=C(c3ccc(S(N)(=O)=O)cc3)CC3(CC3)C2)cc1Br,6.009663105010986,0.17142857142857143,COc1ccc(Br)c(-c2nnc(CCC(=O)O)o2)c1
CHEMBL511261,CC(C)c1onc(COc2cccc(Cl)c2)c1COc1ccc(/C=C/c2cccc(C(=O)O)c2)c(Cl)c1,3.962786674499512,0.19444444444444445,CC(CC(=O)c1ccccc1)C(=O)O
CHEMBL394659,O=[N+]([O-])c1ccc(/C=C/c2cccc(O)c2O)c([N+](=O)[O-])c1,4.616938591003418,0.13333333333333333,O=C(Cc1ccccc1)Oc1c(OC(=O)Cc2ccccc2)c(-c2ccc(O)cc2)c(O)c(O)c1-c1ccc(O)cc1
CHEMBL76347,CCc1ccc(/C=C/c2cc(OC)c(OC)c(OC)c2)cc1,4.644120216369629,0.18181818181818182,COc1cc2ncn(CC(=O)O)c(=O)c2cc1OC
CHEMBL319183,COc1ccc(/C=C(/C(N)=O)c2cc(OC)c(OC)c(OC)c2)cc1N,4.653028964996338,0.1935483870967742,COc1cc2ncn(CC(=O)O)c(=O)c2cc1OC
CHEMBL65427,CC(C)Oc1ccc(/C(=C(/C#N)c2ccccc2)c2ccc(O)cc2)cc1,6.336962699890137,0.25,CC(CC(=O)c1ccccc1)C(=O)O
CHEMBL103333,COc1cc(/C=C\c2ccc(C)c(N)c2)cc(OC)c1OC,4.583280563354492,0.1864406779661017,COc1cc2oc(=O)cc(C)c2cc1CCC(=O)O
CHEMBL187391,CCCCCC/C(=C(\c1ccccc1)c1ccc(S(C)(=O)=O)cc1)c1ccccc1,6.095741271972656,0.2833333333333333,O=C(O)CCC(=O)c1ccc(S(=O)(=O)N2CCC(c3ccccc3)CC2)cc1
CHEMBL388330,O=S(=O)(Oc1ccccc1)C1CC2OC1C(c1ccccc1)=C2c1ccccc1,5.195053577423096,0.208955223880597,O=C(O)CNC(=O)c1ccc(S(=O)(=O)N2CCC(Oc3ccccc3)CC2)cc1
CHEMBL396917,COc1cc(/C=C/c2cc(Br)cc(/C=C/c3ccc(N)c(OC)c3)c2)ccc1N,4.967049598693848,0.16129032258064516,COc1ccc(Br)c(-c2nnc(CCC(=O)O)o2)c1
CHEMBL82612,COc1cc(/C=C/c2ccc3ccccc3c2)cc(OC)c1OC,5.310968399047852,0.17333333333333334,COc1ccccc1CNC(=O)Cn1c(CCC(=O)O)nc2c(Cl)cccc2c1=O
CHEMBL157972,NCC(=C(c1ccc(O)cc1)c1ccc(O)cc1)c1ccccc1,5.592642784118652,0.2608695652173913,O=C(Cc1ccccc1)Oc1c(OC(=O)Cc2ccccc2)c(-c2ccc(O)cc2)c(O)c(O)c1-c1ccc(O)cc1
CHEMBL472172,CC1(C)CC=C(C#Cc2ccccc2)c2cc(/C=C/c3ccc(C(=O)O)cc3)ccc21,7.324203014373779,0.1875,O=C(O)CCC(=O)c1ccc2c(c1)CCC2
CHEMBL422246,COc1cc(/C=C\c2ccc(Cl)c(N)c2)cc(OC)c1OC,4.325058937072754,0.16883116883116883,COc1ccccc1CNC(=O)Cn1c(CCC(=O)O)nc2c(Cl)cccc2c1=O
CHEMBL110846,NS(=O)(=O)c1ccc(C2=C(c3ccc(C(F)(F)F)c(F)c3)CCC2)cc1,5.763683795928955,0.2112676056338028,O=C(O)CNC(=O)c1ccc(S(=O)(=O)N2CCC(N3CCCC3)CC2)cc1F
CHEMBL192070,COC(=O)/C=C/c1cccc(N(Cc2ccc(/C=C/c3ccc(OC)cc3)cc2)C(=O)C2CCCCC2)c1,3.750489234924317,0.1827956989247312,CC(C)(C)NS(=O)(=O)c1cccc2c(NC(=O)[C@H](Cc3ccccc3)NC(=O)C3CC3)cccc12
CHEMBL101381,CC(C)c1onc(-c2c(Cl)cccc2Br)c1COc1ccc(/C=C/c2cccc(C(=O)O)c2)c(Cl)c1,4.622060775756836,0.20224719101123595,COc1ccc(Br)c(-c2nnc(CCC(=O)O)o2)c1
CHEMBL45802,CC/C(=C(\c1ccccc1)c1ccc(OCCN=C(N)N)cc1)c1ccccc1,5.629768371582031,0.21568627450980393,CC(CC(=O)c1ccccc1)C(=O)O
CHEMBL425504,O=C(CCCN1CCN(c2ccc(C(F)(F)F)cc2)CC1)NC1c2ccccc2C=Cc2ccccc21,4.935890197753906,0.23809523809523808,O=C(O)CNC(=O)c1ccc(S(=O)(=O)N2CCC(c3cccc(C(F)(F)F)c3)CC2)cc1
CHEMBL84003,CN(C)c1ccc(/C=C/c2ccc([N+](=O)[O-])cc2)cc1,4.31387186050415,0.12903225806451613,CN(C)C1CCN(S(=O)(=O)c2ccc(C(=O)NCC(=O)O)cc2)CC1
CHEMBL517658,COc1cccc(/C=C\c2ccc(O[Si](C)(C)C(C)(C)C)cc2)c1,6.774975776672363,0.24193548387096775,COc1ccc(Br)c(-c2nnc(CCC(=O)O)o2)c1
CHEMBL275059,CC/C(=C(/c1ccccc1)c1cccc(OC(C)=O)c1)c1ccccc1,5.321948051452637,0.28888888888888886,CC(CC(=O)c1ccccc1)C(=O)O
CHEMBL393703,O=[N+]([O-])c1ccc(/C=C/c2cccc(O)c2)c([N+](=O)[O-])c1,4.520788192749023,0.15,O=C(Cc1ccccc1)Oc1c(OC(=O)Cc2ccccc2)c(-c2ccc(O)cc2)c(O)c(O)c1-c1ccc(O)cc1
CHEMBL354184,O=C(O)c1ccc(/C=C/c2ccc(Nc3c4ccccc4nc4ccccc34)cc2)cc1,5.533402442932129,0.2545454545454545,CC(C(=O)O)n1cnc2ccccc2c1=O
CHEMBL364311,CS(=O)(=O)c1ccc(/C(COC(=O)c2cccnc2)=C(/C(=O)O)c2ccc(F)c(F)c2)cc1,5.196677684783936,0.25925925925925924,O=C(O)CNC(=O)c1ccc(S(=O)(=O)N2CCC(c3ccc(F)c(F)c3)CC2)cc1
CHEMBL59436,COc1cccc(/C=C/c2cccc3cc(NS(=O)(=O)C(F)(F)F)ccc23)c1,5.460665702819824,0.16091954022988506,O=C(O)CNC(=O)c1ccc(S(=O)(=O)N2CCC(c3cccc(C(F)(F)F)c3)CC2)cc1
CHEMBL229582,COc1ccc(/C=C/c2cc(OC)cc(OC)c2CNCc2ccc(F)cc2)cc1,5.017632484436035,0.16901408450704225,Cc1cc(C(=O)CN2CCCC2)c(C)n1-c1ccc(F)cc1
CHEMBL11389,CC/C(=C(\Cc1ccccc1)c1ccc(OCN(C)C)cc1)c1ccccc1,4.363552093505859,0.23214285714285715,O=C(Cc1ccccc1)Oc1c(OC(=O)Cc2ccccc2)c(-c2ccc(O)cc2)c(O)c(O)c1-c1ccc(O)cc1
CHEMBL307907,CCN(CC)CCOC(=O)/C(=C/c1ccc(OC)cc1)c1cc(OC)c(OC)c(OC)c1,4.408385276794434,0.2028985507246377,COc1cc2ncn(CC(=O)O)c(=O)c2cc1OC
CHEMBL419387,Cc1cc(C=C2c3ccccc3C(=O)c3ccccc32)cc(C)c1O,5.173152923583984,0.2,CC(CC(=O)c1ccccc1)C(=O)O
CHEMBL45272,O=C1Oc2ccc(C(=O)c3cccs3)cc2/C1=C/c1ccccc1,5.160820960998535,0.3076923076923077,O=C(O)CCC(=O)c1cccs1
CHEMBL422369,COc1cc(C2=C(c3ccc([N+](=O)[O-])cc3)COC2=O)cc(OC)c1OC,4.156768321990967,0.17647058823529413,COc1cc2oc(=O)cc(C)c2cc1CCC(=O)O
CHEMBL18264,CS(=O)(=O)c1ccc(C2=C(c3ccc(F)c(F)c3)C(=O)OC2)cc1,5.3690185546875,0.22857142857142856,O=C(O)CNC(=O)c1ccc(S(=O)(=O)N2CCC(c3ccc(F)c(F)c3)CC2)cc1
CHEMBL8578,CCCC[C@@H](C[C@@H](CCc1ccc(/C=C/c2ccccc2)cc1)C(=O)N[C@H](C(=O)NC)C(C)(C)C)C(=O)O,5.75749397277832,0.21839080459770116,CC(C)(C)NS(=O)(=O)c1cccc2c(NC(=O)[C@H](Cc3ccccc3)NC(=O)C3CC3)cccc12
CHEMBL111039,CSc1ccc(C2=C(c3ccc(S(C)(=O)=O)cc3)CCC2)cc1,5.780104160308838,0.171875,O=C(O)CNC(=O)c1ccc(S(=O)(=O)N2CC=C(c3ccccc3)CC2)cc1
CHEMBL103288,COc1ccc(/C=C(/C#N)c2ccccc2)cc1N,5.566739559173584,0.19607843137254902,CC(CC(=O)c1ccccc1)C(=O)O
CHEMBL478484,O=C1Nc2ccccc2/C1=C\c1ccc(Cl)cc1Cl,5.6835527420043945,0.15254237288135594,CC(C(=O)O)n1cnc2ccccc2c1=O
CHEMBL56361,O=C(O)c1ccc(CNc2ccc3c(/C=C/c4cccc(C(F)(F)F)c4)cccc3c2)cc1,5.46257209777832,0.273972602739726,O=C(O)CCc1nnc(-c2cccc(C(F)(F)F)c2)o1
CHEMBL176087,FC(F)(F)c1ccc(/C=C\c2ccc3ccccc3c2)cc1,4.959781646728516,0.19642857142857142,O=C(O)CCc1nnc(-c2cccc(C(F)(F)F)c2)o1
CHEMBL101659,Oc1cc(O)cc(/C=C/c2cc(O)cc(O)c2)c1,3.666942834854126,0.14634146341463414,O=C(Cc1ccccc1)Oc1c(OC(=O)Cc2ccccc2)c(-c2ccc(O)cc2)c(O)c(O)c1-c1ccc(O)cc1
CHEMBL327713,C=C1c2ccccc2C=C(C2=CCN(C)CC2)c2ccccc21,4.553658485412598,0.208955223880597,O=C(O)CNC(=O)c1ccc(S(=O)(=O)N2CC=C(c3ccccc3)CC2)cc1
CHEMBL67210,O=C1C(c2ccc(O)cc2)=C(c2ccccc2)c2ccccc21,5.218320846557617,0.3111111111111111,O=C(Cc1ccccc1)Oc1c(OC(=O)Cc2ccccc2)c(-c2ccc(O)cc2)c(O)c(O)c1-c1ccc(O)cc1
CHEMBL457194,O=C(O)CC1=C/C(=C\c2ccc(-c3ccc(F)cc3F)cc2)c2ccc(F)cc21,3.4718379974365234,0.1794871794871795,O=C(O)CNC(=O)c1ccc(S(=O)(=O)N2CCC(c3cccc(F)c3)CC2)cc1
CHEMBL184285,CCCCCSCCCN(C)CCCCCC/C(=C(/CC)c1ccc(O)cc1)c1ccc(O)cc1,4.582422733306885,0.15517241379310345,CC(C)c1ccc(C(=O)CCC(=O)O)cc1
CHEMBL65053,N#CC(=C(c1ccc(O)cc1)c1ccc(O)cc1)c1ccccc1,6.195897579193115,0.23404255319148937,O=C(Cc1ccccc1)Oc1c(OC(=O)Cc2ccccc2)c(-c2ccc(O)cc2)c(O)c(O)c1-c1ccc(O)cc1
CHEMBL88717,NS(=O)(=O)c1ccc(C2=C(c3ccc(Cl)cc3)CC3(CC3)C2)cc1,6.12714147567749,0.2222222222222222,O=C(O)CNC(=O)c1ccc(S(=O)(=O)N2CCC(c3ccc(Cl)cc3)CC2)cc1
CHEMBL302275,CCC1=C(c2ccccc2)C(CC)c2cc(O)ccc21,5.579836845397949,0.21428571428571427,O=C(Cc1ccccc1)Oc1c(OC(=O)Cc2ccccc2)c(-c2ccc(O)cc2)c(O)c(O)c1-c1ccc(O)cc1
CHEMBL29306,CC/C(=C(\CC(F)(F)F)c1ccc(O)cc1)c1ccc(O)cc1,4.631100177764893,0.18181818181818182,CC(C)c1ccc(C(=O)CCC(=O)O)cc1
CHEMBL101337,C(=C/c1ccc(OCc2ccccc2)c(OCc2ccccc2)c1)\c1ccccc1,4.449711322784424,0.21568627450980393,O=C(Cc1ccccc1)Oc1c(OC(=O)Cc2ccccc2)c(-c2ccc(O)cc2)c(O)c(O)c1-c1ccc(O)cc1
CHEMBL125956,COc1cc(/C=C/c2ccc3nccnc3c2)cc(OC)c1OC,4.651505470275879,0.21428571428571427,COc1cc2ncn(CC(=O)O)c(=O)c2cc1OC
CHEMBL427528,COC(=O)/C=C/c1cccc(N(Cc2ccc(/C=C/c3cccc(F)c3)cc2)C(=O)C2CCCCC2)c1,4.387125015258789,0.2159090909090909,O=C(O)CNC(=O)c1ccc(S(=O)(=O)N2CCC(c3cccc(F)c3)CC2)cc1
CHEMBL228727,COc1ccc(C2=C(C(=O)c3cc(OC)c(O)c(OC)c3)c3cc(O)c(OC)cc3C2=O)cc1O,4.2109694480896,0.19696969696969696,COc1cc2ncn(CC(=O)O)c(=O)c2cc1OC
CHEMBL365288,CC/C(=C\c1ccccc1)c1ccc(S(C)(=O)=O)cc1,5.259844779968262,0.2727272727272727,O=C(O)CNC(=O)c1ccc(S(=O)(=O)N2Cc3ccccc3C2)cc1
CHEMBL325368,O=P(O)(O)C1c2ccccc2C=Cc2ccccc21,5.583697319030762,0.17777777777777778,O=C(O)CCc1nnc(-c2ccccc2)o1
CHEMBL222369,COc1ccc(C(=C2CC(c3ccc(O)cc3)Oc3cc(OC)ccc32)c2ccc(OC)cc2)cc1,4.248998641967773,0.2318840579710145,COc1ccc(Br)c(-c2nnc(CCC(=O)O)o2)c1
CHEMBL207367,COc1cc(/C=C\c2ccc([N+](=O)[O-])cc2)cc(OC)c1,4.591921329498291,0.18032786885245902,COc1ccc(Br)c(-c2nnc(CCC(=O)O)o2)c1
CHEMBL167696,CC(C)c1ccc(C2=C(c3ccc(S(C)(=O)=O)cc3)OC3(CCCC3)C2=O)cc1,6.287945747375488,0.21428571428571427,CC(C)c1ccc(C(=O)CCC(=O)O)cc1
CHEMBL179096,Cn1ccc2cc(/C=C\c3ccc4ccccc4c3)ccc21,4.16336727142334,0.14492753623188406,Cn1cc(S(=O)(=O)N2CCC(c3ccccc3)CC2)cc1C(=O)NCC(=O)O
CHEMBL195691,COc1ccc(/C=C\c2cc(OC)c(OC)c(OC)c2)cc1OCCOS(C)(=O)=O,6.577198505401611,0.1935483870967742,COc1cc2ncn(CC(=O)O)c(=O)c2cc1OC
CHEMBL179374,COc1cc(/C=C/c2ccc(F)cc2)cc(OC)c1,4.7593278884887695,0.20754716981132076,Cc1cc(C(=O)CN2CCCC2)c(C)n1-c1ccc(F)cc1
CHEMBL476071,COc1cc(/C=C2/C(=O)Nc3ccccc32)ccc1O,5.432120323181152,0.1875,COc1cc2ncn(CC(=O)O)c(=O)c2cc1OC
CHEMBL327223,COc1ccc(/C=C/c2ccccc2)cc1OC,4.982806205749512,0.22,COc1cc2ncn(CC(=O)O)c(=O)c2cc1OC
CHEMBL8710,CC(=O)Nc1ccc(/C=C/c2ccc(F)cc2)cc1,4.717319965362549,0.24528301886792453,Cc1cc(C(=O)CN2CCCC2)c(C)n1-c1ccc(F)cc1
CHEMBL435325,CS(=O)(=O)Nc1ccc(C2=C(c3ccccc3)C(=O)OC2)cc1,5.844875335693359,0.19444444444444445,O=C(O)CNC(=O)c1ccc(S(=O)(=O)N2CCC3(CC2)OCc2ccccc23)cc1
CHEMBL7037,NS(=O)(=O)c1ccc(/C=C/c2ccc(O)c(O)c2)cc1,5.34165096282959,0.16071428571428573,O=C(O)CNC(=O)c1ccc(S(=O)(=O)N2Cc3ccccc3C2)cc1
CHEMBL144863,COc1ccc(/C=C(/C(=O)c2ccccc2)c2ccccc2)cc1,5.845582962036133,0.27906976744186046,CC(CC(=O)c1ccccc1)C(=O)O
CHEMBL358769,OC[C@H]1O[C@@H](Oc2cc(O)cc(/C=C/c3ccc(O)c(O)c3)c2)[C@H](O)[C@@H](O)[C@@H]1O,3.838281393051148,0.125,O=C(O)CNC(=O)c1ccc(S(=O)(=O)N2CCC(Oc3ccccc3)CC2)cc1
CHEMBL126334,O=C(O)c1cccc(/C=C(\c2ccc(CCNS(=O)(=O)c3ccc(Cl)cc3)cc2)c2cccnc2)c1,5.78731107711792,0.23809523809523808,O=C(O)CNC(=O)c1ccc(S(=O)(=O)N2CCC(c3ccc(Cl)cc3)CC2)cc1
CHEMBL459122,COc1ccc(/C=C/c2cc(Cl)c(OC)c(OC)c2)cc1O,4.8170485496521,0.1794871794871795,COc1ccccc1CNC(=O)Cn1c(CCC(=O)O)nc2c(Cl)cccc2c1=O
CHEMBL21362,CN1C2CCC1C(c1ccccc1)=C(c1ccccc1)C2,4.559727668762207,0.1935483870967742,O=C(O)CNC(=O)c1ccc(S(=O)(=O)N2[C@@H]3CC[C@H]2C[C@@H](c2ccccc2)C3)cc1
CHEMBL490863,COc1ccc(/C=C2/C(=O)N(c3c(Cl)cccc3Cl)c3ccccc32)cc1OC,5.248501777648926,0.23809523809523808,COc1ccccc1CN(C)C(=O)Cn1c(CCC(=O)O)nc2c(Cl)cccc2c1=O
CHEMBL80903,O=CC(Cc1ccccc1)NC(=O)c1ccccc1/C=C/c1cccc2ccccc12,5.031453609466553,0.2597402597402597,CC(C)(C)NS(=O)(=O)c1cccc2c(NC(=O)[C@H](Cc3ccccc3)NC(=O)C3CC3)cccc12
CHEMBL417380,CCCCOc1ccc(/C=C/c2cc(C)c(O)c(C)c2)cc1,4.194243431091309,0.15625,COc1ccc(Br)c(-c2nnc(CCC(=O)O)o2)c1
CHEMBL515155,O=C1Nc2ccccc2/C1=C1\C(=O)Nc2ccccc21,5.154812812805176,0.1702127659574468,O=C(O)CCC(=O)c1ccc2c(c1)CCC(=O)N2
CHEMBL11223,CCC(=C(c1ccc(OC(C)=O)cc1)c1ccc(OC(C)=O)cc1)c1ccccc1,5.341073989868164,0.3023255813953488,CC(CC(=O)c1ccccc1)C(=O)O
CHEMBL37130,CC/C(=C(/c1ccc(OCCN(C)C)cc1)c1cccc(F)c1)c1ccccc1,4.937301635742188,0.22077922077922077,O=C(O)CNC(=O)c1ccc(S(=O)(=O)N2CCC(c3cccc(F)c3)CC2)cc1
CHEMBL198732,Cc1noc(/C(=C\c2cccc(-c3cc(C(C)(C)S(C)(=O)=O)cc4cccnc34)c2)c2ccc(S(C)(=O)=O)cc2)n1,6.738583564758301,0.1875,Cc1ccc(C(=O)Nc2cccc(C(F)(F)F)c2)cc1Nc1nc(-c2cccnc2)nc2nn(C)cc12
CHEMBL20617,O=C1/C(=C\c2ccccc2)c2ccccc2N1CCCN1CCN(c2cccc(Cl)c2)CC1,4.484708309173584,0.17857142857142858,O=C(O)CNC(=O)c1ccc(S(=O)(=O)N2CCC(c3ccccc3)CC2)cc1Cl
CHEMBL266405,COc1cc(/C=C/c2ccc(S(N)(=O)=O)cc2)cc(OC)c1,5.477599620819092,0.2033898305084746,COc1ccc(Br)c(-c2nnc(CCC(=O)O)o2)c1
CHEMBL458270,COc1ccc(/C=C\c2cc(OC)c(OC)c(O[Si](C)(C)C(C)(C)C)c2)cc1[N+](=O)[O-],7.174572467803955,0.17567567567567569,COc1ccc(Br)c(-c2nnc(CCC(=O)O)o2)c1
CHEMBL79136,COc1ccc(/C=C\c2ccc(OC)cc2)cc1,3.84415340423584,0.20408163265306123,COc1ccc(Br)c(-c2nnc(CCC(=O)O)o2)c1
CHEMBL90329,COc1cc(/C=C/c2ccc(Br)cc2)cc(OC)c1OC,5.195273399353027,0.1694915254237288,COc1ccc(Br)c(-c2nnc(CCC(=O)O)o2)c1
CHEMBL360696,O=C1/C(=C/c2ccc3c(c2)OCO3)Cc2ccccc2/C1=C\c1ccc([N+](=O)[O-])cc1,5.63326358795166,0.15730337078651685,O=C(O)CNC(=O)c1ccc(S(=O)(=O)N2CCC(N3C(=O)Cc4ccccc43)CC2)cc1
CHEMBL490196,O=C1OC(O)C(c2cccc(-c3csc4ccccc34)c2)=C1c1cccc(-c2csc3ccccc23)c1,4.283623218536377,0.19402985074626866,Nc1c(C(=O)c2ccccc2)sc2[nH]c(=O)c(C(=O)O)cc12
CHEMBL56531,COc1ccc(/C=C/c2cc(C(C)C)c(O)c(C(C)C)c2)cc1,5.011711120605469,0.2,COc1ccc(Br)c(-c2nnc(CCC(=O)O)o2)c1
CHEMBL55960,Cc1cc(/C=C/c2ccccc2)cc(C)c1O,5.199328422546387,0.20512820512820512,CC(CC(=O)c1ccccc1)C(=O)O
CHEMBL342573,CN(C)CCSC1=Cc2ccccc2Oc2ccc(Cl)cc21,4.902299880981445,0.1323529411764706,O=C(O)CCc1nnc(-c2ccccc2I)o1
CHEMBL37868,CC/C(=C(/c1ccc(OCCN(C)C)cc1)c1cccc(N)c1)c1ccccc1,5.051666259765625,0.21428571428571427,CC(CC(=O)c1ccccc1)C(=O)O
CHEMBL459123,COc1ccc(/C=C\c2cc(Br)c(OC)c(OC)c2)cc1O,4.989781856536865,0.1875,COc1ccc(Br)c(-c2nnc(CCC(=O)O)o2)c1
CHEMBL451055,COc1ccc(/C=C/c2cc(F)c(OC)c(OC)c2)cc1O,4.981980323791504,0.16666666666666666,COc1cc2ncn(CC(=O)O)c(=O)c2cc1OC
CHEMBL195158,COc1ccc(/C=C\c2cc(O)c(OC)c(OC)c2)cc1F,4.8864946365356445,0.16666666666666666,COc1cc2ncn(CC(=O)O)c(=O)c2cc1OC
CHEMBL328057,O=C(O)/C(=C/c1cc(OCc2ccsc2)ccc1Br)c1ccccc1,5.089634418487549,0.22413793103448276,CC(CC(=O)c1ccccc1)C(=O)O
CHEMBL208030,O=C1OCC(c2cc(Cl)ccc2OCc2ccccc2)=C1c1cccc(C(=O)O)c1,4.990217208862305,0.21739130434782608,O=C(Cc1ccccc1)Oc1c(OC(=O)Cc2ccccc2)c(-c2ccc(O)cc2)c(O)c(O)c1-c1ccc(O)cc1
CHEMBL285536,Oc1ccc(C(=Cc2ccc(F)cc2)c2ccc(O)cc2)cc1,4.2652997970581055,0.1864406779661017,O=C(O)CNC(=O)c1ccc(S(=O)(=O)N2CCC(c3ccc(F)cc3)CC2)cc1
CHEMBL426092,O=C1Oc2ccc(O)cc2/C1=C\c1ccc(O)cc1,4.06517219543457,0.18518518518518517,O=C(Cc1ccccc1)Oc1c(OC(=O)Cc2ccccc2)c(-c2ccc(O)cc2)c(O)c(O)c1-c1ccc(O)cc1
CHEMBL470696,C=CCNC(=O)C(C)(C)C(O)c1ccccc1/C=C/c1ccccc1,6.047255992889404,0.21818181818181817,CC(CC(=O)c1ccccc1)C(=O)O
CHEMBL361538,C(=C/c1ccc2[nH]ccc2c1)\c1ccc2ccccc2c1,4.145340919494629,0.125,O=C(O)CCc1nnc(-c2ccccc2I)o1
CHEMBL82936,Nc1nc(N)c2nc(CN3c4ccccc4C=Cc4cc(OCCCCC(=O)O)ccc43)cnc2n1,4.821651458740234,0.18518518518518517,O=C(O)CCc1nnc(-c2ccccc2I)o1
CHEMBL146500,O=C(/C(=C/c1ccc(O)cc1)c1ccccc1)c1ccccc1,5.881608009338379,0.2765957446808511,O=C(Cc1ccccc1)Oc1c(OC(=O)Cc2ccccc2)c(-c2ccc(O)cc2)c(O)c(O)c1-c1ccc(O)cc1
CHEMBL8709,CC(=O)Nc1ccc(/C=C/c2ccc(Cl)cc2)cc1,4.692200183868408,0.19672131147540983,O=C(O)CNC(=O)c1ccc(S(=O)(=O)N2CCC(c3ccc(Cl)cc3)CC2)cc1
CHEMBL503466,CC[C@H](C)[C@@H]([C@@H](CC(=O)N1CCC[C@H]1[C@H](OC)[C@@H](C)C(=O)Nc1cc(/C=C\c2cc(OC)c3c(c2)OCO3)ccc1OC)OC)N(C)C(=O)[C@@H](NC(=O)[C@H](C(C)C)N(C)C)C(C)C,4.969462871551514,0.1484375,CC(C)(C)NS(=O)(=O)c1cccc2c(NC(=O)[C@H](Cc3ccccc3)NC(=O)C3CC3)cccc12
CHEMBL451641,CCCC(=O)c1ccc2c(c1)/C(=C1\C(=O)N([C@@H]3O[C@H](COC(C)=O)[C@@H](OC(C)=O)[C@H](OC(C)=O)[C@H]3OC(C)=O)c3cc([N+](=O)[O-])ccc31)C(=O)N2,3.866586208343506,0.20652173913043478,O=C(O)CCC(=O)c1ccc2c(c1)CCC(=O)N2
CHEMBL510498,CC(=O)OC[C@H]1O[C@@H](N2C(=O)/C(=C3/C(=O)Nc4cc(Cl)ccc43)c3ccccc32)[C@H](OC(C)=O)[C@@H](OC(C)=O)[C@@H]1OC(C)=O,5.1832594871521,0.1827956989247312,CC(=O)C1=C(O)C(=O)N(CCc2ccc(Cl)c(Cl)c2)C1c1ccc(Br)cc1
CHEMBL224323,Cc1ccc(C2=C(c3ccc(NS(C)(=O)=O)cc3)COC2=O)cc1,5.847117424011231,0.1643835616438356,Cc1cc(C(=O)NCC(=O)O)ccc1S(=O)(=O)N1CCC(c2ccccc2)CC1
CHEMBL42011,CSc1ccc(C2=C3c4ccccc4CCC3OC2=O)cc1,4.670927047729492,0.14864864864864866,O=C(O)CNC(=O)c1ccc(S(=O)(=O)N2CC=C(c3ccccc3)CC2)cc1
CHEMBL241963,CN(C)CCCNC(=O)c1cc(NC(=O)c2cc(NC(=O)CCCN3c4ccccc4C=Cc4ccccc43)cn2C)cn1C,5.435898780822754,0.2619047619047619,Cn1cc(S(=O)(=O)N2CCC(c3ccccc3)CC2)cc1C(=O)NCC(=O)O
CHEMBL372092,O=C(O)c1ccc(C2=C(c3ccc(O)cc3)Cc3cc(O)ccc32)cc1,4.31965446472168,0.28,O=C(O)CCC(=O)c1ccc2c(c1)CCC2
CHEMBL241067,O=C1NCN(c2ccccc2)C12CCN(C1c3ccccc3C=Cc3ccccc31)CC2,4.638876914978027,0.1527777777777778,O=C(O)CCC(=O)c1ccc(S(=O)(=O)N2CCC(c3ccccc3)CC2)cc1
CHEMBL74189,COc1cc(/C=C/c2ccc(SC)cc2)cc(OC)c1OC,4.717107772827148,0.16071428571428573,COc1cc2ncn(CC(=O)O)c(=O)c2cc1OC
CHEMBL78668,Clc1ccc(C2=Cc3ccccc3C3=NCCN23)cc1,5.068966865539551,0.16393442622950818,O=C(O)CCc1nnc(-c2ccccc2I)o1
CHEMBL328710,CN(C)c1ccc(/C=C2\C(=O)Nc3ccccc32)cc1,5.151146411895752,0.15517241379310345,CC(C(=O)O)n1cnc2ccccc2c1=O
CHEMBL522153,CC(C)c1onc(COc2cc(Cl)ccc2Cl)c1COc1ccc(/C=C/c2cccc(C(=O)O)c2)c(Cl)c1,3.756295680999756,0.18421052631578946,CC(CC(=O)c1ccccc1)C(=O)O
CHEMBL47193,COc1ccc(C2=C(c3ccc(SC)cc3)CC3CCCN3C2)cc1O,3.777565956115722,0.18666666666666668,O=C(O)CCC(=O)c1ccc(S(=O)(=O)N2CCC(N3CCCC3)CC2)cc1
CHEMBL355683,CCC1(CC)OC(c2ccc(S(C)(=O)=O)cc2)=C(c2ccccc2)C1=O,5.820929527282715,0.20833333333333334,Cc1cc(S(=O)(=O)N2CCC(c3ccccc3)CC2)ccc1C(=O)NCC(=O)O
CHEMBL283264,C1=C(c2ccccc2)C(c2ccc(OCCN3CCCC3)cc2)Oc2ccccc21,4.719555854797363,0.1625,O=C(O)CNC(=O)c1ccc(S(=O)(=O)N2CCC(c3ccccc3)CC2)o1
CHEMBL148805,C1=C(CCN2CCOCC2)c2ccccc2/C1=C\c1cccc2ccccc12,4.812812805175781,0.15584415584415584,O=C(O)CNC(=O)c1ccc(S(=O)(=O)N2CCC(N3CCOCC3)CC2)cc1
CHEMBL49775,CS(=O)(=O)c1ccc(C2=C(c3ccccc3)C(=O)N(c3ccccc3)C2)cc1,5.499034881591797,0.22950819672131148,O=C(O)CNC(=O)c1ccc(S(=O)(=O)N2Cc3ccccc3C2)cc1
CHEMBL478504,O=C1Nc2ccccc2/C1=C\c1ccccc1O,5.201240539550781,0.16363636363636364,CC(C(=O)O)n1cnc2ccccc2c1=O
CHEMBL417964,CC(C)Oc1ccc(/C(=C(\C#N)c2ccccc2)c2ccc(O)cc2)cc1,6.336962699890137,0.25,CC(CC(=O)c1ccccc1)C(=O)O
CHEMBL247932,COc1cc(/C=C/c2cccc(/C=C/c3ccc(N(C)C)c(OC)c3)c2)ccc1N(C)C,3.613783597946167,0.17333333333333334,COc1ccccc1CN(C)C(=O)Cn1c(CCC(=O)O)nc2c(Cl)cccc2c1=O
CHEMBL360720,CS(=O)(=O)c1ccc(/C(=C/c2ccc(F)cc2)c2ccccc2)cc1,5.680492401123047,0.2698412698412698,O=C(O)CNC(=O)c1ccc(S(=O)(=O)N2CCC(c3ccc(F)cc3)CC2)cc1
CHEMBL179619,COc1ccc(/C=C/c2cc(Cl)cc(Cl)c2)cc1,4.733333110809326,0.19642857142857142,COc1ccc(Br)c(-c2nnc(CCC(=O)O)o2)c1
CHEMBL457805,[O-][n+]1onc2ccc(/C=C\c3ccc4c(c3)OCO4)cc21,3.8735857009887695,0.10309278350515463,Cc1cc(Cl)cc(-c2ccnc3cc(CN4C(=O)C5C(C4=O)C5(C)C)sc23)c1O[C@@H]1CCNC[C@@H]1C
CHEMBL104640,CS(=O)(=O)c1ccc(/C=C2\C(=O)Nc3ccc(C(=O)c4cccs4)cc32)cc1,5.838717460632324,0.2459016393442623,O=C(O)CCC(=O)c1cccs1
CHEMBL246684,O=C(Nc1ccccc1)Nc1ccc(/C=C2\C(=O)Nc3ccc(Cl)cc32)cc1,6.219522476196289,0.2,O=C(O)CCC(=O)c1ccc2c(c1)CCC(=O)N2
CHEMBL269303,CC/C(=C(\c1ccc(I)cc1)c1ccc(OCCCCCCN2CCCC2)cc1)c1ccccc1,5.126116752624512,0.19230769230769232,O=C(O)CNC(=O)c1ccc(S(=O)(=O)N2CCC(Oc3ccccc3)CC2)cc1
CHEMBL209658,CCOC(=O)COn1c(C)[n+]([O-])c2cc(/C=C/c3ccccc3)ccc21,4.30691385269165,0.2,Cc1cc(S(=O)(=O)N2CCC(c3ccccc3)CC2)ccc1C(=O)NCC(=O)O
CHEMBL167799,Cl/C(=C(/c1ccccc1)c1ccc(OCCBr)cc1)c1ccccc1,5.628629684448242,0.2222222222222222,CC(CC(=O)c1ccccc1)C(=O)O
CHEMBL476409,O=C1Nc2ccccc2/C1=C1\C(=O)Nc2cc(F)ccc21,5.573446273803711,0.16363636363636364,O=C(O)CCC(=O)c1ccc2c(c1)CCC(=O)N2
CHEMBL22369,CCOC(=O)c1ccc(/C=C(\C)c2ccc3c(c2)C(C)(C)CCC3(C)C)cc1,6.589716911315918,0.2033898305084746,O=C(O)CCC(=O)c1ccc2c(c1)CCC2
CHEMBL229532,COc1ccc(/C=C/c2cc(OC)cc(OC)c2/C=N/C2CCCC2)cc1,4.4832611083984375,0.1506849315068493,COc1ccc(Br)c(-c2nnc(CCC(=O)O)o2)c1
CHEMBL100553,C(=C/c1cc(OCc2ccccc2)cc(OCc2ccccc2)c1)\c1ccc(OCc2ccccc2)cc1,4.323630332946777,0.21568627450980393,O=C(Cc1ccccc1)Oc1c(OC(=O)Cc2ccccc2)c(-c2ccc(O)cc2)c(O)c(O)c1-c1ccc(O)cc1
CHEMBL225805,[O-][n+]1onc2cc(/C=C/c3ccc4c(c3)OCO4)ccc21,3.81635856628418,0.1,O=C(O)CCC(=O)c1ccc2c(c1)CCC2
CHEMBL489283,CC/C(=C\c1cccc(F)c1)c1cc(O)cc(O)c1,4.754214286804199,0.2028985507246377,O=C(O)CNC(=O)c1ccc(S(=O)(=O)N2CCC(c3cccc(F)c3)CC2)cc1
CHEMBL459547,COc1cc(/C=C/c2ccc(NC(=O)CCCCNP(=O)(OC(C)C)OC(C)C)cc2)cc(OC)c1,6.47285270690918,0.19230769230769232,COc1ccc(Br)c(-c2nnc(CCC(=O)O)o2)c1
CHEMBL469511,Oc1ccc(C2=C(c3ccc(OCCN4CCCC4)cc3)c3ccc(O)cc3OCC2)cc1,3.9959616661071777,0.17105263157894737,Cc1cc(C(=O)CN2CCCC2)c(C)n1-c1ccc(F)cc1
CHEMBL384499,O=C1O/C(=C\c2ccc(Cl)cc2)c2cc(Cl)c(Cl)cc21,3.1241114139556885,0.15151515151515152,CC(=O)C1=C(O)C(=O)N(CCc2ccc(Cl)c(Cl)c2)C1c1ccc(Br)cc1
CHEMBL329033,Oc1ccc(/C=C/c2ccc(O)c(O)c2)cc1,3.695300102233887,0.17391304347826086,O=C(Cc1ccccc1)Oc1c(OC(=O)Cc2ccccc2)c(-c2ccc(O)cc2)c(O)c(O)c1-c1ccc(O)cc1
CHEMBL465218,COc1ccc(/C=C\c2cc(OC)c3c(c2)OCO3)c(O)c1O,4.453948974609375,0.1791044776119403,COc1cc2oc(=O)cc(C)c2cc1CCC(=O)O
CHEMBL457145,CC(C)=CCc1cc(/C=C/c2cc(O)cc(O)c2)ccc1O,4.063913345336914,0.14035087719298245,O=C(Cc1ccccc1)Oc1c(OC(=O)Cc2ccccc2)c(-c2ccc(O)cc2)c(O)c(O)c1-c1ccc(O)cc1
CHEMBL279268,CC1(O)OC(=O)C(c2ccc(F)c(Cl)c2)=C1c1ccc(S(C)(=O)=O)cc1,5.124882698059082,0.2236842105263158,O=C(O)CNC(=O)c1ccc(S(=O)(=O)N2CCC(c3ccc(F)c(F)c3)CC2)cc1
CHEMBL126652,O=C1Nc2ccccc2/C1=C\c1ccc(Cl)cc1,5.7791948318481445,0.14285714285714285,CC(C(=O)O)n1cnc2ccccc2c1=O
CHEMBL269374,CC(=O)Nc1ccc(/C=C/c2ccc(C(C)(C)C)cc2)cc1,6.757447242736816,0.1527777777777778,CC(C)(C)NS(=O)(=O)c1cccc2c(NC(=O)[C@H](Cc3ccccc3)NC(=O)C3CC3)cccc12
CHEMBL12691,C/C(=C\c1ccc(C(=O)O)cc1)c1ccc(C(C)C)c(C(C)C)c1,4.590183734893799,0.2826086956521739,CC(C)c1ccc(C(=O)CCC(=O)O)cc1
CHEMBL19195,CC/C(=C(/c1ccc(O)cc1)c1ccc(OCN(C)C)cc1)c1ccccc1,5.038188934326172,0.22807017543859648,O=C(Cc1ccccc1)Oc1c(OC(=O)Cc2ccccc2)c(-c2ccc(O)cc2)c(O)c(O)c1-c1ccc(O)cc1
CHEMBL388468,COc1cc(/C=C/c2cc3c(c(OC)c2)O[C@@]2(C)CC[C@H](O)C(C)(C)[C@@H]2C3)cc(O)c1CC=C(C)C,5.65660572052002,0.1411764705882353,COc1cc2oc(=O)cc(C)c2cc1CCC(=O)O
CHEMBL469920,OC[C@H]1O[C@@H](Oc2cc(O)cc(/C=C\c3ccc(O)c(O)c3)c2)[C@H](O)[C@@H](O)[C@@H]1O,3.838281393051148,0.125,O=C(O)CNC(=O)c1ccc(S(=O)(=O)N2CCC(Oc3ccccc3)CC2)cc1
CHEMBL267385,Oc1ccc(C2=Cc3cc(O)ccc3C23Cc2ccc(OCCN4CCCCC4)cc2C3)cc1,4.180825710296631,0.16883116883116883,Cc1cc(C(=O)CN2CCCC2)c(C)n1-c1ccc(F)cc1
CHEMBL332610,COc1cc(/C=C/c2ccc(O)c(O)c2)cc(OC)c1,4.525564670562744,0.1896551724137931,COc1ccc(Br)c(-c2nnc(CCC(=O)O)o2)c1
CHEMBL518818,COc1cc(/C=C\c2cc(O)c3ccoc3c2)cc2c1OCO2,4.126489639282227,0.2028985507246377,COc1cc2oc(=O)cc(C)c2cc1CCC(=O)O
CHEMBL525443,CCOC(=O)c1ccc2c(c1)NC(=O)/C2=C(\Nc1ccc(CN2CCCCC2)cc1)c1ccccc1,4.974832534790039,0.2222222222222222,Cc1cc(C(=O)NCC(=O)O)ccc1S(=O)(=O)N1CCC(c2ccccc2)CC1
CHEMBL415239,O=C(O)c1ccc2c(c1)C(SCCNS(=O)(=O)c1ccccc1)c1ccccc1C=C2,6.05503511428833,0.23943661971830985,O=C(O)CNC(=O)c1ccc(S(=O)(=O)N2CC(c3ccccc3)C2)cc1
CHEMBL525550,COC(=O)c1ccc2c(c1)NC(=O)/C2=C(\Nc1ccc(C(=O)N(C)CCN(C)C)cc1)c1ccccc1,5.260613441467285,0.19736842105263158,O=C(O)CCC(=O)c1ccc2c(c1)CCC(=O)N2
CHEMBL519414,O=C1/C(=C/c2ccccc2)c2ccccc2N1c1c(Cl)cccc1Cl,5.184883117675781,0.189873417721519,COc1ccccc1CN(C)C(=O)Cn1c(CCC(=O)O)nc2c(Cl)cccc2c1=O
CHEMBL128058,CC/C(=C(/CC)c1ccc(OP(=O)(Cl)N(CCCl)CCCl)cc1)c1ccc(OP(=O)(Cl)N(CCCl)CCCl)cc1,5.437870979309082,0.17647058823529413,CC(C)c1ccc(C(=O)CCC(=O)O)cc1
CHEMBL219082,CCc1cccc2c1CNc1c(cccc1CCc1ccccc1)/C=C\2COc1ccccc1[N+](=O)[O-],4.280160427093506,0.18181818181818182,COc1ccccc1CNC(=O)Cn1c(CCC(=O)O)nc2c(Cl)cccc2c1=O
CHEMBL215186,COc1ccc(/C=C/c2cccc(O)c2O)cc1,5.030244827270508,0.18032786885245902,COc1ccc(Br)c(-c2nnc(CCC(=O)O)o2)c1
CHEMBL447596,COc1ccc(/C=C\c2cc(OC)c3c(c2)OCO3)cc1NC(=O)[C@H](Cc1ccc(OP(=O)(OCc2ccccc2)OCc2ccccc2)cc1)NP(=O)(OCc1ccccc1)OCc1ccccc1,5.584485054016113,0.25,CC(C)(C)NS(=O)(=O)c1cccc2c(NC(=O)[C@H](Cc3ccccc3)NC(=O)C3CC3)cccc12
CHEMBL381734,CCOc1cc(/C=C/c2cc(OC)cc(OC)c2)ccc1O,4.388052940368652,0.1875,COc1ccc(Br)c(-c2nnc(CCC(=O)O)o2)c1
CHEMBL189022,c1ccc(C2=C(c3ccc(OCCN4CCCC4)cc3)c3ccccc3OCC2)cc1,4.784060955047607,0.16455696202531644,O=C(O)CNC(=O)c1ccc(S(=O)(=O)N2CC=C(c3ccccc3)CC2)cc1
CHEMBL469785,CCCN1CC(c2ccc(S(C)(=O)=O)cc2)=C(c2ccc(CO)cc2)C1=O,5.117459297180176,0.2,CN1CCC(NS(=O)(=O)c2ccc(C(=O)NCC(=O)O)cc2)CC1
CHEMBL189944,COC(=O)/C=C/c1cccc(N(Cc2ccc(/C=C/c3cc(C(F)(F)F)cc(C(F)(F)F)c3)cc2)C(=O)C(C)C)c1,4.792448043823242,0.21518987341772153,O=C(O)CCc1nnc(-c2cccc(C(F)(F)F)c2)o1
CHEMBL9781,C1=C(c2ccc(-c3ccccc3)cc2)N2CCCN=C2c2ccccc21,5.512429237365723,0.18333333333333332,O=C(O)CCc1nnc(-c2ccccc2I)o1
CHEMBL394010,CC(=O)Nc1cc(C)c(-c2nnc3n2NC(c2ccccc2)=C(c2ccccc2)S3)s1,5.267851829528809,0.20481927710843373,Cc1cc(S(=O)(=O)N2CCC(c3ccccc3)CC2)sc1C(=O)NCC(=O)O
CHEMBL464633,O=C(/C=C/c1ccc(O)c2c1C=Cc1cc(O)c(O)cc1O2)O[C@H](Cc1ccc(O)c(O)c1)C(=O)O,3.3761792182922363,0.16901408450704225,CC(C)Cc1ccc(C(=O)CCC(=O)O)cc1
CHEMBL78486,COC(=O)/C(=C/c1ccc(OC)cc1)c1ccc(OC)cc1,4.32234001159668,0.22413793103448276,COc1ccc(Br)c(-c2nnc(CCC(=O)O)o2)c1
CHEMBL90447,CS(=O)(=O)c1ccc(C2=C(c3ccc(F)cc3)CC3(CCC3)C2)cc1,6.761240005493164,0.2153846153846154,O=C(O)CNC(=O)c1ccc(S(=O)(=O)N2CCC(c3ccc(F)cc3)CC2)cc1
CHEMBL297772,CS(=O)(=O)c1ccc(C2=C3c4ccccc4CCC3(O)OC2=O)cc1,5.162393093109131,0.22077922077922077,O=C(O)CNC(=O)c1ccc(S(=O)(=O)N2CCC3(CC2)OCc2ccccc23)cc1
CHEMBL187028,Oc1cc(/C=C/c2ccccc2)cc(OCc2ccccc2)c1,4.948192596435547,0.26,O=C(Cc1ccccc1)Oc1c(OC(=O)Cc2ccccc2)c(-c2ccc(O)cc2)c(O)c(O)c1-c1ccc(O)cc1
CHEMBL133742,N#CC(c1cccnc1)N1CCN(C(=O)/C(=C/c2ccccc2)c2ccccc2)CC1,6.140342712402344,0.2222222222222222,CCC[C@H](NC(=O)/C(C#N)=C/c1cccc(Br)n1)c1ccccc1
CHEMBL265562,NS(=O)(=O)c1ccc(C2=C(c3ccc(F)cc3)CCC2)cc1,5.683085918426514,0.23333333333333334,O=C(O)CNC(=O)c1ccc(S(=O)(=O)N2CCC(c3ccc(F)cc3)CC2)cc1
CHEMBL245477,CN(C)c1ccc(/C=C/c2cccc(/C=C/c3ccc(N(C)C)cc3)c2)cc1,3.930476665496826,0.11904761904761904,CC(CC(=O)c1ccccc1)C(=O)O
CHEMBL423057,Cc1ccc(C=C2c3ccccc3C(=O)c3ccccc32)cc1,5.280389308929443,0.19047619047619047,CC(CC(=O)c1ccccc1)C(=O)O
CHEMBL231936,COc1ccc(/C=C/c2ccc(O)cc2)cc1OC,4.488884449005127,0.21568627450980393,COc1cc2ncn(CC(=O)O)c(=O)c2cc1OC
CHEMBL390117,COc1ccc(C2=Cc3ccccc3CC2)cc1OC,5.208014965057373,0.1694915254237288,COc1cc2ncn(CC(=O)O)c(=O)c2cc1OC
CHEMBL389016,O=[N+]([O-])c1ccccc1/C=C\c1ccc2c(c1)no[n+]2[O-],5.120307922363281,0.125,O=C(O)CCc1nnc(-c2ccccc2)o1
CHEMBL473518,COc1ccc(/C=C/c2cc(O)cc(O)c2)cc1OC,4.670505523681641,0.21568627450980393,COc1cc2ncn(CC(=O)O)c(=O)c2cc1OC
CHEMBL24950,Oc1cccc(C2=Cc3cc(O)ccc3C23Cc2ccccc2C3)c1,5.206644058227539,0.1724137931034483,O=C(Cc1ccccc1)Oc1c(OC(=O)Cc2ccccc2)c(-c2ccc(O)cc2)c(O)c(O)c1-c1ccc(O)cc1
CHEMBL225052,O=S(=O)(c1ccccc1)C1CC2OC1C(c1ccccc1)=C2c1ccccc1,4.63959550857544,0.20634920634920634,O=C(O)CNC(=O)c1ccc(S(=O)(=O)N2[C@@H]3CC[C@H]2C[C@@H](c2ccccc2)C3)cc1
CHEMBL54221,COc1ccc(/C=C/c2cc(C)c(O)c(C)c2)cc1,4.391483306884766,0.21052631578947367,COc1ccc(Br)c(-c2nnc(CCC(=O)O)o2)c1
CHEMBL405095,COc1ccc(/C(=C\c2ccc(S(C)(=O)=O)cc2)C(=O)OCCO[N+](=O)[O-])cc1,5.507559776306152,0.20270270270270271,COc1ccc(Br)c(-c2nnc(CCC(=O)O)o2)c1
CHEMBL276887,CC/C(=C(\c1ccccc1)c1ccc(OC(C)=O)cc1)c1ccccc1,5.377371311187744,0.3023255813953488,CC(CC(=O)c1ccccc1)C(=O)O
CHEMBL389596,CSc1ccc(OCc2ccc(F)cc2)c(C2=C(c3cccc(C(=O)O)c3)CCC2)c1,5.282569885253906,0.20512820512820512,Cc1cc(C(=O)CN2CCCC2)c(C)n1-c1ccc(F)cc1
CHEMBL110370,COc1cc(/C=C/c2cc(O)cc(O)c2)ccc1O,4.52871036529541,0.18867924528301888,COc1cc2ncn(CC(=O)O)c(=O)c2cc1OC
CHEMBL545942,COc1ccc(N2CCN(CCCCNC(=O)c3ccc(/C=C/c4ccc(Cl)c(Cl)c4)cc3)CC2)c(OC)c1,3.8024258613586426,0.22988505747126436,O=C(O)CNC(=O)c1ccc(S(=O)(=O)N2CCC(Oc3ccccc3)CC2)cc1
CHEMBL353744,CS(=O)(=O)c1ccc(C2=C(c3ccc(S(=O)(=O)N=[N+]=[N-])cc3)COC2=O)cc1,5.991184711456299,0.15789473684210525,CC1CC(c2ccccc2)CCN1S(=O)(=O)c1ccc(C(=O)NCC(=O)O)cc1
CHEMBL470662,O=C1Oc2cc(O)cc(/C=C/c3ccc(O)cc3)c2[C@@]12c1c(O)cc(O)cc1O[C@@H]2c1ccc(O)cc1,5.639308929443359,0.13253012048192772,CC(=O)C1=C(O)C(=O)N(CCc2ccc(Cl)c(Cl)c2)C1c1ccc(Br)cc1
CHEMBL456531,CC(C)(C)Oc1ccc(/C=C2\C=C(CC(=O)O)c3cc(F)ccc32)cc1,5.889284133911133,0.2054794520547945,COc1ccc(Br)c(-c2nnc(CCC(=O)O)o2)c1
CHEMBL85163,CC/C(=C(/c1ccc(OCCN(C)C)cc1)c1ccc(S(C)(=O)=O)cc1)c1ccccc1,4.789648532867432,0.2328767123287671,O=C(O)CNC(=O)c1ccc(S(=O)(=O)N2CCC(Oc3ccccc3)CC2)cc1
CHEMBL392114,CC(=O)Nc1ccc(/C(=C\c2ccc(S(C)(=O)=O)cc2)C(=O)OCO/N=[N+](/[O-])N2CCCC2)cc1,6.483769416809082,0.2375,O=C(O)CNC(=O)c1ccc(S(=O)(=O)N2CCC(C3CCCC3)CC2)cc1
CHEMBL259402,CS(=O)(=O)c1ccc(/C=C(/C(=O)O)c2ccc(Br)cc2)cc1,5.537508010864258,0.2903225806451613,O=C(O)CNC(=O)c1ccc(S(=O)(=O)N2CCC(c3ccc(Br)cc3)CC2)cc1
CHEMBL78705,CC1(C)CCC(C)(C)c2cc(C3=Cc4ccccc4C4=NCCN34)ccc21,6.181280136108398,0.14705882352941177,O=C(O)CCc1nnc(-c2ccccc2I)o1
CHEMBL44878,CC1(C)OC(c2ccc(S(C)(=O)=O)cc2)=C(c2cc(F)ccc2F)C1=O,6.051365852355957,0.16666666666666666,O=C(O)CNC(=O)c1ccc(S(=O)(=O)N2CCC(N3CCCC3)CC2)cc1F
CHEMBL239856,O=C(CCl)Nc1cc(-c2ccccc2)c(-c2nnc3n2NC(c2ccccc2)=C(c2ccccc2)S3)s1,5.4001898765563965,0.19718309859154928,O=C(O)CCc1nnc(-c2ccccc2)o1
CHEMBL467054,CC(C)c1onc(COc2c(F)cc(F)cc2F)c1COc1ccc(/C=C/c2cccc(C(=O)O)c2)c(Cl)c1,3.593743801116944,0.18181818181818182,CC(CC(=O)c1ccccc1)C(=O)O
CHEMBL476280,COc1cccc(/C=C2/C(=O)Nc3cc(F)ccc32)c1,5.242826461791992,0.18571428571428572,COc1ccc(Br)c(-c2nnc(CCC(=O)O)o2)c1
CHEMBL480100,OC[C@H]1O[C@@H](Oc2ccc(/C=C/c3cc(O)cc(O)c3)cc2O)[C@H](O)[C@@H](O)[C@@H]1O,3.75848388671875,0.12121212121212122,O=C(Cc1ccccc1)Oc1c(OC(=O)Cc2ccccc2)c(-c2ccc(O)cc2)c(O)c(O)c1-c1ccc(O)cc1
CHEMBL505097,CS(=O)(=O)c1ccc(/C=C2\C=C(CC(=O)O)c3cc(F)ccc32)cc1,4.767941951751709,0.23684210526315788,O=C(O)CNC(=O)c1ccc(S(=O)(=O)N2CCC(c3cccc(F)c3)CC2)cc1
CHEMBL526071,CCN(CC)C(=O)c1cccc(C=Cc2ccc(-c3c(C)[nH]c(C)c(Cl)c3=O)cc2)c1,4.629356384277344,0.1746031746031746,CC(CC(=O)c1ccccc1)C(=O)O
CHEMBL167041,CCC1(C)OC(c2ccc(S(C)(=O)=O)cc2)=C(c2ccccc2F)C1=O,6.232481002807617,0.17721518987341772,O=C(O)CNC(=O)c1ccc(S(=O)(=O)N2CCC(c3ccccc3)CC2)cc1F
CHEMBL264583,C/C(=C\c1ccc(C(=O)O)cc1)c1ccc2c(c1)C(C)(C)CS2.CCCCCCCCCCCCCC(=O)OCC1(C)[C@H]2[C@@H]3C=C(CO)C[C@]4(O)C(=O)C(C)=C[C@H]4[C@@]3(O)[C@H](C)[C@@H](O)[C@]21OC(C)=O,6.165328979492188,0.13178294573643412,Cc1cc(C(=O)NCC(=O)O)ccc1S(=O)(=O)N1CCC(c2ccccc2)CC1
CHEMBL142471,CCc1cccc2c(/C=C(/C(=O)O)c3ccccc3)cc(OC)c(O)c12,4.539608001708984,0.25925925925925924,COc1ccccc1CNC(=O)Cn1c(CCC(=O)O)nc2c(Cl)cccc2c1=O
CHEMBL420208,C1=C(c2ccc(CN3CCSCC3)cc2)N2CCN=C2c2ccccc21,5.436572551727295,0.15942028985507245,O=C(O)CCc1nnc(-c2ccccc2I)o1
CHEMBL323732,CS(=O)(=O)c1ccc(C2=C(c3ccc(C(F)(F)F)c(F)c3)CCC2)cc1,5.789880752563477,0.2112676056338028,O=C(O)CNC(=O)c1ccc(S(=O)(=O)N2CCC(N3CCCC3)CC2)cc1F
CHEMBL99801,Oc1ccc(/C=C/c2ccc(O)c(O)c2)cc1O,3.822879314422608,0.12195121951219512,O=C(O)CCC(=O)c1ccc2c(c1)CCC2
CHEMBL349479,COc1cc(C2=C(c3ccc4ccccc4c3)COC2=O)cc(OC)c1OC,5.028269767761231,0.18292682926829268,COc1ccccc1CNC(=O)Cn1c(CCC(=O)O)nc2c(Cl)cccc2c1=O
CHEMBL136915,CC1=CC(C)(C)Nc2ccc3c(c21)/C(=C/c1ccc(Cl)cc1)Oc1ccccc1-3,5.786946296691895,0.1346153846153846,Cc1cc(Cl)cc(-c2ccnc3cc(CN4C(=O)C5C(C4=O)C5(C)C)sc23)c1O[C@@H]1CCNC[C@@H]1C
CHEMBL166741,CC(=C\C(=O)O)/C(=C/c1ccc2cc(OCCCc3ccccc3)ccc2c1)c1cccc(C(=O)O)c1,5.786623477935791,0.203125,CC(CC(=O)c1ccccc1)C(=O)O
CHEMBL234289,N#Cc1ccc(OCc2ccc(Cl)cc2)c(C2=C(c3cccc(C(=O)O)c3)CCC2)c1,5.514376640319824,0.20238095238095238,Cc1cc(C(=O)CN2CCC(O)CC2)c(C)n1-c1ccc(C#N)cc1
CHEMBL109623,CN(C)c1ccc(C2=C(c3ccc(S(C)(=O)=O)cc3)CCC2)cc1Cl,4.72969913482666,0.19402985074626866,CN(C)C1CCN(S(=O)(=O)c2ccc(C(=O)NCC(=O)O)cc2)CC1
CHEMBL93159,CCCc1nc2c(C)cc(C)nc2n1Cc1ccc2c(c1)Cc1ccccc1C=C2c1nnn[nH]1,4.835253715515137,0.16981132075471697,COc1ccccc1CNC(=O)Cn1c(CCC(=O)O)nc2c(Cl)cccc2c1=O
CHEMBL317867,O=C1Nc2ccccc2/C1=C\c1ccc(Br)cc1,5.805901527404785,0.14925373134328357,CC(=O)C1=C(O)C(=O)N(CCc2ccc(Cl)c(Cl)c2)C1c1ccc(Br)cc1
CHEMBL197080,Oc1ccc(C2=C(c3ccc(C(F)(F)F)cc3)c3ccc(O)cc3C2)cc1,4.861453056335449,0.20967741935483872,O=C(O)CCc1nnc(-c2cccc(C(F)(F)F)c2)o1
CHEMBL198499,NC(=O)c1ccc(C2=C(c3ccc(O)cc3)Cc3cc(O)ccc32)cc1,4.4387736320495605,0.25,O=C(O)CCC(=O)c1ccc2c(c1)CCC2
CHEMBL179186,Cn1ccc2cc(/C=C/c3ccc4ccccc4c3)ccc21,4.16336727142334,0.14492753623188406,Cn1cc(S(=O)(=O)N2CCC(c3ccccc3)CC2)cc1C(=O)NCC(=O)O
CHEMBL471788,COC1(c2ccccc2)OC(c2ccccc2)=C(c2ccccc2)C1=O,5.848734378814697,0.19230769230769232,O=C(O)CCc1nnc(-c2ccccc2)o1
CHEMBL439806,Oc1ccc2c(c1)CC1(C2)C(c2ccccc2)=Cc2ccccc21,5.265070915222168,0.19298245614035087,O=C(Cc1ccccc1)Oc1c(OC(=O)Cc2ccccc2)c(-c2ccc(O)cc2)c(O)c(O)c1-c1ccc(O)cc1
CHEMBL217444,COc1cc(/C=C2/C(=O)Nc3ccc(F)cc32)cc(OC)c1OC,5.073153018951416,0.16923076923076924,COc1cc2ncn(CC(=O)O)c(=O)c2cc1OC
CHEMBL202302,CC(=O)NCCC/C(=C(\c1ccc(O)cc1)c1ccc(OCCN(C)C)cc1)c1ccccc1,4.831830024719238,0.22580645161290322,CC(C)c1ccc(C(=O)CCC(=O)O)cc1
CHEMBL376853,COc1ccc(/C=C2/c3ccccc3C(=O)c3ccsc32)cc1,4.675890922546387,0.17647058823529413,COc1ccc(Br)c(-c2nnc(CCC(=O)O)o2)c1
CHEMBL83880,CN(C)c1ccc(/C=C/c2ccccc2)cc1,4.603053092956543,0.18421052631578946,CC(CC(=O)c1ccccc1)C(=O)O
CHEMBL247031,COc1cc2cc(OC)c1OCCOCCOc1ccc(cc1)/C=C\2,4.151541709899902,0.16129032258064516,COc1cc2oc(=O)cc(C)c2cc1CCC(=O)O
CHEMBL167821,CC/C(=C(\c1ccc(I)cc1)c1ccc(OCCN2CCCC2)cc1)c1ccc(I)cc1,4.262816429138184,0.19696969696969696,Cc1cc(C(=O)CN2CCCC2)c(C)n1-c1ccc(F)cc1
CHEMBL36856,CC/C(=C(/c1ccc(O)cc1)c1cccc(F)c1)c1ccccc1,5.930568695068359,0.2608695652173913,CC(CC(=O)c1ccccc1)C(=O)O
CHEMBL424048,COC(=O)c1ccc2c(c1)/C(=C/c1cc(Br)c(O)c(Br)c1)C(=O)N2,4.937198638916016,0.2153846153846154,O=C(O)CCC(=O)c1ccc2c(c1)CCC(=O)N2
CHEMBL160870,c1ccc(C2=C(c3ccccc3)N3CCN=C3S2)cc1,5.278090476989746,0.17647058823529413,O=C(O)CCc1nnc(-c2ccccc2)o1
CHEMBL450845,[O-][n+]1onc2ccc(/C=C/c3ccccc3)cc21,4.6325225830078125,0.14814814814814814,O=C(O)CCc1nnc(-c2ccccc2)o1
CHEMBL371089,CC(C)NC(=O)/C(=C/c1cccc(-c2cc(C(C)C)cc3cccnc23)c1)c1ccc(S(C)(=O)=O)cc1,5.295063018798828,0.2087912087912088,CCC[C@H](NC(=O)/C(C#N)=C/c1cccc(Br)n1)c1ccccc1
CHEMBL117575,COc1cc(/C=C/c2ccc(OC)c(N)c2)cc(OC)c1,4.028368949890137,0.16393442622950818,COc1ccc(Br)c(-c2nnc(CCC(=O)O)o2)c1
CHEMBL56009,C/C(=C\c1cc(C)c(O)c(C)c1)c1ccc(F)cc1,3.9652721881866455,0.2830188679245283,Cc1cc(C(=O)CN2CCCC2)c(C)n1-c1ccc(F)cc1
CHEMBL179481,Fc1ccc(/C=C/c2cc(F)cc(F)c2)cc1,3.837656021118164,0.20833333333333334,Cc1cc(C(=O)CN2CCCC2)c(C)n1-c1ccc(F)cc1
CHEMBL413347,FC(F)(F)C(=C(c1ccccc1)c1ccccc1)c1ccc(C(F)(C(F)(F)F)C(F)(F)F)cc1,5.764104843139648,0.20930232558139536,CC(CC(=O)c1ccccc1)C(=O)O
CHEMBL75283,CCOc1ccc(/C=C\c2cc(OC)c(OC)c(OC)c2)cc1,4.489020347595215,0.19642857142857142,COc1cc2ncn(CC(=O)O)c(=O)c2cc1OC
CHEMBL146722,O=C(/C(=C/c1ccc(O)cc1)c1ccc(O)cc1)c1ccc(O)cc1,4.747776031494141,0.2127659574468085,O=C(Cc1ccccc1)Oc1c(OC(=O)Cc2ccccc2)c(-c2ccc(O)cc2)c(O)c(O)c1-c1ccc(O)cc1
CHEMBL117258,N.N.O=P(O)(O)C(F)(F)c1cccc(/C=C\c2cccc3ccccc23)c1,5.772384166717529,0.2153846153846154,O=C(O)CCc1nnc(-c2cccc(C(F)(F)F)c2)o1
CHEMBL315640,COc1cc(/C=C\c2ccc(Cl)cc2)cc(OC)c1OC,5.128390789031982,0.16666666666666666,COc1cc2ncn(CC(=O)O)c(=O)c2cc1OC
CHEMBL482048,COc1cc2c(c(O)c1C)Oc1cccc(O)c1C=C2,4.986306190490723,0.18461538461538463,COc1cc2oc(=O)cc(C)c2cc1CCC(=O)O
CHEMBL298059,CC(C)(C)c1cc(/C=C2\C(=O)Oc3ccc(C(=O)c4cccs4)cc32)cc(C(C)(C)C)c1O,5.788911819458008,0.2542372881355932,O=C(O)CCC(=O)c1cccs1
CHEMBL295617,O=C1Oc2ccc(C(=O)c3cccs3)cc2/C1=C/c1ccc(C(F)(F)F)cc1,5.536788940429688,0.25862068965517243,O=C(O)CCC(=O)c1cccs1
CHEMBL516914,COc1ccc(C2=C(c3ccc(OC)c(OC)c3)C[C@H]3CCC[N+]3([O-])C2)cc1,6.136816501617432,0.14666666666666667,COc1ccc(Br)c(-c2nnc(CCC(=O)O)o2)c1
CHEMBL224903,COc1cc(C2=C(c3cc(C)c(OC)c(C)c3)C(OC(C)=O)CC2=O)cc(OC)c1OC,3.7659387588500977,0.24242424242424243,COc1cc2oc(=O)cc(C)c2cc1CCC(=O)O
CHEMBL81418,CCCCc1ccc(/C(=C(\CC)c2ccccc2)c2ccc(OCCN3CCCC3)cc2)cc1,4.977302551269531,0.189873417721519,O=C(O)CNC(=O)c1ccc(S(=O)(=O)N2CCC(Oc3ccccc3)CC2)cc1
CHEMBL231978,CCCCCCCCCCCCc1c(O)cc(/C=C/c2ccc(O)cc2)cc1O,4.961972236633301,0.16071428571428573,O=C(Cc1ccccc1)Oc1c(OC(=O)Cc2ccccc2)c(-c2ccc(O)cc2)c(O)c(O)c1-c1ccc(O)cc1
CHEMBL382564,C(=C1c2ccccc2CCc2ccccc21)c1ccccc1,4.509608745574951,0.2,O=C(O)CNC(=O)c1ccc(S(=O)(=O)N2CCc3ccccc3C2)cc1
CHEMBL123916,CC1=C(CCN2CCOCC2)c2ccccc2/C1=C/c1cccc2ccccc12,4.507547378540039,0.15,O=C(O)CNC(=O)c1ccc(S(=O)(=O)N2CCC(N3CCOCC3)CC2)cc1
CHEMBL119934,COc1cc(/C=C\c2ccc(OC)c(N)c2)cc(OC)c1,4.028368949890137,0.16393442622950818,COc1ccc(Br)c(-c2nnc(CCC(=O)O)o2)c1
CHEMBL278633,COc1ccc(/C=C2/C(=O)N(CCCN3CCN(c4cccc(Cl)c4)CC3)c3ccccc32)cc1,4.51921272277832,0.1686746987951807,Cc1cc(C(=O)CN2CCCC2)c(C)n1-c1ccc(F)cc1
CHEMBL431507,CCN(CC)CC#CCCC1(C2(O)c3ccccc3C=Cc3ccccc32)SCCCS1,5.351722717285156,0.1411764705882353,O=C(O)CNC(=O)c1ccc(S(=O)(=O)N2CCC3(CC2)OCc2ccccc23)cc1
CHEMBL231937,OCc1ccc(/C=C\c2ccc(O)c(O)c2)cc1,4.348447799682617,0.15217391304347827,CC(C)Cc1ccc(C(=O)CCC(=O)O)cc1
CHEMBL229637,COc1ccc(/C=C/c2cc(OC)cc(OC)c2CNCCN2CCOCC2)cc1,4.071370124816895,0.16455696202531644,COc1ccc(Br)c(-c2nnc(CCC(=O)O)o2)c1
CHEMBL232645,COc1cc(/C=C/c2cc3c(c(OC)c2)O[C@]2(C)CC[C@@H](O)C(C)(C)[C@H]2C3)cc(O)c1CC=C(C)C,5.65660572052002,0.1411764705882353,COc1cc2oc(=O)cc(C)c2cc1CCC(=O)O
CHEMBL83562,CCN(CC)CCOc1ccc(/C(=C\c2ccccc2)c2ccc(O)cc2)cc1,4.322914123535156,0.21666666666666667,O=C(Cc1ccccc1)Oc1c(OC(=O)Cc2ccccc2)c(-c2ccc(O)cc2)c(O)c(O)c1-c1ccc(O)cc1
CHEMBL372575,Cc1noc(/C(=C/c2cccc(-c3cc(C(C)(C)S(C)(=O)=O)cc4cccnc34)c2)c2ccc(S(C)(=O)=O)cc2)n1,6.738583564758301,0.1875,Cc1ccc(C(=O)Nc2cccc(C(F)(F)F)c2)cc1Nc1nc(-c2cccnc2)nc2nn(C)cc12
CHEMBL201013,CN(C)CCOc1ccc(/C(=C(/CCCO)c2ccccc2)c2ccc(O)cc2)cc1,4.926562309265137,0.20634920634920634,O=C(Cc1ccccc1)Oc1c(OC(=O)Cc2ccccc2)c(-c2ccc(O)cc2)c(O)c(O)c1-c1ccc(O)cc1
CHEMBL371621,CC(C)(C)c1ccc(/C=C(/C(=O)Nc2ccc3c(c2)OCCO3)c2ccccc2)cc1,6.5174970626831055,0.2,CC(CC(=O)c1ccccc1)C(=O)O
CHEMBL185209,CC/C(=C(/CCCCCCN(C)CCCSCCCC(F)(F)C(F)(F)F)c1ccc(O)cc1)c1ccc(O)cc1,5.091444969177246,0.140625,CC(C)c1ccc(C(=O)CCC(=O)O)cc1
CHEMBL461888,COc1cc(/C=C/c2ccc(NC(=O)[C@@H](NP(=O)(OC(C)C)OC(C)C)C(C)C)cc2)cc(OC)c1,5.862377643585205,0.18666666666666668,COc1ccc(Br)c(-c2nnc(CCC(=O)O)o2)c1
CHEMBL184217,CCCCCSCCCN(C)C(=O)CCCCC/C(=C(/CC)c1ccc(O)cc1)c1ccc(O)cc1,4.701088905334473,0.18333333333333332,CC(C)c1ccc(C(=O)CCC(=O)O)cc1
CHEMBL470938,CC/C(=C\c1ccc(N(C)C)cc1)c1cc(O)cc(O)c1,3.9431557655334473,0.14285714285714285,CC(CC(=O)c1ccccc1)C(=O)O
CHEMBL91923,CS(=O)(=O)c1ccc(C2=C(c3cccc(O)c3)C(=O)OC2)cc1,5.275073528289795,0.18571428571428572,O=C(O)CNC(=O)c1ccc(S(=O)(=O)N2CC=C(c3ccccc3)CC2)cc1
CHEMBL311636,COc1ccc(/C=C\c2cc(OC)cc(OC)c2)cc1,4.109820365905762,0.20754716981132076,COc1ccc(Br)c(-c2nnc(CCC(=O)O)o2)c1
CHEMBL276026,C[Si](C)(C)c1ccc(C2=C(Cc3ccccc3)c3ccccc3C3=NCCCN32)cc1,5.92137336730957,0.16417910447761194,O=C(Cc1ccccc1)Oc1c(OC(=O)Cc2ccccc2)c(-c2ccc(O)cc2)c(O)c(O)c1-c1ccc(O)cc1
CHEMBL429831,COc1ccc(C2=C(c3ccc(Cl)c(Cl)c3)C(=O)N3CCCC3C2)cc1,4.0262956619262695,0.22666666666666666,CC(=O)C1=C(O)C(=O)N(CCc2ccc(Cl)c(Cl)c2)C1c1ccc(Br)cc1
CHEMBL150461,CC(=C(c1ccc(O)cc1)c1ccc(O)cc1)c1ccccc1,5.446167945861816,0.2777777777777778,CC(CC(=O)c1ccccc1)C(=O)O
CHEMBL255851,Nc1ccc(/C=C/c2ccc(-c3nc4cc(OCCF)ccc4s3)cc2)cc1,4.736354827880859,0.12987012987012986,COc1ccc(Br)c(-c2nnc(CCC(=O)O)o2)c1
CHEMBL306487,COc1ccc(C(=C(CCCCCCCCCCCNCCN)c2ccccc2)c2ccc(OC)cc2)cc1,6.469080448150635,0.23076923076923078,CC(CC(=O)c1ccccc1)C(=O)O
CHEMBL471104,CC/C(=C\c1cc(O)cc(O)c1)c1ccc(N(C)C)cc1,4.023007869720459,0.16,CC(C)c1ccc(C(=O)CCC(=O)O)cc1
CHEMBL518508,COc1cc(/C=C/c2ccc(NC(=O)[C@H](CC(C)C)NP(=O)(OC(C)C)OC(C)C)cc2)cc(OC)c1,6.183622360229492,0.21739130434782608,CC(C)C[C@H](NC(=O)C1(C(F)(F)F)CCCCC1)C(=O)Nc1nnc(Cc2ccc(C#N)cc2)s1
CHEMBL501353,CC(=O)OC[C@H]1O[C@@H](N2C(=O)/C(=C3/C(=O)Nc4ccc(I)cc43)c3ccccc32)[C@H](OC(C)=O)[C@@H](OC(C)=O)[C@@H]1OC(C)=O,5.157400608062744,0.1686746987951807,O=C(O)CCc1nnc(-c2ccccc2I)o1
CHEMBL230329,FC(F)(F)Oc1ccc(/C=C/c2ccc(/C=C/c3ccc(OC(F)(F)F)cc3)cc2)cc1,4.451609611511231,0.1111111111111111,O=C(O)CCc1nnc(-c2cccc(C(F)(F)F)c2)o1
CHEMBL90654,C[C@@H]1c2ccccc2C=C(C2=CCN(C)CC2)c2ccccc21,4.431277275085449,0.2028985507246377,O=C(O)CNC(=O)c1ccc(S(=O)(=O)N2CC=C(c3ccccc3)CC2)cc1
CHEMBL267340,O=C1c2ccccc2C(=Cc2ccccc2)c2ccccc21,5.093298435211182,0.21052631578947367,CC(CC(=O)c1ccccc1)C(=O)O
CHEMBL460860,OC[C@H]1O[C@@H](Oc2c(O)cc(O)cc2/C=C/c2ccc(O)cc2)[C@H](O)[C@@H](O)[C@@H]1O,3.608949422836304,0.16417910447761194,O=C(Cc1ccccc1)Oc1c(OC(=O)Cc2ccccc2)c(-c2ccc(O)cc2)c(O)c(O)c1-c1ccc(O)cc1
CHEMBL67481,CC(=O)NC[C@H]1CN(c2ccc(/C=C(\Br)c3ccccc3C#N)c(F)c2)C(=O)O1,5.07702112197876,0.2111111111111111,Cc1cc(C(=O)CN2CCC(O)CC2)c(C)n1-c1ccc(C#N)cc1
CHEMBL296411,COc1ccc(/C=C/c2cc(OC)cc(OC)c2)cc1,4.109820365905762,0.20754716981132076,COc1ccc(Br)c(-c2nnc(CCC(=O)O)o2)c1
CHEMBL44509,COc1cc(/C=C/c2ccc(OC)c(OC)c2)cc(OC)c1,4.236135959625244,0.19230769230769232,COc1cc2ncn(CC(=O)O)c(=O)c2cc1OC
CHEMBL498088,COC(=O)c1ccc2c(c1)NC(=O)/C2=C(\Nc1ccc(N(CC(=O)N(C)C)C(C)=O)cc1)c1ccccc1,4.526924133300781,0.1875,O=C(O)CCC(=O)c1ccc2c(c1)CCC(=O)N2
CHEMBL18758,CCCCN(CCCC)CC(O)c1cc(/C=C/c2ccc(C(F)(F)F)cc2)cc(/C=C/c2ccc(C(F)(F)F)cc2)c1,4.421640872955322,0.1728395061728395,O=C(O)CNC(=O)c1ccc(S(=O)(=O)N2CCC(c3cccc(C(F)(F)F)c3)CC2)cc1
CHEMBL316919,CN1CC(c2ccc(F)cc2)=C(c2ccc(F)cc2)O1,3.500070571899414,0.22641509433962265,Cc1cc(C(=O)CN2CCCC2)c(C)n1-c1ccc(F)cc1
CHEMBL246626,CCOC(=O)[C@@H](N)CSNC(=O)N1c2ccccc2C=Cc2ccccc21,4.737561225891113,0.21818181818181817,CC(CC(=O)c1ccccc1)C(=O)O
CHEMBL207324,Oc1ccc2c(c1)O[C@@H](c1ccc(OCCN3CCCCC3)cc1)C1=C2COc2cc(O)ccc21,3.702219247817993,0.16455696202531644,Cc1cc(C(=O)CN2CCCC2)c(C)n1-c1ccc(F)cc1
CHEMBL476677,COc1cccc(/C=C\c2ccc(O)cc2)c1,4.223487854003906,0.20689655172413793,COc1ccc(Br)c(-c2nnc(CCC(=O)O)o2)c1
CHEMBL465003,COc1ccc(/C=C\c2cc(OC)c(OC)c([N+](=O)[O-])c2)cc1[N+](=O)[O-],4.759637832641602,0.16666666666666666,COc1cc2ncn(CC(=O)O)c(=O)c2cc1OC
CHEMBL483303,CCOC(=O)c1ccc(/C=C/c2ccc(S(=O)(=O)O)cc2)cc1,5.65233850479126,0.25,CN1CCC(NS(=O)(=O)c2ccc(C(=O)NCC(=O)O)cc2)CC1
CHEMBL458915,COc1ccc(/C=C\c2cc(Cl)c(OC)c(OC)c2)cc1O,4.817048072814941,0.1794871794871795,COc1ccccc1CNC(=O)Cn1c(CCC(=O)O)nc2c(Cl)cccc2c1=O
CHEMBL166720,CC1(C)OC(c2ccc(S(C)(=O)=O)cc2F)=C(c2cccc(Cl)c2)C1=O,6.154278755187988,0.17073170731707318,O=C(O)CNC(=O)c1ccc(S(=O)(=O)N2CCC(c3ccccc3)CC2)cc1F
CHEMBL512070,CC(C)c1onc(COc2ccc3ccccc3c2)c1COc1ccc(/C=C/c2cccc(C(=O)O)c2)c(Cl)c1,4.264281272888184,0.21428571428571427,CC(CC(=O)c1ccccc1)C(=O)O
CHEMBL414884,COc1ccc(/C=C/c2ccc3ccccc3c2)cc1O,4.743500232696533,0.17543859649122806,COc1cc2ncn(CC(=O)O)c(=O)c2cc1OC
CHEMBL476279,COc1cccc(/C=C2/C(=O)Nc3ccc(Cl)cc32)c1,5.31976318359375,0.18571428571428572,COc1ccc(Br)c(-c2nnc(CCC(=O)O)o2)c1
CHEMBL9149,CCCCOc1ccc(/C=C/c2ccc(NC(C)=O)cc2)cc1,4.841310977935791,0.16923076923076924,COc1ccc(Br)c(-c2nnc(CCC(=O)O)o2)c1
CHEMBL512168,COc1c(CC=C(C)C)c(O)cc(/C=C/c2ccccc2)c1CC=C(C)C,4.752879619598389,0.18032786885245902,O=C(Cc1ccccc1)Oc1c(OC(=O)Cc2ccccc2)c(-c2ccc(O)cc2)c(O)c(O)c1-c1ccc(O)cc1
CHEMBL363872,O=C1C(c2ccc(O)cc2)=C(Br)c2cc(O)ccc21,4.1127471923828125,0.22,O=C(Cc1ccccc1)Oc1c(OC(=O)Cc2ccccc2)c(-c2ccc(O)cc2)c(O)c(O)c1-c1ccc(O)cc1
CHEMBL474355,CC(C)(C)OC(=O)N1CCN(c2ccc(C(=O)Nc3ccc(/C=C/c4ccc(O)cc4)cc3)cc2)CC1,6.601099491119385,0.20270270270270271,O=C(O)CNC(=O)c1ccc(S(=O)(=O)N2CCC(C3CCCC3)CC2)cc1
CHEMBL191658,COc1ccc(/C=C2/C(=O)Oc3ccccc32)cc1,4.8408050537109375,0.20967741935483872,COc1ccc(Br)c(-c2nnc(CCC(=O)O)o2)c1
CHEMBL381195,COc1ccc(/C=C2/C(=O)Oc3ccccc32)cc1O,5.017773151397705,0.2,COc1cc2oc(=O)cc(C)c2cc1CCC(=O)O
CHEMBL224268,CS(=O)(=O)Nc1ccc(C2=C(c3ccc(F)cc3)C(=O)OC2)cc1,5.775575160980225,0.18571428571428572,O=C(O)CNC(=O)c1ccc(S(=O)(=O)N2CCC(c3ccc(F)cc3)CC2)cc1
CHEMBL310042,CCCC[C@H]1C(c2ccc(O)cc2)=C(CC)c2ccc(O)cc21,4.860485076904297,0.1864406779661017,O=C(Cc1ccccc1)Oc1c(OC(=O)Cc2ccccc2)c(-c2ccc(O)cc2)c(O)c(O)c1-c1ccc(O)cc1
CHEMBL119164,CC1=C2CCc3cc(/C=C/c4ccccc4)ccc3N2CCC1=O,4.408000469207764,0.18421052631578946,Cc1cc(C(=O)NCC(=O)O)ccc1S(=O)(=O)N1CCC(c2ccccc2)CC1
CHEMBL328444,O=C(O)/C(=C/c1cc(OCc2ccsc2)ccc1[N+](=O)[O-])c1ccccc1Cl,5.000186920166016,0.18181818181818182,O=C(O)CNC(=O)c1ccc(S(=O)(=O)N2CCC(c3ccccc3)CC2)cc1Cl
CHEMBL92446,O=C(O)/C(=C/c1cc(OCc2ccccc2)ccc1[N+](=O)[O-])c1ccccc1F,5.038285255432129,0.20588235294117646,O=C(Cc1ccccc1)Oc1c(OC(=O)Cc2ccccc2)c(-c2ccc(O)cc2)c(O)c(O)c1-c1ccc(O)cc1
CHEMBL35766,CC/C(=C(/c1ccc(O)cc1)c1ccc(NC(C)=O)cc1)c1ccccc1,6.192799091339111,0.2765957446808511,CC(CC(=O)c1ccccc1)C(=O)O
CHEMBL29318,CC/C(=C(/CC(F)(F)F)c1ccc(O)cc1)c1ccc(O)cc1,4.631100177764893,0.18181818181818182,CC(C)c1ccc(C(=O)CCC(=O)O)cc1
CHEMBL175359,C/C(=C\c1ccc(C(=O)OCCCCc2cnc(S)nc2O)cc1)c1ccc2c(c1)C(C)(C)CCC2(C)C,6.747593879699707,0.1518987341772152,O=C(O)CCC(=O)c1ccc2c(c1)CCC2
CHEMBL190963,COc1cc(/C=C/c2ccc(C(=O)O)cc2)cc(OC)c1OC,4.934319019317627,0.24074074074074073,COc1cc2ncn(CC(=O)O)c(=O)c2cc1OC
CHEMBL303307,CONC(=O)CC1=C(C)/C(=C/c2ccc([S+](C)[O-])cc2)c2ccc(F)cc21,4.424356460571289,0.18421052631578946,Cc1cc(C(=O)CN2CCCC2)c(C)n1-c1ccc(F)cc1
CHEMBL357824,CCCC(=C(c1ccc(O)cc1)c1ccc(O)cc1)c1ccccc1,5.509909629821777,0.275,CC(CC(=O)c1ccccc1)C(=O)O
CHEMBL478503,O=C1Nc2ccccc2/C1=C\c1cc(O)cc(O)c1,5.537650108337402,0.18181818181818182,O=C(Cc1ccccc1)Oc1c(OC(=O)Cc2ccccc2)c(-c2ccc(O)cc2)c(O)c(O)c1-c1ccc(O)cc1
CHEMBL511800,CC(C)=CCc1c(O)cc2c(c1/C=C/c1ccccc1)CC(O)C(C)(C)O2,5.352784156799316,0.1686746987951807,Cc1cc(C(=O)NCC(=O)O)ccc1S(=O)(=O)N1CCC(c2ccccc2)CC1
CHEMBL232644,CC(C)=CCC/C(C)=C/Cc1c(O)cc(/C=C/c2cc(O)c3c(c2)C[C@@H]2C(C)(C)[C@H](O)[C@H](O)C[C@@]2(C)O3)cc1O,5.467783451080322,0.12195121951219512,O=C(O)CCC(=O)c1ccc2c(c1)CCC(=O)N2
CHEMBL114507,Oc1cccc(/C(=C(/c2cccc(O)c2)C(F)(F)F)C(F)(F)F)c1,4.510713577270508,0.19230769230769232,O=C(O)CCc1nnc(-c2cccc(C(F)(F)F)c2)o1
CHEMBL274777,CC/C(=C(/c1ccccc1)c1ccc(OC(C)=O)cc1)c1ccc(OC(C)=O)cc1,5.3136305809021,0.3023255813953488,CC(CC(=O)c1ccccc1)C(=O)O
CHEMBL452888,COc1ccc(/C=C/c2cccc(F)c2)cc1OC,4.963006019592285,0.18181818181818182,COc1cc2ncn(CC(=O)O)c(=O)c2cc1OC
CHEMBL318748,CC(=O)O[C@H]1C(=O)[C@@]2(C)[C@H]([C@@H]3OC(=O)c4cccc(c4)/C=C\c4ccccc4[C@H](NC(=O)c4ccccc4)[C@@H](O)C(=O)OC4C[C@]3(O)C(C)(C)C1=C4C)[C@]1(OC(C)=O)CO[C@@H]1C[C@@H]2O,5.2923264503479,0.15748031496062992,Cc1cc(C(=O)NCC(=O)O)ccc1S(=O)(=O)N1CCC(c2ccccc2)CC1
CHEMBL509714,COc1cc(/C=C\c2cc(O)c3ccsc3c2)cc2sccc12,4.462907791137695,0.19672131147540983,COc1cc2oc(=O)cc(C)c2cc1CCC(=O)O
CHEMBL189061,COc1ccc(/C=C2\OC(=O)c3cc(C(=O)O)c(C(=O)O)cc32)cc1,3.406166076660156,0.2903225806451613,COc1ccc(Br)c(-c2nnc(CCC(=O)O)o2)c1
CHEMBL353935,CC1(C)OC(c2ccc(S(N)(=O)=O)cc2F)=C(c2cccc(F)c2)C1=O,6.158996105194092,0.2,O=C(O)CNC(=O)c1ccc(S(=O)(=O)N2CCC(c3cccc(F)c3)CC2)cc1
CHEMBL466554,COc1cc(/C(F)=C\c2cc(O)c3ccsc3c2)cc(OC)c1OC,4.873285293579102,0.17391304347826086,COc1cc2oc(=O)cc(C)c2cc1CCC(=O)O
CHEMBL6790,Oc1ccc(/C(=C(/c2ccc(O)cc2)C(F)(F)F)C(F)(F)F)cc1,4.181087017059326,0.18604651162790697,O=C(Cc1ccccc1)Oc1c(OC(=O)Cc2ccccc2)c(-c2ccc(O)cc2)c(O)c(O)c1-c1ccc(O)cc1
CHEMBL464969,COc1ccc(/C=C\c2cc(N)c(OC)c(OC)c2)cc1N,4.178821563720703,0.15789473684210525,COc1cc2ncn(CC(=O)O)c(=O)c2cc1OC
CHEMBL426144,O=C1O/C(=C\c2ccc(Cl)cc2Cl)c2ccccc21,5.001645565032959,0.1590909090909091,Cc1cc(Cl)cc(-c2ccnc3cc(CN4C(=O)C5C(C4=O)C5(C)C)sc23)c1O[C@@H]1CCNC[C@@H]1C
CHEMBL102362,O=C(O)c1cc(/C=C/c2cc(O)ccc2O)ccc1O,4.1990838050842285,0.1864406779661017,Nc1c(C(=O)c2ccccc2)sc2[nH]c(=O)c(C(=O)O)cc12
CHEMBL80103,CCCc1ccc(C2=Cc3ccccc3C3=NCCN23)cc1,4.797455787658691,0.1875,O=C(O)CCc1nnc(-c2ccccc2I)o1
CHEMBL270369,CNc1ccc(/C=C/c2ccc(-c3nc4ccc(OCCCF)cc4s3)cc2)cc1,5.022872924804688,0.12345679012345678,COc1ccc(Br)c(-c2nnc(CCC(=O)O)o2)c1
CHEMBL93985,C/C(=C\c1cccc(C(=O)O)c1)c1cc2c(cc1C)C(C)(C)CCC2(C)C,6.431468963623047,0.2033898305084746,O=C(O)CCC(=O)c1ccc2c(c1)CCC2
CHEMBL33899,CC/C(=C(\c1ccccc1)c1ccc(/C=C/C(=O)O)cc1)c1ccccc1,5.5423994064331055,0.29545454545454547,CC(CC(=O)c1ccccc1)C(=O)O
CHEMBL269396,CC1CCN(C2=Cc3cc(Cl)ccc3Cc3ccccc32)CC1,4.608559608459473,0.18666666666666668,O=C(O)CNC(=O)c1ccc(S(=O)(=O)N2CCC(c3ccccc3)CC2)cc1Cl
CHEMBL32502,CC/C(=C(/CC)c1cccc(OC(C)=O)c1)c1cccc(OC(C)=O)c1,4.176076889038086,0.2619047619047619,CC(CC(=O)c1ccccc1)C(=O)O
CHEMBL44635,COc1ccc(C2=C(c3ccc(SC)cc3)CC3CCCN3C2=O)cc1,4.747391700744629,0.14666666666666667,O=C(O)CCC(=O)c1ccc(S(=O)(=O)N2CCC(N3CCCC3)CC2)cc1
CHEMBL26867,COc1ccc2c(c1)OCC(c1ccc(F)cc1)=C2c1ccc(OCCN2CCCCC2)cc1,4.171031951904297,0.24324324324324326,Cc1cc(C(=O)CN2CCCC2)c(C)n1-c1ccc(F)cc1
CHEMBL7500,CN(C)c1ccc(/C=C/c2ccc(S(N)(=O)=O)cc2)cc1,4.823833465576172,0.1864406779661017,CN(C)C1CCN(S(=O)(=O)c2ccc(C(=O)NCC(=O)O)cc2)CC1
CHEMBL519213,COC(=O)c1ccc2c(c1)NC(=O)/C2=C(\Nc1ccccc1)c1ccccc1,5.343176364898682,0.21875,O=C(O)CCC(=O)c1ccc2c(c1)CCC(=O)N2
CHEMBL220313,COc1ccc(/C=C2\CC(c3ccc(OCCN4CCCCC4)cc3)Oc3cc(OC)ccc32)cc1,3.967638731002808,0.18292682926829268,COc1ccc(Br)c(-c2nnc(CCC(=O)O)o2)c1
CHEMBL90191,Cc1ccccc1/C(=C\c1cc(OCc2ccsc2)ccc1C#N)CO,5.1972832679748535,0.1590909090909091,CCC[C@H](NC(=O)/C(C#N)=C/c1cccc(Br)n1)c1ccccc1
CHEMBL299063,O=S(=O)(Nc1ccc2c(/C=C/c3cccc(C(F)(F)F)c3)cccc2c1)C(F)(F)F,5.395888805389404,0.24050632911392406,O=C(O)CNC(=O)c1ccc(S(=O)(=O)N2CCC(c3cccc(C(F)(F)F)c3)CC2)cc1
CHEMBL533319,O=C1NC(=O)C(c2cccc(NC(=O)c3ccncc3)c2)=C1c1ccccc1,5.939736843109131,0.27380952380952384,Cc1ccc(C(=O)Nc2cccc(C(F)(F)F)c2)cc1Nc1nc(-c2cccnc2)nc2nn(C)cc12
CHEMBL164895,CC(=C\C(=O)O)/C(=C/c1ccc2cc3c(cc2c1)C(C)(C)CCC3(C)C)c1cccc(C(=O)O)c1,6.745319366455078,0.18032786885245902,CC(CC(=O)c1ccccc1)C(=O)O
CHEMBL290016,CCOP(=O)(OCC)Oc1cc(/C=C\c2cc(OC)c(OC)c(OC)c2)ccc1OC,5.744153022766113,0.1746031746031746,COc1cc2ncn(CC(=O)O)c(=O)c2cc1OC
CHEMBL335591,CC1=CC(C)(C)Nc2ccc3c(c21)/C(=C/c1ccccc1Br)Oc1ccccc1-3,5.831270694732666,0.11320754716981132,Cc1cc(Cl)cc(-c2ccnc3cc(CN4C(=O)C5C(C4=O)C5(C)C)sc23)c1O[C@@H]1CCNC[C@@H]1C
CHEMBL320679,COc1cc(/C(C#N)=C/c2ccc(C)c(N)c2)cc(OC)c1OC,5.146845817565918,0.1791044776119403,COc1cc2oc(=O)cc(C)c2cc1CCC(=O)O
CHEMBL233342,COC(=O)/C=C/c1ccc(/C=C\c2ccc(O)c(O)c2)cc1,4.358430862426758,0.16129032258064516,COc1ccc(Br)c(-c2nnc(CCC(=O)O)o2)c1
CHEMBL419266,COc1cc(/C=C/c2ccc(C(C)(C)C)cc2)cc(OC)c1OC,6.534974098205566,0.16071428571428573,COc1cc2ncn(CC(=O)O)c(=O)c2cc1OC
CHEMBL246065,COc1cc2c(cc1OC)/C(=C\c1ccc(NC(=O)Nc3ccc4c(c3)OCO4)cc1)C(=O)N2,5.769376754760742,0.19230769230769232,COc1cc2oc(=O)cc(C)c2cc1CCC(=O)O
CHEMBL72970,CCC1=C(c2ccc(O)cc2)[C@@H](C)c2ccccc21,5.672884941101074,0.25,O=C(Cc1ccccc1)Oc1c(OC(=O)Cc2ccccc2)c(-c2ccc(O)cc2)c(O)c(O)c1-c1ccc(O)cc1
CHEMBL421548,O=C1Nc2ccc(Cl)cc2/C1=C/c1ccc(N2CCOCC2)cc1,5.151233673095703,0.16494845360824742,Cc1cc(Cl)cc(-c2ccnc3cc(CN4C(=O)C5C(C4=O)C5(C)C)sc23)c1O[C@@H]1CCNC[C@@H]1C
CHEMBL322240,CC1C(c2ccc(F)cc2)=C(c2ccc(S(C)(=O)=O)cc2)ON1C,5.453977584838867,0.22058823529411764,O=C(O)CNC(=O)c1ccc(S(=O)(=O)N2CCC(c3ccc(F)cc3)CC2)cc1
CHEMBL31376,C[N+](C)(CCCCCC[N+](C)(C)CCCN1C(=O)c2ccccc2/C1=C\c1ccccc1)CCCN1C(=O)c2ccccc2/C1=C/c1ccccc1,7.015767574310303,0.16666666666666666,CC(CC(=O)c1ccccc1)C(=O)O
CHEMBL255257,COc1cc(/C=C\c2ccc(OC)c([N+](=O)[O-])c2[N+](=O)[O-])cc(OC)c1OC,4.575826168060303,0.18333333333333332,COc1cc2ncn(CC(=O)O)c(=O)c2cc1OC
CHEMBL170602,COc1ccc(C(=C(c2ccccc2)c2ccccc2)C(F)(F)F)cc1,5.839264869689941,0.23255813953488372,CC(CC(=O)c1ccccc1)C(=O)O
CHEMBL522116,CSCc1cc(/C=C2\C(=O)Nc3ccccc32)cc(CSC)c1O,5.844199180603027,0.1875,O=C(O)CCC(=O)c1ccc2c(c1)CCC(=O)N2
CHEMBL116888,COc1cc(/C=C\c2ccc(OC)c(O)c2)cc(OC)c1,4.208795547485352,0.18333333333333332,COc1ccc(Br)c(-c2nnc(CCC(=O)O)o2)c1
CHEMBL512671,CC(=O)O[C@@H]1CO[C@@H](Oc2cc(O)cc(/C=C/c3ccc(O)cc3)c2)[C@H](O)[C@H]1O,3.821180820465088,0.15942028985507245,O=C(Cc1ccccc1)Oc1c(OC(=O)Cc2ccccc2)c(-c2ccc(O)cc2)c(O)c(O)c1-c1ccc(O)cc1
CHEMBL275696,CN1CCN(C2=Cc3cc(Cl)ccc3Cc3ccccc32)CC1,4.475613594055176,0.17567567567567569,Cn1cc(S(=O)(=O)N2CCC(c3ccccc3)CC2)cc1C(=O)NCC(=O)O
CHEMBL519234,O=C1/C(=C/c2c(Cl)cccc2Cl)c2ccccc2N1c1c(Cl)cccc1Cl,4.482078552246094,0.17721518987341772,COc1ccccc1CN(C)C(=O)Cn1c(CCC(=O)O)nc2c(Cl)cccc2c1=O
CHEMBL67520,N=C(N)c1ccc(/C=C/c2ccc3c(c2)CCN(CC(=O)O)C3=O)cc1,4.071636199951172,0.25,O=C(O)CCC(=O)c1ccc2c(c1)CCC2
CHEMBL328282,Cc1ccccc1C1=C(c2ccccc2)c2ccc(O)cc2C1,4.640578746795654,0.19298245614035087,O=C(Cc1ccccc1)Oc1c(OC(=O)Cc2ccccc2)c(-c2ccc(O)cc2)c(O)c(O)c1-c1ccc(O)cc1
CHEMBL54947,CC/C(=C(/c1ccccc1)c1cccc(OC(C)=O)c1)c1ccc(OC(C)=O)cc1,5.275938510894775,0.2708333333333333,CC(CC(=O)c1ccccc1)C(=O)O
CHEMBL292910,COc1ccc(/C=C/c2ccc(/C=C/c3ccc(OC)c(C(=O)O)c3)c(I)c2)cc1C(=O)O,4.506262302398682,0.2413793103448276,COc1cc2ncn(CC(=O)O)c(=O)c2cc1OC
CHEMBL422965,COc1cc(C=C2c3ccccc3C(=O)c3ccccc32)cc(OC)c1OC,5.531676292419434,0.19298245614035087,COc1cc2ncn(CC(=O)O)c(=O)c2cc1OC
CHEMBL517275,O=C(Nc1ccc2c(c1)N(O)C(=O)/C2=C(\O)c1ccccc1)c1ccc(NS(=O)(=O)c2cccs2)cc1,5.290720939636231,0.2289156626506024,O=C(O)CNC(=O)c1csc(S(=O)(=O)N2CCC(c3ccccc3)CC2)c1
CHEMBL147083,Clc1ccccc1/C=C(/c1ccccc1)c1ccccn1,5.071038722991943,0.19148936170212766,CC(CC(=O)c1ccccc1)C(=O)O
CHEMBL388318,CCOC(=O)C1C2OC(C(c3ccc(O)cc3)=C2c2ccc(O)cc2)C1C(=O)OCC,3.945207357406616,0.32,O=C(Cc1ccccc1)Oc1c(OC(=O)Cc2ccccc2)c(-c2ccc(O)cc2)c(O)c(O)c1-c1ccc(O)cc1
CHEMBL519557,O=C1/C(=C/c2cccc(Cl)c2)c2ccccc2N1c1c(Cl)cccc1Cl,5.261551856994629,0.1686746987951807,COc1ccccc1CN(C)C(=O)Cn1c(CCC(=O)O)nc2c(Cl)cccc2c1=O
CHEMBL74551,COc1ccc(/C=C\c2cc(OC)c(OCc3ccccc3)c(OC)c2)cc1,4.524730682373047,0.21052631578947367,O=C(Cc1ccccc1)Oc1c(OC(=O)Cc2ccccc2)c(-c2ccc(O)cc2)c(O)c(O)c1-c1ccc(O)cc1
CHEMBL150350,CS(=O)(=O)Nc1cc(C(F)(F)P(=O)(O)O)ccc1/C=C/c1ccccc1,6.020599365234375,0.21518987341772153,O=C(O)CNC(=O)c1ccc(S(=O)(=O)N2CCC(c3cccc(C(F)(F)F)c3)CC2)cc1
CHEMBL306502,CCN(CC)CCOC(=O)/C(=C/c1cccc(OC)c1)c1cc(OC)c(OC)c(OC)c1,4.49043083190918,0.19480519480519481,COc1ccc(Br)c(-c2nnc(CCC(=O)O)o2)c1
CHEMBL466552,COc1cc(/C=C\c2cc(O)c3ccsc3c2)cc(OC)c1OC,4.614748477935791,0.19047619047619047,COc1cc2oc(=O)cc(C)c2cc1CCC(=O)O
CHEMBL46341,CC/C(=C(\c1ccccc1)c1ccc(OCCn2cccc2)cc1)c1ccccc1,5.519352912902832,0.22,CC(CC(=O)c1ccccc1)C(=O)O
CHEMBL302933,COc1ccc(C(C)C)cc1/C(Br)=C/c1ccc(N2C[C@H](CNC(C)=O)OC2=O)cc1F,4.247054100036621,0.20454545454545456,COc1cc2oc(=O)cc(C)c2cc1CCC(=O)O
CHEMBL156014,CC(=O)OC1CCCN(CCCCOc2ccccc2/C=C/c2ccccc2)C1,4.018007755279541,0.22972972972972974,Cc1cc(C(=O)CN2CCCC2)c(C)n1-c1ccc(F)cc1
CHEMBL346500,CC1CCCN(CCCCOc2ccccc2/C=C/c2ccccc2)C1,4.166090965270996,0.189873417721519,CC1CN(S(=O)(=O)c2ccc(C(=O)NCC(=O)O)cc2)CCC1c1ccccc1
CHEMBL120980,CCCCCCCCC1CCc2cc(/C(C)=C/c3ccc(C(=O)OCC)cc3)ccc2S1,5.511844158172607,0.2,O=C(O)CCC(=O)c1ccc2c(c1)CCC2
CHEMBL18867,CC(C)c1ccc(C2=C(c3ccc(S(C)(=O)=O)cc3)C(C)(O)OC2=O)cc1,6.247090816497803,0.24528301886792453,CC(C)c1ccc(C(=O)CCC(=O)O)cc1
CHEMBL389717,COc1ccc(C2=C(c3cc(OC)c(OC)c(OC)c3)/C(=N\O)C(O)C2)cc1O,4.521225929260254,0.14705882352941177,COc1cc2ncn(CC(=O)O)c(=O)c2cc1OC
CHEMBL126301,COc1ccc(/C=C2\C(C)=C(CCN3CCOCC3)c3ccccc32)c2ccccc12,4.50160026550293,0.17391304347826086,COc1ccccc1CNC(=O)Cn1c(CCC(=O)O)nc2c(Cl)cccc2c1=O
CHEMBL73262,COC(=O)/C(=C/c1ccc(OC)cc1)c1cc(OC)c(OC)c(OC)c1,4.344146251678467,0.21875,COc1ccc(Br)c(-c2nnc(CCC(=O)O)o2)c1
CHEMBL56633,O=S(=O)(Nc1ccc2c(/C=C/c3ccc(Cl)cc3)cccc2c1)C(F)(F)F,5.856782913208008,0.16883116883116883,O=C(O)CNC(=O)c1ccc(S(=O)(=O)N2CCC(c3ccc(Cl)cc3)CC2)cc1
CHEMBL6617,CC/C(=C(\c1ccc(I)cc1)c1ccc(OCCCCCCN(C)C)cc1)c1ccccc1,5.073495864868164,0.19642857142857142,CC(CC(=O)c1ccccc1)C(=O)O
CHEMBL268389,CC/C(=C(\c1ccc(I)cc1)c1ccc(OCCCCCN2CCCC2)cc1)c1ccccc1,4.941193580627441,0.19230769230769232,O=C(O)CNC(=O)c1ccc(S(=O)(=O)N2CCC(Oc3ccccc3)CC2)cc1
CHEMBL350969,CCC1C(c2ccc(C(C)=O)c(C(C)=O)c2)=C(C)c2cc(C(C)=O)c(C(C)=O)cc21,3.389592170715332,0.1780821917808219,Cc1cc(S(=O)(=O)N2CCC(c3ccccc3)CC2)ccc1C(=O)NCC(=O)O
CHEMBL170285,FC(F)(F)C(=C(c1ccccc1)c1ccccc1)c1cccc(C(F)(F)F)c1,5.3963775634765625,0.3076923076923077,O=C(O)CCc1nnc(-c2cccc(C(F)(F)F)c2)o1
CHEMBL78525,COc1ccc(/C=C(/C#N)c2ccc(OC)cc2)cc1,4.967573165893555,0.20689655172413793,COc1ccc(Br)c(-c2nnc(CCC(=O)O)o2)c1
CHEMBL336353,CC1=CC(C)(C)Nc2ccc3c(c21)/C(=C/c1ccccc1N(C)C)Oc1ccc(F)cc1-3,5.686183452606201,0.11904761904761904,Cc1cc(C(=O)CN2CCCC2)c(C)n1-c1ccc(F)cc1
CHEMBL313092,ONc1ccc(/C=C/c2ccccc2)cc1,4.516135692596436,0.1891891891891892,CC(CC(=O)c1ccccc1)C(=O)O
CHEMBL588235,O=C1C(c2ccccc2)=C(Nc2ccc(OC(F)(F)F)cc2)c2ccccc21,5.875550270080566,0.16666666666666666,O=C(O)CCc1nnc(-c2cccc(C(F)(F)F)c2)o1
CHEMBL10892,CC/C(=C(\c1ccccc1)c1cccc(OC(C)=O)c1)c1ccccc1,5.321948051452637,0.28888888888888886,CC(CC(=O)c1ccccc1)C(=O)O
CHEMBL208949,COc1cc(/C=C/c2ccc3cc[nH]c3c2)cc(OC)c1OC,5.025405883789063,0.15,COc1ccccc1CNC(=O)Cn1c(CCC(=O)O)nc2c(Cl)cccc2c1=O
CHEMBL204376,CN(C)CCOc1ccc(/C(=C(/CCO)c2ccccc2)c2ccc(O)cc2)cc1,4.966547966003418,0.21311475409836064,O=C(Cc1ccccc1)Oc1c(OC(=O)Cc2ccccc2)c(-c2ccc(O)cc2)c(O)c(O)c1-c1ccc(O)cc1
CHEMBL115360,O=C1c2ccccc2C(=Cc2ccc(O)c(O)c2)c2ccccc21,5.294593334197998,0.17777777777777778,CC(CC(=O)c1ccccc1)C(=O)O
CHEMBL36550,CC/C(=C(\c1ccccc1)c1ccc(/C=C/C(=O)N(C2CCCCC2)C2CCCCC2)cc1)c1ccccc1,5.239503860473633,0.23636363636363636,CC(CC(=O)c1ccccc1)C(=O)O
CHEMBL279155,CNCCSC1=Cc2ccccc2Sc2ccc(F)cc21,6.152708053588867,0.14084507042253522,Cc1cc(C(=O)CN2CCCC2)c(C)n1-c1ccc(F)cc1
CHEMBL363873,COC(=O)/C=C/c1cccc(N(Cc2ccc(/C=C/c3cccc(F)c3)cc2)C(=O)NC(C)C)c1,5.293789863586426,0.19230769230769232,Cc1cc(C(=O)CN2CCCC2)c(C)n1-c1ccc(F)cc1
CHEMBL209662,Cc1ccc(/C=C/c2ccc(O)cc2)cc1C,3.7860262393951416,0.16666666666666666,O=C(Cc1ccccc1)Oc1c(OC(=O)Cc2ccccc2)c(-c2ccc(O)cc2)c(O)c(O)c1-c1ccc(O)cc1
CHEMBL210218,COc1cccc(/C=C/c2cc(OC)cc(OC)c2)c1,4.2494425773620605,0.2,COc1ccc(Br)c(-c2nnc(CCC(=O)O)o2)c1
CHEMBL510069,C/C(=C\c1cccc(F)c1)c1cc(O)cc(O)c1,4.919539928436279,0.19402985074626866,O=C(O)CNC(=O)c1ccc(S(=O)(=O)N2CCC(c3cccc(F)c3)CC2)cc1
CHEMBL246064,COc1ccc(NC(=O)Nc2ccc(/C=C3/C(=O)Nc4cc(OC)c(OC)cc43)cc2)cc1,5.417359828948975,0.20588235294117646,COc1cc2ncn(CC(=O)O)c(=O)c2cc1OC
CHEMBL314131,CC/C(=C(/c1ccc(OCCN(C)C)cc1)c1ccc([S+](C)[O-])cc1)c1ccccc1,4.832752227783203,0.19298245614035087,CC(CC(=O)c1ccccc1)C(=O)O
CHEMBL191747,COc1ccc(/C=C(/C)c2cc(OC)c(OC)c(OC)c2)cc1,4.63668966293335,0.19672131147540983,COc1ccc(Br)c(-c2nnc(CCC(=O)O)o2)c1
CHEMBL513748,CC(C)=CCC/C(C)=C/Cc1c(O)cc(O)cc1/C=C/c1ccc(O)c(O)c1CC=C(C)C,4.618768692016602,0.14102564102564102,CC(=O)C1=C(O)C(=O)N(CCc2ccc(Cl)c(Cl)c2)C1c1ccc(Br)cc1
CHEMBL312309,COc1ccc(/C=C/c2ccc(OC)c(OC)c2)cc1,4.222599506378174,0.19642857142857142,COc1ccc(Br)c(-c2nnc(CCC(=O)O)o2)c1
CHEMBL18790,CC1(OCC(F)(F)F)OC(=O)C(c2ccc(F)cc2)=C1c1ccc(S(C)(=O)=O)cc1,6.062481880187988,0.19480519480519481,O=C(O)CNC(=O)c1ccc(S(=O)(=O)N2CCC(c3ccc(F)cc3)CC2)cc1
CHEMBL289447,Cc1ccc2c(c1)C1=C(c3ccc(S(C)(=O)=O)cc3)C(=O)OC1CC2,4.788749694824219,0.2,O=C(O)CNC(=O)c1ccc(S(=O)(=O)N2CC=C(c3ccccc3)CC2)cc1
CHEMBL144897,Oc1ccc2c(c1)C=C(c1ccccc1)C21Cc2ccccc2C1,5.228747844696045,0.2,O=C(Cc1ccccc1)Oc1c(OC(=O)Cc2ccccc2)c(-c2ccc(O)cc2)c(O)c(O)c1-c1ccc(O)cc1
CHEMBL61884,COc1ccc(/C=C2\C(=O)Nc3ccc(Br)cc32)cc1OC1CC2CCC1C2,4.754925727844238,0.1559633027522936,Cc1cc(Cl)cc(-c2ccnc3cc(CN4C(=O)C5C(C4=O)C5(C)C)sc23)c1O[C@@H]1CCNC[C@@H]1C
CHEMBL179046,COCCOc1cc(/C=C/c2ccc3ccccc3c2)ccc1OC,5.322857856750488,0.18032786885245902,COc1cc2ncn(CC(=O)O)c(=O)c2cc1OC
CHEMBL175548,CC(=O)Oc1ccc(/C=C/c2ccc3ccccc3c2)cc1,4.362840175628662,0.1956521739130435,CC(CC(=O)c1ccccc1)C(=O)O
CHEMBL179637,COc1ccc(/C=C/c2ccc3ccccc3c2)cc1,4.4358673095703125,0.19298245614035087,COc1ccc(Br)c(-c2nnc(CCC(=O)O)o2)c1
CHEMBL93411,O=[N+]([O-])c1ccc(OCc2ccsc2)cc1/C=C(/CO)c1ccccc1Cl,5.154162406921387,0.15730337078651685,O=C(O)CNC(=O)c1ccc(S(=O)(=O)N2CCC(c3ccccc3)CC2)cc1Cl
CHEMBL328786,O=C(O)/C(=C/c1cc(OCc2ccsc2)ccc1[N+](=O)[O-])c1ccccc1,4.999712467193604,0.20967741935483872,CC(CC(=O)c1ccccc1)C(=O)O
CHEMBL489489,C/C(=C\c1ccc(N(C)C)cc1)c1cc(O)cc(O)c1,3.7300214767456055,0.13333333333333333,Cc1cc(C(=O)CN2CCCC2)c(C)n1-c1ccc(F)cc1
CHEMBL483644,Oc1cc(O)cc(/C=C/c2cc(C(Cc3cc(O)cc(O)c3)c3ccc(O)cc3O)c(O)cc2O)c1,4.045856475830078,0.2,O=C(Cc1ccccc1)Oc1c(OC(=O)Cc2ccccc2)c(-c2ccc(O)cc2)c(O)c(O)c1-c1ccc(O)cc1
CHEMBL177972,CS(=O)(=O)c1ccc(C2=C(c3ccc(S(N)(=O)=O)cc3)COC2=O)cc1,5.263562679290772,0.18055555555555555,O=C(O)CNC(=O)c1ccc(S(=O)(=O)N2CCC3(CC2)OCc2ccccc23)cc1
CHEMBL239642,CS(=O)(=O)c1ccc(/C=C(/C(=O)OCO/N=[N+](/[O-])N2CCCC2)c2cccc(Br)c2)cc1,6.384500503540039,0.20454545454545456,O=C(O)CNC(=O)c1ccc(S(=O)(=O)N2CCC(c3ccc(Br)cc3)CC2)cc1
CHEMBL303459,COc1cc(/C=C2\OC(=O)c3ccccc32)cc(OC)c1OC,4.61054277420044,0.21666666666666667,COc1cc2oc(=O)cc(C)c2cc1CCC(=O)O
CHEMBL198247,COc1cc(/C=C2/C(=O)Oc3ccccc32)cc(OC)c1OC,4.822206974029541,0.19047619047619047,COc1cc2oc(=O)cc(C)c2cc1CCC(=O)O
CHEMBL48352,Oc1ccc(C2=C(c3ccccc3)c3ccc(O)cc3C2)cc1,5.656622886657715,0.2549019607843137,O=C(Cc1ccccc1)Oc1c(OC(=O)Cc2ccccc2)c(-c2ccc(O)cc2)c(O)c(O)c1-c1ccc(O)cc1
CHEMBL488354,CCOC(=O)COc1ccc(/C=C/c2cc(O)cc(O)c2)cc1,3.466041088104248,0.19642857142857142,O=C(Cc1ccccc1)Oc1c(OC(=O)Cc2ccccc2)c(-c2ccc(O)cc2)c(O)c(O)c1-c1ccc(O)cc1
CHEMBL66825,COc1ccc2c(c1)OC(C)(C)C(c1ccccc1)=C2c1ccc(OCCN2CCCC2)cc1,5.210820198059082,0.20253164556962025,COc1ccc(Br)c(-c2nnc(CCC(=O)O)o2)c1
CHEMBL73363,O=C(O)c1cc(C(=O)O)c2cc(/C=C/c3cccc4ccccc34)ccc2n1,5.163478374481201,0.21666666666666667,CC(C(=O)O)n1cnc2ccccc2c1=O
CHEMBL485374,CNc1ccc(/C=C/c2ccc(N)cc2)cc1,4.229382991790772,0.11627906976744186,CC(C)c1ccc(C(=O)CCC(=O)O)cc1
CHEMBL365425,COc1ccc(/C=C\c2cc(OC)c(OC)c(OC)c2)cc1N(CCCl)CCCl,3.9249863624572754,0.16129032258064516,COc1cc2ncn(CC(=O)O)c(=O)c2cc1OC
CHEMBL288423,CSc1ccc(C2=C3c4cc(C)ccc4CCC3(O)OC2=O)cc1,5.350808143615723,0.15714285714285714,O=C(O)CCC(=O)c1ccc2c(c1)CCC(=O)N2
CHEMBL295990,Cc1ccccc1C1=C(c2ccc(S(C)(=O)=O)cc2)OC(C)(C)C1=O,5.923419952392578,0.1917808219178082,Cc1cc(S(=O)(=O)N2CCC(c3ccccc3)CC2)ccc1C(=O)NCC(=O)O
CHEMBL94021,COc1cc(/C=C\c2ccc(OC)c(OP(=O)([O-])[O-])c2OP(=O)([O-])[O-])cc(OC)c1OC.[Na+].[Na+].[Na+].[Na+],5.117116928100586,0.1774193548387097,COc1cc2ncn(CC(=O)O)c(=O)c2cc1OC
CHEMBL478928,COc1cc(/C=C\c2ccc(OC)c(O[Si](C)(C)C(C)(C)C)c2O[Si](C)(C)C(C)(C)C)cc(OC)c1OC,7.125571250915527,0.1935483870967742,COc1cc2ncn(CC(=O)O)c(=O)c2cc1OC
CHEMBL115055,O=C1c2ccccc2C(=Cc2ccc3c(c2)OCO3)c2ccccc21,5.18147087097168,0.15254237288135594,O=C(O)CCc1nnc(-c2ccccc2I)o1
CHEMBL11069,CCC(=C(c1ccccc1)c1ccccc1)c1cccc(OC(C)=O)c1,5.356348514556885,0.28888888888888886,CC(CC(=O)c1ccccc1)C(=O)O
CHEMBL488745,COc1ccc(/C=C2/C(=O)N(c3c(Cl)cccc3Cl)c3ccccc32)cc1,5.251487731933594,0.21686746987951808,COc1ccccc1CN(C)C(=O)Cn1c(CCC(=O)O)nc2c(Cl)cccc2c1=O
CHEMBL11733,COc1ccc2c(c1OC)C(C#N)N1CCc3cc4c(cc3C1=C2)OCO4,4.981124401092529,0.14102564102564102,COc1cc2ncn(CC(=O)O)c(=O)c2cc1OC
CHEMBL178733,Clc1ccc(/C=C/c2cc(Cl)cc(Cl)c2)cc1,4.1718292236328125,0.16071428571428573,O=C(O)CNC(=O)c1ccc(S(=O)(=O)N2CCC(c3ccc(Cl)cc3)CC2)cc1
CHEMBL155859,COc1cccc(C=C2c3ccccc3C(=O)c3ccccc32)c1,5.197251319885254,0.21311475409836064,COc1ccc(Br)c(-c2nnc(CCC(=O)O)o2)c1
CHEMBL300021,COc1ccc(C2=C(c3ccc(S(C)(=O)=O)cc3)CN(c3ccccc3)C2=O)cc1,5.812676429748535,0.208955223880597,O=C(O)CNC(=O)c1ccc(S(=O)(=O)N2Cc3ccccc3C2)cc1
CHEMBL115499,O=C1c2ccccc2C(=Cc2cc(Br)c(O)c(Br)c2)c2ccccc21,4.941287040710449,0.17391304347826086,CC(CC(=O)c1ccccc1)C(=O)O
CHEMBL320784,CC1(C)CC(c2ccc(Cl)cc2)=C(c2ccc(S(C)(=O)=O)cc2)C1,6.775794506072998,0.22580645161290322,O=C(O)CNC(=O)c1ccc(S(=O)(=O)N2CCC(c3ccc(Cl)cc3)CC2)cc1
CHEMBL494422,C[C@H]1CC[C@H]2[C@H](C1)c1c(O)cc(/C=C/c3ccccc3)cc1OC2(C)C,5.840700626373291,0.1728395061728395,CC1CN(S(=O)(=O)c2ccc(C(=O)NCC(=O)O)cc2)CCC1c1ccccc1
CHEMBL103582,COc1ccc(/C=C(/C#N)c2cc(OC)c(OC)c(OC)c2)cc1N,5.040434837341309,0.1568627450980392,N#CSc1cc(SC#N)c(N)nc1N
CHEMBL39227,CC/C(=C(\c1ccccc1)c1ccc(/C=C/C(=O)NCCCOC)cc1)c1ccccc1,6.233822822570801,0.22807017543859648,CC(CC(=O)c1ccccc1)C(=O)O
CHEMBL366723,CS(=O)(=O)c1ccc(C2=C(c3ccc(S(=O)(=O)N=[N+]=[N-])cc3)C(=O)OC2)cc1,5.992629051208496,0.15789473684210525,CC1CC(c2ccccc2)CCN1S(=O)(=O)c1ccc(C(=O)NCC(=O)O)cc1
CHEMBL474264,Oc1ccc(/C=C/c2ccc(C(F)(F)F)cc2)cc1O,4.21703052520752,0.2,O=C(O)CCc1nnc(-c2cccc(C(F)(F)F)c2)o1
CHEMBL25580,O=C1c2ccccc2C(=O)C12C(c1cccc(O)c1)=Cc1cc(O)ccc12,5.363838195800781,0.1896551724137931,O=C(Cc1ccccc1)Oc1c(OC(=O)Cc2ccccc2)c(-c2ccc(O)cc2)c(O)c(O)c1-c1ccc(O)cc1
CHEMBL147272,O=C(/C(=C/c1ccccc1)c1ccccc1)c1ccc(OCCN2CCCC2)cc1,5.027613162994385,0.2361111111111111,O=C(O)CNC(=O)c1ccc(S(=O)(=O)N2CCC(Oc3ccccc3)CC2)cc1
CHEMBL168900,COc1cc2c(cc1OC)C1=C(c3ccccc3Br)C(=O)C(=O)N1CC2,4.611446857452393,0.19444444444444445,COc1ccc(Br)c(-c2nnc(CCC(=O)O)o2)c1
CHEMBL34530,CC/C(=C(/c1ccc(OCCN(C)C)cc1)c1ccc(O)cc1O)c1ccccc1,4.815961837768555,0.1864406779661017,CC(CC(=O)c1ccccc1)C(=O)O
CHEMBL124023,O=C(O)CCCOc1cccc(/C=C/c2ccc3ccccc3c2)c1,3.736462593078613,0.25925925925925924,O=C(O)CCc1nnc(-c2ccccc2)o1
CHEMBL529412,COc1ccccc1C1CCN(CCCCNC(=O)c2ccc(/C=C/c3cc(Cl)cc(Cl)c3)cc2)CC1,4.578702926635742,0.3132530120481928,Cc1cc(C(=O)NCC(=O)O)ccc1S(=O)(=O)N1CCC(c2ccccc2)CC1
CHEMBL454382,COc1cc(/C=C\c2ccc(OC)c(NC(=O)OCCN3CCOCC3)c2)cc(OC)c1.Cl,4.603015422821045,0.2073170731707317,O=C(O)CNC(=O)c1ccc(S(=O)(=O)N2CCC(N3CCOCC3)CC2)cc1
CHEMBL103856,COc1ccc(/C=C(/C#N)c2cc(OC)c(OC)c(OC)c2)cc1,5.295821189880371,0.203125,COc1ccc(Br)c(-c2nnc(CCC(=O)O)o2)c1
CHEMBL6823,Nc1nc(N)c2c(/C=C/c3ccc4ccccc4c3)cccc2n1,5.419695854187012,0.16,N#CSc1cc(SC#N)c(N)nc1N
CHEMBL398012,O=C(O)c1cccc(/C=C/c2ccc(OCc3c(-c4c(Cl)cccc4Cl)noc3-c3ccc(-c4ccccc4)cc3)cc2Cl)c1,4.663366794586182,0.1875,O=C(Cc1ccccc1)Oc1c(OC(=O)Cc2ccccc2)c(-c2ccc(O)cc2)c(O)c(O)c1-c1ccc(O)cc1
CHEMBL435822,CC1=CC(C)(C)Nc2ccc3c(c21)/C(=C/c1ccccc1F)Oc1ccccc1-3,5.815756797790527,0.10666666666666667,O=C(O)CCc1nnc(-c2ccccc2I)o1
CHEMBL48758,Cc1ccc(N2CC(c3ccc(S(C)(=O)=O)cc3)=C(c3ccccc3)C2=O)cc1,5.803593635559082,0.22857142857142856,O=C(O)CNC(=O)c1ccc(S(=O)(=O)N2CC=C(c3ccccc3)CC2)cc1
CHEMBL348739,C/[N+](=C/c1ccc(/C=C2/C=Cc3ccccc32)cc1)N=O,6.841015338897705,0.16666666666666666,O=C(O)CCc1nnc(-c2ccccc2I)o1
CHEMBL294606,COc1ccc(/C=C2\C(=O)N(C)c3ccc(Br)cc32)cc1OC1CC2CCC1C2,4.3711419105529785,0.17045454545454544,CC(=O)C1=C(O)C(=O)N(CCc2ccc(Cl)c(Cl)c2)C1c1ccc(Br)cc1
CHEMBL371837,CC(=O)OC/C(=C(\C(=O)O)c1ccc(F)c(F)c1)c1ccc(S(C)(=O)=O)cc1,5.267973899841309,0.29577464788732394,O=C(O)CNC(=O)c1ccc(S(=O)(=O)N2CCC(c3ccc(F)c(F)c3)CC2)cc1
CHEMBL274571,CC(C)(C)c1ccc(/C=C/c2ccc(C(=O)O)cc2)cc1,6.29982852935791,0.23809523809523808,CC(C)c1ccc(C(=O)CCC(=O)O)cc1
CHEMBL371675,O=c1cc(N2CCOCC2)oc2ccc(/C=C/c3ccccc3)cc12,4.341931819915772,0.17567567567567569,O=C(O)CNC(=O)c1ccc(S(=O)(=O)N2CCC(N3CCOCC3)CC2)cc1
CHEMBL181574,COc1cc(/C=C2\Cc3ccccc3/C(=C\c3ccc([N+](=O)[O-])cc3)C2=O)ccc1O,5.689002990722656,0.16455696202531644,COc1cc2oc(=O)cc(C)c2cc1CCC(=O)O
CHEMBL508948,O=C(O)c1cc(/C=C/c2ccccc2)ccc1O,5.243044853210449,0.24528301886792453,Nc1c(C(=O)c2ccccc2)sc2[nH]c(=O)c(C(=O)O)cc12
CHEMBL111597,CS(=O)(=O)c1ccc(C2=C(c3ccc(Cl)c(Cl)c3)CCC2)cc1,5.015125274658203,0.19672131147540983,O=C(O)CCC(=O)c1ccc(S(=O)(=O)N2CCC(N3CCCC3)CC2)cc1
CHEMBL506301,O=C1Nc2ccc(/C=C/c3cccc(F)c3)cc2C1=O,5.337863922119141,0.18309859154929578,O=C(O)CNC(=O)c1ccc(S(=O)(=O)N2CCC(c3cccc(F)c3)CC2)cc1
CHEMBL85148,CC/C(=C(\c1ccc(S)cc1)c1ccc(OCCN(C)C)cc1)c1ccccc1,4.821018695831299,0.20754716981132076,CC(CC(=O)c1ccccc1)C(=O)O
CHEMBL281498,O=C1C(c2ccc(O)cc2)=C(c2ccc(O)cc2)c2ccc(O)cc21,4.283510208129883,0.23404255319148937,O=C(Cc1ccccc1)Oc1c(OC(=O)Cc2ccccc2)c(-c2ccc(O)cc2)c(O)c(O)c1-c1ccc(O)cc1
CHEMBL344048,CC1=CC(C)(C)Nc2ccc3c(c21)/C(=C/c1cccc(C)c1)Oc1ccccc1-3,5.803041458129883,0.11214953271028037,Cc1cc(Cl)cc(-c2ccnc3cc(CN4C(=O)C5C(C4=O)C5(C)C)sc23)c1O[C@@H]1CCNC[C@@H]1C
CHEMBL320609,COc1cc(CCc2ccc(C3=Cc4ccccc4C4=NC(C)CN34)cc2)cc(OC)c1OC,5.2467427253723145,0.1827956989247312,COc1ccccc1CNC(=O)Cn1c(CCC(=O)O)nc2c(Cl)cccc2c1=O
CHEMBL92107,CS(=O)(=O)c1ccc(C2=C(c3ccc(F)c(F)c3)CC3(CC3)C2)cc1,5.748027801513672,0.23529411764705882,O=C(O)CNC(=O)c1ccc(S(=O)(=O)N2CCC(c3ccc(F)c(F)c3)CC2)cc1
CHEMBL97397,COc1ccc2c(c1)CN(c1ccc(OCCN3CCCCC3)cc1)C1=C2CCc2cc(OC)ccc21,4.228991508483887,0.2,Cc1cc(C(=O)CN2CCCC2)c(C)n1-c1ccc(F)cc1
CHEMBL23245,CS(=O)(=O)c1ccc(C2=C(c3cccc(F)c3)C(=O)CC2)cc1,5.06876277923584,0.24285714285714285,O=C(O)CNC(=O)c1ccc(S(=O)(=O)N2CCC(c3cccc(F)c3)CC2)cc1
CHEMBL243446,COc1ccc(/C=C\c2ccccc2OC)cc1,4.5750885009765625,0.1694915254237288,COc1ccc(Br)c(-c2nnc(CCC(=O)O)o2)c1
CHEMBL33862,CC/C(=C(/c1ccc(OCCN(C)C)cc1)c1ccc(OS(N)(=O)=O)cc1)c1ccccc1,4.764638900756836,0.21428571428571427,CC(CC(=O)c1ccccc1)C(=O)O
CHEMBL357283,Oc1ccc(C(=C(CC(F)(F)F)c2ccccc2)c2ccc(O)cc2)cc1,5.951509475708008,0.24489795918367346,O=C(Cc1ccccc1)Oc1c(OC(=O)Cc2ccccc2)c(-c2ccc(O)cc2)c(O)c(O)c1-c1ccc(O)cc1
CHEMBL11281,O=C(O)Cc1ccc2c(c1)C=Cc1cc(F)ccc1O2,3.2489542961120605,0.22448979591836735,CC(C)Cc1ccc(C(=O)CCC(=O)O)cc1
CHEMBL372076,COc1ccc(C2=C(c3ccccc3)C(=O)NC2=O)cc1,5.891242504119873,0.21052631578947367,COc1ccc(Br)c(-c2nnc(CCC(=O)O)o2)c1
CHEMBL305398,CC1(C)Oc2cc(O)ccc2C(c2ccc(OCCN3CCCCC3)cc2)=C1c1ccccc1,5.152369499206543,0.1891891891891892,O=C(Cc1ccccc1)Oc1c(OC(=O)Cc2ccccc2)c(-c2ccc(O)cc2)c(O)c(O)c1-c1ccc(O)cc1
CHEMBL105075,COc1ccc(/C=C(\C#N)c2cc(OC)c(OC)c(OC)c2)cc1N,5.040434837341309,0.1568627450980392,N#CSc1cc(SC#N)c(N)nc1N
CHEMBL255706,COc1cc(/C=C/c2cc([N+](=O)[O-])c(OC)c([N+](=O)[O-])c2)cc(OC)c1OC,4.7706499099731445,0.17857142857142858,COc1cc2ncn(CC(=O)O)c(=O)c2cc1OC
CHEMBL255249,COc1cc([N+](=O)[O-])c(/C=C\c2cc(OC)c(OC)c(OC)c2)cc1N,4.447221279144287,0.15625,COc1cc2ncn(CC(=O)O)c(=O)c2cc1OC
CHEMBL181119,O=C1/C(=C/c2ccc(O)cc2)Cc2ccccc2/C1=C\c1ccc([N+](=O)[O-])cc1,5.673064708709717,0.17391304347826086,O=C(O)CNC(=O)c1ccc(S(=O)(=O)N2Cc3ccccc3C2)cc1
CHEMBL428102,CC/C(=C(\c1ccc(C=O)cc1)c1ccc(OCCN(C)C)cc1)c1ccccc1,4.847777366638184,0.21818181818181817,CC(CC(=O)c1ccccc1)C(=O)O
CHEMBL384412,CCc1cccc2c1CNc1c(cccc1CCc1ccccc1)/C=C\2COc1ccc(Cl)cc1,4.452171325683594,0.18947368421052632,COc1ccccc1CNC(=O)Cn1c(CCC(=O)O)nc2c(Cl)cccc2c1=O
CHEMBL218923,COc1cc(/C=C2/c3ccccc3C(=O)c3ccsc32)ccc1O,4.723857879638672,0.18571428571428572,COc1cc2oc(=O)cc(C)c2cc1CCC(=O)O
CHEMBL466452,CC(C)c1onc(CNc2c(Cl)cccc2Cl)c1COc1ccc(/C=C/c2cccc(C(=O)O)c2)c(Cl)c1,4.432547569274902,0.18666666666666668,CC(CC(=O)c1ccccc1)C(=O)O
CHEMBL315716,COc1cc(/C=C\c2ccc(OP(=O)(OCc3ccccc3)OCc3ccccc3)cc2)cc(OC)c1,5.478065490722656,0.20588235294117646,COc1ccc(Br)c(-c2nnc(CCC(=O)O)o2)c1
CHEMBL321217,CC1(C)OC(=O)C(c2cccc(F)c2)=C1c1ccc(S(C)(=O)=O)cc1,6.442758083343506,0.2328767123287671,O=C(O)CNC(=O)c1ccc(S(=O)(=O)N2CCC(c3cccc(F)c3)CC2)cc1
CHEMBL527877,O=S(=O)([O-])OC[C@H]1O[C@@H](Oc2cc(O)cc(/C=C\c3ccc(O)cc3)c2)[C@H](O)[C@@H](O)[C@@H]1O.[Na+],4.936237335205078,0.16049382716049382,O=C(O)CNC(=O)c1ccc(S(=O)(=O)N2CCC(Oc3ccccc3)CC2)cc1
CHEMBL304786,O=C1O/C(=C\c2ccc(Cl)cc2)c2ccccc21,5.008635520935059,0.16666666666666666,O=C(O)CCc1nnc(-c2ccccc2I)o1
CHEMBL230346,C=CCc1cc(/C(CC)=C(\CC)c2ccc(O)c(CC=C)c2)ccc1O,4.326040267944336,0.1702127659574468,CC(C)c1ccc(C(=O)CCC(=O)O)cc1
CHEMBL191491,CC[N+](CC)(CC)CCOc1ccc(/C=C/c2ccccc2)cc1,6.594422340393066,0.1702127659574468,CC(CC(=O)c1ccccc1)C(=O)O
CHEMBL30204,Oc1ccc(/C(CC(F)(F)F)=C(/CC(F)(F)F)c2ccc(O)cc2)cc1,4.493354320526123,0.2,O=C(Cc1ccccc1)Oc1c(OC(=O)Cc2ccccc2)c(-c2ccc(O)cc2)c(O)c(O)c1-c1ccc(O)cc1
CHEMBL86339,COc1cc(/C=C\c2ccc(O[Si](C)(C)C(C)(C)C)cc2)cc(OC)c1OC,7.28147554397583,0.203125,COc1ccc(Br)c(-c2nnc(CCC(=O)O)o2)c1
CHEMBL144688,CC(=O)Oc1ccc(/C=C(/C(=O)c2ccc(OC(C)=O)cc2)c2ccccc2)cc1,5.518023014068604,0.2608695652173913,CC(CC(=O)c1ccccc1)C(=O)O
CHEMBL32603,CC1C(=O)C(C)(C)Nc2ccc3c(c21)/C(=C/c1ccccc1)Oc1ccccc1-3,5.5569047927856445,0.136986301369863,O=C(O)CCC(=O)c1ccc2c(c1)CCC(=O)N2
CHEMBL84765,CCN(CC)c1ccc(/C=C/c2ccccc2)cc1,4.136818885803223,0.2,CC(CC(=O)c1ccccc1)C(=O)O
CHEMBL30229,COc1ccc(Cl)cc1/C(=C/c1ccccc1)n1ccnc1,5.71177864074707,0.21212121212121213,COc1cc2ncn(CC(=O)O)c(=O)c2cc1OC
CHEMBL425822,FC(F)(F)c1cccc(/C=C/c2ccc(/C=C/c3cccc(C(F)(F)F)c3)cc2)c1,4.345471858978272,0.2857142857142857,O=C(O)CCc1nnc(-c2cccc(C(F)(F)F)c2)o1
CHEMBL283445,CCCCc1nc(Cl)c(CO)n1Cc1ccc(/C=C/c2ccccc2C(=O)O)cc1,4.739716053009033,0.21978021978021978,COc1ccccc1CNC(=O)Cn1c(CCC(=O)O)nc2c(Cl)cccc2c1=O
CHEMBL84787,Cc1ccc(/C=C/c2ccc(N(C)C)cc2)cc1,3.601210832595825,0.1111111111111111,Cc1cc(C(=O)CN2CCCC2)c(C)n1-c1ccc(F)cc1
CHEMBL91118,C=C1CC(c2ccc(S(C)(=O)=O)cc2)=C1c1ccccc1,4.5247907638549805,0.2222222222222222,O=C(O)CNC(=O)c1ccc(S(=O)(=O)N2CC=C(c3ccccc3)CC2)cc1
CHEMBL462722,CC1(C)C=Cc2c(O)ccc(C3=Cc4ccc(O)cc4OC3)c2O1,6.095073699951172,0.10576923076923077,Cc1cc(Cl)cc(-c2ccnc3cc(CN4C(=O)C5C(C4=O)C5(C)C)sc23)c1O[C@@H]1CCNC[C@@H]1C
CHEMBL18254,CC1(O)OC(=O)C(c2ccc(Cl)cc2Cl)=C1c1ccc(S(C)(=O)=O)cc1,5.272058486938477,0.22077922077922077,O=C(O)CNC(=O)c1ccc(S(=O)(=O)N2CCC(c3ccc(Cl)cc3)CC2)cn1
CHEMBL470251,OC[C@H]1O[C@@H](Oc2cc(O)cc(/C=C/c3ccccc3)c2)[C@H](O)[C@@H](O)[C@@H]1O,4.685419082641602,0.17333333333333334,O=C(O)CNC(=O)c1ccc(S(=O)(=O)N2CCC(Oc3ccccc3)CC2)cc1
CHEMBL258305,CN(C)c1ccc(/C=C/c2ccc(-c3nc4cc(OCCF)ccc4s3)cc2)cc1,4.321563720703125,0.13924050632911392,COc1ccc(Br)c(-c2nnc(CCC(=O)O)o2)c1
CHEMBL272532,CNc1ccc(/C=C/c2ccc(-c3nc4ccc(OCCCF)cc4o3)cc2)cc1,5.04036283493042,0.16666666666666666,COc1ccc(Br)c(-c2nnc(CCC(=O)O)o2)c1
CHEMBL72969,CCC1=C(c2ccc(O)cc2)[C@H](C)c2ccccc21,5.672884941101074,0.25,O=C(Cc1ccccc1)Oc1c(OC(=O)Cc2ccccc2)c(-c2ccc(O)cc2)c(O)c(O)c1-c1ccc(O)cc1
CHEMBL6744,CC/C(=C(\c1ccc(I)cc1)c1ccc(OCCCCCCCCCN2CCCC2)cc1)c1ccccc1,5.376438617706299,0.19230769230769232,O=C(O)CNC(=O)c1ccc(S(=O)(=O)N2CCC(Oc3ccccc3)CC2)cc1
CHEMBL248131,CN(C)c1ccc(/C=C/c2cccc(/C=C/c3ccc(N(C)C)c(O)c3)c2)cc1O,3.782737970352173,0.13333333333333333,CC(CC(=O)c1ccccc1)C(=O)O
CHEMBL282968,COc1ccc2c(c1)OCC(c1ccc(Br)cc1)=C2c1ccc(OCCN2CCCC2)cc1,4.207419395446777,0.22077922077922077,COc1ccc(Br)c(-c2nnc(CCC(=O)O)o2)c1
CHEMBL10723,Cc1ccc2c(c1)C=Cc1cc(CC(=O)O)ccc1O2,3.1786949634552,0.25,CC(C)Cc1ccc(C(=O)CCC(=O)O)cc1
CHEMBL132000,C=CCNc1nc(N2CCC(NCC3c4ccccc4C=Cc4ccccc43)CC2)c2ncn(CC=C)c2n1,3.7494571208953857,0.14583333333333334,O=C(O)CNC(=O)c1ccc(S(=O)(=O)N2CCC(c3ccccc3)CC2)cn1
CHEMBL315520,COc1c(Cl)cc(C2=C(c3ccc(S(C)(=O)=O)cc3)CC3(CC3)C2)cc1Cl,6.208785533905029,0.17567567567567569,O=C(O)CNC(=O)c1ccc(S(=O)(=O)N2CCC(c3ccccc3)CC2)cc1Cl
CHEMBL358074,O=C(/C(=C/c1ccccc1)c1ccc(O)cc1)c1ccc(O)cc1,5.879985809326172,0.2765957446808511,O=C(Cc1ccccc1)Oc1c(OC(=O)Cc2ccccc2)c(-c2ccc(O)cc2)c(O)c(O)c1-c1ccc(O)cc1
CHEMBL282032,COc1ccc(/C=C2\C(=O)N(CCCN3CCN(c4cccc(Cl)c4)CC3)c3ccccc32)cc1,4.51921272277832,0.1686746987951807,Cc1cc(C(=O)CN2CCCC2)c(C)n1-c1ccc(F)cc1
CHEMBL124974,C[S+]([O-])c1ccc(/C=C2\C=C(CCN3CCOCC3)c3ccccc32)cc1,4.880025863647461,0.16455696202531644,O=C(O)CNC(=O)c1ccc(S(=O)(=O)N2CCC(N3CCOCC3)CC2)cc1
CHEMBL249687,COc1ccc(C2=C(c3cccc(Cl)c3)C(=O)N3CCCC3C2)cc1,4.937973976135254,0.16049382716049382,Cc1cc(C(=O)CN2CCC(O)CC2)c(C)n1-c1ccc(C#N)cc1
CHEMBL512560,COc1ccc(/C=C\c2cc(OC)c3ccsc3c2)cc1,4.439897060394287,0.1774193548387097,COc1cc2oc(=O)cc(C)c2cc1CCC(=O)O
CHEMBL157420,CN1CCN(CCCCOc2ccccc2/C=C/c2cccc(Cl)c2)CC1,4.806149482727051,0.17045454545454544,COc1ccccc1CNC(=O)Cn1c(CCC(=O)O)nc2c(Cl)cccc2c1=O
CHEMBL102838,COc1ccc(/C=C(/C#N)c2ccc(OC)c(OC)c2)cc1N,5.027245998382568,0.1774193548387097,COc1cc2ncn(CC(=O)O)c(=O)c2cc1OC
CHEMBL376204,COc1ccc(C2=C(c3cc(OC)c(OC)c(OC)c3)C(=O)CC2O[SiH2]C(C)(C)C)cc1,7.101958274841309,0.1643835616438356,COc1cc2oc(=O)cc(C)c2cc1CCC(=O)O
CHEMBL137256,C1=C\c2ccc(cc2)C[n+]2ccc(c3ccccc32)NCc2ccc(cc2)Cc2ccc(cc2)CNc2cc[n+](c3ccccc23)Cc2ccc/1cc2,4.142804145812988,0.125,CC(C(=O)O)n1cnc2ccccc2c1=O
CHEMBL471087,CC(C)=CCc1c(O)cc(/C=C/c2ccccc2)cc1O,4.536311149597168,0.2,CC(CC(=O)c1ccccc1)C(=O)O
CHEMBL514088,Oc1cc(O)cc(C2c3c(/C=C/c4ccc(O)c(O)c4)cc(O)cc3OC2c2ccc(O)c(O)c2)c1,4.85054874420166,0.12658227848101267,CC(=O)C1=C(O)C(=O)N(CCc2ccc(Cl)c(Cl)c2)C1c1ccc(Br)cc1
CHEMBL418151,c1ccc(CCc2ccc(C3=C(Cc4ccccc4)c4ccccc4C4=NCCCN43)cc2)cc1,4.898963928222656,0.171875,O=C(Cc1ccccc1)Oc1c(OC(=O)Cc2ccccc2)c(-c2ccc(O)cc2)c(O)c(O)c1-c1ccc(O)cc1
CHEMBL268462,C1=C(c2ccc(CCc3ccccc3)cc2)N2CCCN=C2c2ccccc21,5.524007320404053,0.20634920634920634,O=C(O)CCc1nnc(-c2ccccc2I)o1
CHEMBL476674,OC[C@H]1O[C@@H](Oc2ccc(/C=C\c3cc(O)cc(O)c3)cc2)[C@H](O)[C@@H](O)[C@@H]1O,3.8626885414123535,0.14864864864864866,O=C(O)CNC(=O)c1ccc(S(=O)(=O)N2CCC(Oc3ccccc3)CC2)cc1
CHEMBL229165,N=C(N)NCc1ccc(/C=C\c2ccc(CNC(=N)N)cc2)cc1,4.486805438995361,0.17777777777777778,CC(C)Cc1ccc(C(=O)CCC(=O)O)cc1
CHEMBL245476,COc1ccc(/C=C/c2cc(Br)cc(/C=C/c3ccc(OC)c(OC)c3)c2)cc1OC,5.0596842765808105,0.18867924528301888,COc1cc2ncn(CC(=O)O)c(=O)c2cc1OC
CHEMBL474527,Oc1ccc(/C=C/c2ccc3ccccc3c2)cc1O,4.77854061126709,0.13953488372093023,CC(CC(=O)c1ccccc1)C(=O)O
CHEMBL478148,COc1cc(/C=C\c2ccc(OC)c(OC(C)=O)c2OC(C)=O)cc(OC)c1OC,3.368274688720703,0.2413793103448276,COc1cc2ncn(CC(=O)O)c(=O)c2cc1OC
CHEMBL390755,COc1ccc(/C=C/c2cc(OC)cc(OC)c2CNCCc2ccc(O)cc2)cc1,4.742914199829102,0.18666666666666668,COc1ccc(Br)c(-c2nnc(CCC(=O)O)o2)c1
CHEMBL45886,COc1ccc(C2=C(c3ccc(S(C)(=O)=O)cc3)CN(c3ccc(F)cc3)C2=O)cc1,5.714747428894043,0.2,Cc1cc(C(=O)CN2CCCC2)c(C)n1-c1ccc(F)cc1
CHEMBL26631,O=CC(Cc1ccccc1)NC(=O)c1ccccc1/C=C/c1ccccc1,5.01442813873291,0.2236842105263158,CC(C)(C)NS(=O)(=O)c1cccc2c(NC(=O)[C@H](Cc3ccccc3)NC(=O)C3CC3)cccc12
CHEMBL155497,COc1ccc2c(c1)OC(C)(C)C(c1ccc(OCCN3CCCC3)cc1)=C2c1ccccc1,5.1506829261779785,0.20253164556962025,COc1ccc(Br)c(-c2nnc(CCC(=O)O)o2)c1
CHEMBL485996,COc1ccc(/C=C\c2cc(OC)c3c(c2)OCO3)cc1NC(=O)[C@@H](N)CC(=O)[O-].[Na+],4.941625595092773,0.18518518518518517,COc1cc2oc(=O)cc(C)c2cc1CCC(=O)O
CHEMBL222357,COc1cc(C2=C(c3ccccc3)C(O[SiH2]C(C)(C)C)CC2=O)cc(OC)c1OC,6.863000869750977,0.1839080459770115,COc1ccccc1CNC(=O)Cn1c(CCC(=O)O)nc2c(Cl)cccc2c1=O
CHEMBL442911,Oc1ccc([C@H]2Oc3cc(O)cc(/C=C/c4ccc5c(c4)[C@H](c4cc(O)cc6c4[C@H](c4cc(O)cc(O)c4)[C@@H](c4ccc(O)cc4)O6)[C@H](c4ccc(O)cc4)O5)c3[C@@H]2c2cc(O)cc(O)c2)cc1,3.847910881042481,0.125,O=C(Cc1ccccc1)Oc1c(OC(=O)Cc2ccccc2)c(-c2ccc(O)cc2)c(O)c(O)c1-c1ccc(O)cc1
CHEMBL454401,COc1cc(O)cc(/C=C\c2ccc(OC)c(N)c2)c1.Cl,4.359401702880859,0.16923076923076924,COc1ccc(Br)c(-c2nnc(CCC(=O)O)o2)c1
CHEMBL223783,COc1ccc(C2=C(c3cc(OC)c(OC)c(OC)c3)C(=O)C(O)C2)cc1F,4.13828706741333,0.18181818181818182,COc1cc2ncn(CC(=O)O)c(=O)c2cc1OC
CHEMBL416363,CC1(O)OC(=O)C(c2cc(F)cc(F)c2)=C1c1ccc(S(C)(=O)=O)cc1,5.886050224304199,0.21621621621621623,O=C(O)CNC(=O)c1ccc(S(=O)(=O)N2CCC(c3cccc(F)c3)CC2)cc1
CHEMBL375881,CS(=O)(=O)Nc1ccc(C2=C(c3ccc(Cl)cc3)C(=O)OC2)cc1,5.799201965332031,0.18571428571428572,O=C(O)CNC(=O)c1ccc(S(=O)(=O)N2CCC(c3ccc(Cl)cc3)CC2)cc1
CHEMBL219100,COc1cc(/C=C2/c3ccccc3C(=O)c3ccsc32)cc(OC)c1OC,4.652978897094727,0.17857142857142858,COc1ccccc1CNC(=O)Cn1c(CCC(=O)O)nc2c(Cl)cccc2c1=O
CHEMBL130441,COc1ccc(C=C2c3cccc(O)c3C(=O)c3c(O)cccc32)cc1,5.516429901123047,0.203125,COc1ccc(Br)c(-c2nnc(CCC(=O)O)o2)c1
CHEMBL19319,CC(=O)/C(=C(\C(=O)[O-])c1ccc(Cl)cc1)c1ccc(S(C)(=O)=O)cc1.[Na+],5.75718879699707,0.27419354838709675,O=C(O)CNC(=O)c1ccc(S(=O)(=O)N2CCC(c3ccc(Cl)cc3)CC2)cc1
CHEMBL555150,CC(=O)N1Cc2ccccc2/C=C\c2cc(Cl)ccc21,5.350101470947266,0.21311475409836064,O=C(O)CNC(=O)c1ccc(S(=O)(=O)N2Cc3ccccc3C2)cc1
CHEMBL100650,C(=C/c1cc(OCc2ccccc2)cc(OCc2ccccc2)c1)\c1cccc(OCc2ccccc2)c1,4.350984573364258,0.21153846153846154,O=C(Cc1ccccc1)Oc1c(OC(=O)Cc2ccccc2)c(-c2ccc(O)cc2)c(O)c(O)c1-c1ccc(O)cc1
CHEMBL263413,C[N+]1(C)CC23c4c5c6c7c8c9c%10c%11c%12c%13c%14c%15c%16c%17c%18c%19c%20c(c2c2c4c4c6c6c8c%10c8c%12c%10c%14c(c%15%19)c%12c%20c2c2c4c6c8c%10c%122)C%18C2c4c6c8c%10c(c4-%17)C%16C%13C%114C[N+](C)(C)CC%104C=9C8C7C5=C6C23C1.[I-].[I-],6.21794319152832,0.06722689075630252,Cc1cc(Cl)cc(-c2ccnc3cc(CN4C(=O)C5C(C4=O)C5(C)C)sc23)c1O[C@@H]1CCNC[C@@H]1C
CHEMBL168129,CCCCCCCCCCOc1ccc(/C=C(C(/C)=C/C(=O)O)\c2cccc(C(=O)O)c2)cc1,6.139074325561523,0.2033898305084746,CC(CC(=O)c1ccccc1)C(=O)O
CHEMBL296444,C/C(=C(/C(=O)c1ccc(O)cc1)c1ccccc1)c1ccccc1,5.489055156707764,0.3076923076923077,CC(CC(=O)c1ccccc1)C(=O)O
CHEMBL248437,COc1cc2cc(OC)c1OCCCCCCOc1ccc(cc1O)/C=C\2,4.494297027587891,0.16923076923076924,COc1cc2oc(=O)cc(C)c2cc1CCC(=O)O
CHEMBL65830,CC(=O)NC[C@H]1CN(c2ccc(/C=C(\Br)c3ccc(C(C)=O)cc3)c(F)c2)C(=O)O1,4.138731002807617,0.22093023255813954,O=C(O)CNC(=O)c1ccc(S(=O)(=O)N2CCC(c3ccccc3)CC2)c(F)c1
CHEMBL178355,CS(=O)(=O)c1ccc(/C(=C/c2ccccc2)c2ccccc2)cc1,5.276152610778809,0.2641509433962264,O=C(O)CNC(=O)c1ccc(S(=O)(=O)N2Cc3ccccc3C2)cc1
CHEMBL43893,CC1(C)OC(c2ccc(S(C)(=O)=O)cc2)=C(c2cc(Cl)cc(Cl)c2)C1=O,6.54332447052002,0.16129032258064516,Cc1cc(Cl)cc(-c2ccnc3cc(CN4C(=O)C5C(C4=O)C5(C)C)sc23)c1O[C@@H]1CCNC[C@@H]1C
CHEMBL215583,COc1ccc(/C=C/c2cccc(OC)c2)cc1,3.988771438598633,0.21818181818181817,COc1ccc(Br)c(-c2nnc(CCC(=O)O)o2)c1
CHEMBL375401,CCc1cccc2c1CNc1c(cccc1CCc1ccccc1)/C=C\2COc1ccccc1Cl,3.995003700256348,0.24175824175824176,COc1ccccc1CNC(=O)Cn1c(CCC(=O)O)nc2c(Cl)cccc2c1=O
CHEMBL354671,CC[C@@]1(O)C(=O)OCc2c1cc1n(c2=O)Cc2cc3c(/C=C/c4ccccc4)cccc3nc2-1,5.583220481872559,0.2,CC(C(=O)O)n1cnc2ccccc2c1=O
CHEMBL167200,COc1cc2c(cc1OC)C1=C(c3ccc(Br)cc3)C(=O)C(=O)N1CC2,3.9082353115081783,0.19696969696969696,COc1cc2ncn(CC(=O)O)c(=O)c2cc1OC
CHEMBL244727,COc1ccc(/C=C\c2cccc(OC)c2)cc1,3.988771438598633,0.21818181818181817,COc1ccc(Br)c(-c2nnc(CCC(=O)O)o2)c1
CHEMBL195219,COc1ccc(/C=C\c2cc(OC)c(OC)c(OC)c2)cc1OC(=O)N(CCCl)CCCl,4.135582447052002,0.2,COc1cc2ncn(CC(=O)O)c(=O)c2cc1OC
CHEMBL515204,O=C(O)CC1=C/C(=C\c2cccc3ccccc23)c2ccc(F)cc21,4.402982234954834,0.2077922077922078,O=C(O)CNC(=O)c1ccc(S(=O)(=O)N2CCC(c3cccc(F)c3)CC2)cc1
CHEMBL366613,COc1c([N+](=O)[O-])cc(/C=C/c2ccc3ccccc3c2)cc1[N+](=O)[O-],5.462296009063721,0.14705882352941177,COc1ccc(Br)c(-c2nnc(CCC(=O)O)o2)c1
CHEMBL517909,O=C(O)CC1=C/C(=C\c2ccc(C(F)(F)F)cc2)c2ccc(F)cc21,3.8491716384887695,0.24242424242424243,O=C(O)CCc1nnc(-c2cccc(C(F)(F)F)c2)o1
CHEMBL229912,O=Cc1ccc(/C=C/c2ccc(O)c(O)c2)cc1,4.221096515655518,0.13043478260869565,O=C(O)CCC(=O)c1ccc2c(c1)CCC2
CHEMBL426955,CS(=O)(=O)c1ccc(/C(=C/c2ccc(F)c(F)c2)c2ccccc2)cc1,5.441123962402344,0.2835820895522388,O=C(O)CNC(=O)c1ccc(S(=O)(=O)N2CCC(c3ccc(F)c(F)c3)CC2)cc1
CHEMBL179204,Cc1ccc(C(=Cc2ccc(S(C)(=O)=O)cc2)c2ccc(C)cc2)cc1,5.375118732452393,0.2033898305084746,CN1CCC(NS(=O)(=O)c2ccc(C(=O)NCC(=O)O)cc2)CC1
CHEMBL317013,COc1ccc(/C(C#N)=C\c2cc(OC)c(OC)c(OC)c2)cc1N,4.963394165039063,0.1568627450980392,N#CSc1cc(SC#N)c(N)nc1N
CHEMBL111786,NS(=O)(=O)c1ccc(C2=C(c3ccc(F)c(Cl)c3)CCC2)cc1,4.729313850402832,0.23529411764705882,O=C(O)CNC(=O)c1ccc(S(=O)(=O)N2CCC(N3CCCC3)CC2)cc1F
CHEMBL92154,CS(=O)(=O)c1ccc(C2=C(c3ccc(F)cc3)CC3(CC3)C2)cc1,6.071954250335693,0.2222222222222222,O=C(O)CNC(=O)c1ccc(S(=O)(=O)N2CCC(c3ccc(F)cc3)CC2)cc1
CHEMBL74704,O=C(O)c1cc(/C=C/c2ccc(/C=C/c3ccc(O)c(C(=O)O)c3)c(Br)c2)ccc1O,4.044128894805908,0.1935483870967742,COc1ccc(Br)c(-c2nnc(CCC(=O)O)o2)c1
CHEMBL479344,COc1c(O)cc(/C=C/c2cc(O)cc3c2[C@]2(C(=O)O3)c3c(O)cc(O)cc3O[C@@H]2c2ccc(O)cc2)cc1O,5.415970802307129,0.14285714285714285,O=C(Cc1ccccc1)Oc1c(OC(=O)Cc2ccccc2)c(-c2ccc(O)cc2)c(O)c(O)c1-c1ccc(O)cc1
CHEMBL321002,c1ccc(C2=C(c3ccc(OCCN4CCCC4)cc3)Oc3ccccc3C2)cc1,4.295554161071777,0.171875,O=C(O)CCc1nnc(-c2ccccc2)o1
CHEMBL256179,CN(C)c1ccc(/C=C/c2ccc(-c3nc4cc(OCCCF)ccc4s3)cc2)cc1,4.346098899841309,0.12345679012345678,COc1ccc(Br)c(-c2nnc(CCC(=O)O)o2)c1
CHEMBL289910,CCCCCCCCOP(=O)(O)Oc1cc(/C=C\c2cc(OC)c(OC)c(OC)c2)ccc1OC.N,6.928532600402832,0.16901408450704225,COc1cc2ncn(CC(=O)O)c(=O)c2cc1OC
CHEMBL224001,COc1ccc(C2=C(c3ccc(O)cc3)C3CC(S(=O)(=O)Oc4ccccc4)C2O3)cc1,4.780466079711914,0.234375,O=C(Cc1ccccc1)Oc1c(OC(=O)Cc2ccccc2)c(-c2ccc(O)cc2)c(O)c(O)c1-c1ccc(O)cc1
CHEMBL92607,O=C(O)/C(=C/c1cccc(OCc2ccccc2)c1)c1ccccc1,4.798664093017578,0.25,O=C(Cc1ccccc1)Oc1c(OC(=O)Cc2ccccc2)c(-c2ccc(O)cc2)c(O)c(O)c1-c1ccc(O)cc1
CHEMBL80405,NS(=O)(=O)c1ccc(C2=C(c3ccc(F)cc3)c3ccccc3C2)cc1,5.340314865112305,0.20967741935483872,O=C(O)CNC(=O)c1ccc(S(=O)(=O)N2Cc3ccccc3C2)cc1
CHEMBL207849,O=C1OCC(c2cccc(C(=O)O)c2)=C1c1cc(Cl)ccc1OCc1ccccc1,5.031917572021484,0.21428571428571427,O=C(Cc1ccccc1)Oc1c(OC(=O)Cc2ccccc2)c(-c2ccc(O)cc2)c(O)c(O)c1-c1ccc(O)cc1
CHEMBL61704,COc1cc(C2=C(c3ccc4ccccc4c3)CCC2=O)cc(OC)c1OC,5.029386520385742,0.18518518518518517,COc1ccccc1CNC(=O)Cn1c(CCC(=O)O)nc2c(Cl)cccc2c1=O
CHEMBL490673,O=[N+]([O-])c1ccc(/C=C/c2cc(O)cc(O)c2)cc1,4.279478549957275,0.15384615384615385,O=C(Cc1ccccc1)Oc1c(OC(=O)Cc2ccccc2)c(-c2ccc(O)cc2)c(O)c(O)c1-c1ccc(O)cc1
CHEMBL453861,O=C(O)c1ccc(/C=C/c2cc(Br)c(O)c(C(=O)O)c2)cc1O,4.262879848480225,0.19047619047619047,COc1ccc(Br)c(-c2nnc(CCC(=O)O)o2)c1
CHEMBL422521,OC1CCN(CCCCOc2ccccc2/C=C/c2ccccc2)CC1,4.130358695983887,0.24285714285714285,Cc1cc(C(=O)CN2CCC(O)CC2)c(C)n1-c1ccc(C#N)cc1
CHEMBL527996,O=C1C(c2ccccc2)=C(Nc2ccc(Cl)cc2)c2ccccc21,5.343003273010254,0.18461538461538463,O=C(O)CNC(=O)c1ccc(S(=O)(=O)N2CCC(c3ccc(Cl)cc3)CC2)cc1
CHEMBL488192,O=S(=O)([O-])OC[C@H]1O[C@@H](Oc2cc(O)cc(/C=C/c3ccc(O)cc3)c2)[C@H](O)[C@@H](O)[C@@H]1O.[K+],4.89666223526001,0.16049382716049382,O=C(O)CNC(=O)c1ccc(S(=O)(=O)N2CCC(Oc3ccccc3)CC2)cc1
CHEMBL32336,CC(=O)Oc1cccc(/C(C)=C(\C)c2cccc(OC(C)=O)c2)c1,4.679224967956543,0.2564102564102564,CC(CC(=O)c1ccccc1)C(=O)O
CHEMBL276714,CC(C)(C)c1ccc(C2=Cc3ccc(NC(=O)NC4CCCCC4)cc3C3=NCCCN23)cc1,6.20451545715332,0.19047619047619047,O=C(O)CNC(=O)c1ccc(S(=O)(=O)N2CCC(C3CCCC3)CC2)cc1
CHEMBL219050,COc1cc(O)ccc1/C=C/c1cc(O)cc(O)c1,4.343152046203613,0.23076923076923078,COc1cc2ncn(CC(=O)O)c(=O)c2cc1OC
CHEMBL218269,COc1cc(O)cc(/C=C/c2ccc(OC)cc2O)c1,4.465147972106934,0.22033898305084745,COc1ccc(Br)c(-c2nnc(CCC(=O)O)o2)c1
CHEMBL498105,COC(=O)c1ccc2c(c1)NC(=O)/C2=C(\Nc1ccc(CN(C)C)cc1)c1ccccc1,5.400468826293945,0.2054794520547945,O=C(O)CCC(=O)c1ccc2c(c1)CCC(=O)N2
CHEMBL419694,N#Cc1ccc(OCc2ccsc2)cc1/C=C(/CO)c1ccccc1,5.503751754760742,0.1774193548387097,CC(CC(=O)c1ccccc1)C(=O)O
CHEMBL166627,CC1(C)OC(c2ccc(S(C)(=O)=O)c(F)c2)=C(c2ccccc2)C1=O,6.351007461547852,0.2328767123287671,O=C(O)CNC(=O)c1ccc(S(=O)(=O)N2CCC(c3ccccc3)CC2)c(F)c1
CHEMBL10010,CC(C)(C)c1ccc(C2=Cc3ccc(NC(=O)Cc4ccccn4)cc3C3=NCCCN23)cc1,6.511925220489502,0.16964285714285715,Cc1ccc(C(=O)Nc2cccc(C(F)(F)F)c2)cc1Nc1nc(-c2cccnc2)nc2nn(C)cc12
CHEMBL308488,C/C(=C\c1ccc(C(=O)O)cc1)c1ccc2c(c1)C(C)(C)CC[C@H]2C,6.945552349090576,0.2,O=C(O)CCC(=O)c1ccc2c(c1)CCC2
CHEMBL441863,COc1ccc(/C=C2/c3ccccc3C(=O)c3ccsc32)cc1O,4.803452491760254,0.18571428571428572,COc1cc2oc(=O)cc(C)c2cc1CCC(=O)O
CHEMBL9906,COc1cc(C2=Cc3ccccc3C3=NCCCN23)cc(OC)c1OC,5.502379417419434,0.15942028985507245,COc1cc2ncn(CC(=O)O)c(=O)c2cc1OC
CHEMBL382519,COc1ccc2c(c1)NC(=O)/C2=C/c1cccc(O)c1,4.77858829498291,0.22388059701492538,COc1ccc(Br)c(-c2nnc(CCC(=O)O)o2)c1
CHEMBL196754,COc1ccc2c(c1)NC(=O)/C2=C/c1ccc(O)cc1,4.703301429748535,0.23076923076923078,COc1ccc(Br)c(-c2nnc(CCC(=O)O)o2)c1
CHEMBL337845,O=C1c2c(O)cccc2C(=Cc2ccc([N+](=O)[O-])cc2)c2cccc(O)c21,5.233816146850586,0.13636363636363635,Nc1c(C(=O)c2ccccc2)sc2[nH]c(=O)c(C(=O)O)cc12
CHEMBL587233,O=C1C(c2ccccc2)=C(Nc2cc(Cl)cc(Cl)c2)c2ccccc21,5.770939350128174,0.17647058823529413,O=C(O)CNC(=O)c1ccc(S(=O)(=O)N2CCC(c3ccccc3)CC2)cc1Cl
CHEMBL302528,CCN(CC)CCOc1ccc(C(C#N)=C(c2ccccc2)c2ccccc2)cc1,5.234777450561523,0.21153846153846154,CC(CC(=O)c1ccccc1)C(=O)O
CHEMBL45108,O=C(NCCc1ccccc1)c1cc(/C=C\c2cc(O)ccc2O)ccc1O,4.823807716369629,0.24193548387096775,O=C(Cc1ccccc1)Oc1c(OC(=O)Cc2ccccc2)c(-c2ccc(O)cc2)c(O)c(O)c1-c1ccc(O)cc1
CHEMBL61705,COc1ccc(C2=C(c3cc(OC)c(OC)c(OC)c3)C(=O)CC2)cc1N,3.906861782073975,0.1774193548387097,COc1cc2ncn(CC(=O)O)c(=O)c2cc1OC
CHEMBL330692,OC1(C2=CN3CCC2CC3)c2ccccc2C=Cc2ccccc21,5.0270304679870605,0.22058823529411764,Cc1cc(S(=O)(=O)N2CCC(c3ccccc3)CC2)sc1C(=O)NCC(=O)O
CHEMBL352641,CC1(C)OC(c2ccc(S(C)(=O)=O)c(F)c2)=C(c2cccc(Cl)c2)C1=O,6.385108947753906,0.1875,O=C(O)CNC(=O)c1ccc(S(=O)(=O)N2CCC(c3ccccc3)CC2)c(F)c1
CHEMBL69409,CCC1=C(c2ccc(O)cc2)Cc2ccccc21,5.268462657928467,0.2549019607843137,O=C(Cc1ccccc1)Oc1c(OC(=O)Cc2ccccc2)c(-c2ccc(O)cc2)c(O)c(O)c1-c1ccc(O)cc1
CHEMBL289612,CC/C(=C(\c1ccccc1)c1ccc(/C=C/C(=O)NCCCO)cc1)c1ccccc1,6.147805213928223,0.24074074074074073,CC(CC(=O)c1ccccc1)C(=O)O
CHEMBL530274,N=C(N)c1ccc(C=Cc2ccc(C(=N)N)cc2O)cc1,3.603041172027588,0.13725490196078433,O=C(O)CCC(=O)c1ccc2c(c1)CCC2
CHEMBL8843,CC(C)(C)c1cc(/C=C/c2ccc(Cl)cc2)cc(C(C)(C)C)c1O,6.074130535125732,0.15625,CC(=O)C1=C(O)C(=O)N(CCc2ccc(Cl)c(Cl)c2)C1c1ccc(Br)cc1
CHEMBL137062,COC(=O)c1ccc(/C=C(/c2ccc3c(c2)C(C)(C)CCO3)C(F)(F)F)cc1,6.707159519195557,0.16666666666666666,O=C(O)CCC(=O)c1ccc2c(c1)CCC2
CHEMBL470277,CC(C)=CCc1c(O)cc2c(c1/C=C\c1ccccc1)CC(C(C)(C)O)O2,5.416032791137695,0.17857142857142858,Cc1cc(C(=O)NCC(=O)O)ccc1S(=O)(=O)N1CCC(c2ccccc2)CC1
CHEMBL11438,CC/C(=C(/Cc1ccc(OCN2CCCC2)cc1)c1ccccc1)c1ccccc1,4.413581848144531,0.21153846153846154,CC(CC(=O)c1ccccc1)C(=O)O
CHEMBL487593,O=S(=O)([O-])O[C@H]1[C@H](Oc2cc(O)cc(/C=C\c3ccc(O)cc3)c2)O[C@H](CO)[C@@H](O)[C@@H]1O.[Na+],4.825016021728516,0.1566265060240964,O=C(O)CNC(=O)c1ccc(S(=O)(=O)N2CCC(Oc3ccccc3)CC2)cc1
CHEMBL65759,CC1=C(CC(=O)N(C)O)c2cc(F)ccc2/C1=C\c1ccc([S+](C)[O-])cc1,3.544241428375244,0.1891891891891892,Cc1cc(C(=O)CN2CCCC2)c(C)n1-c1ccc(F)cc1
CHEMBL11041,CC/C(=C(\c1ccc(OC(C)=O)cc1)c1cccc(OC(C)=O)c1)c1ccc(OC(C)=O)cc1,4.747151851654053,0.22916666666666666,CC(CC(=O)c1ccccc1)C(=O)O
CHEMBL191349,COc1ccc(/C=C\c2ccc(C)c(C)c2)cc1O,4.20715856552124,0.21428571428571427,COc1cc2oc(=O)cc(C)c2cc1CCC(=O)O
CHEMBL192056,COc1ccc(/C=C\c2cc(C)c(C)c(C)c2)cc1F,4.301897048950195,0.19298245614035087,COc1cc2oc(=O)cc(C)c2cc1CCC(=O)O
CHEMBL524247,N=C(N)c1ccc(C=Cc2ccc(C(=N)N)cc2O)cc1.O=S(=O)(O)CCO,6.228501796722412,0.1506849315068493,O=C(O)CNC(=O)c1ccc(S(=O)(=O)N2[C@@H]3CC[C@H]2C[C@@H](c2ccccc2)C3)cc1
CHEMBL136050,CC1(C)CCSc2ccc(/C(=C/c3ccc(C(=O)O)cc3)C(F)(F)F)cc21,7.250209808349609,0.19047619047619047,O=C(O)CCC(=O)c1ccc2c(c1)CCC2
CHEMBL524493,COc1cc(/C=C\c2ccc3c(ccn3C)c2)cc(OC)c1,3.507979393005371,0.15384615384615385,COc1ccc(Br)c(-c2nnc(CCC(=O)O)o2)c1
CHEMBL27207,Oc1ccc(C2=C(c3ccc(O)cc3)c3ccc(O)cc3CC2)cc1,4.506189346313477,0.22,O=C(Cc1ccccc1)Oc1c(OC(=O)Cc2ccccc2)c(-c2ccc(O)cc2)c(O)c(O)c1-c1ccc(O)cc1
CHEMBL517679,CCC(=C\c1sc2cc(C)c(C)cc2[n+]1CC)/C=C1/Sc2cc(/C=C/c3ccccc3)ccc2N1CC,4.866014003753662,0.1702127659574468,Cc1cc(S(=O)(=O)N2CCC(c3ccccc3)CC2)sc1C(=O)NCC(=O)O
CHEMBL107341,O=C(O)/C(=C/c1ccc(Nc2c3ccccc3nc3ccccc23)cc1)c1ccccc1,5.014618396759033,0.24561403508771928,CC(C(=O)O)n1cnc2ccccc2c1=O
CHEMBL512469,CC(C)c1onc(CS(=O)(=O)c2c(Cl)cccc2Cl)c1COc1ccc(/C=C/c2cccc(C(=O)O)c2)c(Cl)c1,4.690430641174316,0.18666666666666668,CC(CC(=O)c1ccccc1)C(=O)O
CHEMBL466620,CC(C)c1onc(CNc2c(Cl)cncc2Cl)c1COc1ccc(/C=C/c2cccc(C(=O)O)c2)c(Cl)c1,4.387695789337158,0.1794871794871795,CC(CC(=O)c1ccccc1)C(=O)O
CHEMBL69084,O=C1O/C(=C\c2ccc(O)c(O)c2)c2cccc(O)c21,4.545665740966797,0.15,O=C(O)CCc1nnc(-c2ccccc2I)o1
CHEMBL466357,COc1ccc(/C(F)=C\c2cc(OC)c(OC)c(OC)c2)cc1N,4.541291236877441,0.16393442622950818,COc1cc2ncn(CC(=O)O)c(=O)c2cc1OC
CHEMBL482162,C/C(=C\c1ccc(C(F)(F)F)cc1)c1ccc(O)c(O)c1,4.469576358795166,0.19718309859154928,O=C(O)CNC(=O)c1ccc(S(=O)(=O)N2CCC(c3cccc(C(F)(F)F)c3)CC2)cc1
CHEMBL354531,COc1ccc(/C(=C(\c2ccccc2)C(F)(F)F)c2ccccc2)cc1,6.026186943054199,0.23255813953488372,CC(CC(=O)c1ccccc1)C(=O)O
CHEMBL471145,CCOC(=O)Nc1nc2cc(/C=C/c3ccc(O)cc3)ccc2[nH]1,4.945321559906006,0.18309859154929578,Cc1cc(C(=O)CN2CCCC2)c(C)n1-c1ccc(F)cc1
CHEMBL314217,O=C1Nc2ccccc2/C1=C/c1ccc(N2CCCC2)cc1,5.398505210876465,0.16923076923076924,Cc1cc(C(=O)CN2CCCC2)c(C)n1-c1ccc(F)cc1
CHEMBL12122,CC/C(=C(/Cc1ccc(OCN(CC)CC)cc1)c1ccccc1)c1ccccc1,4.20617151260376,0.23214285714285715,O=C(Cc1ccccc1)Oc1c(OC(=O)Cc2ccccc2)c(-c2ccc(O)cc2)c(O)c(O)c1-c1ccc(O)cc1
CHEMBL56365,Cc1cc(/C=C/c2ccccc2C(=O)O)cc(C)c1O,5.062601566314697,0.22727272727272727,Cc1cc(S(=O)(=O)N2CCC(c3ccccc3)CC2)ccc1C(=O)NCC(=O)O
CHEMBL273815,CC1(O)OC(=O)C(c2ccc(Br)cc2)=C1c1ccc(S(C)(=O)=O)cc1,6.386168956756592,0.23529411764705882,O=C(O)CNC(=O)c1ccc(S(=O)(=O)N2CCC(c3ccc(Br)cc3)CC2)cc1
CHEMBL313578,O=C1Nc2ccccc2/C1=C/c1ccc(O)cc1,5.341753959655762,0.20754716981132076,O=C(Cc1ccccc1)Oc1c(OC(=O)Cc2ccccc2)c(-c2ccc(O)cc2)c(O)c(O)c1-c1ccc(O)cc1
CHEMBL11123,CC/C(=C(\Cc1ccccc1)c1ccccc1)c1ccc(OCN(CC)CC)cc1,4.065727710723877,0.25,O=C(Cc1ccccc1)Oc1c(OC(=O)Cc2ccccc2)c(-c2ccc(O)cc2)c(O)c(O)c1-c1ccc(O)cc1
CHEMBL468939,Cc1cccc(C)c1OCc1noc(C(C)C)c1COc1ccc(/C=C/c2cccc(C(=O)O)c2)c(Cl)c1,4.220207691192627,0.1891891891891892,CC(CC(=O)c1ccccc1)C(=O)O
CHEMBL280587,NC(=O)C(=O)C(Cc1ccccc1)NC(=O)c1ccccc1/C=C/c1ccc2ccccc2c1,5.440706253051758,0.2261904761904762,CC(C)(C)NS(=O)(=O)c1cccc2c(NC(=O)[C@H](Cc3ccccc3)NC(=O)C3CC3)cccc12
CHEMBL158560,CCCOC1CCCN(CCCCOc2ccccc2/C=C/c2ccccc2)C1,4.4849700927734375,0.1927710843373494,CC1CN(S(=O)(=O)c2ccc(C(=O)NCC(=O)O)cc2)CCC1c1ccccc1
CHEMBL504749,CC(=O)OC[C@H]1O[C@@H](N2C(=O)/C(=C3/C(=O)Nc4ccc(S(=O)(=O)Cl)cc43)c3ccccc32)[C@H](OC(C)=O)[C@@H](OC(C)=O)[C@@H]1OC(C)=O,4.636458873748779,0.18627450980392157,O=C(O)CNC(=O)c1ccc(S(=O)(=O)N2CCC(N3C(=O)Cc4ccccc43)CC2)cc1
CHEMBL462474,COc1ccc(/C=C\c2cc(OC)c3ccsc3c2)cc1O,4.619394302368164,0.1875,COc1cc2oc(=O)cc(C)c2cc1CCC(=O)O
CHEMBL455092,COc1ccc(/C=C\c2cc(OC)c3c(c2)OCO3)cc1NC(=O)[C@H](C)[C@@H](OC)[C@@H]1CCCN1.O=C(O)C(F)(F)F,4.8788347244262695,0.20192307692307693,CC(C)(C)NS(=O)(=O)c1cccc2c(NC(=O)[C@H](Cc3ccccc3)NC(=O)C3CC3)cccc12
CHEMBL87627,COc1cc(/C=C\c2ccc(OP(=O)([O-])[O-])cc2)cc(OC)c1.[Na+].[Na+],5.008136749267578,0.19672131147540983,COc1ccc(Br)c(-c2nnc(CCC(=O)O)o2)c1
CHEMBL524740,CCC(=C(CC)c1ccc(O)c(CNC2CCCCC2)c1)c1ccc(O)c(CNC2CCCCC2)c1,4.762289524078369,0.20634920634920634,O=C(O)CNC(=O)c1ccc(S(=O)(=O)N2CCC(C3CCCC3)CC2)cc1
CHEMBL424885,COc1ccc(/C=C\c2cc(Br)c(OC)c(OC)c2)cc1,5.094381809234619,0.23728813559322035,COc1ccc(Br)c(-c2nnc(CCC(=O)O)o2)c1
CHEMBL358349,O=C(/C(=C\c1ccccc1)c1ccccc1)c1ccc(OCCN2CCCC2)cc1,5.027613162994385,0.2361111111111111,O=C(O)CNC(=O)c1ccc(S(=O)(=O)N2CCC(Oc3ccccc3)CC2)cc1
CHEMBL18040,CC1(O)OC(=O)C(c2ccc(F)cc2)=C1c1ccc(S(C)(=O)=O)cc1,6.3477630615234375,0.23529411764705882,O=C(O)CNC(=O)c1ccc(S(=O)(=O)N2CCC(c3ccc(F)cc3)CC2)cc1
CHEMBL155578,COc1ccccc1C=C1c2ccccc2C(=O)c2ccccc21,5.166662216186523,0.1917808219178082,COc1ccccc1CNC(=O)Cn1c(CCC(=O)O)nc2c(Cl)cccc2c1=O
CHEMBL149599,CC1=C(CCN2CCOCC2)c2ccccc2/C1=C\c1cccc2ccccc12,4.507547378540039,0.15,O=C(O)CNC(=O)c1ccc(S(=O)(=O)N2CCC(N3CCOCC3)CC2)cc1
CHEMBL405185,C=C[C@@](C)(/C=C/c1ccc(O)c(/C=C/c2ccccc2)c1)CCC=C(C)C,6.929061412811279,0.15,CC(CC(=O)c1ccccc1)C(=O)O
CHEMBL59001,COc1ccc(C2=C(c3cc(OC)c(OC)c(OC)c3)C(=O)OC2)cc1,4.458775520324707,0.2,COc1ccc(Br)c(-c2nnc(CCC(=O)O)o2)c1
CHEMBL454575,COc1ccc(/C=C\c2cc(OC)c(OC)c(OC)c2)cc1O[C@@H]1O[C@H](CO)[C@@H](O)[C@H](O)[C@H]1O,4.034190654754639,0.16901408450704225,COc1cc2oc(=O)cc(C)c2cc1CCC(=O)O
CHEMBL468734,CC(C)c1onc(CSc2nnnn2C)c1COc1ccc(/C=C/c2cccc(C(=O)O)c2)c(Cl)c1,4.204305648803711,0.17073170731707318,CC(CC(=O)c1ccccc1)C(=O)O
CHEMBL473725,COc1cccc(/C=C/c2ccc(OC)c(OC)c2)c1,4.299276351928711,0.1864406779661017,COc1ccc(Br)c(-c2nnc(CCC(=O)O)o2)c1
CHEMBL464755,Oc1ccc(/C=C/c2cccc(F)c2)cc1O,4.647151947021484,0.1875,O=C(O)CNC(=O)c1ccc(S(=O)(=O)N2CCC(c3cccc(F)c3)CC2)cc1
CHEMBL12692,CCc1ccc(/C(C)=C/c2ccc(C(=O)O)cc2)cc1CC,4.6634907722473145,0.23404255319148937,CC(C)c1ccc(C(=O)CCC(=O)O)cc1
CHEMBL85174,COc1cc(/C=C/c2ccc(Cl)cc2)cc(OC)c1OC,5.128390789031982,0.16666666666666666,COc1cc2ncn(CC(=O)O)c(=O)c2cc1OC
CHEMBL242396,COc1ccc(/C=C/c2ccc(OC)cc2OC)cc1,4.068082809448242,0.21153846153846154,COc1cc2ncn(CC(=O)O)c(=O)c2cc1OC
CHEMBL85057,COc1ccc(/C=C/c2cc(OC)c(OC)c(OC)c2)c(Cl)c1,4.642797946929932,0.19047619047619047,COc1ccc(Br)c(-c2nnc(CCC(=O)O)o2)c1
CHEMBL376059,COc1ccc(C2=C(c3cc(OC)c(OC)c(OC)c3)C(=O)CC2O[SiH2]C(C)(C)C)cc1OC,7.1291046142578125,0.17391304347826086,COc1cc2ncn(CC(=O)O)c(=O)c2cc1OC
CHEMBL423004,CS(=O)(=O)c1ccc(C2=C(c3ccc(F)c(C(F)(F)F)c3)CCC2)cc1,5.511324882507324,0.2112676056338028,O=C(O)CNC(=O)c1ccc(S(=O)(=O)N2CCC(N3CCCC3)CC2)cc1F
CHEMBL424636,C/C(=C\c1ccc(C(=O)O)cc1)c1cc2c(cc1C(C)C)C(C)(C)CCC2(C)C,6.610868453979492,0.23636363636363636,CC(C)c1ccc(C(=O)CCC(=O)O)cc1
CHEMBL34014,CC/C(=C(\c1ccc(NC(C)=O)cc1)c1ccc(ON(C)C)cc1)c1ccccc1,5.934056282043457,0.24528301886792453,CC(CC(=O)c1ccccc1)C(=O)O
CHEMBL375529,O=c1cc(-c2cccc(/C=C/c3ccc(Cl)cc3)c2)sc(N2CCOCC2)c1,4.600281238555908,0.14814814814814814,O=C(O)CNC(=O)c1ccc(S(=O)(=O)N2CCC(N3CCOCC3)CC2)cc1
CHEMBL517804,Cc1cccc(/C=C2/C(=O)Nc3ccccc32)c1,5.531572818756104,0.15517241379310345,CC(C(=O)O)n1cnc2ccccc2c1=O
CHEMBL10100,C1=C(c2ccc(OCc3ccccc3)cc2)N2CCCN=C2c2ccccc21,5.510102272033691,0.19696969696969696,O=C(Cc1ccccc1)Oc1c(OC(=O)Cc2ccccc2)c(-c2ccc(O)cc2)c(O)c(O)c1-c1ccc(O)cc1
CHEMBL43582,COc1ccc(/C=C\c2cc(OC)c(OC)c(OC)c2)cc1[O-].[K+],5.02933931350708,0.15789473684210525,COc1cc2ncn(CC(=O)O)c(=O)c2cc1OC
CHEMBL44141,CS(=O)(=O)c1ccc(C2=C3c4ccccc4CCC3OC2=O)cc1,4.536723613739014,0.2112676056338028,O=C(O)CNC(=O)c1ccc(S(=O)(=O)N2CC=C(c3ccccc3)CC2)cc1
CHEMBL312992,COc1cc(/C=C\c2ccc(N(C)C)cc2)cc(OC)c1OC,4.419429302215576,0.16071428571428573,COc1cc2ncn(CC(=O)O)c(=O)c2cc1OC
CHEMBL222370,COc1ccc(/C=C2\CC(c3ccc(OCCN4CCCC4)cc3)Oc3cc(OC)ccc32)cc1,3.973482608795166,0.18518518518518517,COc1ccc(Br)c(-c2nnc(CCC(=O)O)o2)c1
CHEMBL397386,COc1cc2c(cc1OC)/C(=C\c1ccc(C(=O)Nc3ccccc3)cc1)C(=O)N2,5.426629066467285,0.22058823529411764,O=C(O)CCC(=O)c1ccc2c(c1)CCC(=O)N2
CHEMBL103062,COc1ccc(/C=C(/C#N)c2cc(OC)c(OC)c(OC)c2)cc1O,5.11196231842041,0.15873015873015872,COc1cc2ncn(CC(=O)O)c(=O)c2cc1OC
CHEMBL470459,COc1c(O)cc(/C=C/c2cc(O)cc(O)c2)cc1O,4.581786155700684,0.1568627450980392,COc1cc2ncn(CC(=O)O)c(=O)c2cc1OC
CHEMBL502199,COc1cc(/C=C\c2ccc(OC)c(N)c2)cc(OCCO)c1.Cl,4.348595142364502,0.1875,COc1cc2ncn(CC(=O)O)c(=O)c2cc1OC
CHEMBL195143,O=C1Oc2ccccc2/C1=C\c1ccc(O)c(O)c1,5.006240367889404,0.1724137931034483,O=C(O)CCc1nnc(-c2ccccc2I)o1
CHEMBL88405,O=CN1CCN(c2ccc(/C=C3\C(=O)Nc4ccc(Br)cc43)cc2)CC1,5.160996437072754,0.15942028985507245,O=C(O)CCC(=O)c1ccc2c(c1)CCC(=O)N2
CHEMBL23698,CN(C)CCOc1ccc2c(c1)CCCC(c1ccccc1)=C2c1ccc(O)cc1,4.639464378356934,0.22388059701492538,O=C(Cc1ccccc1)Oc1c(OC(=O)Cc2ccccc2)c(-c2ccc(O)cc2)c(O)c(O)c1-c1ccc(O)cc1
CHEMBL65179,CC(C)Oc1ccc(C(=C(C#N)c2ccccc2)c2ccc(OC(C)C)cc2)cc1,6.366286277770996,0.2727272727272727,CC(CC(=O)c1ccccc1)C(=O)O
CHEMBL18007,O=C1/C(=C(/O)c2ccccc2)c2ccccc2C(=O)N1Cc1ccccc1,4.599987030029297,0.25,CC(CC(=O)c1ccccc1)C(=O)O
CHEMBL513089,COc1ccc(/C=C\c2cc(Br)c(OC)c(OC)c2)cc1OP(=O)([O-])[O-].[Ca+2],5.947942733764648,0.17142857142857143,COc1ccc(Br)c(-c2nnc(CCC(=O)O)o2)c1
CHEMBL514405,[N-]=[N+]=NCc1ccc(/C=C2\C=C(CC(=O)O)c3cc(F)ccc32)cc1,4.2703399658203125,0.16923076923076924,CC(C)Cc1ccc(C(=O)CCC(=O)O)cc1
CHEMBL401990,COc1cc([N+](=O)[O-])c(/C=C/c2cc(OC)c(OC)c(OC)c2)cc1[N+](=O)[O-],4.231478691101074,0.16393442622950818,COc1cc2ncn(CC(=O)O)c(=O)c2cc1OC
CHEMBL195572,CC/C(=C/c1ccc(OC)c(O)c1)c1cc(OC)c(OC)c(OC)c1,4.398149967193604,0.18333333333333332,COc1cc2ncn(CC(=O)O)c(=O)c2cc1OC
CHEMBL260841,CS(=O)(=O)c1ccc(/C=C(/C(=O)OCCO[N+](=O)[O-])c2ccc(Br)cc2)cc1,5.617464542388916,0.24324324324324326,O=C(O)CNC(=O)c1ccc(S(=O)(=O)N2CCC(c3ccc(Br)cc3)CC2)cc1
CHEMBL261651,COc1ccc(/C(=C\c2ccc(S(C)(=O)=O)cc2)C(=O)OCCN(C)/[N+]([O-])=N/OCOC(C)=O)cc1,5.6074724197387695,0.1839080459770115,CN(C)C1CCN(S(=O)(=O)c2ccc(C(=O)NCC(=O)O)cc2)CC1
CHEMBL85303,CC/C(=C(\c1ccc(CO)cc1)c1ccc(OCCN(C)C)cc1)c1ccccc1,4.92208194732666,0.21052631578947367,CC(C)Cc1ccc(C(=O)CCC(=O)O)cc1
CHEMBL419924,COC[C@H]1O[C@@H](Oc2cc(/C=C/c3ccc(OC)c(OC)c3)cc(OC)c2)[C@H](OC)[C@@H](OC)[C@@H]1OC,4.854316711425781,0.15384615384615385,COc1ccc(Br)c(-c2nnc(CCC(=O)O)o2)c1
CHEMBL43395,COc1cc(/C=C/c2ccc(OC)cc2O)cc(OC)c1,4.414937973022461,0.22413793103448276,COc1ccc(Br)c(-c2nnc(CCC(=O)O)o2)c1
CHEMBL295857,O=C(NCCc1ccc(F)cc1)c1cc(/C=C\c2cc(O)ccc2O)ccc1O,4.395772933959961,0.19718309859154928,Cc1cc(C(=O)CN2CCCC2)c(C)n1-c1ccc(F)cc1
CHEMBL426322,Oc1ccc2c(c1)OC(c1ccc(OCCN3CCCC3)cc1)C1=C2COc2cc(O)ccc21,3.682761907577514,0.16666666666666666,Cc1cc(C(=O)CN2CCCC2)c(C)n1-c1ccc(F)cc1
CHEMBL426654,O=c1cc(N2CCOCC2)oc2ccc(/C=C/c3ccc(F)cc3)cc12,3.6516289710998535,0.208955223880597,Cc1cc(C(=O)CN2CCCC2)c(C)n1-c1ccc(F)cc1
CHEMBL373004,COc1cc(-c2ccc3c(c2)/C(=C/c2cccc(OC)c2OC)C(=O)N3)ccc1O,4.90868091583252,0.17777777777777778,COc1ccccc1CNC(=O)Cn1c(CCC(=O)O)nc2c(Cl)cccc2c1=O
CHEMBL181043,COc1ccc(/C=C2\Cc3ccccc3/C(=C\c3ccc([N+](=O)[O-])cc3)C2=O)cc1OC,5.641615867614746,0.16216216216216217,COc1cc2ncn(CC(=O)O)c(=O)c2cc1OC
CHEMBL465217,COC(=O)c1ccc2c(c1)NC(=O)/C2=C(\Nc1ccc(CN2CCCC2=O)cc1)c1ccccc1,4.741363525390625,0.21794871794871795,O=C(O)CCC(=O)c1ccc2c(c1)CCC(=O)N2
CHEMBL235994,CCC(=C(c1ccc(OCCN2CCOCC2)cc1)c1ccc(OCCN2CCOCC2)cc1)c1ccccc1,5.1371049880981445,0.2222222222222222,O=C(O)CNC(=O)c1ccc(S(=O)(=O)N2CCC(N3CCOCC3)CC2)cc1
CHEMBL510154,COc1cc(/C=C\c2ccc(OC)c(N)c2)cc(OCC(=O)O)c1,3.161485195159912,0.26229508196721313,COc1cc2ncn(CC(=O)O)c(=O)c2cc1OC
CHEMBL363504,CN(C)CCOc1ccc(C2=C(c3cccc([N+](=O)[O-])c3)CCOc3ccccc32)cc1,4.584424018859863,0.13793103448275862,COc1ccc(Br)c(-c2nnc(CCC(=O)O)o2)c1
CHEMBL194004,COC(=O)/C=C/c1cccc(N(Cc2ccc(/C=C/c3ccc(F)cc3)cc2)C(=O)NC(C)C)c1,5.221698760986328,0.22666666666666666,Cc1cc(C(=O)CN2CCCC2)c(C)n1-c1ccc(F)cc1
CHEMBL457569,CC1=C(CCN(C)C)c2cc(NS(=O)(=O)c3ccc4ccccc4c3)ccc2/C1=C\c1ccccc1,4.825418472290039,0.19540229885057472,Cc1cc(S(=O)(=O)N2CCC(c3ccccc3)CC2)ccc1C(=O)NCC(=O)O
CHEMBL360301,Oc1cccc(/C=C/c2ccccc2F)c1,5.227311134338379,0.17307692307692307,O=C(Cc1ccccc1)Oc1c(OC(=O)Cc2ccccc2)c(-c2ccc(O)cc2)c(O)c(O)c1-c1ccc(O)cc1
CHEMBL422715,CCCN1CCN(CCCCOc2ccccc2/C=C/c2ccccc2)CC1,4.19533109664917,0.16417910447761194,Cc1cc(C(=O)CN2CCCC2)c(C)n1-c1ccc(F)cc1
CHEMBL156623,COc1cccc(OCCCCN2CCN(C)CC2)c1/C=C/c1ccccc1,3.9902901649475098,0.18823529411764706,COc1ccccc1CNC(=O)Cn1c(CCC(=O)O)nc2c(Cl)cccc2c1=O
CHEMBL345150,Cc1ccccc1C=C1c2ccccc2C(=O)c2ccccc21,5.1080827713012695,0.19047619047619047,CC(CC(=O)c1ccccc1)C(=O)O
CHEMBL430696,N.N.O=P(O)(O)C(F)(F)c1cccc(/C=C\c2ccc(Br)cc2)c1,5.656075954437256,0.22580645161290322,O=C(O)CCc1nnc(-c2cccc(C(F)(F)F)c2)o1
CHEMBL232960,COc1ccc(/C=C/c2cc(OC)c(CCCCCCCCCCO)c(OC)c2)cc1,5.122704029083252,0.21875,COc1ccc(Br)c(-c2nnc(CCC(=O)O)o2)c1
CHEMBL270428,CN(C)c1ccc(/C=C/c2ccc(-c3nc4ccc(OCCF)cc4s3)cc2)cc1,4.317409992218018,0.13924050632911392,COc1ccc(Br)c(-c2nnc(CCC(=O)O)o2)c1
CHEMBL468110,O=C(O)c1cccc(/C=C/c2ccc(OCc3c(-c4c(Cl)cccc4Cl)noc3C3CCC3)cc2Cl)c1,4.447564125061035,0.18085106382978725,O=C(O)CNC(=O)c1ccc(S(=O)(=O)N2CCCC(c3ccccc3)CC2)cc1
CHEMBL239645,CCN(CC)/[N+]([O-])=N\OCOC(=O)/C(=C/c1ccc(S(C)(=O)=O)cc1)c1ccc(F)cc1,6.211319446563721,0.21951219512195122,O=C(O)CNC(=O)c1ccc(S(=O)(=O)N2CCC(c3ccc(F)cc3)CC2)cc1
CHEMBL391101,NC(=O)Nc1ccc2c(c1)/C(=C(\c1cccc(N)c1)c1ccc[nH]1)C(=O)N2,5.975199222564697,0.21621621621621623,Nc1c(C(=O)c2ccccc2)sc2[nH]c(=O)c(C(=O)O)cc12
CHEMBL290179,Nc1cc(N)c(/N=N/c2ccc(/C=C/c3ccc(/N=N/c4c(N)cc(N)cc4C(=O)[O-])cc3S(=O)(=O)[O-])c(S(=O)(=O)[O-])c2)c(C(=O)[O-])c1.[Na+].[Na+].[Na+].[Na+],5.721780300140381,0.1506849315068493,Nc1c(C(=O)c2ccccc2)sc2[nH]c(=O)c(C(=O)O)cc12
CHEMBL395311,CS(=O)(=O)c1ccc(OCc2ccc(F)cc2)c(C2=C(c3cccc(C(=O)O)c3)CCC2)c1,5.514123439788818,0.23255813953488372,O=C(O)CNC(=O)c1ccc(S(=O)(=O)N2CCC(c3cccc(F)c3)CC2)cc1
CHEMBL237508,COc1cc2c(c(/C=C/c3cccc4ccccc34)c1C(=O)O)C(=O)c1c(O)cccc1C2=O,4.631344795227051,0.23076923076923078,COc1ccccc1CN(C)C(=O)Cn1c(CCC(=O)O)nc2c(Cl)cccc2c1=O
CHEMBL507741,COc1ccc(/C=C\c2ccc3c(ccn3C)c2)cc1N,3.594069004058838,0.16129032258064516,COc1cc2ncn(CC(=O)O)c(=O)c2cc1OC
CHEMBL454219,O=C1Nc2ccccc2/C1=C\c1ccc(F)cc1Cl,5.556327819824219,0.14754098360655737,CC(C(=O)O)n1cnc2ccccc2c1=O
CHEMBL374170,COc1ccc(C2=C(c3ccc(NS(C)(=O)=O)cc3)COC2=O)cc1,5.849262237548828,0.17391304347826086,COc1ccc(Br)c(-c2nnc(CCC(=O)O)o2)c1
CHEMBL92402,O=C(O)CC/C(=C/c1cccc(OCc2ccccc2)c1)c1ccccc1,3.789406299591065,0.25925925925925924,CC(C)Cc1ccc(C(=O)CCC(=O)O)cc1
CHEMBL86545,CC1=C(c2ccc(O)cc2)C(CCCCCCCN)c2ccc(O)cc21,4.9892425537109375,0.18032786885245902,O=C(Cc1ccccc1)Oc1c(OC(=O)Cc2ccccc2)c(-c2ccc(O)cc2)c(O)c(O)c1-c1ccc(O)cc1
CHEMBL454399,CCOc1cc(/C=C\c2ccc(OC)c(N)c2)cc(OC)c1.Cl,3.999391078948975,0.1774193548387097,COc1cc2ncn(CC(=O)O)c(=O)c2cc1OC
CHEMBL494804,COc1ccc(C2=C(c3ccccc3)C(=O)N3CCC[C@@H]3C2)cc1,5.070208549499512,0.1891891891891892,O=C(O)CNC(=O)c1ccc(S(=O)(=O)N2CCC(Oc3ccccc3)CC2)cc1
CHEMBL315041,C#Cc1ccc(/C(=C(\CC)c2ccccc2)c2ccc(OCCN(C)C)cc2)cc1,5.144804000854492,0.2,CC(CC(=O)c1ccccc1)C(=O)O
CHEMBL586938,O=C1C(c2ccccc2)=C(Nc2cccc(OC(F)(F)C(F)F)c2)c2ccccc21,5.779449462890625,0.18840579710144928,O=C(O)CCc1nnc(-c2cccc(C(F)(F)F)c2)o1
CHEMBL57959,COc1ccc(C2=C(c3cc(OC)c(OC)c(OC)c3)C(=O)C=C2)cc1,4.798635482788086,0.1875,COc1ccc(Br)c(-c2nnc(CCC(=O)O)o2)c1
CHEMBL56461,Cc1cccc(/C=C/c2cc(C)c(O)c(C)c2)c1,4.567536354064941,0.15384615384615385,Cc1cc(C(=O)NCC(=O)O)ccc1S(=O)(=O)N1CCC(c2ccccc2)CC1
CHEMBL263994,COc1ccc(/C=C\c2cc(OC)c(OC)c(OC)c2)cc1OP(=O)([O-])O.[Na+],5.536582946777344,0.1774193548387097,COc1cc2ncn(CC(=O)O)c(=O)c2cc1OC
CHEMBL485643,COC(=O)c1ccc2c(c1)NC(=O)/C2=C(\NC1CCN(C)CC1)c1ccccc1,4.536072254180908,0.3055555555555556,CN1CCC(NS(=O)(=O)c2ccc(C(=O)NCC(=O)O)cc2)CC1
CHEMBL111590,NS(=O)(=O)c1ccc(C2=C(c3ccc(Cl)cc3)CCC2)cc1,5.739906311035156,0.23333333333333334,O=C(O)CNC(=O)c1ccc(S(=O)(=O)N2CCC(c3ccc(Cl)cc3)CC2)cc1
CHEMBL313529,CC1=C(c2ccc(O)cc2)C(CCCCCCN(C)C)c2ccc(O)cc21,4.0176920890808105,0.1746031746031746,O=C(Cc1ccccc1)Oc1c(OC(=O)Cc2ccccc2)c(-c2ccc(O)cc2)c(O)c(O)c1-c1ccc(O)cc1
CHEMBL369756,CN(C)c1c([N+](=O)[O-])cc(/C=C\c2ccc3ccccc3c2)cc1[N+](=O)[O-],4.346484184265137,0.13333333333333333,CCC[C@H](NC(=O)/C(C#N)=C/c1cccc(Br)n1)c1ccccc1
CHEMBL314225,NS(=O)(=O)c1ccc(C2=C(c3ccc(F)c(F)c3)CC3(CC3)C2)cc1,5.746620178222656,0.23529411764705882,O=C(O)CNC(=O)c1ccc(S(=O)(=O)N2CCC(c3ccc(F)c(F)c3)CC2)cc1
CHEMBL23170,CS(=O)(=O)c1ccc(C2=C(c3ccccc3)C(=O)CC2)cc1,5.029250621795654,0.2459016393442623,O=C(O)CNC(=O)c1ccc(S(=O)(=O)N2CC=C(c3ccccc3)CC2)cc1
CHEMBL32812,CC1=CC(C)(C)Nc2ccc3c(c21)/C(=C/c1cccc(F)c1)Oc1ccccc1-3,5.791614532470703,0.12222222222222222,O=C(O)CNC(=O)c1ccc(S(=O)(=O)N2CCC(c3cccc(F)c3)CC2)cc1
CHEMBL468629,COc1ccc(/C(F)=C\c2cc(OC)c(OC)c(OC)c2)cc1O,4.835622787475586,0.16666666666666666,COc1cc2ncn(CC(=O)O)c(=O)c2cc1OC
CHEMBL146043,CN(CCSC1=Cc2ccccc2Oc2ccccc21)CC1CC1,3.488056182861328,0.14705882352941177,O=C(O)CCc1nnc(-c2ccccc2I)o1
CHEMBL273568,CCCCNCC(O)c1cc(/C=C/c2ccc(C(F)(F)F)cc2)cc(/C=C/c2ccc(C(F)(F)F)cc2)c1,4.4680376052856445,0.1875,O=C(O)CNC(=O)c1ccc(S(=O)(=O)N2CCC(c3cccc(C(F)(F)F)c3)CC2)cc1
CHEMBL467765,COc1cc(/C=C\c2cc(O)c3ccoc3c2)cc(OC)c1OC,4.724494934082031,0.20967741935483872,COc1cc2oc(=O)cc(C)c2cc1CCC(=O)O
CHEMBL383112,CN(C)CCOc1ccc(/C(=C(/CCCCl)c2ccccc2)c2ccc(O)cc2)cc1,5.028254508972168,0.20634920634920634,O=C(Cc1ccccc1)Oc1c(OC(=O)Cc2ccccc2)c(-c2ccc(O)cc2)c(O)c(O)c1-c1ccc(O)cc1
CHEMBL297046,COc1ccc(C2=C(c3ccc(OC)c(OC)c3)C(=O)N3CCCC3C2)cc1OC,4.603728294372559,0.203125,COc1cc2ncn(CC(=O)O)c(=O)c2cc1OC
CHEMBL369262,COc1cc(/C=C\c2ccc(F)cc2)cc(OC)c1,4.7593278884887695,0.20754716981132076,Cc1cc(C(=O)CN2CCCC2)c(C)n1-c1ccc(F)cc1
CHEMBL92841,COc1ccc(/C(=C\c2cc(OCc3ccsc3)ccc2C#N)C(=O)O)cc1,5.526597023010254,0.21794871794871795,COc1ccc(Br)c(-c2nnc(CCC(=O)O)o2)c1
CHEMBL317102,CN(C(=O)C1C(c2ccccc2)=C1c1ccccc1)[C@H]1CCCC[C@@H]1N1CCCC1,4.719680309295654,0.25,O=C(O)CCC(=O)c1ccc(S(=O)(=O)N2CCC(N3CCCC3)CC2)cc1
CHEMBL467060,CC(C)c1onc(CCCc2ccccc2)c1COc1ccc(/C=C/c2cccc(C(=O)O)c2)c(Cl)c1,4.240099906921387,0.20270270270270271,CC(CC(=O)c1ccccc1)C(=O)O
CHEMBL180321,CCN(CC)c1cc(/C=C/c2ccc3ccccc3c2)ccc1OC,4.190114498138428,0.18333333333333332,COc1cc2ncn(CC(=O)O)c(=O)c2cc1OC
CHEMBL27594,COc1ccc2c(c1)OCC(c1ccc(Cl)cc1)=C2c1ccc(OCCN2CCCC2)cc1,4.214885711669922,0.189873417721519,COc1ccc(Br)c(-c2nnc(CCC(=O)O)o2)c1
CHEMBL459269,COc1ccc(/C=C/c2cc(OC)c(OC)c(O[Si](C)(C)C(C)(C)C)c2)cc1[N+](=O)[O-],7.174572467803955,0.17567567567567569,COc1ccc(Br)c(-c2nnc(CCC(=O)O)o2)c1
CHEMBL90760,CC1(C)CCC(C)(C)c2cc(/C=C/c3ccc(N)cc3)ccc21,6.937465667724609,0.13636363636363635,N#CSc1cc(SC#N)c(N)nc1N
CHEMBL356693,CCCCC(=C(c1ccc(O)cc1)c1ccc(O)cc1)c1ccccc1,5.551216125488281,0.2619047619047619,CC(CC(=O)c1ccccc1)C(=O)O
CHEMBL324797,COc1cc(C=C2c3ccccc3C(=O)c3ccccc32)ccc1O,5.249344348907471,0.2033898305084746,COc1cc2ncn(CC(=O)O)c(=O)c2cc1OC
CHEMBL315049,COc1ccc(/C=C(/C)c2ccc3c(c2)C(C)(C)CCC3(C)C)cc1N,6.411856174468994,0.15714285714285714,COc1cc2oc(=O)cc(C)c2cc1CCC(=O)O
CHEMBL69829,O=C1C(c2ccccc2)=C(c2ccccc2)c2ccccc21,4.644618988037109,0.2222222222222222,CC(CC(=O)c1ccccc1)C(=O)O
CHEMBL325501,COc1ccc(/C=C/c2cc(O)cc(O)c2)cc1N,4.263982772827148,0.18181818181818182,COc1cc2ncn(CC(=O)O)c(=O)c2cc1OC
CHEMBL25228,O=C1c2ccccc2C(=O)C12C(c1ccc(O)cc1)=Cc1cc(O)ccc12,5.366347312927246,0.24074074074074073,O=C(Cc1ccccc1)Oc1c(OC(=O)Cc2ccccc2)c(-c2ccc(O)cc2)c(O)c(O)c1-c1ccc(O)cc1
CHEMBL69983,CC(=O)NC[C@H]1CN(c2ccc(/C=C(\Br)c3ccccc3)c(F)c2)C(=O)O1,4.772110939025879,0.25,O=C(O)CNC(=O)c1ccc(S(=O)(=O)N2CCC(c3ccccc3)CC2)c(F)c1
CHEMBL38222,CCCCC(=C(c1ccc(O)cc1)c1ccc(O)cc1)c1ccc(O)cc1,4.6797614097595215,0.24390243902439024,CC(C)c1ccc(C(=O)CCC(=O)O)cc1
CHEMBL14773,C/C(=C\c1ccccc1)c1ccccc1,5.019783020019531,0.29411764705882354,CC(CC(=O)c1ccccc1)C(=O)O
CHEMBL195609,CC1(C)CC(c2ccc(O)cc2)=C(c2ccc(O)cc2)CC1(C)C,6.300177574157715,0.22727272727272727,O=C(Cc1ccccc1)Oc1c(OC(=O)Cc2ccccc2)c(-c2ccc(O)cc2)c(O)c(O)c1-c1ccc(O)cc1
CHEMBL68078,CC(=O)NC[C@H]1CN(c2ccc(/C=C(\F)c3cccc(C#N)c3)c(F)c2)C(=O)O1,4.787118911743164,0.2247191011235955,Cc1cc(C(=O)CN2CCC(O)CC2)c(C)n1-c1ccc(C#N)cc1
CHEMBL303042,CC(=O)NC[C@H]1CN(c2ccc(/C=C(\Br)c3cccc(C(N)=O)c3)c(F)c2)C(=O)O1,4.68292236328125,0.2087912087912088,O=C(O)CNC(=O)c1ccc(S(=O)(=O)N2CCC(c3ccccc3)CC2)c(F)c1
CHEMBL56518,CN1CC(c2ccc(/C=C/c3ccccc3)cc2)CCC1=O,3.613229751586914,0.25,O=C(O)CNC(=O)c1ccc(S(=O)(=O)N2CCC(c3ccccc3)C2)cc1
CHEMBL418455,O=C(O)c1cc(/C=C/c2ccc(/C=C/c3ccc(O)c(C(=O)O)c3)c(I)c2)ccc1O,4.042743682861328,0.19642857142857142,O=C(O)CCc1nnc(-c2ccccc2I)o1
CHEMBL306227,COC(=O)c1cccc(/C(Br)=C/c2ccc(N3C[C@H](CNC(C)=O)OC3=O)cc2F)c1,4.305562496185303,0.20652173913043478,O=C(O)CNC(=O)c1ccc(S(=O)(=O)N2CCC(c3ccccc3)CC2)c(F)c1
CHEMBL221709,O=c1cc(-c2ccc(/C=C/c3ccc(F)cc3)cc2)sc(N2CCOCC2)c1,4.09761381149292,0.208955223880597,Cc1cc(C(=O)CN2CCCC2)c(C)n1-c1ccc(F)cc1
CHEMBL6410,CC/C(=C(\c1ccc(I)cc1)c1ccc(OCCCCCCCCN2CCCC2)cc1)c1ccccc1,5.341545581817627,0.19230769230769232,O=C(O)CNC(=O)c1ccc(S(=O)(=O)N2CCC(Oc3ccccc3)CC2)cc1
CHEMBL363534,CCCCCCCCCCCCCCCC(=O)Oc1cc(O)cc(/C=C/c2ccccc2)c1,5.17225456237793,0.25862068965517243,O=C(Cc1ccccc1)Oc1c(OC(=O)Cc2ccccc2)c(-c2ccc(O)cc2)c(O)c(O)c1-c1ccc(O)cc1
CHEMBL497739,Nc1ccc2c(c1)NC(=O)/C2=C(\Nc1ccc(CN2CCCCC2)cc1)c1ccccc1,5.064251899719238,0.2077922077922078,Nc1c(C(=O)c2ccccc2)sc2[nH]c(=O)c(C(=O)O)cc12
CHEMBL288965,CSc1ccc(C2=C(c3ccc(C(F)(F)F)cc3)C(=O)N3CCCC3C2)cc1,5.01455545425415,0.1927710843373494,O=C(O)CNC(=O)c1ccc(S(=O)(=O)N2CCC(c3cccc(C(F)(F)F)c3)CC2)cc1
CHEMBL231724,COC(=O)/C=C/c1ccc(/C=C/c2ccc(OC)c(OC)c2)cc1,4.533997535705566,0.24074074074074073,COc1cc2ncn(CC(=O)O)c(=O)c2cc1OC
CHEMBL198476,O=c1cc(N2CCOCC2)oc2c(/C=C/c3ccccc3)cccc12,4.317708969116211,0.17105263157894737,O=C(O)CNC(=O)c1ccc(S(=O)(=O)N2CCC(N3CCOCC3)CC2)cc1
CHEMBL347583,O=C1c2ccccc2C(=Cc2cccc(Cl)c2)c2ccccc21,5.199540138244629,0.15555555555555556,CC(CC(=O)c1ccccc1)C(=O)O
CHEMBL219254,CCc1cccc2c1CNc1c(cccc1CCc1ccccc1)/C=C\2COc1ccccc1F,4.407029151916504,0.18947368421052632,COc1ccccc1CNC(=O)Cn1c(CCC(=O)O)nc2c(Cl)cccc2c1=O
CHEMBL420862,COc1cc(C=C2c3ccccc3C(=O)c3ccccc32)cc(OC)c1,5.221336364746094,0.2,COc1ccc(Br)c(-c2nnc(CCC(=O)O)o2)c1
CHEMBL422933,CN(C)CCOc1ccc(C2=C(c3ccccc3)CCCc3cc(O)ccc32)cc1,4.679255485534668,0.20588235294117646,O=C(Cc1ccccc1)Oc1c(OC(=O)Cc2ccccc2)c(-c2ccc(O)cc2)c(O)c(O)c1-c1ccc(O)cc1
CHEMBL103174,COc1ccc(/C=C(/CN)c2cc(OC)c(OC)c(OC)c2)cc1,4.361680507659912,0.203125,COc1ccc(Br)c(-c2nnc(CCC(=O)O)o2)c1
CHEMBL74517,CC/C(=C(/CC)c1ccc(OC)cc1)c1ccc(O)cc1,4.469418048858643,0.21818181818181817,COc1ccc(Br)c(-c2nnc(CCC(=O)O)o2)c1
CHEMBL439374,COc1ccc(/C=C/c2cc(OC)cc(OC)c2CNCc2ccco2)cc1,5.047143936157227,0.17333333333333334,COc1ccc(Br)c(-c2nnc(CCC(=O)O)o2)c1
CHEMBL527385,COc1ccc2nccc([C@@H](O)CN3CCC(NC(=O)C(=Cc4ccc(Cl)cc4Cl)c4ccc(-c5ccccc5)cc4)CC3)c2c1,4.58875846862793,0.2079207920792079,O=C(O)CNC(=O)c1ccc(S(=O)(=O)N2CCC(Oc3ccccc3)CC2)cc1
CHEMBL75275,O=C1Nc2ccccc2/C1=C/c1cc(Br)c(O)c(Br)c1,5.587121963500977,0.16666666666666666,O=C(O)CCC(=O)c1ccc2c(c1)CCC(=O)N2
CHEMBL119260,COc1cc(/C=C\c2ccc(O)c(O)c2)cc(OC)c1,4.525564670562744,0.1896551724137931,COc1ccc(Br)c(-c2nnc(CCC(=O)O)o2)c1
CHEMBL88464,CN1CCN(C2=Cc3cc(Cl)ccc3Oc3ccccc32)CC1,4.528759956359863,0.15584415584415584,Cn1cc(S(=O)(=O)N2CCC(c3ccccc3)CC2)cc1C(=O)NCC(=O)O
CHEMBL63443,COc1cc(/C=C/c2cc(OC)c(OC)cc2OC)cc(OC)c1,4.422786712646484,0.21568627450980393,COc1cc2ncn(CC(=O)O)c(=O)c2cc1OC
CHEMBL90502,CC1=C(c2ccc(O)cc2)C(CCCCCCN)c2ccc(O)cc21,4.902677536010742,0.18032786885245902,O=C(Cc1ccccc1)Oc1c(OC(=O)Cc2ccccc2)c(-c2ccc(O)cc2)c(O)c(O)c1-c1ccc(O)cc1
CHEMBL38266,CCCC(=C(c1ccc(O)cc1)c1ccc(O)cc1)c1ccc(O)cc1,4.652102470397949,0.2564102564102564,CC(C)c1ccc(C(=O)CCC(=O)O)cc1
CHEMBL327861,COc1cccc(/C(=C\c2cc(OCc3ccsc3)ccc2C#N)C(=O)O)c1,5.547706604003906,0.225,COc1ccc(Br)c(-c2nnc(CCC(=O)O)o2)c1
CHEMBL321643,COc1c(Cl)cc(C2=C(c3ccc(S(N)(=O)=O)cc3)CCC2)cc1Cl,5.028210163116455,0.18055555555555555,O=C(O)CNC(=O)c1ccc(S(=O)(=O)N2CCC(c3ccccc3)CC2)cc1Cl
CHEMBL493948,COc1ccc(/C=C/c2cc(F)c(F)c(F)c2)c(N)c1,4.31857967376709,0.19047619047619047,COc1ccc(Br)c(-c2nnc(CCC(=O)O)o2)c1
CHEMBL464382,COc1ccc(/C=C\c2cc(O)c(OC)c(OC)c2)cc1O,4.513034820556641,0.17857142857142858,COc1cc2ncn(CC(=O)O)c(=O)c2cc1OC
CHEMBL69476,CCC1=C(c2ccccc2)C(=O)c2cc(O)ccc21,5.53529691696167,0.24528301886792453,O=C(Cc1ccccc1)Oc1c(OC(=O)Cc2ccccc2)c(-c2ccc(O)cc2)c(O)c(O)c1-c1ccc(O)cc1
CHEMBL195624,Oc1ccc(/C=C/c2ccccc2)cc1,4.727502822875977,0.275,O=C(Cc1ccccc1)Oc1c(OC(=O)Cc2ccccc2)c(-c2ccc(O)cc2)c(O)c(O)c1-c1ccc(O)cc1
CHEMBL359858,FC(F)(F)c1ccc(/C=C/c2ccc3ccccc3c2)cc1,4.959781646728516,0.19642857142857142,O=C(O)CCc1nnc(-c2cccc(C(F)(F)F)c2)o1
CHEMBL489688,COc1ccc(/C=C(/c2cccc(C(F)(F)F)c2)C(F)(F)F)cc1OC,4.895913124084473,0.23809523809523808,O=C(O)CCc1nnc(-c2cccc(C(F)(F)F)c2)o1
CHEMBL433107,Cc1cc(C)cc(COCC(N)C2c3ccccc3C=Cc3ccccc32)c1,4.776506423950195,0.14814814814814814,CC(CC(=O)c1ccccc1)C(=O)O
CHEMBL204970,CN(C)CCOc1ccc(/C(=C(/CCC#N)c2ccccc2)c2ccc(O)cc2)cc1,5.5929341316223145,0.2,O=C(Cc1ccccc1)Oc1c(OC(=O)Cc2ccccc2)c(-c2ccc(O)cc2)c(O)c(O)c1-c1ccc(O)cc1
CHEMBL471627,Oc1cccc(C2=C(c3ccc(OCCN4CCCC4)cc3)c3ccc(F)cc3OCC2)c1,4.185834884643555,0.2125,Cc1cc(C(=O)CN2CCCC2)c(C)n1-c1ccc(F)cc1
CHEMBL428370,O=C(O)c1cccc(C2=C(c3cc(Br)ccc3OCc3ccc(Cl)cc3)CCC2)c1,5.208977222442627,0.208955223880597,O=C(O)CCC(=O)c1ccc2c(c1)CCC2
CHEMBL105255,CN(C)c1ccc(/C=C2\C(=O)Nc3ccc(C(=O)c4cccs4)cc32)cc1,5.453197002410889,0.25,O=C(O)CCC(=O)c1cccs1
CHEMBL524453,COC(=O)c1ccc2c(c1)NC(=O)/C2=C(\Nc1ccc(N(C)C(=O)Cn2ccnc2)cc1)c1ccccc1,4.654720306396484,0.19230769230769232,COc1ccccc1CN(C)C(=O)Cn1c(CCC(=O)O)nc2c(Cl)cccc2c1=O
CHEMBL467906,CC(C)c1onc([C@H]2C[C@@H]2c2c(Cl)cccc2Cl)c1COc1ccc(/C=C/c2cccc(C(=O)O)c2)c(Cl)c1,4.572664737701416,0.19230769230769232,CC(C)c1ccc(C(=O)CCC(=O)O)cc1
CHEMBL372842,CC1(C)C=Cc2cccc(/C=C(/C#N)c3ccc(O)cc3)c2O1,7.3077569007873535,0.16455696202531644,CCC[C@H](NC(=O)/C(C#N)=C/c1cccc(Br)n1)c1ccccc1
CHEMBL90988,CS(=O)(=O)c1ccc(C2=C(c3ccccc3)C(=O)C23CCCC3)cc1,5.679853439331055,0.21428571428571427,CC1CN(S(=O)(=O)c2ccc(C(=O)NCC(=O)O)cc2)CCC1c1ccccc1
CHEMBL177594,CN(O)C(=O)/C(=C/c1ccc2ccccc2c1)c1ccc(Cl)cc1,5.0815863609313965,0.2037037037037037,CC(C)c1ccc(C(=O)CCC(=O)O)cc1
CHEMBL328600,N#Cc1ccc(OCc2ccsc2)cc1/C=C(/C(=O)O)c1ccccc1,5.671187400817871,0.21311475409836064,CC(CC(=O)c1ccccc1)C(=O)O
CHEMBL217336,COc1ccc(/C=C\c2cc(OC)c(OC)cc2N)cc1,4.602176666259766,0.18032786885245902,COc1ccc(Br)c(-c2nnc(CCC(=O)O)o2)c1
CHEMBL488746,O=C1/C(=C/c2cccc(Oc3ccccc3)c2)c2ccccc2N1c1c(Cl)cccc1Cl,5.206541061401367,0.1839080459770115,COc1ccccc1CN(C)C(=O)Cn1c(CCC(=O)O)nc2c(Cl)cccc2c1=O
CHEMBL491080,C/C(=C\c1ccc(O)cc1)c1cc(O)cc(O)c1,3.782814979553223,0.16326530612244897,O=C(Cc1ccccc1)Oc1c(OC(=O)Cc2ccccc2)c(-c2ccc(O)cc2)c(O)c(O)c1-c1ccc(O)cc1
CHEMBL171335,NS(=O)(=O)c1ccc(C2=C(c3ccc(F)cc3)CC3(CCC3)C2)cc1,6.75400447845459,0.2153846153846154,O=C(O)CNC(=O)c1ccc(S(=O)(=O)N2CCC(c3ccc(F)cc3)CC2)cc1
CHEMBL312650,Cc1ccc(C2=Cc3ccccc3C3=NCCN23)cc1,5.143840789794922,0.16666666666666666,O=C(O)CCc1nnc(-c2ccccc2I)o1
CHEMBL80888,CC(C)c1ccc(C2=Cc3ccccc3C3=NCCN23)cc1,5.420331001281738,0.2037037037037037,CC(C)c1ccc(C(=O)CCC(=O)O)cc1
CHEMBL218802,CCc1cccc2c1CNc1c(cccc1CCc1ccccc1)/C=C\2COc1ccc(C(=O)OC)cc1,3.889533042907715,0.20408163265306123,COc1ccccc1CNC(=O)Cn1c(CCC(=O)O)nc2c(Cl)cccc2c1=O
CHEMBL104767,COc1cc(CCc2ccc(C3=Cc4ccccc4C4=NC(C)(C)CN34)cc2)cc(OC)c1OC,6.230144023895264,0.1702127659574468,COc1ccccc1CNC(=O)Cn1c(CCC(=O)O)nc2c(Cl)cccc2c1=O
CHEMBL330317,Oc1ccc2c(c1)CC(c1ccccc1F)=C2c1ccccc1,4.592349529266357,0.19298245614035087,O=C(Cc1ccccc1)Oc1c(OC(=O)Cc2ccccc2)c(-c2ccc(O)cc2)c(O)c(O)c1-c1ccc(O)cc1
CHEMBL231774,COc1ccc(/C=C/c2cc(OC)c(CCCCCCCCCCCCCCO)c(OC)c2)cc1,5.10345983505249,0.21875,COc1ccc(Br)c(-c2nnc(CCC(=O)O)o2)c1
CHEMBL188660,COc1ccc(/C=C\c2cc(OC)c(OC)c(OC)c2)cc1OC(=O)CCCc1ccc(N(CCCl)CCCl)cc1,4.20787525177002,0.19230769230769232,COc1cc2oc(=O)cc(C)c2cc1CCC(=O)O
CHEMBL100687,C(=C/c1cc(OCc2ccccc2)cc(OCc2ccccc2)c1)\c1ccccc1,4.365559577941895,0.22448979591836735,O=C(Cc1ccccc1)Oc1c(OC(=O)Cc2ccccc2)c(-c2ccc(O)cc2)c(O)c(O)c1-c1ccc(O)cc1
CHEMBL63960,COc1cc(/C=C/c2cc(OC)ccc2OC)cc(OC)c1,4.131618022918701,0.20689655172413793,COc1ccc(Br)c(-c2nnc(CCC(=O)O)o2)c1
CHEMBL288049,CCCCCCCCN(C)C(=O)/C=C/c1ccc(/C(=C(/CC)c2ccccc2)c2ccccc2)cc1,5.937929630279541,0.23214285714285715,CC(CC(=O)c1ccccc1)C(=O)O
CHEMBL353419,COc1cc2c(cc1OC)C1=C(c3cccc(Br)c3)C(=O)C(=O)N1CC2,4.175466060638428,0.18840579710144928,COc1cc2ncn(CC(=O)O)c(=O)c2cc1OC
CHEMBL330543,Cc1ccccc1/C(=C\c1cc(OCc2ccsc2)ccc1Br)CO,4.832184791564941,0.1794871794871795,COc1ccc(Br)c(-c2nnc(CCC(=O)O)o2)c1
CHEMBL11052,CCC(=C(c1ccccc1)c1ccccc1)c1ccc(OC(C)=O)cc1,5.331387519836426,0.3023255813953488,CC(CC(=O)c1ccccc1)C(=O)O
CHEMBL365615,CCCCCCC/C(=C\c1ccccc1)c1ccc(S(C)(=O)=O)cc1,6.305599212646484,0.25396825396825395,O=C(O)CCC(=O)c1ccc(S(=O)(=O)N2CCC(c3ccccc3)CC2)cc1
CHEMBL132256,CC1=CC(C)(C)Nc2ccc3c(c21)/C(=C/c1ccccc1Cl)Oc1ccc(F)cc1-3,5.830320835113525,0.12727272727272726,Cc1cc(Cl)cc(-c2ccnc3cc(CN4C(=O)C5C(C4=O)C5(C)C)sc23)c1O[C@@H]1CCNC[C@@H]1C
CHEMBL466831,CC[C@@H](C)c1onc(-c2c(Cl)cccc2Cl)c1COc1ccc(/C=C/c2cccc(C(=O)O)c2)c(Cl)c1,4.71415901184082,0.1917808219178082,CC(CC(=O)c1ccccc1)C(=O)O
CHEMBL427354,CN(C)CCC1=C/C(=C\c2ccccc2)c2ccccc21,4.221481323242188,0.17543859649122806,O=C(O)CCc1nnc(-c2ccccc2I)o1
CHEMBL112385,COc1ccc(C=C2c3ccccc3C(=O)c3ccccc32)cc1,5.198141098022461,0.2033898305084746,COc1ccc(Br)c(-c2nnc(CCC(=O)O)o2)c1
CHEMBL86945,COc1ccc(/C=C2\C(=O)Nc3ccccc32)cc1C(C)(C)C,6.844954490661621,0.16417910447761194,COc1cc2ncn(CC(=O)O)c(=O)c2cc1OC
CHEMBL468580,COc1ccc(/C(F)=C(/F)c2cc(OC)c(OC)c(OC)c2)cc1O,4.955296516418457,0.17857142857142858,COc1cc2ncn(CC(=O)O)c(=O)c2cc1OC
CHEMBL193020,O=C(O)/C=C/c1cccc(N(Cc2ccc(/C=C/c3ccccc3)cc2)C(=O)C2CCCCC2)c1,4.151822566986084,0.2,CC(C)(C)NS(=O)(=O)c1cccc2c(NC(=O)[C@H](Cc3ccccc3)NC(=O)C3CC3)cccc12
CHEMBL328146,CS(=O)(=O)c1ccc(C2=C(c3ccc(F)cc3)CC3(CCCCC3)C2)cc1,6.755467414855957,0.21212121212121213,O=C(O)CNC(=O)c1ccc(S(=O)(=O)N2CCC(c3ccc(F)cc3)CC2)cc1
CHEMBL276306,CCC1=C(c2ccc(O)cc2)c2ccc(OCC(O)CO)cc2Oc2ccccc21,4.594587802886963,0.2,O=C(Cc1ccccc1)Oc1c(OC(=O)Cc2ccccc2)c(-c2ccc(O)cc2)c(O)c(O)c1-c1ccc(O)cc1
CHEMBL75078,COc1cc(/C=C\c2ccc(C(C)(C)C)cc2)cc(OC)c1OC,6.534974098205566,0.16071428571428573,COc1cc2ncn(CC(=O)O)c(=O)c2cc1OC
CHEMBL524647,CC(C)NC(=O)c1ccc2c(c1)NC(=O)/C2=C(\Nc1ccc(CN2CCCCC2)cc1)c1ccccc1,4.914024353027344,0.2413793103448276,Cc1cc(C(=O)NCC(=O)O)ccc1S(=O)(=O)N1CCC(c2ccccc2)CC1
CHEMBL88180,C/C(=C\c1cccc(C(=O)O)c1)c1ccc2c(c1)C(C)(C)CCC2(C)C,6.491053581237793,0.21052631578947367,O=C(O)CCC(=O)c1ccc2c(c1)CCC2
CHEMBL45189,CSc1ccc(C2=C(c3ccc(O)cc3)C(=O)N3CCCC3C2)cc1,4.759754180908203,0.16923076923076924,O=C(Cc1ccccc1)Oc1c(OC(=O)Cc2ccccc2)c(-c2ccc(O)cc2)c(O)c(O)c1-c1ccc(O)cc1
CHEMBL368776,FC(F)(F)C(=C(c1ccccc1)c1ccccc1)c1ccccc1,5.328832626342773,0.2571428571428571,CC(CC(=O)c1ccccc1)C(=O)O
CHEMBL148185,CNCCSC1=Cc2ccccc2Oc2ccc(Cl)cc21,6.123726844787598,0.1323529411764706,O=C(O)CCc1nnc(-c2ccccc2I)o1
CHEMBL11283,CC/C(=C(\Cc1ccccc1)c1ccccc1)c1ccc(OCN2CCCCC2)cc1,4.412832736968994,0.21311475409836064,O=C(Cc1ccccc1)Oc1c(OC(=O)Cc2ccccc2)c(-c2ccc(O)cc2)c(O)c(O)c1-c1ccc(O)cc1
CHEMBL192503,CS(=O)(=O)c1ccc(/C(COC(=O)[C@@H](N)CCCN=C(N)N)=C(/C(=O)O)c2ccc(F)c(F)c2)cc1,4.762914657592773,0.25,O=C(O)CNC(=O)c1ccc(S(=O)(=O)N2CCC(c3ccc(F)c(F)c3)CC2)cc1
CHEMBL78314,C1=C(c2ccc(C3CCCC3)cc2)N2CCN=C2c2ccccc21,4.921070098876953,0.2222222222222222,O=C(O)CNC(=O)c1ccc(S(=O)(=O)N2CCCC(c3ccccc3)CC2)cc1
CHEMBL190553,COC(=O)/C=C/c1cccc(N(Cc2ccc(/C=C/c3c(C)cc(C)cc3C)cc2)C(=O)C(C)C)c1,4.006368637084961,0.16901408450704225,CC(C)Cc1ccc(C(=O)CCC(=O)O)cc1
CHEMBL342484,Fc1ccc(/C=C(\CCN2CCN(c3ncccn3)CC2)c2ccc(F)cc2)cc1,4.699542045593262,0.22727272727272727,Cc1cc(C(=O)CN2CCCC2)c(C)n1-c1ccc(F)cc1
CHEMBL497949,NC(=O)c1ccc2c(c1)NC(=O)/C2=C(\Nc1ccc(CN2CCCCC2)cc1)c1ccccc1,5.197757244110107,0.21621621621621623,O=C(O)CCC(=O)c1ccc2c(c1)CCC(=O)N2
CHEMBL462056,COc1cc(/C=C\c2cc(O)c3ccoc3c2)cc(OC)c1,4.525842666625977,0.1875,COc1ccc(Br)c(-c2nnc(CCC(=O)O)o2)c1
CHEMBL88870,CC(C)=C1c2ccccc2C=C(N2CCN(C)CC2)c2ccccc21,3.732390880584717,0.16923076923076924,CN1CCC(NS(=O)(=O)c2ccc(C(=O)NCC(=O)O)cc2)CC1
CHEMBL497475,O=C(O)c1cn(CCO)c2ccc(/C=C/c3ccccc3)cc2c1=O,4.54883337020874,0.22727272727272727,Nc1c(C(=O)c2ccccc2)sc2[nH]c(=O)c(C(=O)O)cc12
CHEMBL278392,CS(=O)(=O)c1ccc(C2=C(c3cc(Cl)c(Cl)c(Cl)c3)C(=O)CC2)cc1,4.52010440826416,0.18571428571428572,O=C(O)CNC(=O)c1ccc(S(=O)(=O)N2CCC(c3ccccc3)CC2)cc1Cl
CHEMBL318280,CCc1onc(Cc2c(Cl)cccc2Cl)c1COc1ccc(/C=C/c2cccc(C(=O)O)c2)c(Cl)c1,4.3830766677856445,0.1782178217821782,COc1ccccc1CNC(=O)Cn1c(CCC(=O)O)nc2c(Cl)cccc2c1=O
CHEMBL174161,CN(O)C(=O)C(=C(c1ccccc1)c1ccccc1)c1ccccc1,4.354482650756836,0.3333333333333333,CC(CC(=O)c1ccccc1)C(=O)O
CHEMBL29685,CC/C(=C(/c1ccc(OC(C)=O)cc1)c1ccc(OC(C)=O)c(OC(C)=O)c1)c1ccccc1,5.184543609619141,0.26,CC(CC(=O)c1ccccc1)C(=O)O
CHEMBL92092,N#Cc1ccc(OCc2ccsc2)cc1/C=C(/C(N)=O)c1ccccc1,6.271790504455566,0.20634920634920634,CC(CC(=O)c1ccccc1)C(=O)O
CHEMBL80179,CC1CCCCN1Cc1ccc(C2=Cc3ccccc3C3=NCCN23)cc1,5.248697280883789,0.16470588235294117,CC1CC(c2ccccc2)CCN1S(=O)(=O)c1ccc(C(=O)NCC(=O)O)cc1
CHEMBL431400,FC(F)(F)c1cccc(C2=Cc3ccccc3C3=NCCN23)c1,5.363846778869629,0.30158730158730157,O=C(O)CCc1nnc(-c2cccc(C(F)(F)F)c2)o1
CHEMBL11039,CC/C(=C(\Cc1ccccc1)c1ccc(OCN2CCOCC2)cc1)c1ccccc1,4.563052177429199,0.2191780821917808,O=C(O)CNC(=O)c1ccc(S(=O)(=O)N2CCC(N3CCOCC3)CC2)cc1
CHEMBL86837,O=C1Nc2ccccc2/C1=C/c1ccc(Br)cc1,5.805901527404785,0.14925373134328357,CC(=O)C1=C(O)C(=O)N(CCc2ccc(Cl)c(Cl)c2)C1c1ccc(Br)cc1
CHEMBL306290,CCC1=C(c2ccc(O)cc2)[C@H](C)c2cc(O)ccc21,4.776114463806152,0.2037037037037037,O=C(Cc1ccccc1)Oc1c(OC(=O)Cc2ccccc2)c(-c2ccc(O)cc2)c(O)c(O)c1-c1ccc(O)cc1
CHEMBL29729,CC/C(=C(/c1ccccc1)c1ccc(OC(C)=O)cc1)c1ccc(OC(C)=O)c(OC(C)=O)c1,5.328522682189941,0.26,CC(CC(=O)c1ccccc1)C(=O)O
CHEMBL299556,CC1C(c2ccccc2)=C(c2ccccc2)c2ccc(O)cc21,5.455605030059815,0.22,O=C(O)CCc1nnc(-c2ccccc2)o1
CHEMBL51591,Oc1ccc(C2=C(c3ccccc3C(F)(F)F)Cc3cc(O)ccc32)cc1,5.0297017097473145,0.2033898305084746,O=C(Cc1ccccc1)Oc1c(OC(=O)Cc2ccccc2)c(-c2ccc(O)cc2)c(O)c(O)c1-c1ccc(O)cc1
CHEMBL303146,CC(=O)NC[C@H]1CN(c2ccc(/C=C(\Br)c3cccc(NC(C)=O)c3)c(F)c2)C(=O)O1,4.48731803894043,0.20652173913043478,O=C(O)CNC(=O)c1ccc(S(=O)(=O)N2CCC(c3ccccc3)CC2)c(F)c1
CHEMBL201986,O=C1Nc2ccccc2/C1=C/c1ccc([N+](=O)[O-])cc1,5.536306381225586,0.13333333333333333,CC(C(=O)O)n1cnc2ccccc2c1=O
CHEMBL276862,CC/C(=C(/c1ccc(OC(C)=O)cc1)c1cccc(OC(C)=O)c1)c1cccc(OC(C)=O)c1,4.835079193115234,0.22916666666666666,CC(CC(=O)c1ccccc1)C(=O)O
CHEMBL49011,CS(=O)(=O)c1ccc(C2=C(c3ccc(F)cc3)C(=O)N(c3ccc(C(F)(F)F)cc3)C2)cc1,5.77928352355957,0.21333333333333335,O=C(O)CNC(=O)c1ccc(S(=O)(=O)N2CCC(c3ccc(F)cc3)CC2)cc1
CHEMBL28550,Oc1ccc(/C(CC(F)(F)F)=C(\CC(F)(F)F)c2ccc(O)cc2)cc1,4.493354320526123,0.2,O=C(Cc1ccccc1)Oc1c(OC(=O)Cc2ccccc2)c(-c2ccc(O)cc2)c(O)c(O)c1-c1ccc(O)cc1
CHEMBL10063,CC(C)(C)c1ccc(C2=C(Cc3ccccc3)c3ccccc3C3=NCCCN32)cc1,5.91441535949707,0.16176470588235295,O=C(Cc1ccccc1)Oc1c(OC(=O)Cc2ccccc2)c(-c2ccc(O)cc2)c(O)c(O)c1-c1ccc(O)cc1
CHEMBL196387,CN(C)c1ccc(/C=C/c2ccc(OCC(CO)Cc3ccc(Br)cc3)cc2)cc1,4.389939308166504,0.18333333333333332,CC(C)Cc1ccc(C(=O)CCC(=O)O)cc1
CHEMBL23639,CN(C)CCOc1ccc2c(c1)CCCC(c1ccccc1)=C2c1ccccc1,4.627925395965576,0.2,O=C(O)CCC(=O)c1ccc2c(c1)CCC2
CHEMBL74267,COC(=O)/C(=C/c1cccc(OC)c1)c1cc(OC)c(OC)c(OC)c1,4.4228363037109375,0.2125,COc1ccccc1CNC(=O)Cn1c(CCC(=O)O)nc2c(Cl)cccc2c1=O
CHEMBL441739,COc1ccc(/C=C(/C#N)c2cc(OC)c(OC)c(OC)c2)cc1[N+](=O)[O-],5.485543251037598,0.16176470588235295,COc1cc2ncn(CC(=O)O)c(=O)c2cc1OC
CHEMBL193207,COc1ccc2c(c1)C(Br)=C(c1ccc(O)cc1)C2=O,4.674633026123047,0.3050847457627119,COc1ccc(Br)c(-c2nnc(CCC(=O)O)o2)c1
CHEMBL209530,O=C1CCC2(Cc3ccc(Cl)cc3)Cc3cc(O)ccc3C2=C1c1ccc(OCCN2CCCCC2)cc1,4.972266674041748,0.15789473684210525,CC(=O)C1=C(O)C(=O)N(CCc2ccc(Cl)c(Cl)c2)C1c1ccc(Br)cc1
CHEMBL272011,Cc1cccc(/C=C/c2ccc3nc(NC4CCN(C)CC4)n(Cc4nc(C)ccc4O)c3c2)c1,4.880119323730469,0.21428571428571427,CN1CCC(NS(=O)(=O)c2ccc(C(=O)NCC(=O)O)cc2)CC1
CHEMBL118754,C/C(=C\c1ccc(C(=O)O)cc1)c1ccc2c(c1)C(C)(C)CS2,6.906303405761719,0.21052631578947367,O=C(O)CCC(=O)c1ccc2c(c1)CCC2
CHEMBL183345,CCCCCS(=O)(=O)CCCCCCCCCC/C(=C(/CC)c1ccc(O)cc1)c1cccc(O)c1,6.323502540588379,0.17543859649122806,CC(CC(=O)c1ccccc1)C(=O)O
CHEMBL301582,COc1ccc(C2=C(c3ccc(S(C)(=O)=O)cc3)CN(c3cccc(F)c3)C2=O)cc1,5.517744541168213,0.2375,O=C(O)CNC(=O)c1ccc(S(=O)(=O)N2CCC(c3cccc(F)c3)CC2)cc1
CHEMBL267837,NS(=O)(=O)c1ccc2c(c1)/C(=C(\c1ccccc1)c1ccc[nH]1)C(=O)N2,6.04422664642334,0.21739130434782608,Nc1c(C(=O)c2ccccc2)sc2[nH]c(=O)c(C(=O)O)cc12
CHEMBL515341,COc1ccc2c(c1)NC(=O)/C2=C/c1ccc(OC)c(O)c1,4.531450271606445,0.21739130434782608,COc1ccc(Br)c(-c2nnc(CCC(=O)O)o2)c1
CHEMBL470993,Oc1ccc(C2=C(c3ccc(OCCN4CCC4)cc3)c3ccccc3OCC2)cc1,4.793254375457764,0.2028985507246377,O=C(Cc1ccccc1)Oc1c(OC(=O)Cc2ccccc2)c(-c2ccc(O)cc2)c(O)c(O)c1-c1ccc(O)cc1
CHEMBL22125,CCOC(=O)c1ccc(/C=C(\C)c2ccc3c(c2)C(C)(C)CCO3)cc1,7.237537384033203,0.18461538461538463,O=C(O)CCC(=O)c1ccc2c(c1)CCC2
CHEMBL246275,COc1cc2c(cc1OC)/C(=C\c1ccc(NC(=O)Nc3ccncc3)cc1)C(=O)N2,6.19948673248291,0.21739130434782608,COc1cc2ncn(CC(=O)O)c(=O)c2cc1OC
CHEMBL355755,O=C(CCN1CCN(c2ccc(F)cc2)CC1)NC1c2ccccc2C=Cc2ccccc21,5.026623249053955,0.26865671641791045,Cc1cc(C(=O)CN2CCCC2)c(C)n1-c1ccc(F)cc1
CHEMBL204697,CN(C)CCOc1ccc(/C(=C(/CCCC#N)c2ccccc2)c2ccc(O)cc2)cc1,5.412530899047852,0.2033898305084746,CC(CC(=O)c1ccccc1)C(=O)O
CHEMBL146449,COc1ccc(/C(C)=C/c2ccc(C(=O)O)cc2)cc1C12CC3CC(CC(C3)C1)C2,5.508339881896973,0.21311475409836064,O=C(O)CCC(=O)c1ccc2c(c1)CCC2
CHEMBL508442,CC(=O)OC[C@H]1O[C@@H](N2C(=O)/C(=C3/C(=O)Nc4ccc(Br)cc43)c3ccccc32)[C@H](OC(C)=O)[C@@H](OC(C)=O)[C@@H]1OC(C)=O,5.113457202911377,0.1956521739130435,CC(=O)C1=C(O)C(=O)N(CCc2ccc(Cl)c(Cl)c2)C1c1ccc(Br)cc1
CHEMBL129017,CN1C(=O)CC[C@]2(C)c3ccc(/C=C\c4ccccc4)cc3CC[C@@H]12,5.725193023681641,0.2077922077922078,Cn1cc(S(=O)(=O)N2CCC(c3ccccc3)CC2)cc1C(=O)NCC(=O)O
CHEMBL60060,COc1ccc(/C=C2/C(=O)N(C)c3ccc([N+](=O)[O-])cc32)cc1OC1CC2CCC1C2,4.3663649559021,0.1411764705882353,COc1cc2ncn(CC(=O)O)c(=O)c2cc1OC
CHEMBL329755,COC(=O)C1(C(=O)N(C)[C@H]2CCCC[C@@H]2N2CCCC2)C(c2ccccc2)=C1c1ccccc1,5.375075817108154,0.2714285714285714,O=C(O)CNC(=O)c1ccc(S(=O)(=O)N2CCC(N3CCCC3)CC2)cc1
CHEMBL317435,N=C(N)NCCN1c2ccccc2C=Cc2ccccc21,5.900839805603027,0.17647058823529413,CC(C)C[C@H](NC(=O)[C@H](CCCNC(=N)N)NC(=O)[C@@H](N)CC(C)C)C(=O)N[C@@H](CCCNC(=N)N)C(=O)NCC(=O)NCC(=O)O
CHEMBL88649,NS(=O)(=O)c1ccc(C2=C(c3ccc(OC(F)(F)F)cc3)CC3(CC3)C2)cc1,5.745075702667236,0.15789473684210525,O=C(O)CNC(=O)c1ccc(S(=O)(=O)N2CCC3(CC2)OCc2ccccc23)cc1
CHEMBL303224,CCC1=C(c2ccccc2)Cc2cc(O)ccc21,5.359611511230469,0.2222222222222222,O=C(Cc1ccccc1)Oc1c(OC(=O)Cc2ccccc2)c(-c2ccc(O)cc2)c(O)c(O)c1-c1ccc(O)cc1
CHEMBL340874,O=C1Nc2ccccc2/C1=C\c1c(Cl)cccc1Cl,4.569441795349121,0.15584415584415584,COc1ccccc1CNC(=O)Cn1c(CCC(=O)O)nc2c(Cl)cccc2c1=O
CHEMBL434922,COc1cccc(N2CCN(CCCC(=O)NC3c4ccccc4C=Cc4ccccc43)CC2)c1,4.735612869262695,0.2073170731707317,O=C(O)CNC(=O)c1ccc(S(=O)(=O)N2CCC(Oc3ccccc3)CC2)cc1
CHEMBL56516,O=S(=O)(Nc1ccc2c(/C=C/c3ccc4ccccc4c3)cccc2c1)C(F)(F)F,5.483633041381836,0.1686746987951807,O=C(O)CNC(=O)c1ccc(S(=O)(=O)N2CCC(c3cccc(C(F)(F)F)c3)CC2)cc1
CHEMBL68329,CCC1=C(c2ccc(O)cc2)C(=O)c2ccccc21,5.501356601715088,0.2857142857142857,O=C(Cc1ccccc1)Oc1c(OC(=O)Cc2ccccc2)c(-c2ccc(O)cc2)c(O)c(O)c1-c1ccc(O)cc1
CHEMBL345022,C/C(=C\c1ccc(C(=O)O)cc1)c1ccc(O)c(C2(C)CCCCC2)c1,6.911616802215576,0.23214285714285715,O=C(O)CCC(=O)c1ccc2c(c1)CCC2
CHEMBL321797,O=C1Nc2ccccc2/C1=C\c1ccc(N2CCOCC2)cc1,5.59160041809082,0.1643835616438356,O=C(O)CNC(=O)c1ccc(S(=O)(=O)N2CCC(N3CCOCC3)CC2)cc1
CHEMBL150295,O=P(O)(O)C(F)(F)c1ccc(/C=C/c2ccccc2)cc1,5.665506362915039,0.21818181818181817,O=C(O)CCc1nnc(-c2cccc(C(F)(F)F)c2)o1
CHEMBL21889,CCOC(=O)c1ccc(/C=C(\C)c2ccc3c(c2)C(C)(C)CCS3)cc1,7.256306648254394,0.1875,O=C(O)CCC(=O)c1ccc2c(c1)CCC2
CHEMBL390232,COc1ccccc1/C=C/c1ccccc1OC,4.481672286987305,0.18461538461538463,COc1ccccc1CNC(=O)Cn1c(CCC(=O)O)nc2c(Cl)cccc2c1=O
CHEMBL467407,C=C(C)[C@H]1CC[C@H](C)C[C@@H]1c1c(O)cc(/C=C/c2ccccc2O)cc1O,4.699728012084961,0.16455696202531644,CC1CN(S(=O)(=O)c2ccc(C(=O)NCC(=O)O)cc2)CCC1c1ccccc1
CHEMBL451490,COc1cc(/C=C/c2ccc3c(ccn3C)c2)cc(OC)c1OC,3.87809944152832,0.16393442622950818,COc1cc2ncn(CC(=O)O)c(=O)c2cc1OC
CHEMBL474730,COc1ccc(/C(=C/c2cc(OC)cc(OC)c2)C(F)(F)F)cc1,4.655446529388428,0.19672131147540983,COc1ccc(Br)c(-c2nnc(CCC(=O)O)o2)c1
CHEMBL473924,Oc1ccc(/C=C/c2ccc(F)cc2)cc1O,4.140350341796875,0.21568627450980393,Cc1cc(C(=O)CN2CCCC2)c(C)n1-c1ccc(F)cc1
CHEMBL111787,NS(=O)(=O)c1ccc(C2=C(c3ccc(F)c(F)c3)CCC2)cc1,5.39769458770752,0.24615384615384617,O=C(O)CNC(=O)c1ccc(S(=O)(=O)N2CCC(c3ccc(F)c(F)c3)CC2)cc1
CHEMBL353485,CC/C(=C(\c1ccc(I)cc1)c1ccc(OCCN2CCCC2)cc1)c1ccc(N)cc1,4.266227722167969,0.18309859154929578,Cc1cc(C(=O)CN2CCCC2)c(C)n1-c1ccc(F)cc1
CHEMBL274392,CCOc1ccc(CC2=C(c3ccc(CCc4ccccc4)cc3)N3CCCN=C3c3ccccc32)cc1,4.948158264160156,0.1643835616438356,O=C(Cc1ccccc1)Oc1c(OC(=O)Cc2ccccc2)c(-c2ccc(O)cc2)c(O)c(O)c1-c1ccc(O)cc1
CHEMBL227918,O=C1OC(O)C(c2ccc3ccccc3c2)=C1c1ccc2ccccc2c1,4.893607139587402,0.17307692307692307,O=C(O)CCc1nnc(-c2ccccc2)o1
CHEMBL449709,[O-][n+]1onc2cc(/C=C\c3ccc(Cl)cc3)ccc21,3.543295860290528,0.136986301369863,O=C(O)CNC(=O)c1ccc(S(=O)(=O)N2CCC(c3ccc(Cl)cc3)CC2)cn1
CHEMBL102519,CC(C)c1cc(/C=C2/C(=O)Nc3ccccc32)cc(C(C)C)c1O,5.888218402862549,0.2033898305084746,CC(C(=O)O)n1cnc2ccccc2c1=O
CHEMBL504510,O=C(O)CCCCCOc1ccc(/C=C/c2cc(O)cc(O)c2)cc1,3.858428955078125,0.24193548387096775,COc1ccc(Br)c(-c2nnc(CCC(=O)O)o2)c1
CHEMBL316965,OCC/C(=C(\c1ccccc1)c1ccc(O)cc1)c1ccccc1,5.84198522567749,0.2553191489361702,O=C(Cc1ccccc1)Oc1c(OC(=O)Cc2ccccc2)c(-c2ccc(O)cc2)c(O)c(O)c1-c1ccc(O)cc1
CHEMBL175104,CCOC(=O)c1ccc(/C=C(\C)c2ccc3c(c2)CCCC3)cc1,4.768972873687744,0.38,O=C(O)CCC(=O)c1ccc2c(c1)CCC2
CHEMBL175660,COc1cc(/C=C/c2ccc3ccccc3c2)cc(N)c1OC,5.167937278747559,0.1625,COc1ccccc1CNC(=O)Cn1c(CCC(=O)O)nc2c(Cl)cccc2c1=O
CHEMBL176943,CN(C)c1c([N+](=O)[O-])cc(/C=C/c2ccc3ccccc3c2)cc1[N+](=O)[O-],4.346484184265137,0.13333333333333333,CCC[C@H](NC(=O)/C(C#N)=C/c1cccc(Br)n1)c1ccccc1
CHEMBL175526,CCCCOc1ccc(/C=C/c2cc(OC)cc(OC)c2)cc1,4.538002014160156,0.2,COc1ccc(Br)c(-c2nnc(CCC(=O)O)o2)c1
CHEMBL315546,O=CN1CCN(c2ccc(/C=C3\C(=O)Nc4ccccc43)cc2)CC1,5.572318077087402,0.140625,CC(C(=O)O)n1cnc2ccccc2c1=O
CHEMBL180629,COc1cc(/C=C2/C(=O)/C(=C/c3ccc([N+](=O)[O-])cc3)c3ccccc32)cc(OC)c1OC,5.587427616119385,0.16417910447761194,COc1cc2ncn(CC(=O)O)c(=O)c2cc1OC
CHEMBL361413,Clc1ccc(/C=C\c2cc(Cl)cc(Cl)c2)cc1,4.1718292236328125,0.16071428571428573,O=C(O)CNC(=O)c1ccc(S(=O)(=O)N2CCC(c3ccc(Cl)cc3)CC2)cc1
CHEMBL477731,COc1cccc(/C=C/c2ccc(O[Si](C)(C)C(C)(C)C)cc2)c1,6.774975776672363,0.24193548387096775,COc1ccc(Br)c(-c2nnc(CCC(=O)O)o2)c1
CHEMBL166400,Cc1cccc(C2=C(c3ccc(S(C)(=O)=O)cc3)OC3(CCCCC3)C2=O)c1,6.120784759521484,0.17721518987341772,Cc1cc(S(=O)(=O)N2CCC(c3ccccc3)CC2)ccc1C(=O)NCC(=O)O
CHEMBL80605,CCN(CC)Cc1ccc(/C=C/c2ccccc2C(=O)NC(Cc2ccccc2)C(N)=O)cc1,4.521683216094971,0.23529411764705882,CC(C)(C)NS(=O)(=O)c1cccc2c(NC(=O)[C@H](Cc3ccccc3)NC(=O)C3CC3)cccc12
CHEMBL511971,Oc1ccc(C2=C(c3ccc(OCCN4CCCCC4)cc3)c3ccc(F)cc3OCC2)cc1,3.872593402862549,0.22077922077922077,Cc1cc(C(=O)CN2CCCC2)c(C)n1-c1ccc(F)cc1
CHEMBL192765,CSC1=C(c2ccc(O)cc2)C(=O)c2ccc(O)cc21,5.212070465087891,0.20754716981132076,O=C(Cc1ccccc1)Oc1c(OC(=O)Cc2ccccc2)c(-c2ccc(O)cc2)c(O)c(O)c1-c1ccc(O)cc1
CHEMBL104062,CC(=O)Nc1ccc(/C=C2\C(=O)Nc3ccc(C(=O)c4cccs4)cc32)cc1,5.96683406829834,0.24193548387096775,O=C(O)CCC(=O)c1cccs1
CHEMBL424353,COc1cccc(C2=C3c4cc(OC)c(OC)cc4CCN3C(=O)C2=O)c1,4.047563552856445,0.19117647058823528,COc1cc2ncn(CC(=O)O)c(=O)c2cc1OC
CHEMBL246895,COc1cc2c(cc1OC)/C(=C\c1ccc(NC(=O)Nc3ccc(F)cc3)cc1)C(=O)N2,5.318647384643555,0.2028985507246377,COc1cc2ncn(CC(=O)O)c(=O)c2cc1OC
CHEMBL87210,COc1cc(/C=C\c2ccc(O)cc2)cc(OC)c1OC,4.781785488128662,0.2,O=C(Cc1ccccc1)Oc1c(OC(=O)Cc2ccccc2)c(-c2ccc(O)cc2)c(O)c(O)c1-c1ccc(O)cc1
CHEMBL45664,COc1ccc(OC)c(/C=C\c2ccc(OC)c(C(=O)NCCc3ccc(F)cc3)c2)c1,4.588834285736084,0.2236842105263158,COc1ccc(Br)c(-c2nnc(CCC(=O)O)o2)c1
CHEMBL85330,CC/C(=C(/c1ccc(OCCN(C)C)cc1)c1cccc(I)c1)c1ccccc1,4.919034957885742,0.21428571428571427,CC(CC(=O)c1ccccc1)C(=O)O
CHEMBL142488,COc1cc(/C=C/c2ccc(O)c(CCF)c2)cc(OC)c1,4.633727550506592,0.2222222222222222,COc1ccc(Br)c(-c2nnc(CCC(=O)O)o2)c1
CHEMBL197392,Cc1ccc(/C(=C/c2cccc(-c3cc(C(C)C)cc4cccnc34)c2)c2ccc(S(C)(=O)=O)cc2)nc1,5.334352970123291,0.18181818181818182,Cc1ccc(C(=O)Nc2cccc(C(F)(F)F)c2)cc1Nc1nc(-c2cccnc2)nc2nn(C)cc12
CHEMBL218867,O=C1c2ccccc2/C(=C/c2ccc(O)cc2)c2sccc21,4.696033954620361,0.19298245614035087,O=C(Cc1ccccc1)Oc1c(OC(=O)Cc2ccccc2)c(-c2ccc(O)cc2)c(O)c(O)c1-c1ccc(O)cc1
CHEMBL373660,C=CCOc1cc(C2=C(c3cc(OC)c(OC)c(OC)c3)/C(=N\O)C(O)C2)ccc1OC,4.458049774169922,0.18309859154929578,COc1cc2ncn(CC(=O)O)c(=O)c2cc1OC
CHEMBL223835,C=CCOc1cc(C2=C(c3cc(OC)c(OC)c(OC)c3)C(=O)C(O)C2)ccc1OC,4.030886173248291,0.22058823529411764,COc1cc2ncn(CC(=O)O)c(=O)c2cc1OC
CHEMBL144864,COc1ccc(C(=O)/C(=C\c2ccccc2)c2ccccc2)cc1,5.841775894165039,0.2727272727272727,CC(CC(=O)c1ccccc1)C(=O)O
CHEMBL192166,COc1ccc(/C=C\c2cc(OC)c(OC)c(OC)c2)cc1OCCCl,5.1654558181762695,0.1864406779661017,COc1cc2ncn(CC(=O)O)c(=O)c2cc1OC
CHEMBL512641,COc1ccc(/C(F)=C(/Br)c2cc(OC)c(OC)c(OC)c2)cc1O,5.142910003662109,0.1774193548387097,COc1cc2oc(=O)cc(C)c2cc1CCC(=O)O
CHEMBL469128,CC(C)c1onc(COc2ccccc2Cl)c1COc1ccc(/C=C/c2cccc(C(=O)O)c2)c(Cl)c1,4.407439708709717,0.2054794520547945,CC(CC(=O)c1ccccc1)C(=O)O
CHEMBL74547,COc1ccc(/C=C/c2cc(OC)c(O[Si](C)(C)C(C)(C)C)c(OC)c2)cc1,7.089428901672363,0.2222222222222222,COc1ccc(Br)c(-c2nnc(CCC(=O)O)o2)c1
CHEMBL401101,COc1cc2cc(OC)c1OCCCCCCOc1ccc(cc1)/C=C\2,4.472147941589356,0.16129032258064516,COc1cc2oc(=O)cc(C)c2cc1CCC(=O)O
CHEMBL233858,COc1ccc(COc2ccccc2C2=C(c3cccc(C(=O)O)c3)CCC2)cc1,5.682111740112305,0.22666666666666666,COc1ccc(Br)c(-c2nnc(CCC(=O)O)o2)c1
CHEMBL181761,CCc1c(C)nc(O)c(N(C)C)c1C(=O)c1cccc(/C=C/c2ccccc2)c1,4.584064483642578,0.22413793103448276,CC(CC(=O)c1ccccc1)C(=O)O
CHEMBL225806,C(=C/c1ccc2nonc2c1)\c1ccc2c(c1)OCO2,3.8961899280548096,0.09230769230769231,O=C(O)CCc1nnc(-c2cccc(C(F)(F)F)c2)o1
CHEMBL311402,O=C1Nc2ccc(S(=O)(=O)N(CCO)CCO)cc2/C1=C/c1cc(Br)c(O)c(Br)c1,5.969084739685059,0.16666666666666666,O=C(O)CCC(=O)c1ccc2c(c1)CCC(=O)N2
CHEMBL225873,[O-][n+]1onc2cc(/C=C/c3cccc(F)c3)ccc21,3.8636555671691895,0.16216216216216217,O=C(O)CNC(=O)c1ccc(S(=O)(=O)N2CCC(c3cccc(F)c3)CC2)cc1
CHEMBL374239,O=c1cc(-c2cccc(-c3ccc(/C=C/c4ccccc4)cc3)c2)sc(N2CCOCC2)c1,5.175963401794434,0.16455696202531644,O=C(O)CNC(=O)c1ccc(S(=O)(=O)N2CCC(N3CCOCC3)CC2)cc1
CHEMBL500257,CC(C)=CCC/C(C)=C/Cc1c(O)cc(/C=C/c2ccccc2)cc1O,4.420910835266113,0.17307692307692307,CC(CC(=O)c1ccccc1)C(=O)O
CHEMBL524273,O=C(O)/C=C/c1ccc(O)c(O)c1/C(=C/c1ccc(O)c(O)c1)C(=O)O,4.523409843444824,0.14545454545454545,O=C(O)CCC(=O)c1cccs1
CHEMBL270427,CNc1ccc(/C=C/c2ccc(-c3nc4ccc(OCCF)cc4s3)cc2)cc1,4.869129180908203,0.13924050632911392,COc1ccc(Br)c(-c2nnc(CCC(=O)O)o2)c1
CHEMBL257734,CNc1ccc(/C=C/c2ccc(-c3nc4ccc(OCCF)cc4o3)cc2)cc1,4.886011123657227,0.18421052631578946,COc1ccc(Br)c(-c2nnc(CCC(=O)O)o2)c1
CHEMBL413126,C#CCN(C)CCSC1=Cc2ccccc2Oc2ccccc21,4.712957382202148,0.14925373134328357,O=C(O)CCc1nnc(-c2ccccc2I)o1
CHEMBL214885,COc1ccc(/C=C/c2cccc(C)c2)cc1,4.393924236297607,0.1896551724137931,COc1ccc(Br)c(-c2nnc(CCC(=O)O)o2)c1
CHEMBL58987,Cc1cc(/C=C/c2ccc(F)cc2F)cc(C)c1O,3.978999614715576,0.1896551724137931,Cc1cc(C(=O)CN2CCCC2)c(C)n1-c1ccc(F)cc1
CHEMBL160773,CN(C)CCCCOc1ccccc1/C=C/c1ccc(Cl)cc1,4.845346450805664,0.17073170731707318,COc1ccccc1CN(C)C(=O)Cn1c(CCC(=O)O)nc2c(Cl)cccc2c1=O
CHEMBL228674,COc1ccc(/C=C(\C(=O)c2cc(OC)c(OC)c(OC)c2)c2ccc(OC)cc2)cc1,5.27316951751709,0.21875,COc1ccc(Br)c(-c2nnc(CCC(=O)O)o2)c1
CHEMBL194829,O=C1Oc2ccccc2/C1=C\c1cccc(O)c1,4.969146251678467,0.17857142857142858,O=C(Cc1ccccc1)Oc1c(OC(=O)Cc2ccccc2)c(-c2ccc(O)cc2)c(O)c(O)c1-c1ccc(O)cc1
CHEMBL305634,O=C(O)c1cc(/C=C\c2ccc(/C=C/c3ccc(O)c(C(=O)O)c3)cc2Br)ccc1O,4.044129371643066,0.1935483870967742,COc1ccc(Br)c(-c2nnc(CCC(=O)O)o2)c1
CHEMBL466439,CC(C)c1onc(COc2cccc3ccccc23)c1COc1ccc(/C=C/c2cccc(C(=O)O)c2)c(Cl)c1,4.337580680847168,0.21153846153846154,COc1ccccc1CNC(=O)Cn1c(CCC(=O)O)nc2c(Cl)cccc2c1=O
CHEMBL492963,CC(C)c1onc(COc2ccc(Cl)cc2Cl)c1COc1ccc(/C=C/c2cccc(C(=O)O)c2)c(Cl)c1,3.721531391143799,0.18421052631578946,CC(CC(=O)c1ccccc1)C(=O)O
CHEMBL499477,Cc1noc(/C(=C/c2cccc(-n3cc(C(=O)Nc4c(Cl)cncc4Cl)c(=O)c4cccnc43)c2)c2ccc(S(C)(=O)=O)cc2)n1,4.710260391235352,0.21311475409836064,Cc1ccc(C(=O)Nc2cccc(C(F)(F)F)c2)cc1Nc1nc(-c2cccnc2)nc2nn(C)cc12
CHEMBL352492,CC1(C)OC(c2ccc(S(N)(=O)=O)c(F)c2)=C(c2cccc(F)c2)C1=O,6.356685638427734,0.189873417721519,O=C(O)CNC(=O)c1ccc(S(=O)(=O)N2CCC(c3ccccc3)CC2)c(F)c1
CHEMBL317179,CN(C(=O)C1(C(=O)O)C(c2ccccc2)=C1c1ccccc1)[C@H]1CCCC[C@@H]1N1CCCC1,5.37785005569458,0.25757575757575757,O=C(O)CCC(=O)c1ccc(S(=O)(=O)N2CCC(N3CCCC3)CC2)cc1
CHEMBL453899,O=C(O)c1cc(/C=C/c2ccccc2)cc(Br)c1O,5.410689353942871,0.23214285714285715,Nc1c(C(=O)c2ccccc2)sc2[nH]c(=O)c(C(=O)O)cc12
CHEMBL192586,O=C1C(c2ccc(O)cc2)=C(c2ccccc2)c2ccc(O)cc21,5.431633472442627,0.2916666666666667,O=C(Cc1ccccc1)Oc1c(OC(=O)Cc2ccccc2)c(-c2ccc(O)cc2)c(O)c(O)c1-c1ccc(O)cc1
CHEMBL330255,N#Cc1ccc(OCc2ccsc2)cc1/C=C(/C(=O)O)c1ccc2c(c1)OCO2,5.4573822021484375,0.16091954022988506,COc1ccc(Br)c(-c2nnc(CCC(=O)O)o2)c1
CHEMBL501898,COc1cc(/C=C/c2ccc(O)cc2)cc(O[C@@H]2O[C@H](CO[C@@H]3O[C@@H](C)[C@H](O)[C@@H](O)[C@H]3O)[C@@H](O)[C@H](O)[C@H]2O[C@@H]2O[C@@H](C)[C@H](O)[C@@H](O)[C@H]2O)c1,4.669611930847168,0.14942528735632185,COc1ccc(Br)c(-c2nnc(CCC(=O)O)o2)c1
CHEMBL6361,Nc1cc[n+](Cc2ccc(/C=C\c3ccc(C[n+]4ccc(N)c5ccccc54)cc3)cc2)c2ccccc12,4.024242401123047,0.125,Nc1c(C(=O)c2ccccc2)sc2[nH]c(=O)c(C(=O)O)cc12
CHEMBL129215,CCC1(CC)CC(c2ccc(F)cc2)=C(c2ccc(S(C)(=O)=O)cc2)C1,7.131605625152588,0.234375,O=C(O)CNC(=O)c1ccc(S(=O)(=O)N2CCC(c3ccc(F)cc3)CC2)cc1
CHEMBL456682,COc1ccc(/C=C\c2cc(OC)c3c(c2)OCO3)cc1NC(=O)[C@H](Cc1ccc(OC(C)(C)C)cc1)NC(=O)OCc1ccccc1,7.068511962890625,0.30303030303030304,CC(C)(C)NS(=O)(=O)c1cccc2c(NC(=O)[C@H](Cc3ccccc3)NC(=O)C3CC3)cccc12
CHEMBL507409,Oc1ccc([C@H]2c3c(O)cc(O)cc3[C@H]3c4c(cc(O)cc4[C@@H]2c2cc(/C=C/c4cc(O)cc5c4[C@H](c4cc(O)cc(O)c4)[C@@H](c4ccc(O)cc4)O5)ccc2O)O[C@@H]3c2ccc(O)cc2)cc1,3.8737521171569824,0.11392405063291139,O=C(Cc1ccccc1)Oc1c(OC(=O)Cc2ccccc2)c(-c2ccc(O)cc2)c(O)c(O)c1-c1ccc(O)cc1
CHEMBL42271,O=C(O)/C(=C\c1ccccc1)c1cc(C(=O)c2cccs2)ccc1O,5.088258266448975,0.3469387755102041,O=C(O)CCC(=O)c1cccs1
CHEMBL44382,COc1ccc(C2=C(c3ccc(SC)cc3)CC3CCCN3C2=O)cc1OC(=O)CNC(=O)OC(C)(C)C,5.6636881828308105,0.19791666666666666,O=C(O)CNC(=O)c1ccc(S(=O)(=O)N2CCC(N3CCCC3)CC2)cc1F
CHEMBL255457,COc1cc([N+](=O)[O-])c(/C=C\c2cc(OC)c(OC)c(OC)c2)cc1[N+](=O)[O-],4.231478691101074,0.16393442622950818,COc1cc2ncn(CC(=O)O)c(=O)c2cc1OC
CHEMBL210976,COc1cccc(/C=C\c2cc(OC)cc(OC)c2)c1,4.2494425773620605,0.2,COc1ccc(Br)c(-c2nnc(CCC(=O)O)o2)c1
CHEMBL237297,COc1cc2c(c(/C=C/c3ccccc3)c1C(=O)O)C(=O)c1c(O)cccc1C2=O,4.609411239624023,0.20454545454545456,COc1ccccc1CN(C)C(=O)Cn1c(CCC(=O)O)nc2c(Cl)cccc2c1=O
CHEMBL46552,CC/C(=C(\c1ccccc1)c1ccc(OCCN2CCCCC2)cc1)c1ccccc1,4.907041549682617,0.21428571428571427,O=C(O)CNC(=O)c1ccc(S(=O)(=O)N2CCC(Oc3ccccc3)CC2)cc1
CHEMBL175321,O=C1Nc2ccccc2/C1=C1\CCc2cc(O)ccc21,5.016231536865234,0.2413793103448276,O=C(O)CCC(=O)c1ccc2c(c1)CCC(=O)N2
CHEMBL353965,CC1(C)OC(c2ccc(S(N)(=O)=O)cc2)=C(c2cccc(C(F)(F)F)c2)C1=O,6.183040142059326,0.2878787878787879,O=C(O)CCc1nnc(-c2cccc(C(F)(F)F)c2)o1
CHEMBL80130,C1=C(c2ccccc2)N2CCN=C2c2ccccc21,4.946133136749268,0.19642857142857142,O=C(O)CCc1nnc(-c2ccccc2I)o1
CHEMBL424725,O=C1CCC2(Cc3ccccc3)Cc3c(ccc4[nH]ncc34)C2=C1c1ccc(OCCN2CCCCC2)cc1,5.006452560424805,0.15,O=C(O)CNC(=O)c1ccc(S(=O)(=O)N2CCC(Oc3ccccc3)CC2)cc1
CHEMBL75069,C/C(=C\c1ccc(C(=O)O)cc1)c1ccc(SCCC(C)C)cc1,4.517286777496338,0.2692307692307692,CC(C)Cc1ccc(C(=O)CCC(=O)O)cc1
CHEMBL82159,CCN(CC)CCOc1ccc(/C(=C(\c2ccccc2)[N+](=O)[O-])c2ccc(O)cc2)cc1,4.8580827713012695,0.21875,O=C(Cc1ccccc1)Oc1c(OC(=O)Cc2ccccc2)c(-c2ccc(O)cc2)c(O)c(O)c1-c1ccc(O)cc1
CHEMBL233144,O=C(NCC1CCCO1)c1ccc(/C=C\c2ccc(O)c(O)c2)cc1,2.9882068634033203,0.2727272727272727,O=C(O)CNC(=O)c1ccc(S(=O)(=O)N2CCC(C3CCCC3)CC2)cc1
CHEMBL318215,COc1cccc(C2=C(c3ccccc3)C2C(=O)N(C)[C@H]2CCCC[C@@H]2N2CCCC2)c1,4.834641456604004,0.21518987341772153,O=C(O)CNC(=O)c1ccc(S(=O)(=O)N2CCC(Oc3ccccc3)CC2)cc1
CHEMBL269003,C/C(=C(/C)c1ccc(O)cc1)c1ccc(O)cc1,3.860329627990722,0.20588235294117646,CC(C)c1ccc(C(=O)CCC(=O)O)cc1
CHEMBL14527,C=CCOc1ccc2c(c1)SCc1ccccc1/C(CC)=C\2c1ccccc1,5.125637531280518,0.14666666666666667,O=C(O)CNC(=O)c1ccc(S(=O)(=O)N2Cc3ccccc3C2)cc1
CHEMBL277511,CC/C1=C(\c2ccc(O)cc2)c2ccc(OCCN(C)C)cc2CCc2ccccc21,5.074931144714356,0.20588235294117646,O=C(Cc1ccccc1)Oc1c(OC(=O)Cc2ccccc2)c(-c2ccc(O)cc2)c(O)c(O)c1-c1ccc(O)cc1
CHEMBL280771,CCC(=C(c1ccccc1)c1ccccc1)c1ccc(OC(C)=O)c(OC(C)=O)c1,5.242544174194336,0.2826086956521739,CC(CC(=O)c1ccccc1)C(=O)O
CHEMBL196969,CC(C)c1cc(-c2cccc(/C=C(\c3ccc(S(C)(=O)=O)cc3)c3nccs3)c2)c2ncccc2c1,5.217502593994141,0.17333333333333334,CC(C)c1ccc(C(=O)CCC(=O)O)cc1
CHEMBL373469,COc1ccc(C2=C(c3cc(OC)c(OC)c(OC)c3)C(=O)CC2O[SiH2]C(C)(C)C)cc1O,6.899847030639648,0.17333333333333334,COc1cc2oc(=O)cc(C)c2cc1CCC(=O)O
CHEMBL425978,O=C1c2ccccc2/C(=C/c2ccc([N+](=O)[O-])cc2)c2sccc21,4.504363536834717,0.14285714285714285,O=C(O)CCC(=O)c1cccs1
CHEMBL467780,COc1ccc(/C(F)=C(/F)c2cc(OC)c(OC)c(OC)c2)cc1[N+](=O)[O-],4.420737266540527,0.18032786885245902,COc1cc2ncn(CC(=O)O)c(=O)c2cc1OC
CHEMBL530974,CN(C)CCOc1ccc(/C(=C(/CCCn2ccnc2)c2ccccc2)c2ccc(O)cc2)cc1,4.882936477661133,0.17567567567567569,O=C(Cc1ccccc1)Oc1c(OC(=O)Cc2ccccc2)c(-c2ccc(O)cc2)c(O)c(O)c1-c1ccc(O)cc1
CHEMBL415524,CCc1ccccc1/C=C1\Oc2ccc(F)cc2-c2ccc3c(c21)C(C)=CC(C)(C)N3,5.896023750305176,0.14457831325301204,Cc1cc(C(=O)CN2CCCC2)c(C)n1-c1ccc(F)cc1
CHEMBL136464,CC1=CC(C)(C)Nc2ccc3c(c21)/C(=C/c1ccc(F)cc1)Oc1ccccc1-3,5.794313907623291,0.12987012987012986,Cc1cc(C(=O)CN2CCCC2)c(C)n1-c1ccc(F)cc1
CHEMBL164014,CCC1=C(c2cccc(C(C)=O)c2)C(C)c2ccc(C(C)=O)cc21,4.915809631347656,0.21568627450980393,CC(CC(=O)c1ccccc1)C(=O)O
CHEMBL84903,COc1ccc(/C=C\c2ccc3ccccc3c2)cc1O,4.743500232696533,0.17543859649122806,COc1cc2ncn(CC(=O)O)c(=O)c2cc1OC
CHEMBL402034,COc1cc(N)c(/C=C\c2cc(OC)c(OC)c(OC)c2)cc1[N+](=O)[O-].Cl,4.73451042175293,0.15384615384615385,COc1cc2ncn(CC(=O)O)c(=O)c2cc1OC
CHEMBL198527,CC(C)NC(=O)/C(=C/c1cccc(-c2cc(C(C)(C)S(C)(=O)=O)cc3cccnc23)c1)c1ccc(S(C)(=O)=O)cc1,6.0905375480651855,0.1919191919191919,O=C(O)CNC(=O)c1ccc(S(=O)(=O)N2CCC(c3cccc(C(F)(F)F)c3)CC2)cc1
CHEMBL371037,CC(C)NC(=O)/C(=C/c1cccc(-c2cc(C(C)(C)C#N)cc3cccnc23)c1)c1ccc(S(C)(=O)=O)cc1,6.66144323348999,0.20618556701030927,CCC[C@H](NC(=O)/C(C#N)=C/c1cccc(Br)n1)c1ccccc1
CHEMBL400695,O=C(Cc1ccc(O)cc1)N1CC(c2ccc(O)cc2)=C(c2ccc(O)cc2)C1=O,4.04018497467041,0.3076923076923077,O=C(Cc1ccccc1)Oc1c(OC(=O)Cc2ccccc2)c(-c2ccc(O)cc2)c(O)c(O)c1-c1ccc(O)cc1
CHEMBL455940,O=C(O)CC1=C/C(=C\c2ccccc2)c2ccc(F)cc21,4.456160068511963,0.20833333333333334,O=C(O)CNC(=O)c1ccc(S(=O)(=O)N2CCC(c3cccc(F)c3)CC2)cc1
CHEMBL240343,CC/C(=C(/c1ccc(OCCN)cc1)c1cccc(I)c1)c1ccccc1,5.728699684143066,0.2222222222222222,CC(CC(=O)c1ccccc1)C(=O)O
CHEMBL382128,COc1ccc(C2=C(c3cc(OC)c(OC)c(OC)c3)C(=O)NC2=O)cc1O,4.741607666015625,0.2033898305084746,COc1cc2ncn(CC(=O)O)c(=O)c2cc1OC
CHEMBL195170,COc1ccc(/C=C/c2cc(OC)c(OC)c(OC)c2)cc1[N+](=O)[O-],4.714943885803223,0.16666666666666666,COc1cc2ncn(CC(=O)O)c(=O)c2cc1OC
CHEMBL209133,O=[N+]([O-])c1ccc(/C=C/c2ccc(O)cc2)cc1,4.201584339141846,0.1875,O=C(Cc1ccccc1)Oc1c(OC(=O)Cc2ccccc2)c(-c2ccc(O)cc2)c(O)c(O)c1-c1ccc(O)cc1
CHEMBL8959,COc1ccc(/C=C/c2cc(C(C)(C)C)c(O)c(C(C)(C)C)c2)cc1,6.236626625061035,0.2,COc1ccc(Br)c(-c2nnc(CCC(=O)O)o2)c1
CHEMBL426563,COc1cc(C2=C(c3ccc(SC)cc3)CC(O[SiH2]C(C)(C)C)C2=O)cc(OC)c1OC,7.09588623046875,0.15789473684210525,COc1cc2oc(=O)cc(C)c2cc1CCC(=O)O
CHEMBL67288,CC(=O)NC[C@H]1CN(c2ccc(/C=C(\Br)c3ccc(C#N)cc3)c(F)c2)C(=O)O1,4.605564117431641,0.25882352941176473,Cc1cc(C(=O)CN2CCC(O)CC2)c(C)n1-c1ccc(C#N)cc1
CHEMBL137024,O=C1NC(=O)C(c2ccc(O)c(O)c2)=C1c1ccc(O)c(O)c1,4.651392459869385,0.1836734693877551,O=C(O)CCC(=O)c1ccc2c(c1)CCC(=O)N2
CHEMBL430821,Nc1nc(N)c2nc(CN3c4ccccc4C=Cc4cc(OCCCC(=O)O)ccc43)cnc2n1,4.441065311431885,0.20253164556962025,O=C(O)CCc1nnc(-c2ccccc2I)o1
CHEMBL75404,COc1cc(/C=C\c2ccc(SC)cc2)cc(OC)c1OC,4.717107772827148,0.16071428571428573,COc1cc2ncn(CC(=O)O)c(=O)c2cc1OC
CHEMBL342426,CC1=CC(C)(C)Nc2ccc3c(c21)/C(=C/c1ccc(F)c(F)c1)Oc1ccccc1-3,5.757261753082275,0.12149532710280374,Cc1cc(Cl)cc(-c2ccnc3cc(CN4C(=O)C5C(C4=O)C5(C)C)sc23)c1O[C@@H]1CCNC[C@@H]1C
CHEMBL352430,CC1(C)OC(c2ccc(S(C)(=O)=O)cc2)=C(c2ccc(Br)cc2)C1=O,6.594525337219238,0.18840579710144928,O=C(O)CNC(=O)c1ccc(S(=O)(=O)N2CCC(c3ccc(Br)cc3)CC2)cc1
CHEMBL207594,C[S+]([O-])c1ccc(C2=C(c3ccccc3)C(=O)OC2)cc1,4.890554428100586,0.18867924528301888,O=C(O)CCc1nnc(-c2ccccc2)o1
CHEMBL216984,CCc1cccc2c1CNc1c(cccc1CCc1ccccc1)/C=C\2COc1ccc([N+](=O)[O-])cc1,4.4522552490234375,0.15841584158415842,COc1ccccc1CNC(=O)Cn1c(CCC(=O)O)nc2c(Cl)cccc2c1=O
CHEMBL113339,COc1cc(/C=C/c2cc(O)cc(O[C@@H]3O[C@H](CO)[C@@H](O)[C@H](O)[C@H]3O)c2)ccc1O,4.236605167388916,0.15789473684210525,COc1cc2oc(=O)cc(C)c2cc1CCC(=O)O
CHEMBL580077,Cc1ccc(N2C(=O)C3C(C2=O)C2(c4ccccc4)C(=O)C3(c3ccccc3)C(c3ccccc3)=C2c2ccccc2)c(C)c1,5.283785343170166,0.2,Cc1cc(C(=O)NCC(=O)O)ccc1S(=O)(=O)N1CCC(c2ccccc2)CC1
CHEMBL123515,COc1ccc(/C=C2\C=C(CCN3CCOCC3)c3ccccc32)c2ccccc12,4.487057685852051,0.19101123595505617,COc1ccccc1CNC(=O)Cn1c(CCC(=O)O)nc2c(Cl)cccc2c1=O
CHEMBL214699,COc1cc2c(cc1C)NC(=O)/C2=C/c1cc(OC)c(OC)c(OC)c1,3.976050138473511,0.203125,COc1cc2oc(=O)cc(C)c2cc1CCC(=O)O
CHEMBL387179,COc1cc(/C=C2/C(=O)N(C)c3ccccc32)cc(OC)c1OC,5.281733512878418,0.1935483870967742,COc1cc2ncn(CC(=O)O)c(=O)c2cc1OC
CHEMBL218560,COc1cc(/C=C2/C(=O)N(c3ccccc3)c3ccccc32)cc(OC)c1OC,5.459732055664063,0.203125,COc1cc2ncn(CC(=O)O)c(=O)c2cc1OC
CHEMBL65499,COc1ccc(/C(=C(/C#N)c2ccccc2)c2ccc(O)cc2)cc1,6.300674915313721,0.2222222222222222,O=C(Cc1ccccc1)Oc1c(OC(=O)Cc2ccccc2)c(-c2ccc(O)cc2)c(O)c(O)c1-c1ccc(O)cc1
CHEMBL300047,CS(=O)(=O)c1ccc(C2=C(c3ccc(F)cc3)C(=O)N(c3ccccc3F)C2)cc1,4.993936538696289,0.20270270270270271,O=C(O)CNC(=O)c1ccc(S(=O)(=O)N2CCC(c3ccc(F)cc3)CC2)cc1
CHEMBL197216,O=C1Oc2ccccc2/C1=C\c1cc(O)c(O)c(O)c1,5.251553535461426,0.17543859649122806,O=C(O)CCc1nnc(-c2ccccc2I)o1
CHEMBL515831,O=C(O)CC1=C/C(=C\c2cccc3cccnc23)c2ccc(F)cc21,3.937234878540039,0.1951219512195122,O=C(O)CNC(=O)c1ccc(S(=O)(=O)N2CCC(c3cccc(F)c3)CC2)cc1
CHEMBL67688,CC(=O)NC[C@H]1CN(c2ccc(/C=C(\F)c3cccc(C(C)=O)c3)c(F)c2)C(=O)O1,4.524730682373047,0.2159090909090909,O=C(O)CNC(=O)c1ccc(S(=O)(=O)N2CCC(c3ccccc3)CC2)c(F)c1
CHEMBL109339,Oc1ccc(C2=Cc3ccccc3OC2c2ccc(OCCN3CCCCC3)cc2)cc1,4.802993774414063,0.19718309859154928,O=C(Cc1ccccc1)Oc1c(OC(=O)Cc2ccccc2)c(-c2ccc(O)cc2)c(O)c(O)c1-c1ccc(O)cc1
CHEMBL327384,CS(=O)(=O)c1ccc(C2=C(c3ccc(Cl)cc3)CC3(CC3)C2)cc1,6.1317973136901855,0.2222222222222222,O=C(O)CNC(=O)c1ccc(S(=O)(=O)N2CCC(c3ccc(Cl)cc3)CC2)cc1
CHEMBL395284,O=C(O)c1cccc(C2=C(c3cc(Br)ccc3OCc3ccc(F)cc3)CCC2)c1,5.162753105163574,0.208955223880597,O=C(O)CCC(=O)c1ccc2c(c1)CCC2
CHEMBL38776,CCNC(=O)/C=C/c1ccc(/C(=C(/CC)c2ccccc2)c2ccccc2)cc1,5.85338306427002,0.2653061224489796,CC(CC(=O)c1ccccc1)C(=O)O
CHEMBL480649,COc1c(C)c(O)cc2c1Oc1cccc(O)c1C=C2,4.350034713745117,0.16923076923076924,COc1cc2oc(=O)cc(C)c2cc1CCC(=O)O
CHEMBL187145,CCCCCC/C(=C\c1ccccc1)c1ccc(S(C)(=O)=O)cc1,6.246760368347168,0.25396825396825395,O=C(O)CCC(=O)c1ccc(S(=O)(=O)N2CCC(c3ccccc3)CC2)cc1
CHEMBL387605,O=C(O)c1cccc(C2=C(c3cc(Br)ccc3OCc3ccc(F)cc3F)CCC2)c1,5.027435779571533,0.2,O=C(O)CCC(=O)c1ccc2c(c1)CCC2
CHEMBL395776,Oc1ccc(/C=C/c2c(F)c(F)c(/C=C/c3ccc(O)cc3)c(F)c2F)cc1,4.41647481918335,0.17391304347826086,O=C(Cc1ccccc1)Oc1c(OC(=O)Cc2ccccc2)c(-c2ccc(O)cc2)c(O)c(O)c1-c1ccc(O)cc1
CHEMBL221938,COc1ccc(C2=C(c3cc(OC)c(OC)c(OC)c3)C(=O)C(OC(C)=O)C2)cc1OC(C)C,3.816997528076172,0.19718309859154928,COc1cc2ncn(CC(=O)O)c(=O)c2cc1OC
CHEMBL222404,COc1ccc(C2=C(c3cc(OC)c(OC)c(OC)c3)/C(=N\O)CC2OC(C)=O)cc1O,4.4190521240234375,0.1643835616438356,COc1cc2ncn(CC(=O)O)c(=O)c2cc1OC
CHEMBL222191,COc1ccc(C2=C(c3cc(OC)c(OC)c(OC)c3)/C(=N\O)C(O)C2)cc1Cl,4.336083889007568,0.16091954022988506,COc1ccccc1CNC(=O)Cn1c(CCC(=O)O)nc2c(Cl)cccc2c1=O
CHEMBL483227,COc1ccc(C2=C(c3ccc(O)cc3)CN3CCC[C@@H]3C2)cc1OC,4.076059341430664,0.2,O=C(O)CCC(=O)c1ccc(S(=O)(=O)N2CCC(N3CCCC3)CC2)cc1
CHEMBL373656,COc1ccc(C2=C(c3cc(OC)c(OC)c(OC)c3)C(=O)C(O)C2)cc1Cl,3.828224182128906,0.19047619047619047,COc1ccccc1CNC(=O)Cn1c(CCC(=O)O)nc2c(Cl)cccc2c1=O
CHEMBL219219,COc1cc(O)cc(/C=C/c2ccc(O)cc2OC)c1,4.471677780151367,0.21428571428571427,COc1cc2ncn(CC(=O)O)c(=O)c2cc1OC
CHEMBL231773,COc1ccc(/C=C/c2cc(OC)c(CCCCCCCCCCCCO)c(OC)c2)cc1,5.1139678955078125,0.21875,COc1ccc(Br)c(-c2nnc(CCC(=O)O)o2)c1
CHEMBL163161,COc1ccc(/C=C2/C(C)=C(CC(=O)O)c3cc(F)ccc32)cc1,4.153420448303223,0.26865671641791045,COc1ccc(Br)c(-c2nnc(CCC(=O)O)o2)c1
CHEMBL462484,COc1ccc2c(c1O)CCCC(c1cc(OC)c(OC)c(OC)c1)=C2,4.271499156951904,0.16923076923076924,COc1cc2oc(=O)cc(C)c2cc1CCC(=O)O
CHEMBL74247,COc1cc(/C=C/c2ccc(C(C)C)cc2)cc(OC)c1OC,4.923566818237305,0.25,CC(C)c1ccc(C(=O)CCC(=O)O)cc1
CHEMBL503114,CC(=O)Nc1nc(C)c(S(=O)(=O)Nc2ccc(C(=O)Nc3ccc4c(c3)N(O)C(=O)/C4=C(\O)c3ccccc3)cc2)s1,5.729726791381836,0.21505376344086022,Cc1cc(C(=O)NCC(=O)O)ccc1S(=O)(=O)N1CCC(c2ccccc2)CC1
CHEMBL457428,CC(C)OP(=O)(OC(C)C)N1CCC[C@H]1C(=O)Nc1ccc(/C=C/c2ccccc2)cc1,6.084651947021484,0.23376623376623376,O=C(O)CNC(=O)c1ccc(S(=O)(=O)N2CCCC(c3ccccc3)CC2)cc1
CHEMBL186274,Cc1ccc(C2=C(c3ccc(OCCN(C)C)cc3)c3ccccc3OCC2)cc1,4.742609977722168,0.1267605633802817,O=C(Cc1ccccc1)Oc1c(OC(=O)Cc2ccccc2)c(-c2ccc(O)cc2)c(O)c(O)c1-c1ccc(O)cc1
CHEMBL395394,OCCCCCCCCCCCCc1c(O)cc(/C=C/c2ccc(O)cc2)cc1O,4.991033554077148,0.16363636363636364,O=C(Cc1ccccc1)Oc1c(OC(=O)Cc2ccccc2)c(-c2ccc(O)cc2)c(O)c(O)c1-c1ccc(O)cc1
CHEMBL234280,COc1ccc(COc2ccc(Br)cc2C2=C(c3cccc(C(=O)O)c3)CCC2)cc1,5.256820201873779,0.24675324675324675,COc1ccc(Br)c(-c2nnc(CCC(=O)O)o2)c1
CHEMBL447307,O=C1Nc2ccc(/C=C/c3cccc(Cl)c3)cc2C1=O,5.352657318115234,0.1724137931034483,O=C(O)CCC(=O)c1ccc2c(c1)CCC(=O)N2
CHEMBL195515,CC/C(=C(\c1ccc(O)cc1)c1ccc(/C=C/C(=O)O)cc1)c1ccccc1,5.525327205657959,0.2708333333333333,CC(CC(=O)c1ccccc1)C(=O)O
CHEMBL437700,CNCCC/C(=C(\c1ccc(O)cc1)c1ccc(OCCN(C)C)cc1)c1ccccc1,4.844917297363281,0.19696969696969696,O=C(Cc1ccccc1)Oc1c(OC(=O)Cc2ccccc2)c(-c2ccc(O)cc2)c(O)c(O)c1-c1ccc(O)cc1
CHEMBL175028,CCCCCCCCCCCCCCCC(=C(c1ccccc1)c1ccccc1)c1ccc(S(=O)(=O)OC)cc1,6.125038146972656,0.2698412698412698,O=C(O)CCC(=O)c1ccc(S(=O)(=O)N2CCC(c3ccccc3)CC2)cc1
CHEMBL352256,CN(C)CCCCOc1ccccc1/C=C/c1ccccc1F,4.872418403625488,0.14814814814814814,COc1ccccc1CN(C)C(=O)Cn1c(CCC(=O)O)nc2c(Cl)cccc2c1=O
CHEMBL477963,COc1cc(/C=C2/C(=O)Nc3ccccc32)cc(OC)c1,5.366570949554443,0.18461538461538463,COc1ccc(Br)c(-c2nnc(CCC(=O)O)o2)c1
CHEMBL434819,COC(=O)c1ccc(C=C2c3cccc(O)c3C(=O)c3c(O)cccc32)cc1,5.418863296508789,0.17567567567567569,Cc1cc(C(=O)NCC(=O)O)ccc1S(=O)(=O)N1CCC(c2ccccc2)CC1
CHEMBL55961,CC/C(=C(\c1ccccc1)c1cccc(OC(C)=O)c1)c1ccc(OC(C)=O)cc1,5.275938510894775,0.2708333333333333,CC(CC(=O)c1ccccc1)C(=O)O
CHEMBL460649,OC[C@H]1O[C@@H](Oc2cc(O)cc(O)c2/C=C/c2ccc(O)cc2)[C@H](O)[C@@H](O)[C@@H]1O,3.643464088439941,0.14925373134328357,O=C(Cc1ccccc1)Oc1c(OC(=O)Cc2ccccc2)c(-c2ccc(O)cc2)c(O)c(O)c1-c1ccc(O)cc1
CHEMBL83891,CCCC1Cc2cc(O)ccc2C2=C1c1ccc(O)cc1CC2CCC,3.0890164375305176,0.1568627450980392,O=C(O)CCC(=O)c1ccc2c(c1)CCC2
CHEMBL521073,O=C1/C(=C/c2ccccc2Cl)c2ccccc2N1c1c(Cl)cccc1Cl,5.034272193908691,0.175,COc1ccccc1CN(C)C(=O)Cn1c(CCC(=O)O)nc2c(Cl)cccc2c1=O
CHEMBL226411,[O-][n+]1onc2cc(/C=C\c3ccc4nonc4c3)ccc21,3.780135154724121,0.08955223880597014,O=C(O)CCc1nnc(-c2cccc(C(F)(F)F)c2)o1
CHEMBL223222,COC(=O)C1=C(C(=O)OC)C2OC1C(c1ccc(O)cc1)=C2c1ccc(O)cc1,3.899093627929688,0.2653061224489796,O=C(Cc1ccccc1)Oc1c(OC(=O)Cc2ccccc2)c(-c2ccc(O)cc2)c(O)c(O)c1-c1ccc(O)cc1
CHEMBL173161,O=C(CCCN1CCN(c2ccc(F)cc2)CC1)NC1c2ccccc2C=Cc2ccccc21,5.075219631195068,0.2608695652173913,Cc1cc(C(=O)CN2CCCC2)c(C)n1-c1ccc(F)cc1
CHEMBL420943,C1=C(c2ccc(-c3ccccc3)cc2)N2CCN=C2c2ccccc21,4.971590518951416,0.1896551724137931,O=C(O)CCc1nnc(-c2ccccc2I)o1
CHEMBL198722,CC(c1cc(-c2cccc(/C=C(\c3ccc(S(C)(=O)=O)cc3)c3ncc(C(C)(C)O)s3)c2)c2ncccc2c1)S(C)(=O)=O,5.966037750244141,0.18421052631578946,Cc1ccc(C(=O)Nc2cccc(C(F)(F)F)c2)cc1Nc1nc(-c2cccnc2)nc2nn(C)cc12
CHEMBL170569,FC(F)(F)C(F)(F)C(=C(c1ccccc1)c1ccccc1)c1ccccc1,5.366193771362305,0.24324324324324326,CC(CC(=O)c1ccccc1)C(=O)O
CHEMBL470939,CC/C(=C\c1cc(OC)cc(OC)c1)c1ccc(OC)c(OC)c1,4.361089706420898,0.20689655172413793,COc1cc2ncn(CC(=O)O)c(=O)c2cc1OC
CHEMBL390188,O=C(O)c1cccc(C2=C(c3cc(Br)ccc3OCc3ccc(Cl)cc3F)CCC2)c1,5.022592544555664,0.19444444444444445,O=C(O)CCC(=O)c1ccc2c(c1)CCC2
CHEMBL65214,COc1cc(/C=C/c2ccc(Br)cc2)cc(OC)c1,4.8387451171875,0.21818181818181817,COc1ccc(Br)c(-c2nnc(CCC(=O)O)o2)c1
CHEMBL221452,COc1ccc(C2=C(c3cc(OC)c(OC)c(OC)c3)/C(=N\O)C(O)C2)cc1OC(C)C,4.617695331573486,0.15714285714285714,COc1cc2ncn(CC(=O)O)c(=O)c2cc1OC
CHEMBL225526,COc1ccc(C2=C(c3cc(OC)c(OC)c(OC)c3)C(=O)C(OC(C)=O)C2)cc1O,3.8962206840515137,0.18840579710144928,COc1cc2ncn(CC(=O)O)c(=O)c2cc1OC
CHEMBL525902,CC(=O)Nc1ccc2c(c1)NC(=O)/C2=C(\Nc1ccc(CN2CCCCC2)cc1)c1ccccc1,5.218282699584961,0.20689655172413793,Cc1cc(C(=O)NCC(=O)O)ccc1S(=O)(=O)N1CCC(c2ccccc2)CC1
CHEMBL308843,C/C=C1/c2ccccc2C=C(N2CCN(C)CC2)c2cc(Cl)ccc21,5.391314506530762,0.1518987341772152,Cn1cc(S(=O)(=O)N2CCC(c3ccccc3)CC2)cc1C(=O)NCC(=O)O
CHEMBL464884,O=C(O)/C=C/c1ccc(O)c(O)c1/C=C/c1ccc(O)c(O)c1,4.667234897613525,0.15517241379310345,O=C(Cc1ccccc1)Oc1c(OC(=O)Cc2ccccc2)c(-c2ccc(O)cc2)c(O)c(O)c1-c1ccc(O)cc1
CHEMBL300647,CN(C)C1C=CC2(CC1)c1ccccc1C=Cc1ccc(Cl)cc12,5.198122024536133,0.13924050632911392,O=C(O)CNC(=O)c1ccc(S(=O)(=O)N2CCC(c3ccccc3)CC2)cc1Cl
CHEMBL433718,Cc1c2cc[n+](CC(=O)NCCCCCNCCOc3ccc(/C(=C(/Cl)c4ccccc4)c4ccccc4)cc3)cc2c(C)c2c1[nH]c1ccc(O)cc12.[Cl-],5.000940322875977,0.18095238095238095,O=C(O)CNC(=O)c1ccc(S(=O)(=O)N2CCC(Oc3ccccc3)CC2)cc1
CHEMBL179510,FC(F)(F)c1ccc(/C=C/c2cc(Cl)cc(Cl)c2)cc1,4.9489946365356445,0.18181818181818182,O=C(O)CCc1nnc(-c2cccc(C(F)(F)F)c2)o1
CHEMBL71789,O=C(O)C1CCCN(CCOC2c3ccccc3C=Cc3ccccc32)C1,4.122894287109375,0.22972972972972974,O=C(O)CNC(=O)c1ccc(S(=O)(=O)N2CCCC(c3ccccc3)CC2)cc1
CHEMBL46909,COc1cc(/C=C/c2ccc(OC)cc2OC)cc(OC)c1,4.127285003662109,0.20754716981132076,COc1cc2ncn(CC(=O)O)c(=O)c2cc1OC
CHEMBL92443,C=C1C(c2ccccc2)=C(c2ccc(S(C)(=O)=O)cc2)C1(C)C,5.740659713745117,0.21311475409836064,O=C(O)CCC(=O)c1ccc(S(=O)(=O)N2CCC(c3ccccc3)CC2)cc1
CHEMBL297505,Cc1ccccc1C1=C(c2ccc(O)cc2)c2ccc(O)cc2C1,4.715649604797363,0.21428571428571427,O=C(Cc1ccccc1)Oc1c(OC(=O)Cc2ccccc2)c(-c2ccc(O)cc2)c(O)c(O)c1-c1ccc(O)cc1
CHEMBL44704,COc1ccc(/C=C\c2cc(O)c(OC)c(OC)c2)cc1OC,4.627913475036621,0.2,COc1cc2ncn(CC(=O)O)c(=O)c2cc1OC
CHEMBL208085,Oc1ccc2c(c1)O[C@H](c1ccc(OCCN3CCCCC3)cc1)C1=C2COc2cc(O)ccc21,3.702219247817993,0.16455696202531644,Cc1cc(C(=O)CN2CCCC2)c(C)n1-c1ccc(F)cc1
CHEMBL281053,C1=Cc2ccccc2C2(OC[C@H]([C@@H]3CCCCN3)O2)c2ccccc21,5.028347969055176,0.13924050632911392,O=C(O)CNC(=O)c1ccc(S(=O)(=O)N2CCC3(CC2)OCc2ccccc23)cc1
CHEMBL92766,Cc1ccc(C2=C(c3ccccc3)Cc3cc(O)ccc32)cc1,5.666660308837891,0.21428571428571427,O=C(Cc1ccccc1)Oc1c(OC(=O)Cc2ccccc2)c(-c2ccc(O)cc2)c(O)c(O)c1-c1ccc(O)cc1
CHEMBL190499,COC(=O)/C=C/c1cccc(N(Cc2ccc(/C=C/c3c(C)cc(C)cc3C)cc2)C(=O)NC(C)C)c1,4.52358865737915,0.16842105263157894,CC(C)(C)NS(=O)(=O)c1cccc2c(NC(=O)[C@H](Cc3ccccc3)NC(=O)C3CC3)cccc12
CHEMBL104416,CC/C(=C(/c1ccc(OCC(=O)O)cc1)c1cccc(O)c1)c1ccccc1,4.558692932128906,0.2549019607843137,CC(CC(=O)c1ccccc1)C(=O)O
CHEMBL514390,CCN1C(c2ccccc2)=C(c2ccccc2)S/C1=C/C=C/c1sc2c3ccccc3ccc2[n+]1CC,4.318427085876465,0.14,COc1ccccc1CN(C)C(=O)Cn1c(CCC(=O)O)nc2c(Cl)cccc2c1=O
CHEMBL189301,CCc1c(C)nc(O)c(N(C)C)c1C(=O)c1cccc(/C=C(\C#N)c2ccccc2)c1,5.241008281707764,0.2716049382716049,CCC[C@H](NC(=O)/C(C#N)=C/c1cccc(Br)n1)c1ccccc1
CHEMBL546871,CCC(=C(CC)c1ccc(O)c(CNC2CCCCC2)c1)c1ccc(O)c(CNC2CCCCC2)c1.Cl,4.7988152503967285,0.203125,O=C(O)CNC(=O)c1ccc(S(=O)(=O)N2CCC(C3CCCC3)CC2)cc1
CHEMBL477261,COc1ccc(/C=C(/C(=O)O)c2ccccc2)cc1OC,4.980085372924805,0.26666666666666666,CC(CC(=O)c1ccccc1)C(=O)O
CHEMBL432945,COc1ccc(C2=C(c3ccc(S(N)(=O)=O)cc3)CC3(CC3)C2)cc1,5.665737152099609,0.1875,COc1ccc(Br)c(-c2nnc(CCC(=O)O)o2)c1
CHEMBL491079,C/C(=C\c1ccc(C(F)(F)F)cc1)c1ccc(O)cc1,4.358000755310059,0.18840579710144928,O=C(O)CNC(=O)c1ccc(S(=O)(=O)N2CCC(c3cccc(C(F)(F)F)c3)CC2)cc1
CHEMBL175606,Cc1ccc(/C=C\c2ccc3ccccc3c2)cc1,4.619268417358398,0.14285714285714285,CC(CC(=O)c1ccccc1)C(=O)O
CHEMBL266086,CC/C(=C(\c1ccc(I)cc1)c1ccc(OCCCN(C)C)cc1)c1ccccc1,4.773831367492676,0.2037037037037037,CC(CC(=O)c1ccccc1)C(=O)O
CHEMBL158220,NC(=O)C1CCCN(CCCCOc2ccccc2/C=C/c2ccccc2)C1,4.144731521606445,0.2125,O=C(O)CNC(=O)c1ccc(S(=O)(=O)N2CCCC(c3ccccc3)CC2)cc1
CHEMBL6730,CC/C(=C(\c1ccc(I)cc1)c1ccc(OCCN(C)C)cc1)c1ccccc1,4.807498455047607,0.20754716981132076,CC(CC(=O)c1ccccc1)C(=O)O
CHEMBL18312,CC1(O)OC(=O)C(c2ccc3ccccc3c2)=C1c1ccc(S(C)(=O)=O)cc1,5.895519256591797,0.2,Cc1cc(S(=O)(=O)N2CCC(c3ccccc3)CC2)ccc1C(=O)NCC(=O)O
CHEMBL161937,C/C(=C\c1ccc(C(=O)O)cc1)c1ccc2c(c1)C(C)(C)CCC2(C)C.Cc1ccc(C2=CCC(C)(C)c3cc4ccc(-c5ccc(C(=O)O)cc5)cc4cc32)cc1,6.910903930664063,0.1518987341772152,O=C(O)CCC(=O)c1ccc2c(c1)CCC2
CHEMBL46998,O=C1Oc2ccc(C(=O)c3cccs3)cc2/C1=C/c1ccc(Cl)cc1,5.093210220336914,0.26785714285714285,O=C(O)CCC(=O)c1cccs1
CHEMBL558340,CS(=O)(=O)c1ccc(C2=C(c3ccc(Cl)c(Cl)c3)CC3(CC3)C2)cc1,5.833219528198242,0.18571428571428572,O=C(O)CNC(=O)c1ccc(S(=O)(=O)N2CCC(c3ccccc3)CC2)cc1Cl
CHEMBL134421,CC1=CC(C)(C)Nc2ccc3c(c21)/C(=C/c1ccccc1)Oc1ccccc1-3,5.78856086730957,0.12857142857142856,O=C(O)CCc1nnc(-c2ccccc2I)o1
CHEMBL300159,COc1ccccc1/C=C/c1cc(C)c(O)c(C)c1,5.154138565063477,0.20689655172413793,COc1cc2oc(=O)cc(C)c2cc1CCC(=O)O
CHEMBL206509,COC(=O)N[C@H](C(=O)NN(Cc1ccc(/C=C/c2ccccc2)cc1)C[C@@](O)(Cc1ccccc1)C(=O)N[C@H]1c2ccccc2C[C@H]1O)C(C)(C)C,6.031765937805176,0.19811320754716982,CC(C)(C)NS(=O)(=O)c1cccc2c(NC(=O)[C@H](Cc3ccccc3)NC(=O)C3CC3)cccc12
CHEMBL193099,COC(=O)/C=C/c1cccc(N(Cc2ccc(/C=C/c3c(Cl)cccc3Cl)cc2)C(=O)C(C)C)c1,5.169008255004883,0.20212765957446807,COc1ccccc1CN(C)C(=O)Cn1c(CCC(=O)O)nc2c(Cl)cccc2c1=O
CHEMBL175138,C/C(=C\c1ccc(C(=O)OCCCCc2cnc(S)nc2O)cc1)c1ccc2c(c1)CCCC2,5.084619522094727,0.2714285714285714,O=C(O)CCC(=O)c1ccc2c(c1)CCC2
CHEMBL297750,CC(C)c1ccc(C2=C(c3ccc(S(C)(=O)=O)cc3)OC(C)(C)C2=O)cc1,6.54075813293457,0.23076923076923078,CC(C)c1ccc(C(=O)CCC(=O)O)cc1
CHEMBL50995,CC/C(=C(\c1ccccc1)c1ccc(O)cc1)c1ccccc1,5.75674295425415,0.2894736842105263,CC(CC(=O)c1ccccc1)C(=O)O
CHEMBL229531,COc1ccc(/C=C/c2cc(OC)cc(OC)c2CO)cc1,4.778494834899902,0.20634920634920634,COc1ccc(Br)c(-c2nnc(CCC(=O)O)o2)c1
CHEMBL486,CC/C(=C(\c1ccccc1)c1ccc(OCCN(C)C)cc1)c1cccc(O)c1,4.80264949798584,0.2,CC(CC(=O)c1ccccc1)C(=O)O
CHEMBL447784,COC(=O)/C=C/c1cccc(N(Cc2ccc(/C=C/c3c(F)cccc3F)cc2)C(=O)C(C)C)c1,5.361630916595459,0.17142857142857143,CC(C)Cc1ccc(C(=O)CCC(=O)O)cc1
CHEMBL436095,CN1CCC(=C2c3ccccc3C=Cc3ccc(Br)cc32)CC1,4.745594024658203,0.17142857142857143,CC(=O)C1=C(O)C(=O)N(CCc2ccc(Cl)c(Cl)c2)C1c1ccc(Br)cc1
CHEMBL49933,CC1C(=O)N=CC(c2ccccc2)=C1c1ccccc1,4.785636901855469,0.20833333333333334,O=C(O)CCc1nnc(-c2ccccc2)o1
CHEMBL186797,CN(C)CCOc1ccc(C2=C(c3ccc(Cl)cc3)CCOc3ccccc32)cc1,4.671467304229736,0.12643678160919541,O=C(O)CNC(=O)c1ccc(S(=O)(=O)N2CCC(c3ccc(Cl)cc3)CC2)cn1
CHEMBL387980,COc1ccc(/C=C/c2ccc3c(c2)no[n+]3[O-])cc1,3.816438674926758,0.2,COc1ccc(Br)c(-c2nnc(CCC(=O)O)o2)c1
CHEMBL89130,COc1cc(/C=C/c2ccc(O)cc2)cc(OC)c1OC,4.781785488128662,0.2,O=C(Cc1ccccc1)Oc1c(OC(=O)Cc2ccccc2)c(-c2ccc(O)cc2)c(O)c(O)c1-c1ccc(O)cc1
CHEMBL292185,CCN(CC)CCOc1ccc(/C(=C(/Cl)c2ccc(O)c(OC)c2)c2ccccc2)cc1,4.891173839569092,0.2028985507246377,COc1cc2ncn(CC(=O)O)c(=O)c2cc1OC
CHEMBL459057,COc1ccc(/C=C\c2cc(F)c(OC)c(OC)c2)cc1OP(=O)([O-])[O-].[Na+].[Na+],5.929202079772949,0.15384615384615385,COc1cc2ncn(CC(=O)O)c(=O)c2cc1OC
CHEMBL88497,COc1ccc(/C=C/c2ccc3c(c2)C(C)(C)CCC3(C)C)cc1,6.8148298263549805,0.18032786885245902,COc1ccc(Br)c(-c2nnc(CCC(=O)O)o2)c1
CHEMBL155798,CN1CCN(CCCCOc2ccccc2/C=C/c2ccc(F)cc2)CC1,4.678205490112305,0.23076923076923078,Cc1cc(C(=O)CN2CCCC2)c(C)n1-c1ccc(F)cc1
CHEMBL64910,COc1ccc(/C(=C(\C#N)c2ccccc2)c2ccc(O)cc2)cc1,6.300674915313721,0.2222222222222222,O=C(Cc1ccccc1)Oc1c(OC(=O)Cc2ccccc2)c(-c2ccc(O)cc2)c(O)c(O)c1-c1ccc(O)cc1
CHEMBL476678,COc1cccc(/C=C/c2ccc(O)cc2)c1,4.223487854003906,0.20689655172413793,COc1ccc(Br)c(-c2nnc(CCC(=O)O)o2)c1
CHEMBL316204,CC/C(=C(\c1ccc(Cl)cc1)c1ccc(OCCN(C)C)cc1)c1ccccc1,4.8373703956604,0.20754716981132076,CC(CC(=O)c1ccccc1)C(=O)O
CHEMBL160169,COC1CCCN(CCCCOc2ccccc2/C=C/c2ccc(F)cc2)C1,4.812221050262451,0.2535211267605634,Cc1cc(C(=O)CN2CCCC2)c(C)n1-c1ccc(F)cc1
CHEMBL87712,COc1cc(/C=C\c2ccc(O)cc2)cc(OC)c1,4.336413860321045,0.19642857142857142,COc1ccc(Br)c(-c2nnc(CCC(=O)O)o2)c1
CHEMBL453868,O=C(O)c1cc(/C=C/c2ccc(/C=C/c3cc(C(=O)O)c(O)c(-c4ccco4)c3)cc2)cc(-c2ccco2)c1O,4.838802337646484,0.19047619047619047,Nc1c(C(=O)c2ccccc2)sc2[nH]c(=O)c(C(=O)O)cc12
CHEMBL476864,O=C1Nc2ccccc2/C1=C\c1ccccc1F,5.690688133239746,0.14285714285714285,O=C(O)CNC(=O)c1ccc(S(=O)(=O)N2CCC(c3ccccc3)CC2)c(F)c1
CHEMBL185726,O=C(O)c1cc(/C=C/c2ccc(/C=C/c3ccc(O)c(C(=O)O)c3)cc2)ccc1O,4.04915714263916,0.21153846153846154,Nc1c(C(=O)c2ccccc2)sc2[nH]c(=O)c(C(=O)O)cc12
CHEMBL209090,CN(C)c1ccc(C2Oc3cc(O)ccc3C3=C2c2ccc(O)cc2OC3)cc1,3.482480764389038,0.1282051282051282,CC(=O)C1=C(O)C(=O)N(CCc2ccc(Cl)c(Cl)c2)C1c1ccc(Br)cc1
CHEMBL175525,CCOc1ccc(/C=C/c2cc(OC)cc(OC)c2)cc1,4.005581855773926,0.20689655172413793,COc1ccc(Br)c(-c2nnc(CCC(=O)O)o2)c1
CHEMBL48727,CCCCCCNC(=O)c1cc(/C=C\c2cc(O)ccc2O)ccc1O,4.835526466369629,0.17721518987341772,Cc1cc(S(=O)(=O)N2CCC(c3ccccc3)CC2)ccc1C(=O)NCC(=O)O
CHEMBL86326,COc1ccc(/C=C2\C(=O)Nc3ccc(Cl)cc32)cc1C(C)(C)C,7.145879745483398,0.15714285714285714,COc1cc2ncn(CC(=O)O)c(=O)c2cc1OC
CHEMBL305628,C/C(=C\c1ccc(C(=O)O)cc1)c1ccc2c(c1)CCCC2(C)C,7.144336700439453,0.32075471698113206,O=C(O)CCC(=O)c1ccc2c(c1)CCC2
CHEMBL355840,CCC1(CC)OC(c2ccc(S(C)(=O)=O)cc2)=C(c2ccc(C)cc2)C1=O,6.082468509674072,0.16216216216216217,Cc1cc(S(=O)(=O)N2CCC(c3ccccc3)CC2)ccc1C(=O)NCC(=O)O
CHEMBL34865,CC(=O)Oc1ccc(C(=C(CC(F)(F)F)c2ccccc2)c2ccc(OC(C)=O)cc2)cc1,5.6034698486328125,0.2765957446808511,CC(CC(=O)c1ccccc1)C(=O)O
CHEMBL43947,O=C(/C(=C/c1ccccc1)c1ccccc1)c1ccc(O)cc1,5.9107279777526855,0.2708333333333333,O=C(Cc1ccccc1)Oc1c(OC(=O)Cc2ccccc2)c(-c2ccc(O)cc2)c(O)c(O)c1-c1ccc(O)cc1
CHEMBL374932,CCS(=O)(=O)C1CC2OC1C(c1ccc(O)cc1)=C2c1ccc(O)cc1,5.669411659240723,0.23214285714285715,O=C(Cc1ccccc1)Oc1c(OC(=O)Cc2ccccc2)c(-c2ccc(O)cc2)c(O)c(O)c1-c1ccc(O)cc1
CHEMBL485995,COc1ccc(/C=C\c2cc(OC)c3c(c2)OCO3)cc1NC(=O)[C@H](CC(=O)OC(C)(C)C)NC(=O)OC(C)(C)C,6.798008441925049,0.21875,CC(C)(C)NS(=O)(=O)c1cccc2c(NC(=O)[C@H](Cc3ccccc3)NC(=O)C3CC3)cccc12
CHEMBL74348,O=C(O)c1cc(/C=C\c2ccc(/C=C/c3ccc(O)c(C(=O)O)c3)c(Br)c2)ccc1O,4.044129371643066,0.1935483870967742,COc1ccc(Br)c(-c2nnc(CCC(=O)O)o2)c1
CHEMBL548548,CN(C)CCOc1ccc(N2CCN(CCCCNC(=O)c3ccc(/C=C/c4cc(Cl)cc(Cl)c4)cc3)CC2)cc1,4.144589424133301,0.24705882352941178,CN(C)C1CCN(S(=O)(=O)c2ccc(C(=O)NCC(=O)O)cc2)CC1
CHEMBL56422,Cc1cc(/C=C/c2cc(F)cc(F)c2)cc(C)c1O,4.011923789978027,0.16981132075471697,Cc1cc(C(=O)CN2CCCC2)c(C)n1-c1ccc(F)cc1
CHEMBL301125,Oc1ccc(C2=C(c3ccccc3)Cc3cc(O)ccc32)cc1,5.56730842590332,0.2549019607843137,O=C(Cc1ccccc1)Oc1c(OC(=O)Cc2ccccc2)c(-c2ccc(O)cc2)c(O)c(O)c1-c1ccc(O)cc1
CHEMBL486486,O=C1/C(=C/c2ccc(Cl)cc2)c2ccccc2N1c1c(Cl)cccc1Cl,5.182120323181152,0.1728395061728395,COc1ccccc1CN(C)C(=O)Cn1c(CCC(=O)O)nc2c(Cl)cccc2c1=O
CHEMBL215214,C(=C/c1ccc2ccccc2c1)\c1ccccc1,4.202569007873535,0.15384615384615385,CC(CC(=O)c1ccccc1)C(=O)O
CHEMBL180114,CN(C)c1ccc(/C=C/c2ccc3ccccc3c2)cc1,4.527580261230469,0.13432835820895522,CCC[C@H](NC(=O)/C(C#N)=C/c1cccc(Br)n1)c1ccccc1
CHEMBL10985,CC/C(=C(\Cc1ccccc1)c1ccccc1)c1ccc(OCN2CCCC2)cc1,4.327889442443848,0.21666666666666667,O=C(Cc1ccccc1)Oc1c(OC(=O)Cc2ccccc2)c(-c2ccc(O)cc2)c(O)c(O)c1-c1ccc(O)cc1
CHEMBL113332,COc1ccc(C=C2c3ccccc3C(=O)c3ccccc32)c(O)c1,5.354203224182129,0.24193548387096775,COc1ccc(Br)c(-c2nnc(CCC(=O)O)o2)c1
CHEMBL402068,COc1cc(/C=C\c2cc(N)c(OC)c(N)c2)cc(OC)c1OC.Cl.Cl,3.891627788543701,0.16981132075471697,COc1cc2ncn(CC(=O)O)c(=O)c2cc1OC
CHEMBL404231,COc1cc(/C=C\c2cc(N)c(OC)c(N)c2)cc(OC)c1OC,3.7344775199890137,0.17307692307692307,COc1cc2ncn(CC(=O)O)c(=O)c2cc1OC
CHEMBL364810,COC(=O)/C=C/c1cccc(N(Cc2ccc(/C=C/c3ccc(F)cc3)cc2)C(=O)C(C)C)c1,4.904162406921387,0.21621621621621623,Cc1cc(C(=O)CN2CCCC2)c(C)n1-c1ccc(F)cc1
CHEMBL77968,COc1ccc(/C=C(/C(=O)O)c2cc(OC)c(OC)c(OC)c2)cc1,4.301823139190674,0.24193548387096775,COc1ccc(Br)c(-c2nnc(CCC(=O)O)o2)c1
CHEMBL354896,FC(F)(F)C(=C(c1ccccc1)c1ccccc1)c1ccc(C(F)(F)F)cc1,5.480912208557129,0.234375,O=C(O)CNC(=O)c1ccc(S(=O)(=O)N2CCC(c3cccc(C(F)(F)F)c3)CC2)cc1
CHEMBL296082,CC(C)c1cccc(C2=C(c3ccc(S(C)(=O)=O)cc3)OC(C)(C)C2=O)c1,6.277233123779297,0.1694915254237288,CC(C)c1ccc(C(=O)CCC(=O)O)cc1
CHEMBL178974,FC(F)(F)Oc1ccc(/C=C/c2ccc3ccccc3c2)cc1,5.132383346557617,0.13114754098360656,O=C(O)CCc1nnc(-c2cccc(C(F)(F)F)c2)o1
CHEMBL447791,COc1ccc(C(=C2CC(c3ccc(OCCN(C)C)cc3)Oc3cc(OC)ccc32)c2ccc(OC)cc2)cc1,4.223976135253906,0.2236842105263158,COc1ccc(Br)c(-c2nnc(CCC(=O)O)o2)c1
CHEMBL515823,O=C(O)CC1=C/C(=C\c2ccc3ccccc3c2)c2ccc(F)cc21,4.312503337860107,0.19230769230769232,O=C(O)CNC(=O)c1ccc(S(=O)(=O)N2CCC(c3cccc(F)c3)CC2)cc1
CHEMBL254440,COc1cc(O)ccc1CCC(c1ccc(O)cc1)c1c(O)cc(O)cc1/C=C/c1ccc(O)cc1,4.668515205383301,0.22535211267605634,COc1cc2oc(=O)cc(C)c2cc1CCC(=O)O
CHEMBL394090,COC(=O)/C=C/c1ccc(/C=C/c2ccc(O)c(O)c2)cc1,4.358430862426758,0.16129032258064516,COc1ccc(Br)c(-c2nnc(CCC(=O)O)o2)c1
CHEMBL299048,Cc1cc(/C=C/c2ccccc2C(F)(F)F)cc(C)c1O,5.435254096984863,0.16129032258064516,O=C(O)CCc1nnc(-c2cccc(C(F)(F)F)c2)o1
CHEMBL74590,COc1ccc(/C=C\c2ccc(OC)c(OC)c2)cc1,4.222599506378174,0.19642857142857142,COc1ccc(Br)c(-c2nnc(CCC(=O)O)o2)c1
CHEMBL243472,COc1ccc(/C=C/c2ccccc2OC)cc1,4.5750885009765625,0.1694915254237288,COc1ccc(Br)c(-c2nnc(CCC(=O)O)o2)c1
CHEMBL47941,CC1(C)OC(c2ccc(S(C)(=O)=O)cc2)=C(c2ccccc2Cl)C1=O,5.848306655883789,0.18666666666666668,Cc1cc(S(=O)(=O)N2CCC(c3ccccc3)CC2)ccc1C(=O)NCC(=O)O
CHEMBL44001,CC1(C)OC(c2ccc(S(C)(=O)=O)cc2)=C(c2cccc(F)c2)C1=O,6.401001930236816,0.21333333333333335,O=C(O)CNC(=O)c1ccc(S(=O)(=O)N2CCC(c3cccc(F)c3)CC2)cc1
CHEMBL375382,COc1ccc(OC)c(C2=C(c3cc(OC)c(OC)c(OC)c3)C(=O)CC2O)c1,4.26927375793457,0.23529411764705882,COc1ccc(Br)c(-c2nnc(CCC(=O)O)o2)c1
CHEMBL87810,COc1ccc(/C=C2\C(=O)Nc3ccccc32)cc1,5.3205413818359375,0.1875,COc1ccc(Br)c(-c2nnc(CCC(=O)O)o2)c1
CHEMBL225872,O=[N+]([O-])c1ccccc1/C=C/c1ccc2c(c1)no[n+]2[O-],5.120307922363281,0.125,O=C(O)CCc1nnc(-c2ccccc2)o1
CHEMBL381681,Cc1noc(/C(=C/c2cccc(-c3cc(C(C)C)cc4cccnc34)c2)c2ccc(S(C)(=O)=O)cc2)n1,5.93767786026001,0.18018018018018017,Cc1ccc(C(=O)Nc2cccc(C(F)(F)F)c2)cc1Nc1nc(-c2cccnc2)nc2nn(C)cc12
CHEMBL155549,COc1ccc2c(c1)OC(C)(C)C(c1ccccc1)=C2c1cccc(OCCN2CCCC2)c1,5.013850212097168,0.19753086419753085,COc1ccc(Br)c(-c2nnc(CCC(=O)O)o2)c1
CHEMBL490483,Oc1cc(O)cc(/C=C/c2ccc(C(F)(F)F)cc2)c1,4.282147407531738,0.2037037037037037,O=C(O)CCc1nnc(-c2cccc(C(F)(F)F)c2)o1
CHEMBL6327,CC/C(=C(\c1ccc(I)cc1)c1ccc(OCCCCCN(C)C)cc1)c1ccccc1,4.978826522827148,0.19642857142857142,CC(CC(=O)c1ccccc1)C(=O)O
CHEMBL315585,COc1ccc(C2=C(c3ccc(S(N)(=O)=O)cc3)CC3(CC3)C2)cc1Cl,6.055233478546143,0.17105263157894737,O=C(O)CNC(=O)c1ccc(S(=O)(=O)N2CCC(c3ccccc3)CC2)cc1Cl
CHEMBL295068,Cc1ccc(N2CC(c3ccc(S(C)(=O)=O)cc3)=C(c3ccc(F)cc3)C2=O)cc1,5.703766822814941,0.22727272727272727,Cc1cc(C(=O)CN2CCCC2)c(C)n1-c1ccc(F)cc1
CHEMBL63877,CCN(CC)CCOc1ccc(/C(=C(/C#N)c2ccccc2)c2ccc(O)cc2)cc1,5.274192810058594,0.20634920634920634,O=C(Cc1ccccc1)Oc1c(OC(=O)Cc2ccccc2)c(-c2ccc(O)cc2)c(O)c(O)c1-c1ccc(O)cc1
CHEMBL295009,CSc1ccc(C2=C(c3ccc(C)cc3)C(=O)N3CCCC3C2)cc1,4.714160919189453,0.15789473684210525,Cc1cc(C(=O)CN2CCC(O)CC2)c(C)n1-c1ccc(C#N)cc1
CHEMBL465015,COC(=O)c1ccc2c(c1)NC(=O)/C2=C(\Nc1ccc(NC(=O)CN2CCN(C)CC2)cc1)c1ccccc1,4.942742347717285,0.23684210526315788,O=C(O)CCC(=O)c1ccc2c(c1)CCC(=O)N2
CHEMBL211349,CC[C@@]12CCC(=O)C(c3ccccc3)=C1c1ccc3[nH]ncc3c1C2,6.574262619018555,0.1643835616438356,O=C(O)CCC(=O)c1ccc2c(c1)CCC(=O)N2
CHEMBL111539,CCCCNC(=O)c1cc(/C=C/c2ccccc2F)ccc1-c1ccc(Cl)cc1,5.543206214904785,0.21686746987951808,O=C(O)CNC(=O)c1ccc(S(=O)(=O)N2CCC(c3ccccc3)CC2)cc1F
CHEMBL48760,CC(C)c1ccc(/C=C2/C(=O)Nc3ccccc32)cc1,5.608497619628906,0.25,CC(C)c1ccc(C(=O)CCC(=O)O)cc1
CHEMBL322949,CS(=O)(=O)c1ccc(C2=C(c3ccc(F)c(Cl)c3)CCC2)cc1,4.749001502990723,0.23529411764705882,O=C(O)CNC(=O)c1ccc(S(=O)(=O)N2CCC(N3CCCC3)CC2)cc1F
CHEMBL287352,Oc1ccc(C(=Cc2ccc(I)cc2)c2ccc(O)cc2)cc1,4.197193145751953,0.16326530612244897,O=C(Cc1ccccc1)Oc1c(OC(=O)Cc2ccccc2)c(-c2ccc(O)cc2)c(O)c(O)c1-c1ccc(O)cc1
CHEMBL218615,COc1ccc(/C=C/c2cccc(Cl)c2)cc1,4.584214687347412,0.1864406779661017,COc1ccc(Br)c(-c2nnc(CCC(=O)O)o2)c1
CHEMBL89723,CC(C)c1cc(/C=C2\C(=O)Nc3ccc(Cl)cc32)cc(C(C)C)c1O,5.086984634399414,0.17543859649122806,CC(C)c1ccc(C(=O)CCC(=O)O)cc1
CHEMBL84681,C/C(=C/c1ccc(C(=O)O)cc1)c1ccc2c(c1)C1CCC2C1,4.503137588500977,0.22857142857142856,CC1CC(c2ccccc2)CCN1S(=O)(=O)c1ccc(C(=O)NCC(=O)O)cc1
CHEMBL196941,CNc1ccc(/C=C/c2ccc(OCC(CO)CO)cc2)cc1,3.7308883666992183,0.14,CC(CC(=O)c1ccccc1)C(=O)O
CHEMBL129938,O=C1c2c(O)cccc2C(=Cc2ccc(C(F)(F)F)cc2)c2cccc(O)c21,5.948196887969971,0.20967741935483872,O=C(O)CCc1nnc(-c2cccc(C(F)(F)F)c2)o1
CHEMBL509720,COc1c(C(=O)O)cc(/C=C/c2ccc(C(=O)O)c(O)c2)cc1-c1ccco1,5.168863773345947,0.2054794520547945,COc1ccc(Br)c(-c2nnc(CCC(=O)O)o2)c1
CHEMBL514734,COc1ccc(/C=C\c2cc(F)c(OC)c(OC)c2)cc1OP(=O)(O)O.OCN(CO)CO.OCN(CO)CO,5.000282287597656,0.17142857142857143,COc1cc2ncn(CC(=O)O)c(=O)c2cc1OC
CHEMBL503093,COc1cc2nc3c(/C=C\c4cc(OC)c(OC)c(OC)c4)ccc(OC)c3nc2cc1OC,4.270206451416016,0.22413793103448276,COc1cc2ncn(CC(=O)O)c(=O)c2cc1OC
CHEMBL255978,Nc1ccc(/C=C/c2ccc(-c3nc4cc(OCCF)ccc4o3)cc2)cc1,4.704524040222168,0.17567567567567569,COc1ccc(Br)c(-c2nnc(CCC(=O)O)o2)c1
CHEMBL431650,COc1cc(C(=O)N/N=C/c2ccc(/C=C/c3ccccc3)cc2)ccc1O,4.865333557128906,0.21686746987951808,COc1ccccc1CNC(=O)Cn1c(CCC(=O)O)nc2c(Cl)cccc2c1=O
CHEMBL522423,CC/C(=C\c1ccc(OC)c(OC)c1)c1cc(O)cc(O)c1,4.571205139160156,0.20689655172413793,COc1cc2ncn(CC(=O)O)c(=O)c2cc1OC
CHEMBL468648,COc1ccc(/C=C(\F)c2cc(OC)c(OC)c(OC)c2)cc1[N+](=O)[O-],4.700839042663574,0.16923076923076924,COc1cc2ncn(CC(=O)O)c(=O)c2cc1OC
CHEMBL468014,COc1ccc(/C(F)=C(/F)c2cc(OC)c(OC)c(OC)c2)cc1N,4.648914337158203,0.17543859649122806,COc1cc2ncn(CC(=O)O)c(=O)c2cc1OC
CHEMBL250095,O=C1C(c2ccccc2)=C(c2ccc(OCc3ccccc3)cc2)CC2CCCN12,5.210278511047363,0.2153846153846154,O=C(Cc1ccccc1)Oc1c(OC(=O)Cc2ccccc2)c(-c2ccc(O)cc2)c(O)c(O)c1-c1ccc(O)cc1
CHEMBL398866,COc1ccc(C2=C(c3ccccc3)C(=O)N3CCCC3C2)cc1,5.274580001831055,0.1891891891891892,O=C(O)CNC(=O)c1ccc(S(=O)(=O)N2CCC(Oc3ccccc3)CC2)cc1
CHEMBL56443,O=C(O)C(=O)[C@H]1Cc2ccccc2CN1S(=O)(=O)c1ccc(/C=C/c2ccccc2)cc1,5.550831317901611,0.3559322033898305,O=C(O)CNC(=O)c1ccc(S(=O)(=O)N2Cc3ccccc3C2)cc1
CHEMBL193108,CCSC1=C(c2ccc(O)cc2)C(=O)c2cc(O)ccc21,4.843931674957275,0.21818181818181817,O=C(Cc1ccccc1)Oc1c(OC(=O)Cc2ccccc2)c(-c2ccc(O)cc2)c(O)c(O)c1-c1ccc(O)cc1
CHEMBL370037,CC1=C(c2ccc(O)cc2)C(=O)c2ccc(O)cc21,3.951564311981201,0.22,O=C(Cc1ccccc1)Oc1c(OC(=O)Cc2ccccc2)c(-c2ccc(O)cc2)c(O)c(O)c1-c1ccc(O)cc1
CHEMBL352329,CC1(C)OC(c2ccc(S(C)(=O)=O)cc2F)=C(c2cc(F)cc(F)c2)C1=O,5.894479751586914,0.16666666666666666,O=C(O)CNC(=O)c1ccc(S(=O)(=O)N2CCC(N3CCCC3)CC2)cc1F
CHEMBL385699,COc1ccc(N)c(/C=C\c2cc(OC)c(OC)c(OC)c2)c1,4.68742036819458,0.19047619047619047,COc1ccc(Br)c(-c2nnc(CCC(=O)O)o2)c1
CHEMBL145828,CN(C)CCSC1=Cc2ccccc2Oc2ccccc21,3.868527173995972,0.16666666666666666,O=C(O)CCc1nnc(-c2ccccc2I)o1
CHEMBL228561,COc1ccc(C2=Cc3ccccc3C2)c(OC)c1OC,4.269815444946289,0.16666666666666666,COc1ccccc1CNC(=O)Cn1c(CCC(=O)O)nc2c(Cl)cccc2c1=O
CHEMBL188181,COc1cc(/C=C/c2ccccc2)cc(OC)c1,4.898068428039551,0.2037037037037037,COc1ccc(Br)c(-c2nnc(CCC(=O)O)o2)c1
CHEMBL189728,COC(=O)/C=C/c1cccc(N(Cc2ccc(/C=C/c3ccccc3F)cc2)C(=O)C2CCCCC2)c1,4.834216117858887,0.18556701030927836,CC(C)(C)NS(=O)(=O)c1cccc2c(NC(=O)[C@H](Cc3ccccc3)NC(=O)C3CC3)cccc12
CHEMBL335249,CC1=CC(C)(C)Nc2ccc3c(c21)/C(=C/c1ccccc1F)Oc1ccc(F)cc1-3,5.945512771606445,0.12345679012345678,Cc1cc(C(=O)CN2CCCC2)c(C)n1-c1ccc(F)cc1
CHEMBL234310,N#Cc1ccc(/C=C/c2cccc(S(=O)(=O)N3CCc4cc(Cl)ccc43)c2)c(C(=O)O)c1,6.391351222991943,0.22988505747126436,O=C(O)CNC(=O)c1ccc(S(=O)(=O)N2CCC(c3ccccc3)CC2)cc1Cl
CHEMBL319590,CN1CC(c2ccccc2)=C(c2ccc(F)cc2)O1,4.505361557006836,0.21052631578947367,Cc1cc(C(=O)CN2CCCC2)c(C)n1-c1ccc(F)cc1
CHEMBL210699,Oc1ccc2c(c1)OC(c1ccc(OCCN3CCOCC3)cc1)C1=C2COc2cc(O)ccc21,3.9485177993774414,0.16279069767441862,O=C(O)CNC(=O)c1ccc(S(=O)(=O)N2CCC(N3CCOCC3)CC2)cc1
CHEMBL64918,CN(C)c1ccc(C(=C(C#N)c2ccccc2)c2ccc(N(C)C)cc2)cc1,5.575378894805908,0.23255813953488372,CC(CC(=O)c1ccccc1)C(=O)O
CHEMBL198042,CCC1=C(c2ccc(O)cc2)C(C(=O)Nc2ccc(O)cc2)c2cc(O)ccc21,4.775046348571777,0.21311475409836064,O=C(Cc1ccccc1)Oc1c(OC(=O)Cc2ccccc2)c(-c2ccc(O)cc2)c(O)c(O)c1-c1ccc(O)cc1
CHEMBL10147,CC/C(=C(/c1ccccc1)c1ccc(OCCN(C)C)cc1)c1ccc(O)cc1,4.762510776519775,0.22033898305084745,O=C(Cc1ccccc1)Oc1c(OC(=O)Cc2ccccc2)c(-c2ccc(O)cc2)c(O)c(O)c1-c1ccc(O)cc1
CHEMBL375697,O=C1OC(=O)C2C3OC(C(c4ccccc4)=C3c3ccccc3)C12,4.655989170074463,0.22727272727272727,O=C(O)CCc1nnc(-c2ccccc2)o1
CHEMBL388518,CN1C(=O)C2C3OC(C(c4ccc(O)cc4)=C3c3ccc(O)cc3)C2C1=O,3.722398996353149,0.23529411764705882,O=C(Cc1ccccc1)Oc1c(OC(=O)Cc2ccccc2)c(-c2ccc(O)cc2)c(O)c(O)c1-c1ccc(O)cc1
CHEMBL383148,O=C1Nc2ccccc2/C1=C/c1ccccc1N1CCOCC1,5.125618934631348,0.1780821917808219,O=C(O)CNC(=O)c1ccc(S(=O)(=O)N2CCC(N3CCOCC3)CC2)cc1
CHEMBL517586,Oc1ccc2cc1-c1cc(ccc1O)CCc1c(ccc(O)c1O)Oc1cccc(c1)/C=C\2,4.3540143966674805,0.1076923076923077,O=C(O)CCC(=O)c1ccc2c(c1)CCC2
CHEMBL349927,C/C(=C\c1ccc(C(=O)O)cc1)c1ccc2c(c1)C(C)(C)CCC2(C)C.Cc1ccc(C2=CC(C)(C)Oc3cc4ccc(-c5ccc(C(=O)O)cc5)cc4cc32)cc1,7.00792121887207,0.15053763440860216,COc1ccc(Br)c(-c2nnc(CCC(=O)O)o2)c1
CHEMBL180269,COc1ccc(/C=C/c2ccc3ccccc3c2)cc1F,5.203632354736328,0.15584415584415584,COc1ccccc1CNC(=O)Cn1c(CCC(=O)O)nc2c(Cl)cccc2c1=O
CHEMBL436532,CCc1cccc2c1CNc1c(cccc1CCc1ccccc1)/C=C\2COc1ccccc1,3.9545044898986816,0.17391304347826086,COc1ccccc1CNC(=O)Cn1c(CCC(=O)O)nc2c(Cl)cccc2c1=O
CHEMBL426049,CCCCOc1ccc(/C=C\c2cc(OC)cc(OC)c2)cc1,4.5380024909973145,0.2,COc1ccc(Br)c(-c2nnc(CCC(=O)O)o2)c1
CHEMBL332478,CN1c2cc(Br)ccc2C=C2c3ccccc3NC21,5.841940402984619,0.16901408450704225,CC(=O)C1=C(O)C(=O)N(CCc2ccc(Cl)c(Cl)c2)C1c1ccc(Br)cc1
CHEMBL332663,Oc1c(/C=C\c2ccccc2)ccc2ccccc12,5.700098037719727,0.2,CC(C(=O)O)n1cnc2ccccc2c1=O
CHEMBL108432,C(=C/c1ccc(Nc2c3ccccc3nc3ccccc23)cc1)\c1ccccc1,5.058230876922607,0.21568627450980393,CC(C(=O)O)n1cnc2ccccc2c1=O
CHEMBL368298,O=C(CCCN1CCN(C/C=C/c2ccccc2)CC1)NC1c2ccccc2C=Cc2ccccc21,4.481709957122803,0.2,O=C(O)CCC(=O)c1ccc(S(=O)(=O)N2CCC(c3ccccc3)CC2)cc1
CHEMBL110605,Oc1ccc(C2Oc3ccccc3C=C2c2ccccc2)cc1,5.393085479736328,0.2222222222222222,O=C(Cc1ccccc1)Oc1c(OC(=O)Cc2ccccc2)c(-c2ccc(O)cc2)c(O)c(O)c1-c1ccc(O)cc1
CHEMBL501111,COc1cc(/C=C(\CO)c2cc([C@H]3Oc4cc(-c5cc(=O)c6c(O)cc(O)cc6o5)ccc4O[C@@H]3CO)cc(OC)c2O)ccc1O,4.2791008949279785,0.16326530612244897,COc1cc2oc(=O)cc(C)c2cc1CCC(=O)O
CHEMBL206633,COc1cc(/C=C/c2cc(Cl)ccc2O)cc(OC)c1,4.842061519622803,0.1746031746031746,COc1ccc(Br)c(-c2nnc(CCC(=O)O)o2)c1
CHEMBL381680,CC1([O-])OC(=O)C(c2ccc(Cl)cc2)=C1c1ccc(S(C)(=O)=O)cc1.[Na+],6.175926685333252,0.2054794520547945,O=C(O)CNC(=O)c1ccc(S(=O)(=O)N2CCC(c3ccc(Cl)cc3)CC2)cn1
CHEMBL87162,COc1cc(/C=C\c2ccccc2)cc(OC)c1OC,5.385178089141846,0.19607843137254902,COc1cc2ncn(CC(=O)O)c(=O)c2cc1OC
CHEMBL372661,O=C1Oc2ccc(O)cc2/C1=C\c1cc(O)c(O)c(O)c1,4.2782979011535645,0.17543859649122806,O=C(Cc1ccccc1)Oc1c(OC(=O)Cc2ccccc2)c(-c2ccc(O)cc2)c(O)c(O)c1-c1ccc(O)cc1
CHEMBL160881,CNCCCCOc1ccccc1/C=C/c1ccccc1,5.519199371337891,0.16326530612244897,CC(CC(=O)c1ccccc1)C(=O)O
CHEMBL453874,O=C(O)c1ccc(/C=C/c2ccc(O)c(C(=O)O)c2)cc1O,4.141951084136963,0.2,Nc1c(C(=O)c2ccccc2)sc2[nH]c(=O)c(C(=O)O)cc12
CHEMBL194709,COc1ccc(/C(C)=C/c2cc(OC)c(OC)c(OC)c2)cc1O,4.566440582275391,0.1694915254237288,COc1cc2ncn(CC(=O)O)c(=O)c2cc1OC
CHEMBL345861,CCCN(CCC)CCCCOc1ccccc1/C=C/c1ccccc1,4.325040817260742,0.18055555555555555,CCC[C@H](NC(=O)/C(C#N)=C/c1cccc(Br)n1)c1ccccc1
CHEMBL207030,Cc1cccc(NC(=O)c2cccc(/C=C/c3ccccc3)c2)n1,6.343355178833008,0.24,CC(CC(=O)c1ccccc1)C(=O)O
CHEMBL47942,C/C(=C(/C(=O)c1ccc(OCCN2CCCC2)cc1)c1ccccc1)c1ccccc1,5.004165172576904,0.24615384615384617,Cc1cc(C(=O)CN2CCCC2)c(C)n1-c1ccc(F)cc1
CHEMBL371192,CCC1=C(c2ccc(O)cc2)C(C(=O)Nc2ccc(OCCN(C)C)cc2)c2cc(O)ccc21,4.356681346893311,0.1917808219178082,O=C(Cc1ccccc1)Oc1c(OC(=O)Cc2ccccc2)c(-c2ccc(O)cc2)c(O)c(O)c1-c1ccc(O)cc1
CHEMBL458041,COc1ccc(/C=C\c2cc(Br)c(OC)c(OC)c2)cc1OP(=O)([O-])[O-].[K+].[K+],5.888517379760742,0.17142857142857143,COc1ccc(Br)c(-c2nnc(CCC(=O)O)o2)c1
CHEMBL446219,COc1ccc(/C=C\c2cc(Br)c(OC)c(OC)c2)cc1OP(=O)([O-])[O-].[Cs+].[Cs+],5.932669639587402,0.17142857142857143,COc1ccc(Br)c(-c2nnc(CCC(=O)O)o2)c1
CHEMBL349864,C/C(=C\c1ccc(C(=O)O)cc1)c1ccc2c(c1)C(C)(C)CCC2(C)C.Cc1ccc(C2=CC(C)(C)Oc3cc4ccc(-c5ccc(C(=O)O)cc5)cc4cc32)s1,7.1243896484375,0.14285714285714285,COc1ccc(Br)c(-c2nnc(CCC(=O)O)o2)c1
CHEMBL434830,CCN(C)CCSC1=Cc2ccccc2Oc2ccccc21,3.598428249359131,0.15873015873015872,O=C(O)CCc1nnc(-c2ccccc2I)o1
CHEMBL175493,FC(F)(F)c1ccc(/C=C\c2cc(C(F)(F)F)cc(C(F)(F)F)c2)cc1,4.193979740142822,0.19230769230769232,O=C(O)CCc1nnc(-c2cccc(C(F)(F)F)c2)o1
CHEMBL160882,COc1ccccc1/C=C/c1ccccc1OCCCCN(C)C,4.361570835113525,0.2,COc1ccccc1CN(C)C(=O)Cn1c(CCC(=O)O)nc2c(Cl)cccc2c1=O
CHEMBL282625,N=C(N)c1cc2c(/C=C/c3ccc4c(c3)OCO4)cccc2s1,5.171340465545654,0.136986301369863,Nc1c(C(=O)c2ccccc2)sc2[nH]c(=O)c(C(=O)O)cc12
CHEMBL160891,C(=C/c1ccccc1OCCCCN1CCCCC1)\c1ccccc1,4.269392967224121,0.20634920634920634,Cc1cc(C(=O)CN2CCCC2)c(C)n1-c1ccc(F)cc1
CHEMBL463126,CC(C)=CCc1cc(/C=C/c2cc(O)cc(O)c2)c(O)cc1O,3.99440860748291,0.125,COc1cc2oc(=O)cc(C)c2cc1CCC(=O)O
CHEMBL455201,COc1cc(/C=C\c2ccc3ccn(C)c3c2)cc(OC)c1,3.739938735961914,0.15384615384615385,COc1ccc(Br)c(-c2nnc(CCC(=O)O)o2)c1
CHEMBL267426,CC/C(=C(\c1ccc(I)cc1)c1ccc(OCCCCN(C)C)cc1)c1ccccc1,4.927756309509277,0.2,CC(CC(=O)c1ccccc1)C(=O)O
CHEMBL195747,COc1ccc(/C=C/c2cc(OC)c(OC)c(OC)c2)cc1N(C)C,4.143395900726318,0.15517241379310345,COc1cc2ncn(CC(=O)O)c(=O)c2cc1OC
CHEMBL442697,Nc1cc[n+](Cc2ccc(/C=C/c3ccc(C[n+]4ccc(N)c5ccccc54)cc3)cc2)c2ccccc12,4.024242401123047,0.125,Nc1c(C(=O)c2ccccc2)sc2[nH]c(=O)c(C(=O)O)cc12
CHEMBL376423,COc1cc(C2=C(c3ccc(OCC(=O)[O-])cc3)C(O)CC2=O)cc(OC)c1OC.[Na+],4.636351585388184,0.21428571428571427,COc1cc2ncn(CC(=O)O)c(=O)c2cc1OC
CHEMBL313064,O=C1NC(=O)/C(=C2\CN(Cc3ccc(/C=C/c4ccccc4)cc3)S(=O)(=O)c3ccccc32)S1,6.422235488891602,0.14285714285714285,O=C(O)CNC(=O)c1ccc(S(=O)(=O)N2CCC(c3ccccc3)CC2)o1
CHEMBL65299,CC1=C(CC(=O)NO)c2cc(F)ccc2/C1=C\c1ccc([S+](C)[O-])cc1,4.176048755645752,0.20833333333333334,Cc1cc(C(=O)CN2CCCC2)c(C)n1-c1ccc(F)cc1
CHEMBL354889,COc1cc2c(cc1OC)C1=C(c3cccc(Cl)c3)C(=O)C(=O)N1CC2,4.077662467956543,0.18840579710144928,COc1cc2ncn(CC(=O)O)c(=O)c2cc1OC
CHEMBL465618,COc1ccc(/C=C\c2cc(Br)c(OC)c(OC)c2)cc1OP(=O)([O-])[O-].[Na+].[Na+],5.936703681945801,0.17391304347826086,COc1ccc(Br)c(-c2nnc(CCC(=O)O)o2)c1
CHEMBL458042,COc1ccc(/C=C\c2cc(Br)c(OC)c(OC)c2)cc1OP(=O)([O-])[O-].[Rb+].[Rb+],5.932669162750244,0.17142857142857143,COc1ccc(Br)c(-c2nnc(CCC(=O)O)o2)c1
CHEMBL431110,CCCC/C(=C(/CCCC)c1cccc(OC(C)=O)c1)c1cccc(OC(C)=O)c1,4.472375392913818,0.2391304347826087,CC(CC(=O)c1ccccc1)C(=O)O
CHEMBL390142,O=S(=O)(c1ccccc1)C1CC2OC1C(c1cccc(O)c1)=C2c1ccc(O)cc1,4.80782413482666,0.2222222222222222,O=C(Cc1ccccc1)Oc1c(OC(=O)Cc2ccccc2)c(-c2ccc(O)cc2)c(O)c(O)c1-c1ccc(O)cc1
CHEMBL93024,CC(=O)Oc1cccc(C2=C(c3ccc(S(C)(=O)=O)cc3)COC2=O)c1,4.988912105560303,0.2,O=C(O)CNC(=O)c1ccc(S(=O)(=O)N2CCC(Oc3ccccc3)CC2)cc1
CHEMBL73322,C/C(=C\c1ccc(C(=O)O)cc1)c1ccc2c(c1)C(C)(C)CCC2C,6.901684761047363,0.2,O=C(O)CCC(=O)c1ccc2c(c1)CCC2
CHEMBL219526,CCc1cccc2c1CNc1c(cccc1CCc1ccccc1)/C=C\2COc1cccc(C(F)(F)F)c1,4.5263261795043945,0.21951219512195122,O=C(O)CCc1nnc(-c2cccc(C(F)(F)F)c2)o1
CHEMBL450879,CCC(=C(c1ccccc1)c1ccccc1)c1ccc(S(=O)(=O)OC)cc1,6.135622978210449,0.27586206896551724,O=C(O)CCC(=O)c1ccc(S(=O)(=O)N2CCC(c3ccccc3)CC2)cc1
CHEMBL258337,Nc1ccc(/C=C/c2ccc(-c3nc4ccc(OCCCF)cc4o3)cc2)cc1,4.811007499694824,0.15789473684210525,COc1ccc(Br)c(-c2nnc(CCC(=O)O)o2)c1
CHEMBL74731,CNC(=O)/C(=C/c1ccc(OC)cc1)c1cc(OC)c(OC)c(OC)c1,4.493765354156494,0.21212121212121213,COc1ccc(Br)c(-c2nnc(CCC(=O)O)o2)c1
CHEMBL46128,CC/C(=C(\c1ccccc1)c1ccc(OCCO)cc1)c1ccccc1,5.7200026512146,0.24444444444444444,CC(CC(=O)c1ccccc1)C(=O)O
CHEMBL396263,COc1ccc2c(c1OC)C(C(Cl)(Cl)Cl)N1CCc3cc4c(cc3C1=C2)OCO4,5.333673000335693,0.15,COc1cc2oc(=O)cc(C)c2cc1CCC(=O)O
CHEMBL15900,CN(C)CCSC1=Cc2ccccc2Sc2ccc(Cl)cc21,4.937675476074219,0.12222222222222222,COc1ccccc1CN(C)C(=O)Cn1c(CCC(=O)O)nc2c(Cl)cccc2c1=O
CHEMBL340573,CS(=O)(=O)c1ccc(C2=C(c3ccc(Cl)cc3)CCC2)cc1,5.76680850982666,0.23333333333333334,O=C(O)CNC(=O)c1ccc(S(=O)(=O)N2CCC(c3ccc(Cl)cc3)CC2)cc1
CHEMBL258774,CC(=O)OCO/N=[N+](\[O-])N(C)CCOC(=O)/C(=C/c1ccc(S(C)(=O)=O)cc1)c1ccc(F)cc1,5.831902503967285,0.20689655172413793,O=C(O)CNC(=O)c1ccc(S(=O)(=O)N2CCC(c3ccc(F)cc3)CC2)cc1
CHEMBL10243,CCCCC1=C(c2ccc(C(C)(C)C)cc2)N2CCCN=C2c2ccccc21,6.159550666809082,0.13924050632911392,CN(C)C1CCN(S(=O)(=O)c2ccc(C(=O)NCC(=O)O)cc2)CC1
CHEMBL381489,CC(C)(C)C(=O)Oc1ccc2c(c1)O[C@@H](c1ccc(OCCN3CCCCC3)cc1)C1=C2COc2cc(OC(=O)C(C)(C)C)ccc21,4.694797515869141,0.1927710843373494,Cc1cc(C(=O)CN2CCCC2)c(C)n1-c1ccc(F)cc1
CHEMBL176435,COc1cc(/C=C\c2ccc3ccccc3c2)ccc1F,4.934065818786621,0.15584415584415584,COc1ccccc1CNC(=O)Cn1c(CCC(=O)O)nc2c(Cl)cccc2c1=O
CHEMBL316750,COc1ccc(/C(C#N)=C\c2ccc(OC)c(N)c2)cc1,4.970183372497559,0.19402985074626866,COc1ccc(Br)c(-c2nnc(CCC(=O)O)o2)c1
CHEMBL249891,COc1ccc(C2=C(c3ccc(N=[N+]=[N-])cc3)C(=O)N3CCCC3C2)cc1,5.540332794189453,0.15584415584415584,O=C(O)CCC(=O)c1ccc(S(=O)(=O)N2CCC(N3CCCC3)CC2)cc1
CHEMBL483781,COC(=O)c1ccc2c(c1)NC(=O)/C2=C(\NC1CCC(NC(=O)CN(C)C)CC1)c1ccccc1,4.835758686065674,0.22093023255813954,Cc1cc(C(=O)NCC(=O)O)ccc1S(=O)(=O)N1CCC(c2ccccc2)CC1
CHEMBL501752,O=C1Nc2cc(Cl)ccc2/C1=C(/Nc1ccc(CN2CCCCC2)cc1)c1ccccc1,5.084917068481445,0.1927710843373494,O=C(O)CNC(=O)c1ccc(S(=O)(=O)N2CCC(c3ccc(Cl)cc3)CC2)cc1
CHEMBL129939,COc1cc(C=C2c3cccc(O)c3C(=O)c3c(O)cccc32)cc(OC)c1OC,5.847880363464356,0.1935483870967742,COc1cc2ncn(CC(=O)O)c(=O)c2cc1OC
CHEMBL226536,[O-][n+]1onc2cc(/C=C\c3ccccc3)ccc21,4.485386848449707,0.14814814814814814,O=C(O)CCc1nnc(-c2ccccc2)o1
CHEMBL222390,COc1ccc(C2=C(c3cc(OC)c(OC)c(OC)c3)CC(O)C2=O)cc1[N+](=O)[O-],3.914581060409546,0.17142857142857143,COc1cc2ncn(CC(=O)O)c(=O)c2cc1OC
CHEMBL376422,CCOC(=O)COc1ccc(C2=C(c3cc(OC)c(OC)c(OC)c3)C(=O)CC2O)cc1,4.247697830200195,0.20833333333333334,COc1cc2ncn(CC(=O)O)c(=O)c2cc1OC
CHEMBL404941,COc1cc(OC)c(/C=C2\C(=O)Nc3ccccc32)c(OC)c1,4.734776020050049,0.1791044776119403,COc1ccc(Br)c(-c2nnc(CCC(=O)O)o2)c1
CHEMBL113650,CC/C(=C(/CC)c1ccc(OC)cc1)c1ccc(OC)cc1,4.179990768432617,0.23529411764705882,COc1ccc(Br)c(-c2nnc(CCC(=O)O)o2)c1
CHEMBL134602,CC1=CC(C)(C)Nc2ccc3c(c21)/C(=C/c1ccccc1)Oc1ccc(F)cc1-3,5.901947975158691,0.12658227848101267,Cc1cc(C(=O)CN2CCCC2)c(C)n1-c1ccc(F)cc1
CHEMBL7430,CN1CCC(C2=Cc3cc(Cl)ccc3Cc3ccccc32)CC1,4.19517707824707,0.2191780821917808,Cn1cc(S(=O)(=O)N2CCC(c3ccccc3)CC2)cc1C(=O)NCC(=O)O
CHEMBL89578,CC1(C)CC(c2ccc(F)cc2)=C(c2ccc(S(C)(=O)=O)cc2)C1,6.730370998382568,0.22580645161290322,O=C(O)CNC(=O)c1ccc(S(=O)(=O)N2CCC(c3ccc(F)cc3)CC2)cc1
CHEMBL402147,COc1cc(/C=C\c2cc([N+](=O)[O-])c(OC)c([N+](=O)[O-])c2)cc(OC)c1OC,4.7706499099731445,0.17857142857142858,COc1cc2ncn(CC(=O)O)c(=O)c2cc1OC
CHEMBL340458,CS(=O)(=O)c1ccc(C2=C(c3ccccc3)CCC2)cc1,5.749086380004883,0.2631578947368421,O=C(O)CNC(=O)c1ccc(S(=O)(=O)N2CC=C(c3ccccc3)CC2)cc1
CHEMBL392916,CCC(=C(c1ccc(OCCN2CCCC2)cc1)c1ccc(OCCN2CCCC2)cc1)c1ccccc1,4.906195640563965,0.21428571428571427,O=C(O)CNC(=O)c1ccc(S(=O)(=O)N2CCC(Oc3ccccc3)CC2)cc1
CHEMBL518935,Oc1ccc([C@H]2Oc3ccc(/C=C/c4cc(O)cc(O)c4)cc3[C@@H]2c2cc(O)cc(O)c2)cc1,5.0026469230651855,0.16393442622950818,O=C(Cc1ccccc1)Oc1c(OC(=O)Cc2ccccc2)c(-c2ccc(O)cc2)c(O)c(O)c1-c1ccc(O)cc1
CHEMBL371972,CN(C)CCOc1ccc(/C(=C(/CCCC(=O)O)c2ccccc2)c2ccc(O)cc2)cc1,4.482199668884277,0.26785714285714285,CC(C)c1ccc(C(=O)CCC(=O)O)cc1
CHEMBL32505,C/C(=C\c1ccc(C(=O)O)cc1)c1cc2c(cc1C)C(C)(C)CCC2(C)C,6.720304489135742,0.21818181818181817,O=C(O)CCC(=O)c1ccc2c(c1)CCC2
CHEMBL280049,CCC1=C(c2ccccc2)c2ccc(OCCN(C)C)cc2Sc2ccccc21,4.857374668121338,0.14473684210526316,COc1ccc(Br)c(-c2nnc(CCC(=O)O)o2)c1
CHEMBL218926,CC(=O)NC/C(=C/c1ccccc1)c1ccccc1,4.982234001159668,0.3170731707317073,CC(CC(=O)c1ccccc1)C(=O)O
CHEMBL148604,COc1ccc(/C=C\c2cc(OC)c3c(c2)OCO3)cc1NC(=O)OCC1c2ccccc2-c2ccccc21,5.162318706512451,0.17857142857142858,COc1cc2oc(=O)cc(C)c2cc1CCC(=O)O
CHEMBL49755,O=C(CO)Nc1ccc(/C=C/c2ccccc2)cc1,5.574863433837891,0.23809523809523808,CC(CC(=O)c1ccccc1)C(=O)O
CHEMBL329999,CS(=O)(=O)c1ccc(C2=C(c3ccc(C(F)(F)F)cc3)CC3(CC3)C2)cc1,5.646755218505859,0.22535211267605634,O=C(O)CNC(=O)c1ccc(S(=O)(=O)N2CCC(c3cccc(C(F)(F)F)c3)CC2)cc1
CHEMBL334402,N#C/C(=C\c1ccc(O)cc1)c1ccc(O)cc1,4.612709999084473,0.16326530612244897,O=C(Cc1ccccc1)Oc1c(OC(=O)Cc2ccccc2)c(-c2ccc(O)cc2)c(O)c(O)c1-c1ccc(O)cc1
CHEMBL136410,CC1(C)CCOc2ccc(/C(=C/c3ccc(C(=O)O)cc3)C(F)(F)F)cc21,7.211178302764893,0.1935483870967742,O=C(O)CCC(=O)c1ccc2c(c1)CCC2
CHEMBL229581,COc1ccc(/C=C/c2cc(OC)cc(OC)c2CNCc2ccccc2)cc1,4.921969413757324,0.18309859154929578,COc1ccc(Br)c(-c2nnc(CCC(=O)O)o2)c1
CHEMBL464650,O=C(O)/C=C/c1ccc(O)c2c1C=Cc1cc(O)c(O)cc1O2,3.758728504180908,0.13846153846153847,O=C(O)CCc1nnc(-c2ccccc2I)o1
CHEMBL23808,CS(=O)(=O)c1ccc(C2=C(c3ccc(F)c(Cl)c3)C(=O)CC2)cc1,4.569949626922607,0.20833333333333334,O=C(O)CNC(=O)c1ccc(S(=O)(=O)N2CCC(c3ccc(F)c(F)c3)CC2)cc1
CHEMBL282309,CC/C(=C(\c1ccccc1)c1ccc(OCCN2CCOCC2)cc1)c1ccccc1,5.159348487854004,0.2222222222222222,O=C(O)CNC(=O)c1ccc(S(=O)(=O)N2CCC(N3CCOCC3)CC2)cc1
CHEMBL215767,COc1ccc(/C=C/c2cccc(F)c2)cc1,4.566986083984375,0.1864406779661017,COc1ccc(Br)c(-c2nnc(CCC(=O)O)o2)c1
CHEMBL74762,COc1ccc(/C=C/c2cc(OC)c(OC(C)=O)c(OC)c2)cc1,3.7596311569213863,0.22950819672131148,COc1ccc(Br)c(-c2nnc(CCC(=O)O)o2)c1
CHEMBL89556,COc1cc(OC)c(OC)cc1/C=C/c1cc(OC)c(OC)c(OC)c1,4.542496681213379,0.21568627450980393,COc1cc2ncn(CC(=O)O)c(=O)c2cc1OC
CHEMBL308170,CC(C)(C)c1cc(C2=Cc3ccc(C(=O)O)cc3OC2)cc(C(C)(C)C)c1O,6.183591842651367,0.1896551724137931,O=C(O)CCC(=O)c1ccc2c(c1)CCC2
CHEMBL455693,O=C(O)c1cc(/C=C/c2cc(C(=O)O)c(O)c(-c3ccccc3)c2)ccc1O,5.408730030059815,0.22641509433962265,O=C(O)CCc1nnc(-c2ccccc2)o1
CHEMBL218866,O=C1c2ccccc2/C(=C/c2ccc(O)c(O)c2)c2sccc21,4.7738447189331055,0.16666666666666666,O=C(O)CCC(=O)c1cccs1
CHEMBL181427,CC/C(=C(/CC)c1cccc(O)c1)c1ccc(O)cc1,4.491765975952148,0.21951219512195122,CC(CC(=O)c1ccccc1)C(=O)O
CHEMBL58389,COc1ccc(C2=C(c3cc(OC)c(OC)c(OC)c3)C(=O)CC2)cc1O,4.226453304290772,0.19672131147540983,COc1cc2ncn(CC(=O)O)c(=O)c2cc1OC
CHEMBL274221,COc1ccc(C2=C(c3cc(OC)c(OC)c(OC)c3)C(=O)CC2OC(C)=O)cc1NC=O,4.158221244812012,0.17333333333333334,COc1cc2ncn(CC(=O)O)c(=O)c2cc1OC
CHEMBL375749,COc1ccc(C2=C(c3cc(OC)c(OC)c(OC)c3)/C(=N\O)C(OC(C)=O)C2)cc1Cl,4.433932304382324,0.17582417582417584,COc1ccccc1CNC(=O)Cn1c(CCC(=O)O)nc2c(Cl)cccc2c1=O
CHEMBL374285,COc1ccc(C2=C(c3cc(OC)c(OC)c(OC)c3)/C(=N\O)C(O)C2)cc1F,4.671667098999023,0.14492753623188406,COc1cc2ncn(CC(=O)O)c(=O)c2cc1OC
CHEMBL213838,O=C1CCC2(Cc3ccccc3)Cc3cc(O)ccc3C2=C1c1ccc(OCCN2CCOCC2)cc1,4.995510101318359,0.20987654320987653,O=C(Cc1ccccc1)Oc1c(OC(=O)Cc2ccccc2)c(-c2ccc(O)cc2)c(O)c(O)c1-c1ccc(O)cc1
CHEMBL109104,COc1ccc2c(c1)OC(c1ccc(OCCN3CCCC3)cc1)C(c1ccccc1)=C2,4.9045000076293945,0.1875,COc1ccc(Br)c(-c2nnc(CCC(=O)O)o2)c1
CHEMBL84523,Nc1ccc(/C=C/c2ccc(F)cc2)cc1,4.0591535568237305,0.1836734693877551,Cc1cc(C(=O)CN2CCCC2)c(C)n1-c1ccc(F)cc1
CHEMBL44223,CC1(C)OC(c2ccc(S(C)(=O)=O)cc2)=C(c2cc(F)cc(F)c2)C1=O,6.4187331199646,0.16,Cc1cc(S(=O)(=O)N2CCC(c3ccccc3)CC2)ccc1C(=O)NCC(=O)O
CHEMBL298468,CC1(C)OC(c2ccc(S(C)(=O)=O)cc2)=C(c2ccccc2)C1=O,6.359025001525879,0.2,Cc1cc(S(=O)(=O)N2CCC(c3ccccc3)CC2)ccc1C(=O)NCC(=O)O
CHEMBL218562,COc1ccc(/C=C/c2ccccc2F)cc1,5.166353702545166,0.16666666666666666,COc1ccc(Br)c(-c2nnc(CCC(=O)O)o2)c1
CHEMBL409954,c1ccc(N[C@@]23CCC[C@@H]2CC(c2ccccc2)=C3c2ccccc2)cc1,5.247453689575195,0.171875,O=C(O)CNC(=O)c1ccc(S(=O)(=O)N2CCC(C3CCCC3)CC2)cc1
CHEMBL477239,O=C1Nc2ccccc2/C1=C\c1ccccc1,5.196386337280273,0.17647058823529413,CC(C(=O)O)n1cnc2ccccc2c1=O
CHEMBL428715,COc1cc(/C=C/c2cc(O)c(C/C=C(\C)CCC=C(C)C)c(O)c2)cc2c1O[C@]1(C)CC[C@@H](O)C(C)(C)[C@H]1C2,5.601354122161865,0.14444444444444443,COc1cc2oc(=O)cc(C)c2cc1CCC(=O)O
CHEMBL104631,COc1cc(CCc2ccc(C3=Cc4ccccc4C4=NCC(C)(C)CN34)cc2)cc(OC)c1OC,6.203802108764648,0.16666666666666666,COc1ccccc1CNC(=O)Cn1c(CCC(=O)O)nc2c(Cl)cccc2c1=O
CHEMBL36051,CCCC(=C(c1ccc(OC(C)=O)cc1)c1ccc(OC(C)=O)cc1)c1ccccc1,5.084708213806152,0.28888888888888886,CC(CC(=O)c1ccccc1)C(=O)O
CHEMBL342789,Oc1ccc(/C=C/c2cc(O)cc(O)c2Br)cc1,4.449413776397705,0.15384615384615385,O=C(Cc1ccccc1)Oc1c(OC(=O)Cc2ccccc2)c(-c2ccc(O)cc2)c(O)c(O)c1-c1ccc(O)cc1
CHEMBL483226,COc1ccc(C2=C(c3ccc(OC)c(OC)c3)C[C@H]3CCCN3C2)cc1,3.957021474838257,0.18571428571428572,O=C(O)CCC(=O)c1ccc(S(=O)(=O)N2CCC(N3CCCC3)CC2)cc1
CHEMBL193628,CCOC(=O)Cc1ccc(/C=C2/C(=O)Oc3ccccc32)cc1,3.9696121215820312,0.2542372881355932,O=C(Cc1ccccc1)Oc1c(OC(=O)Cc2ccccc2)c(-c2ccc(O)cc2)c(O)c(O)c1-c1ccc(O)cc1
CHEMBL47911,COc1ccc(OC)c(/C=C\c2ccc(OC)c(C(=O)NCCc3ccccc3)c2)c1,4.735062122344971,0.2465753424657534,COc1ccc(Br)c(-c2nnc(CCC(=O)O)o2)c1
CHEMBL1376,CC1=C(CC(=O)O)c2cc(F)ccc2/C1=C/c1ccc([S+](C)[O-])cc1,3.779849529266357,0.2,Cc1cc(C(=O)CN2CCCC2)c(C)n1-c1ccc(F)cc1
CHEMBL256178,CNc1ccc(/C=C/c2ccc(-c3nc4cc(OCCCF)ccc4s3)cc2)cc1,5.027480125427246,0.13333333333333333,Cc1cc(Cl)cc(-c2ccnc3cc(CN4C(=O)C5C(C4=O)C5(C)C)sc23)c1O[C@@H]1CCNC[C@@H]1C
CHEMBL372896,COc1ccc(/C=C\c2cc(OC)c(O)c(OC)c2)cc1O,4.419618129730225,0.18518518518518517,COc1cc2ncn(CC(=O)O)c(=O)c2cc1OC
CHEMBL291838,COc1ccc(/C=C2/C(=O)Nc3ccccc32)cc1OC1CC2CCC1C2,4.806081295013428,0.14953271028037382,Cc1cc(Cl)cc(-c2ccnc3cc(CN4C(=O)C5C(C4=O)C5(C)C)sc23)c1O[C@@H]1CCNC[C@@H]1C
CHEMBL380269,O=C1O/C(=C\c2cccc3ccccc23)c2ccccc21,3.900065898895264,0.16666666666666666,CC(C(=O)O)n1cnc2ccccc2c1=O
CHEMBL10824,O=C(O)Cc1ccc2c(c1)C=Cc1ccccc1O2,3.4222655296325684,0.24528301886792453,O=C(O)CCc1nnc(-c2ccccc2I)o1
CHEMBL223768,O=S(=O)(Oc1ccc(O)cc1)C1CC2OC1C(c1ccc(O)cc1)=C2c1ccc(O)cc1,4.767837524414063,0.22413793103448276,O=C(Cc1ccccc1)Oc1c(OC(=O)Cc2ccccc2)c(-c2ccc(O)cc2)c(O)c(O)c1-c1ccc(O)cc1
CHEMBL82247,Cc1ccccc1/N=C(/N)Nc1ccccc1/C=C/c1ccccc1,6.335826396942139,0.16455696202531644,CC(C)(C)NS(=O)(=O)c1cccc2c(NC(=O)[C@H](Cc3ccccc3)NC(=O)C3CC3)cccc12
CHEMBL282924,CS(=O)(=O)c1ccc(C2=C(c3cc(Cl)cc(Cl)c3)C(=O)CC2)cc1,5.423419952392578,0.17647058823529413,O=C(O)CNC(=O)c1ccc(S(=O)(=O)N2CCC(c3ccc(Cl)cc3)CC2)cc1
CHEMBL145356,CCC(=C(c1ccc(O)cc1)c1ccc(O)cc1)c1ccc(OCC(=O)O)cc1,3.935547590255737,0.2765957446808511,CC(C)c1ccc(C(=O)CCC(=O)O)cc1
CHEMBL27283,C1=C(c2ccccc2)C(c2ccc(OCCN3CCCCC3)cc2)Oc2ccccc21,4.821073532104492,0.16049382716049382,O=C(O)CNC(=O)c1ccc(S(=O)(=O)N2CCC(c3ccccc3)CC2)o1
CHEMBL298356,CS(=O)(=O)c1ccc(C2=C(c3ccc(F)cc3)C(=O)N(c3ccccc3)C2)cc1,5.71781063079834,0.22535211267605634,O=C(O)CNC(=O)c1ccc(S(=O)(=O)N2CCC(c3ccc(F)cc3)CC2)cc1
CHEMBL120759,C/C(=C\c1ccc(C(=O)O)cc1)c1ccc2c(c1)C(C)(C)CO2,6.4060821533203125,0.21052631578947367,O=C(O)CCC(=O)c1ccc2c(c1)CCC2
CHEMBL218808,CC(=O)NC/C(=C\c1ccccc1)c1ccccc1,4.982234001159668,0.3170731707317073,CC(CC(=O)c1ccccc1)C(=O)O
CHEMBL466233,CC(C)c1onc(CO)c1COc1ccc(/C=C/c2cccc(C(=O)O)c2)c(Cl)c1,3.9872384071350098,0.2028985507246377,CC(CC(=O)c1ccccc1)C(=O)O
CHEMBL81879,CC/C(=C(\c1ccc(I)cc1)c1ccc(OCCN(CC)CC)cc1)c1ccccc1,4.8677897453308105,0.2037037037037037,CC(CC(=O)c1ccccc1)C(=O)O
CHEMBL429127,COc1ccc(/C=C\c2cc(OC)c(OC)c(OC)c2)c(N)c1N.Cl.Cl,4.914855003356934,0.1724137931034483,COc1cc2ncn(CC(=O)O)c(=O)c2cc1OC
CHEMBL217041,COc1ccc(/C=C\c2cc(OC)c(OC)c(OC)c2)c(N)c1,4.6675567626953125,0.19047619047619047,COc1ccc(Br)c(-c2nnc(CCC(=O)O)o2)c1
CHEMBL82830,CN(C)c1ccc(/C=C/c2ccccc2F)cc1,5.177225589752197,0.1323529411764706,O=C(O)CNC(=O)c1ccc(S(=O)(=O)N2CCC(c3ccccc3)CC2)c(F)c1
CHEMBL365089,CCCCCS(=O)(=O)CCCCCCCCCC/C(=C(/CC)c1cccc(O)c1)c1ccc(O)cc1,6.321737766265869,0.17543859649122806,CC(CC(=O)c1ccccc1)C(=O)O
CHEMBL319861,Cc1cc(OCc2c(-c3c(Cl)cccc3Cl)noc2C(C)C)cc(C)c1/C=C/c1cccc(C(=O)O)c1,4.668097972869873,0.2,CC(CC(=O)c1ccccc1)C(=O)O
CHEMBL291639,Cc1ccc(/C(=C(\C#N)c2ccccc2)c2ccc(O)cc2)cc1,6.2572102546691895,0.22727272727272727,CC(CC(=O)c1ccccc1)C(=O)O
CHEMBL92876,OC/C(=C/c1cc(OCc2ccsc2)ccc1Br)c1ccccc1,5.024815559387207,0.1891891891891892,COc1ccc(Br)c(-c2nnc(CCC(=O)O)o2)c1
CHEMBL283246,CC/C(=C(\c1ccccc1)c1ccc(OC(C)=O)c(OC(C)=O)c1)c1cccc(OC(C)=O)c1,5.29179573059082,0.25,CC(CC(=O)c1ccccc1)C(=O)O
CHEMBL195527,Oc1ccc(C2=C(c3ccc(O)cc3)C3CCC2CC3)cc1,3.1412644386291504,0.23809523809523808,O=C(Cc1ccccc1)Oc1c(OC(=O)Cc2ccccc2)c(-c2ccc(O)cc2)c(O)c(O)c1-c1ccc(O)cc1
CHEMBL338715,O=C1c2c(O)cccc2C(=Cc2ccccc2)c2cccc(O)c21,5.519011974334717,0.19298245614035087,Nc1c(C(=O)c2ccccc2)sc2[nH]c(=O)c(C(=O)O)cc12
CHEMBL179291,O=S(=O)(c1ccccc1)n1ccc2cc(/C=C/c3ccc4ccccc4c3)ccc21,5.3570966720581055,0.20967741935483872,O=C(O)CNC(=O)c1ccc(S(=O)(=O)N2Cc3ccccc3C2)cc1
CHEMBL286793,CC/C(=C(/c1ccc(OCCN(C)C)cc1)c1ccccc1O)c1ccccc1,4.77748441696167,0.2,CC(CC(=O)c1ccccc1)C(=O)O
CHEMBL209014,Oc1ccc2c(c1)OC(c1ccccc1)C1=C2COc2cc(O)ccc21,4.7362060546875,0.1780821917808219,O=C(O)CNC(=O)c1ccc(S(=O)(=O)N2CCC(c3ccccc3)CC2)c(F)c1
CHEMBL310465,CC/C(=C(/c1ccc(Br)cc1)c1ccc(OCCN(C)C)cc1)c1ccccc1,4.835146903991699,0.20754716981132076,CC(CC(=O)c1ccccc1)C(=O)O
CHEMBL226413,[O-][n+]1onc2cc(/C=C/c3ccc(Cl)cc3)ccc21,3.543295860290528,0.136986301369863,O=C(O)CNC(=O)c1ccc(S(=O)(=O)N2CCC(c3ccc(Cl)cc3)CC2)cn1
CHEMBL405623,CS(=O)(=O)c1ccc(C2=C(c3ccc4c(c3)OCO4)CCC2)cc1,5.890968322753906,0.171875,O=C(O)CCC(=O)c1ccc(S(=O)(=O)N2CCC(N3CCCC3)CC2)cc1
CHEMBL452813,COc1ccc(/C=C\c2cc(OC)c3c(c2)OCO3)cc1NC(=O)[C@H](C)[C@@H](OC)[C@@H]1CCCN1C(=O)OC(C)(C)C,6.313896179199219,0.19047619047619047,CC(C)(C)NS(=O)(=O)c1cccc2c(NC(=O)[C@H](Cc3ccccc3)NC(=O)C3CC3)cccc12
CHEMBL130560,O=C1c2c(O)cccc2C(=Cc2ccc(O)c(O)c2)c2cccc(O)c21,5.633522987365723,0.16393442622950818,Nc1c(C(=O)c2ccccc2)sc2[nH]c(=O)c(C(=O)O)cc12
CHEMBL75311,CC(C)(C)c1cc(C2=Cc3ccc(C(=O)O)cc3OC2)ccc1O,6.192906379699707,0.18333333333333332,O=C(O)CCC(=O)c1ccc2c(c1)CCC2
CHEMBL319606,Cc1cc(OCc2c(-c3c(Cl)cccc3Cl)noc2C(C)C)cc(C)c1/C=C/c1ccc(C(=O)O)cc1,4.541638851165772,0.21428571428571427,CC(C)c1ccc(C(=O)CCC(=O)O)cc1
CHEMBL460619,COc1cc(/C=C/c2ccc(NC(=O)[C@@H]3CCCN3P(=O)(OC(C)C)OC(C)C)cc2)cc(OC)c1,6.006517887115479,0.2077922077922078,O=C(O)CNC(=O)c1ccc(S(=O)(=O)N2CCC(C3CCCC3)CC2)cc1
CHEMBL529732,Cc1ccc(N2C(=O)C3C(C2=O)C2(c4ccccc4)C(=O)C3(c3ccccc3)C(c3ccccc3)=C2c2ccccc2)cc1,5.818462371826172,0.1780821917808219,Cc1cc(C(=O)NCC(=O)O)ccc1S(=O)(=O)N1CCC(c2ccccc2)CC1
CHEMBL474127,C/C(=C\c1cc(O)cc(O)c1)c1ccc(O)cc1,3.994041919708252,0.1875,O=C(Cc1ccccc1)Oc1c(OC(=O)Cc2ccccc2)c(-c2ccc(O)cc2)c(O)c(O)c1-c1ccc(O)cc1
CHEMBL69609,CC(=O)NC[C@H]1CN(c2ccc(/C=C(\Br)c3cccc(CO)c3)c(F)c2)C(=O)O1,4.422057628631592,0.20652173913043478,O=C(O)CNC(=O)c1ccc(S(=O)(=O)N2CCC(c3ccccc3)CC2)c(F)c1
CHEMBL395187,CC(C)CCc1sc(NC(=O)c2cc(NC(=O)c3ccc(/C=C/c4ccc5ccccc5c4)cc3)cn2C)nc1C(=O)NCCN1CCOCC1,5.222108840942383,0.2169811320754717,Cn1cc(S(=O)(=O)N2CCC(c3ccccc3)CC2)cc1C(=O)NCC(=O)O
CHEMBL175431,COc1ccc(/C=C\c2cc(OC)c3ccccc3c2)cc1O,4.951534271240234,0.19230769230769232,COc1ccccc1CNC(=O)Cn1c(CCC(=O)O)nc2c(Cl)cccc2c1=O
CHEMBL75848,CC1(C)CCC(C)(C)c2cc(C3=Cc4ccc(C(=O)O)cc4OC3)ccc21,6.672327041625977,0.21052631578947367,O=C(O)CNC(=O)c1ccc(S(=O)(=O)N2CCC3(CC2)OCc2ccccc23)cc1
CHEMBL194754,Nc1ccc(/C=C/c2ccc(O)cc2)cc1,3.7374205589294434,0.18181818181818182,O=C(Cc1ccccc1)Oc1c(OC(=O)Cc2ccccc2)c(-c2ccc(O)cc2)c(O)c(O)c1-c1ccc(O)cc1
CHEMBL456769,O=C(O)CC1=C/C(=C\c2ccc3nccnc3c2)c2ccc(F)cc21,3.898717641830444,0.17391304347826086,COc1cc2ncn(CC(=O)O)c(=O)c2cc1OC
CHEMBL18381,C(=C/c1cccc(-c2nn[nH]n2)c1)\c1cccc(OCc2ccc3ccccc3n2)c1,4.514173030853272,0.14285714285714285,O=C(O)CCc1nnc(-c2ccccc2)o1
CHEMBL466872,O=C1Nc2ccc(/C=C/c3ccccc3)cc2C1=O,6.012887001037598,0.2037037037037037,O=C(O)CCC(=O)c1ccc2c(c1)CCC(=O)N2
CHEMBL69011,Nc1ccc(/C=C/c2ccccc2)cc1,4.9508819580078125,0.1875,Nc1c(C(=O)c2ccccc2)sc2[nH]c(=O)c(C(=O)O)cc12
CHEMBL508081,COc1cc2c(cc1OC)Oc1c(O)ccc(CCN(C)C)c1C=C2,3.392930507659912,0.2028985507246377,COc1cc2oc(=O)cc(C)c2cc1CCC(=O)O
CHEMBL389013,O=S(=O)(c1ccccc1)C1CC2OC1C(c1ccc(O)cc1)=C2c1ccc(O)cc1,4.723958015441895,0.25,O=C(Cc1ccccc1)Oc1c(OC(=O)Cc2ccccc2)c(-c2ccc(O)cc2)c(O)c(O)c1-c1ccc(O)cc1
CHEMBL8769,CC(=O)Nc1ccc(/C=C/c2ccc(C#N)cc2)cc1,5.309700965881348,0.26666666666666666,Cc1cc(C(=O)CN2CCC(O)CC2)c(C)n1-c1ccc(C#N)cc1
CHEMBL307116,O=C1O/C(=C\c2ccc3c(c2)OCO3)c2ccccc21,4.616096496582031,0.15,O=C(O)CCc1nnc(-c2ccccc2I)o1
CHEMBL362318,CS(=O)(=O)c1ccc(/C=C2\OC(=O)c3ccccc32)cc1,5.107361793518066,0.17391304347826086,Cc1cc(S(=O)(=O)N2CCC(c3ccccc3)CC2)ccc1C(=O)NCC(=O)O
CHEMBL413309,CC1=CC(C)(C)Nc2ccc3c(c21)/C(=C/c1ccccc1)Oc1c(F)cccc1-3,5.631472587585449,0.12,O=C(O)CCC(=O)c1ccc2c(c1)CCC(=O)N2
CHEMBL207045,CC1(C)[N+]([O-])=c2ccc(/C=C/c3ccccc3)cc2=[N+]1[O-],5.286281585693359,0.14893617021276595,CC(CC(=O)c1ccccc1)C(=O)O
CHEMBL475135,COc1ccc(/C(C)=C/c2cc(O)cc(O)c2)cc1OC,4.849980354309082,0.2,COc1cc2ncn(CC(=O)O)c(=O)c2cc1OC
CHEMBL442784,COc1cc(/C=C\c2ccc3[nH]ccc3c2)cc(OC)c1OC,5.013945579528809,0.15,COc1ccccc1CNC(=O)Cn1c(CCC(=O)O)nc2c(Cl)cccc2c1=O
CHEMBL178806,COc1ccc(/C=C/c2cc(F)cc(F)c2)cc1,4.620626449584961,0.19642857142857142,COc1ccc(Br)c(-c2nnc(CCC(=O)O)o2)c1
CHEMBL478700,COc1cc(/C=C(/C(=O)O)c2ccccc2)ccc1O,4.9742841720581055,0.2553191489361702,CC(CC(=O)c1ccccc1)C(=O)O
CHEMBL457224,COc1cc(/C=C/c2ccc(NC(=O)CCCCCNP(=O)(OC(C)C)OC(C)C)cc2)cc(OC)c1,6.574751853942871,0.189873417721519,COc1ccc(Br)c(-c2nnc(CCC(=O)O)o2)c1
CHEMBL98041,CSc1ccc(C2=C(c3ccc(F)cc3)CN(C)O2)cc1,3.819640874862671,0.2,Cc1cc(C(=O)CN2CCCC2)c(C)n1-c1ccc(F)cc1
CHEMBL102949,COc1ccc(/C=C(/C#N)c2cc(OC)c(OC)c(OC)c2)cc1NC(C)=O,5.986058712005615,0.17721518987341772,CCC[C@H](NC(=O)/C(C#N)=C/c1cccc(Br)n1)c1ccccc1
CHEMBL109995,C1=C(c2ccccc2)C(c2cccc(OCCN3CCCCC3)c2)Oc2ccccc21,4.847225666046143,0.18292682926829268,O=C(O)CNC(=O)c1ccc(S(=O)(=O)N2CCC(c3ccccc3)CC2)o1
CHEMBL306439,CCC1=C(c2ccc(O)cc2)C(CC)c2ccccc21,5.65428352355957,0.24528301886792453,O=C(Cc1ccccc1)Oc1c(OC(=O)Cc2ccccc2)c(-c2ccc(O)cc2)c(O)c(O)c1-c1ccc(O)cc1
CHEMBL296009,COc1ccc(C2=C(c3ccc(SC)cc3)CC3CCCN3C2=O)cc1C,4.217453956604004,0.17105263157894737,Cc1cc(C(=O)CN2CCCC2)c(C)n1-c1ccc(F)cc1
CHEMBL72365,O=C1Nc2ccc(I)cc2/C1=C/c1cc(Br)c(O)c(Br)c1,4.597599983215332,0.1774193548387097,O=C(O)CCC(=O)c1ccc2c(c1)CCC(=O)N2
CHEMBL412451,CCC1=C(c2ccc(O)cc2)C(C)c2cc(O)ccc21,4.43037223815918,0.2037037037037037,O=C(Cc1ccccc1)Oc1c(OC(=O)Cc2ccccc2)c(-c2ccc(O)cc2)c(O)c(O)c1-c1ccc(O)cc1
CHEMBL284384,O=c1c(C(c2ccc(/C=C/c3ccccc3)cc2)c2c(O)oc3ccccc3c2=O)c(O)oc2ccccc12,5.094515800476074,0.2033898305084746,CC(C(=O)O)n1cnc2ccccc2c1=O
CHEMBL180217,COc1cc(/C=C\c2ccc(N(C)C)c(N)c2)cc(OC)c1OC,4.003885746002197,0.14754098360655737,COc1cc2ncn(CC(=O)O)c(=O)c2cc1OC
CHEMBL468193,COc1ccc(/C(F)=C(\F)c2cc(OC)c(OC)c(OC)c2)cc1N,4.648914337158203,0.17543859649122806,COc1cc2ncn(CC(=O)O)c(=O)c2cc1OC
CHEMBL512995,COc1cc(/C=C/c2cc(O)c3ccoc3c2)cc(OC)c1OC,4.724494934082031,0.20967741935483872,COc1cc2oc(=O)cc(C)c2cc1CCC(=O)O
CHEMBL100922,Oc1ccc(/C=C/c2ccccc2)cc1O,4.879325866699219,0.1794871794871795,CC(CC(=O)c1ccccc1)C(=O)O
CHEMBL234082,N#Cc1ccc(OCc2ccc(F)cc2)c(C2=C(c3cccc(C(=O)O)c3)CCC2)c1,5.471986770629883,0.20618556701030927,CC(C)C[C@H](NC(=O)C1(C(F)(F)F)CCCCC1)C(=O)Nc1nnc(Cc2ccc(C#N)cc2)s1
CHEMBL510467,O=C1Nc2ccccc2/C1=C\c1cccc(F)c1,5.8461503982543945,0.16666666666666666,O=C(O)CNC(=O)c1ccc(S(=O)(=O)N2CCC(c3cccc(F)c3)CC2)cc1
CHEMBL468213,COc1ccc(/C(F)=C\c2cc(OC)c(OC)c(OC)c2)cc1F,4.929163932800293,0.16666666666666666,COc1cc2ncn(CC(=O)O)c(=O)c2cc1OC
CHEMBL119259,CC1=C2CCc3cc(/C=C\c4ccccc4)ccc3N2CCC1=O,4.408000469207764,0.18421052631578946,Cc1cc(C(=O)NCC(=O)O)ccc1S(=O)(=O)N1CCC(c2ccccc2)CC1
CHEMBL476865,Cc1ccc(/C=C2/C(=O)Nc3ccccc32)cc1,5.398861885070801,0.16363636363636364,CC(C(=O)O)n1cnc2ccccc2c1=O
CHEMBL176338,O=C(CCCN1CCN(c2ccccc2)CC1)NC1c2ccccc2C=Cc2ccccc21,4.631233215332031,0.21428571428571427,O=C(O)CCC(=O)c1ccc(S(=O)(=O)N2CCC(c3ccccc3)CC2)cc1
CHEMBL115841,N.N.O=[N+]([O-])c1ccc(/C=C\c2cccc(C(F)(F)P(=O)(O)O)c2)cc1,5.455959320068359,0.21212121212121213,O=C(O)CCc1nnc(-c2cccc(C(F)(F)F)c2)o1
CHEMBL515152,COc1cccc(/C=C2/C(=O)Nc3cc(Cl)ccc32)c1,5.282766342163086,0.18571428571428572,COc1ccc(Br)c(-c2nnc(CCC(=O)O)o2)c1
CHEMBL284393,C[N+](C)(CCCCCC[N+](C)(C)CCCN1C(=O)c2ccccc2/C1=C/c1ccccc1)CCCN1C(=O)c2ccccc2/C1=C/c1ccccc1,7.015767574310303,0.16666666666666666,CC(CC(=O)c1ccccc1)C(=O)O
CHEMBL190846,CCCC/C(=C\c1ccc(C(=O)O)cc1)c1ccc2c(c1)C(C)(C)CCC2(C)C,6.486936092376709,0.2413793103448276,O=C(O)CCC(=O)c1ccc2c(c1)CCC2
CHEMBL168622,CC/C(=C(\c1ccccc1)c1ccc(OCCN2CC2)cc1)c1ccccc1,4.8861894607543945,0.22058823529411764,O=C(O)CNC(=O)c1ccc(S(=O)(=O)N2CCC(Oc3ccccc3)CC2)cc1
CHEMBL83126,Nc1ccc(/C=C/c2ccc(N)cc2)cc1,3.7668166160583496,0.12903225806451613,N#CSc1cc(SC#N)c(N)nc1N
CHEMBL296877,COC(=O)c1cc(/C=C\c2cc(OC)ccc2OC)ccc1OC,4.132716655731201,0.23809523809523808,COc1ccc(Br)c(-c2nnc(CCC(=O)O)o2)c1
CHEMBL223046,CC(C)=CCc1c(O)cc(/C=C/c2cc(O)c3c(c2)C[C@@H]2C(C)(C)[C@H](O)[C@H](O)C[C@@]2(C)O3)cc1O,5.503857612609863,0.11842105263157894,O=C(O)CCC(=O)c1ccc2c(c1)CCC(=O)N2
CHEMBL496464,CSc1ccc(/C=C2\C=C(CC(=O)O)c3cc(F)ccc32)cc1,3.908259153366089,0.18840579710144928,Cc1cc(C(=O)CN2CCCC2)c(C)n1-c1ccc(F)cc1
CHEMBL513583,OC[C@H]1O[C@@H](Oc2ccc(/C=C\c3cc(O)cc(O)c3)cc2O)[C@H](O)[C@@H](O)[C@@H]1O,3.75848388671875,0.12121212121212122,O=C(Cc1ccccc1)Oc1c(OC(=O)Cc2ccccc2)c(-c2ccc(O)cc2)c(O)c(O)c1-c1ccc(O)cc1
CHEMBL466553,COc1cc(/C=C/c2cc(O)c3ccsc3c2)cc(OC)c1OC,4.614748477935791,0.19047619047619047,COc1cc2oc(=O)cc(C)c2cc1CCC(=O)O
CHEMBL219402,CCc1cccc2c1CNc1c(cccc1CCc1ccccc1)/C=C\2COc1ccccc1C(=O)OC,3.955554008483887,0.23157894736842105,COc1ccccc1CNC(=O)Cn1c(CCC(=O)O)nc2c(Cl)cccc2c1=O
CHEMBL218409,CCc1cccc2c1CNc1c(cccc1CCc1ccccc1)/C=C\2COc1cccc(Cl)c1,4.473464012145996,0.18556701030927836,COc1ccccc1CNC(=O)Cn1c(CCC(=O)O)nc2c(Cl)cccc2c1=O
CHEMBL341872,C1=C(SCCN2CCOCC2)c2ccccc2Oc2ccccc21,4.465031623840332,0.16216216216216217,O=C(O)CNC(=O)c1ccc(S(=O)(=O)N2CCC(N3CCOCC3)CC2)cc1
CHEMBL421773,C/C(=C\c1ccc(C(=O)O)cc1)c1ccc(O)c(C23CC4CC(CC(C4)C2)C3)c1,5.478381156921387,0.22413793103448276,O=C(O)CCC(=O)c1ccc2c(c1)CCC2
CHEMBL37961,COc1ccc(/C=C\c2cc(OC)c(OC)c(OC)c2)cc1OP(=O)(O)OC.N,6.153610706329346,0.1774193548387097,COc1cc2ncn(CC(=O)O)c(=O)c2cc1OC
CHEMBL280009,CC1(O)OC(=O)C(c2ccc(F)c(F)c2)=C1c1ccc(S(C)(=O)=O)cc1,5.901396751403809,0.25,O=C(O)CNC(=O)c1ccc(S(=O)(=O)N2CCC(c3ccc(F)c(F)c3)CC2)cc1
CHEMBL370609,CCC1=C(c2ccc(O)cc2)C(C(=O)O)c2cc(O)ccc21,4.834367752075195,0.2545454545454545,O=C(Cc1ccccc1)Oc1c(OC(=O)Cc2ccccc2)c(-c2ccc(O)cc2)c(O)c(O)c1-c1ccc(O)cc1
CHEMBL147100,COc1ccc(C(=O)/C(=C/c2ccccc2)c2ccccc2)cc1,5.841775894165039,0.2727272727272727,CC(CC(=O)c1ccccc1)C(=O)O
CHEMBL178917,Fc1ccc(/C=C\c2cc(F)cc(F)c2)cc1,3.837656021118164,0.20833333333333334,Cc1cc(C(=O)CN2CCCC2)c(C)n1-c1ccc(F)cc1
CHEMBL374109,O=C1c2ccccc2/C(=C/c2cc(Br)c(O)c(Br)c2)c2sccc21,4.444363594055176,0.16363636363636364,O=C(O)CCC(=O)c1cccs1
CHEMBL368597,CC(=O)NS(=O)(=O)c1ccc(C2=C(c3ccc(S(C)(=O)=O)cc3)COC2=O)cc1,5.639837265014648,0.22388059701492538,CN1CCC(NS(=O)(=O)c2ccc(C(=O)NCC(=O)O)cc2)CC1
CHEMBL56559,CC/C(=C(\c1ccc(OC(C)=O)cc1)c1cccc(OC(C)=O)c1)c1ccccc1,5.290145397186279,0.2708333333333333,CC(CC(=O)c1ccccc1)C(=O)O
CHEMBL497164,COc1ccc(/C=C/c2cc(F)c(F)c(F)c2)c([N+](=O)[O-])c1,3.842898368835449,0.19402985074626866,COc1ccc(Br)c(-c2nnc(CCC(=O)O)o2)c1
CHEMBL179243,CCOc1ccc(/C=C\c2cc(OC)cc(OC)c2)cc1,4.005581855773926,0.20689655172413793,COc1ccc(Br)c(-c2nnc(CCC(=O)O)o2)c1
CHEMBL513735,CS(=O)(=O)c1ccc(C2=C(c3ccc(OCCN4CCCC4)cc3)c3ccc(F)cc3OCC2)cc1,4.500139236450195,0.225,Cc1cc(C(=O)CN2CCCC2)c(C)n1-c1ccc(F)cc1
CHEMBL346714,O=C(O)C1CCCN(CCCCOc2ccccc2/C=C/c2ccccc2)C1,4.21724796295166,0.21794871794871795,O=C(O)CNC(=O)c1ccc(S(=O)(=O)N2CCCC(c3ccccc3)CC2)cc1
CHEMBL158160,C(=C/c1ccccc1OCCCCN1CCNCC1)\c1ccccc1,4.346091270446777,0.14864864864864866,O=C(O)CNC(=O)c1ccc(S(=O)(=O)N2CCC(Oc3ccccc3)CC2)cc1
CHEMBL489490,COc1cc(/C=C(/c2cccc(C(F)(F)F)c2)C(F)(F)F)cc(OC)c1,4.831178665161133,0.2459016393442623,O=C(O)CCc1nnc(-c2cccc(C(F)(F)F)c2)o1
CHEMBL349117,OCC1CCCN(CCCCOc2ccccc2/C=C/c2ccccc2)C1,4.26798152923584,0.189873417721519,O=C(O)CNC(=O)c1ccc(S(=O)(=O)N2CCCC(c3ccccc3)CC2)cc1
CHEMBL90051,CC1=C(c2ccc(O)cc2)C(CCCCCCN2CCOCC2)c2ccc(O)cc21,4.16959810256958,0.175,O=C(O)CNC(=O)c1ccc(S(=O)(=O)N2CCC(N3CCOCC3)CC2)cc1
CHEMBL202135,COc1ccc(C2=C(c3ccccc3)C(=O)NC2=O)cc1OC,5.866014003753662,0.24074074074074073,COc1cc2ncn(CC(=O)O)c(=O)c2cc1OC
CHEMBL254439,COc1cc(O)ccc1CCC(c1ccc(O)cc1)c1c(/C=C/c2ccc(O)cc2)cc(O)cc1OC,4.699113845825195,0.21428571428571427,COc1cc2oc(=O)cc(C)c2cc1CCC(=O)O
CHEMBL160165,CN(C)CCCCOc1cccc(/C=C/c2ccccc2)c1,4.346442222595215,0.16,CC(CC(=O)c1ccccc1)C(=O)O
CHEMBL160751,COC(=O)C1CCCN(CCCCOc2ccccc2/C=C/c2ccccc2)C1,4.258732795715332,0.2222222222222222,O=C(O)CNC(=O)c1ccc(S(=O)(=O)N2CCCC(c3ccccc3)CC2)cc1
CHEMBL197800,COc1cc(OC)c2c(c1)OC(=O)/C2=C/c1ccc(OC)c(O)c1,4.089601516723633,0.19117647058823528,COc1cc2oc(=O)cc(C)c2cc1CCC(=O)O
CHEMBL189425,COC(=O)/C=C/c1cccc(N(Cc2ccc(/C=C/c3cccc(C(F)(F)F)c3)cc2)C(=O)C(C)C)c1,4.772875785827637,0.25,O=C(O)CCc1nnc(-c2cccc(C(F)(F)F)c2)o1
CHEMBL231694,O=C(Nc1ccccc1)c1ccc(/C=C/c2ccc(O)c(O)c2)cc1,5.178536891937256,0.2413793103448276,O=C(O)CNC(=O)c1ccc(S(=O)(=O)N2Cc3ccccc3C2)cc1
CHEMBL441622,CC1=C(c2ccc(OC(=O)C(C)(C)C)cc2)[C@@H](c2ccc(OCCN3CCCCC3)cc2)Oc2cc(OC(=O)C(C)(C)C)ccc21,4.822596073150635,0.20481927710843373,Cc1cc(C(=O)CN2CCCC2)c(C)n1-c1ccc(F)cc1
CHEMBL175834,COc1c(N)cc(/C=C\c2ccc3ccccc3c2)cc1N,4.42996883392334,0.14102564102564102,COc1ccccc1CNC(=O)Cn1c(CCC(=O)O)nc2c(Cl)cccc2c1=O
CHEMBL486595,COc1ccc(/C=C\c2cc(OC)c3c(c2)OCO3)cc1NC(=O)[C@@H](N)Cc1ccc(O)cc1.Cl,4.900897979736328,0.2,CC(C)(C)NS(=O)(=O)c1cccc2c(NC(=O)[C@H](Cc3ccccc3)NC(=O)C3CC3)cccc12
CHEMBL300687,COc1ccccc1N1CC(c2ccc(S(C)(=O)=O)cc2)=C(c2ccc(F)cc2)C1=O,4.89223051071167,0.19480519480519481,O=C(O)CNC(=O)c1ccc(S(=O)(=O)N2CCC(c3ccc(F)cc3)CC2)cc1
CHEMBL305128,N#CC(=C(c1ccccc1)c1ccccc1)c1ccc(O)cc1,6.195556640625,0.23404255319148937,O=C(Cc1ccccc1)Oc1c(OC(=O)Cc2ccccc2)c(-c2ccc(O)cc2)c(O)c(O)c1-c1ccc(O)cc1
CHEMBL303801,N#C/C(=C(\c1ccccc1)c1ccc(O)cc1)c1ccccc1,6.259903430938721,0.23404255319148937,O=C(Cc1ccccc1)Oc1c(OC(=O)Cc2ccccc2)c(-c2ccc(O)cc2)c(O)c(O)c1-c1ccc(O)cc1
CHEMBL119908,N.N.O=P(O)(O)C(F)(F)c1cccc(/C=C\c2ccc(F)cc2)c1,5.634096622467041,0.22950819672131148,O=C(O)CCc1nnc(-c2cccc(C(F)(F)F)c2)o1
CHEMBL158161,CN(C)CCCCOc1ccc(/C=C/c2ccccc2)cc1,4.287276268005371,0.1702127659574468,CC(CC(=O)c1ccccc1)C(=O)O
CHEMBL300446,CN1C(=O)CC[C@]2(C)c3ccc(/C=C/c4ccccc4)cc3CC[C@@H]12,5.725193023681641,0.2077922077922078,Cn1cc(S(=O)(=O)N2CCC(c3ccccc3)CC2)cc1C(=O)NCC(=O)O
CHEMBL49056,COc1ccc(C2=C(c3ccc(S(C)(=O)=O)cc3)CN(c3ccccc3Cl)C2=O)cc1,4.972127437591553,0.19318181818181818,COc1ccccc1CNC(=O)Cn1c(CCC(=O)O)nc2c(Cl)cccc2c1=O
CHEMBL67111,CC(=O)NC[C@H]1CN(c2ccc(/C=C(\Br)c3cccc(N)c3)c(F)c2)C(=O)O1,4.307187557220459,0.2111111111111111,O=C(O)CNC(=O)c1ccc(S(=O)(=O)N2CCC(c3ccccc3)CC2)c(F)c1
CHEMBL509991,COc1ccc(/C=C\c2cc(OC)c3ccsc3c2)cc1N.Cl,4.612247467041016,0.16666666666666666,COc1cc2oc(=O)cc(C)c2cc1CCC(=O)O
CHEMBL106773,CC/C(=C(\c1ccc(O)cc1)c1ccc(OCC(=O)O)cc1)c1ccccc1,4.575909614562988,0.2727272727272727,O=C(Cc1ccccc1)Oc1c(OC(=O)Cc2ccccc2)c(-c2ccc(O)cc2)c(O)c(O)c1-c1ccc(O)cc1
CHEMBL179124,Oc1cccc(/C=C/c2ccc(F)c(F)c2)c1,4.253969192504883,0.171875,O=C(O)CNC(=O)c1ccc(S(=O)(=O)N2CCC(c3ccc(F)c(F)c3)CC2)cc1
CHEMBL308330,CC[C@@H]1C(c2ccc(O)cc2)=C(C)c2cc(O)ccc21,4.845269203186035,0.2037037037037037,O=C(Cc1ccccc1)Oc1c(OC(=O)Cc2ccccc2)c(-c2ccc(O)cc2)c(O)c(O)c1-c1ccc(O)cc1
CHEMBL455867,COc1ccc(/C=C\c2cc(Br)c(OC)c(OC)c2)cc1OP(=O)([O-])[O-].[Li+].[Li+],5.913269519805908,0.17142857142857143,COc1ccc(Br)c(-c2nnc(CCC(=O)O)o2)c1
CHEMBL424231,CC(=O)NC[C@H]1CN(c2ccc(/C=C(\Br)c3cccc(C(C)=O)c3)c(F)c2)C(=O)O1,4.53153133392334,0.21348314606741572,O=C(O)CNC(=O)c1ccc(S(=O)(=O)N2CCC(c3ccccc3)CC2)c(F)c1
CHEMBL280287,CC(=O)/C(=C(\C(=O)[O-])c1ccccc1)c1ccc(S(C)(=O)=O)cc1.[Na+],5.606548309326172,0.2727272727272727,CC(CC(=O)c1ccccc1)C(=O)O
CHEMBL77784,CCCCC(NC(=O)c1ccccc1/C=C/c1ccc(CN(C)C)cc1)C(N)=O,4.949357986450195,0.20481927710843373,CCC[C@H](NC(=O)/C(C#N)=C/c1cccc(Br)n1)c1ccccc1
CHEMBL446685,CN(C)CCCOc1ccccc1/C=C/c1ccccc1,4.008138179779053,0.16666666666666666,COc1ccccc1CN(C)C(=O)Cn1c(CCC(=O)O)nc2c(Cl)cccc2c1=O
CHEMBL351981,COc1ccccc1C1=C(c2cc(OC)c(OC)c(OC)c2)C(=O)OC1,4.63144063949585,0.19047619047619047,COc1cc2oc(=O)cc(C)c2cc1CCC(=O)O
CHEMBL43369,O=S(=O)([O-])c1cc(/N=N/c2ccc3cccnc3c2O)ccc1/C=C/c1ccc(/N=N/c2ccc3cccnc3c2O)cc1S(=O)(=O)[O-].[Na+].[Na+],5.855827331542969,0.13095238095238096,O=C(O)CNC(=O)c1ccc(S(=O)(=O)N2CCC(c3ccccc3)CC2)cn1
CHEMBL308113,CCC1=C(c2ccc(O)cc2)[C@H](CC)c2cc(O)ccc21,5.0736494064331055,0.2,O=C(Cc1ccccc1)Oc1c(OC(=O)Cc2ccccc2)c(-c2ccc(O)cc2)c(O)c(O)c1-c1ccc(O)cc1
CHEMBL444689,CC(=O)Oc1cc(/C=C/c2ccc(OCCCC[P+](c3ccccc3)(c3ccccc3)c3ccccc3)cc2)cc(OC(C)=O)c1.[I-],5.610593795776367,0.20689655172413793,CC(CC(=O)c1ccccc1)C(=O)O
CHEMBL220472,COc1cc(/C=C/c2cc(O)c(CC=C(C)C)c(O)c2)cc2c1O[C@]1(C)C[C@@H](O)[C@@H](O)C(C)(C)[C@H]1C2,5.490846633911133,0.14457831325301204,COc1cc2oc(=O)cc(C)c2cc1CCC(=O)O
CHEMBL328044,CCOC1(CCN(C)C)c2ccccc2C=Cc2ccccc21,4.270427227020264,0.14285714285714285,CC(CC(=O)c1ccccc1)C(=O)O
CHEMBL349135,COc1ccc(C2=C(c3cc(OC)c(OC)c(OC)c3)C(=O)OC2)cc1N,3.8751089572906494,0.18181818181818182,COc1cc2oc(=O)cc(C)c2cc1CCC(=O)O
CHEMBL356992,CC(=O)Oc1ccc(/C(=C/c2ccccc2)C(=O)c2ccccc2)cc1,5.556936740875244,0.2608695652173913,CC(CC(=O)c1ccccc1)C(=O)O
CHEMBL38163,COc1ccc(/C=C\c2cc(OC)c(OC)c(OC)c2)cc1OCCCS(=O)(=O)[O-].[Na+],6.383057117462158,0.1875,COc1cc2ncn(CC(=O)O)c(=O)c2cc1OC
CHEMBL454400,COc1cc(/C=C\c2ccc(OC)c(N)c2)cc(OC(C)C)c1.Cl,4.5367631912231445,0.14492753623188406,COc1ccc(Br)c(-c2nnc(CCC(=O)O)o2)c1
CHEMBL504476,Oc1cc(O)cc(/C=C/c2ccc(OCCCC[P+](c3ccccc3)(c3ccccc3)c3ccccc3)cc2)c1.[I-],6.083338737487793,0.18032786885245902,O=C(Cc1ccccc1)Oc1c(OC(=O)Cc2ccccc2)c(-c2ccc(O)cc2)c(O)c(O)c1-c1ccc(O)cc1
CHEMBL115791,N.N.O=P(O)(O)C(F)(F)c1cccc(/C=C\c2ccccc2)c1,5.959964275360107,0.26785714285714285,O=C(O)CCc1nnc(-c2cccc(C(F)(F)F)c2)o1
CHEMBL197188,Cc1ccc(C2=C(c3ccc(O)cc3)Cc3cc(O)ccc32)cc1,4.466874122619629,0.18181818181818182,O=C(Cc1ccccc1)Oc1c(OC(=O)Cc2ccccc2)c(-c2ccc(O)cc2)c(O)c(O)c1-c1ccc(O)cc1
CHEMBL379830,C[N+](C)(C)CCOc1ccc(/C=C/c2ccccc2)cc1,7.120099067687988,0.18181818181818182,CC(CC(=O)c1ccccc1)C(=O)O
CHEMBL319859,CN1C(=O)/C(=C/c2ccc(Br)cc2)c2ccccc21,5.022921085357666,0.2153846153846154,CC(=O)C1=C(O)C(=O)N(CCc2ccc(Cl)c(Cl)c2)C1c1ccc(Br)cc1
CHEMBL188193,COc1cccc(C2=C(c3ccc(OCCN(C)C)cc3)c3ccccc3OCC2)c1,4.753210544586182,0.189873417721519,COc1ccc(Br)c(-c2nnc(CCC(=O)O)o2)c1
CHEMBL428699,CC(=O)NC[C@H]1CN(c2ccc(/C=C(\Br)c3cccc(C=O)c3)c(F)c2)C(=O)O1,4.212614059448242,0.20652173913043478,O=C(O)CNC(=O)c1ccc(S(=O)(=O)N2CCC(c3ccccc3)CC2)c(F)c1
CHEMBL515228,COc1ccc(/C=C\c2cc(F)c(OC)c(OC)c2)cc1OP(=O)([O-])[O-].[Li+].[Li+],5.905134201049805,0.15151515151515152,COc1cc2ncn(CC(=O)O)c(=O)c2cc1OC
CHEMBL61802,COc1ccc(C2=C(c3cc(OC)c(OC)c(OC)c3)COC2)cc1,4.752851963043213,0.19672131147540983,COc1ccc(Br)c(-c2nnc(CCC(=O)O)o2)c1
CHEMBL151494,CS(=O)(=O)N(c1cc(C(F)(F)P(=O)(O)O)ccc1/C=C/c1ccccc1)S(C)(=O)=O,6.19444751739502,0.2,O=C(O)CNC(=O)c1ccc(S(=O)(=O)N2CCC(c3cccc(C(F)(F)F)c3)CC2)cc1
CHEMBL118165,CN1c2cc(C(F)(F)F)ccc2C=C2c3ccccc3NC21,5.615514755249023,0.2077922077922078,O=C(O)CNC(=O)c1ccc(S(=O)(=O)N2CCC(c3cccc(C(F)(F)F)c3)CC2)cc1
CHEMBL201949,O=C1NC(=O)C(c2ccccc2)=C1c1ccccc1,5.264316558837891,0.23076923076923078,O=C(O)CCc1nnc(-c2ccccc2)o1
CHEMBL295640,CSc1ccc(C2=C3c4ccccc4CCC3(O)OC2=O)cc1,5.113609313964844,0.1625,O=C(O)CNC(=O)c1ccc(S(=O)(=O)N2CCC3(CC2)OCc2ccccc23)cc1
CHEMBL207577,O=C(O)c1cccc(C2=C(c3cc(Cl)ccc3OCc3ccccc3)CCC2)c1,5.710180282592773,0.22727272727272727,O=C(Cc1ccccc1)Oc1c(OC(=O)Cc2ccccc2)c(-c2ccc(O)cc2)c(O)c(O)c1-c1ccc(O)cc1
CHEMBL422757,COc1ccc2c(c1)OCC(c1ccc(F)cc1)=C2c1ccc(OCCN2CCOCC2)cc1,4.422666549682617,0.19230769230769232,Cc1cc(C(=O)CN2CCCC2)c(C)n1-c1ccc(F)cc1
CHEMBL146938,CN(C)CCSC1=Cc2ccccc2Oc2ccc(F)cc21,4.817814826965332,0.14084507042253522,Cc1cc(C(=O)CN2CCCC2)c(C)n1-c1ccc(F)cc1
CHEMBL532640,COc1ccc(C2=C(Nc3ccc4oc5ccccc5c4c3)c3ccccc3C2=O)cc1,5.113923072814941,0.2054794520547945,COc1ccc(Br)c(-c2nnc(CCC(=O)O)o2)c1
CHEMBL175897,COc1ccc(/C=C/c2cc(OC)c3ccccc3c2)cc1O,4.951534271240234,0.19230769230769232,COc1ccccc1CNC(=O)Cn1c(CCC(=O)O)nc2c(Cl)cccc2c1=O
CHEMBL158274,CCN1CCN(CCCCOc2ccccc2/C=C/c2ccccc2)CC1,4.091678619384766,0.16417910447761194,Cc1cc(C(=O)CN2CCCC2)c(C)n1-c1ccc(F)cc1
CHEMBL456609,COc1cc(/C=C/c2ccc(NC(=O)[C@H](Cc3ccccc3)NP(=O)(OC(C)C)OC(C)C)cc2)cc(OC)c1,6.142712116241455,0.27058823529411763,CC(C)(C)NS(=O)(=O)c1cccc2c(NC(=O)[C@H](Cc3ccccc3)NC(=O)C3CC3)cccc12
CHEMBL478595,Oc1ccc(/C=C/c2cc(O)cc3c2C(c2cc(O)cc(O)c2)C(c2ccc(O)c(O)c2)O3)cc1,4.778210163116455,0.1323529411764706,O=C(Cc1ccccc1)Oc1c(OC(=O)Cc2ccccc2)c(-c2ccc(O)cc2)c(O)c(O)c1-c1ccc(O)cc1
CHEMBL38061,COc1ccc(/C=C\c2cc(OC)c(OC)c(OC)c2)cc1OP(=O)(O)Oc1cccc(Cl)c1.N,6.251183986663818,0.1797752808988764,COc1ccccc1CNC(=O)Cn1c(CCC(=O)O)nc2c(Cl)cccc2c1=O
CHEMBL342190,CC1=CC(C)(C)Nc2ccc3c(c21)/C(=C/c1cc(F)cc(F)c1)Oc1ccccc1-3,5.854767799377441,0.11392405063291139,Cc1cc(C(=O)CN2CCCC2)c(C)n1-c1ccc(F)cc1
CHEMBL47037,COc1ccc(/C=C\c2cc(OC)c3c(c2)OCO3)cc1O,4.269577980041504,0.18461538461538463,COc1cc2oc(=O)cc(C)c2cc1CCC(=O)O
CHEMBL503174,CC(=O)OC[C@H]1O[C@@H](N2C(=O)/C(=C3/C(=O)Nc4ccc(OC(F)(F)F)cc43)c3ccccc32)[C@H](OC(C)=O)[C@@H](OC(C)=O)[C@@H]1OC(C)=O,5.466458320617676,0.15789473684210525,COc1ccc(Br)c(-c2nnc(CCC(=O)O)o2)c1
CHEMBL419471,CCc1ccc(C2=Cc3ccccc3C3=NCCN23)cc1,5.041578769683838,0.1746031746031746,O=C(O)CCc1nnc(-c2ccccc2I)o1
CHEMBL284289,COc1ccc(/C=C\c2cc(OC)c(OC)c(OC)c2)cc1OP(=O)([O-])Oc1cc(/C=C\c2cc(OC)c(OC)c(OC)c2)ccc1OC.[Na+],5.8697829246521,0.16393442622950818,COc1cc2ncn(CC(=O)O)c(=O)c2cc1OC
CHEMBL428582,COc1ccc(C2=C(c3cc(OC)c(OC)c(OCc4ccccc4)c3)CC3CCCN3C2=O)cc1OC,5.209921360015869,0.2077922077922078,COc1cc2ncn(CC(=O)O)c(=O)c2cc1OC
CHEMBL503412,OC[C@H]1O[C@@H](Oc2cc(O)cc([C@H]3c4cc(/C=C/c5cc(O)cc(O)c5)ccc4O[C@@H]3c3ccc(O)cc3)c2)[C@H](O)[C@@H](O)[C@@H]1O,4.349592685699463,0.1375,O=C(Cc1ccccc1)Oc1c(OC(=O)Cc2ccccc2)c(-c2ccc(O)cc2)c(O)c(O)c1-c1ccc(O)cc1
CHEMBL282489,CC[C@@H]1Cc2cc(O)ccc2C2=C1c1ccc(O)cc1C[C@H]2CC,3.294260263442993,0.16326530612244897,O=C(O)CCC(=O)c1ccc2c(c1)CCC2
CHEMBL455060,O=C(O)COc1ccc(/C=C/c2cc(O)cc(O)c2)cc1,2.783535957336426,0.22033898305084745,COc1ccc(Br)c(-c2nnc(CCC(=O)O)o2)c1
CHEMBL367432,O=C(C1=C(c2ccccc2)CCc2cc(O)ccc21)c1ccc(OCCN2CCCCC2)cc1,4.929716110229492,0.23943661971830985,O=C(Cc1ccccc1)Oc1c(OC(=O)Cc2ccccc2)c(-c2ccc(O)cc2)c(O)c(O)c1-c1ccc(O)cc1
CHEMBL289745,C/C(=C(/C)c1ccc2c(c1)C(C)(C)CCC2(C)C)c1ccc(C(=O)O)cc1,6.7090840339660645,0.25,O=C(O)CCC(=O)c1ccc2c(c1)CCC2
CHEMBL229166,Cc1cc[n+](Cc2ccc(/C=C\c3ccc(C[n+]4ccc(N)c5ccccc54)cc3)cc2)c2ccccc12,4.261088848114014,0.125,CC(C(=O)O)n1cnc2ccccc2c1=O
CHEMBL7499,NS(=O)(=O)c1ccc(/C=C/c2ccc(O)cc2)cc1,5.274378776550293,0.1875,O=C(Cc1ccccc1)Oc1c(OC(=O)Cc2ccccc2)c(-c2ccc(O)cc2)c(O)c(O)c1-c1ccc(O)cc1
CHEMBL452185,CC(C)NC(=N)c1ccc2[nH]c(-c3ccc(/C=C/c4ccc(-c5nc6cc(C(=N)NC(C)C)ccc6[nH]5)cc4)cc3)nc2c1,4.65748405456543,0.15,CC(C)c1ccc(C(=O)CCC(=O)O)cc1
CHEMBL28211,COc1ccc2c(c1)CCC(c1ccccc1)=C2c1ccc(OCCN2CCCC2)cc1,4.952569961547852,0.19736842105263158,COc1ccc(Br)c(-c2nnc(CCC(=O)O)o2)c1
CHEMBL322045,CS(=O)(=O)c1ccc(C2=C(c3ccc(F)cc3)CC(CF)(CF)C2)cc1,7.145989418029785,0.234375,O=C(O)CNC(=O)c1ccc(S(=O)(=O)N2CCC(c3ccc(F)cc3)CC2)cc1
CHEMBL289935,C(=C/c1ccc(OCc2ccc(CN3CCCCC3)cc2)cc1)\c1ccccc1.O=C(O)C(=O)O,4.670137405395508,0.22727272727272727,Cc1cc(C(=O)CN2CCCC2)c(C)n1-c1ccc(F)cc1
CHEMBL48783,CSc1ccc(C2=C(c3ccc(F)c(C)c3)C(=O)N3CCCC3C2)cc1,4.150476455688477,0.2112676056338028,Cc1cc(C(=O)CN2CCCC2)c(C)n1-c1ccc(F)cc1
CHEMBL504324,N#Cc1ccc(/C=C2/C(=O)Nc3ccccc32)cc1,5.781223297119141,0.17647058823529413,Cc1cc(C(=O)CN2CCC(O)CC2)c(C)n1-c1ccc(C#N)cc1
CHEMBL248133,CNc1cc(/C=C/c2cccc(/C=C/c3ccc(OC)c(NC)c3)c2)ccc1OC,4.2758660316467285,0.16071428571428573,COc1cc2ncn(CC(=O)O)c(=O)c2cc1OC
CHEMBL496952,COc1ccc(/C=C\c2cc(F)c(F)c(F)c2)cc1[N+](=O)[O-],3.854700565338135,0.171875,COc1cc2oc(=O)cc(C)c2cc1CCC(=O)O
CHEMBL397951,O=C(O)c1cc(/C=C/c2ccc(/C=C/c3ccc(O)c(C(=O)O)c3)c(F)c2)ccc1O,4.074569225311279,0.18333333333333332,Nc1c(C(=O)c2ccccc2)sc2[nH]c(=O)c(C(=O)O)cc12
CHEMBL363806,CCOC(=O)/C(=C(\COC(=O)[C@@H](N)CO)c1ccc(S(C)(=O)=O)cc1)c1ccc(F)c(F)c1,5.278347015380859,0.24691358024691357,O=C(O)CNC(=O)c1ccc(S(=O)(=O)N2CCC(c3ccc(F)c(F)c3)CC2)cc1
CHEMBL32172,CC/C(=C(\c1ccc(OCCN(C)C)cc1)c1ccc(OS(N)(=O)=O)cc1)c1ccccc1,4.764638900756836,0.21428571428571427,CC(CC(=O)c1ccccc1)C(=O)O
CHEMBL202615,CN(C)CCOc1ccc(/C(=C(/CCCN=[N+]=[N-])c2ccccc2)c2ccc(O)cc2)cc1,5.00924825668335,0.18840579710144928,O=C(Cc1ccccc1)Oc1c(OC(=O)Cc2ccccc2)c(-c2ccc(O)cc2)c(O)c(O)c1-c1ccc(O)cc1
CHEMBL273340,CC1(O)OC(=O)C(c2cccc(F)c2)=C1c1ccc(S(C)(=O)=O)cc1,6.255895614624023,0.2602739726027397,O=C(O)CNC(=O)c1ccc(S(=O)(=O)N2CCC(c3cccc(F)c3)CC2)cc1
CHEMBL58983,Cc1cc(O)cc(/C=C/c2ccc(O)cc2)c1,3.985463380813599,0.1875,O=C(Cc1ccccc1)Oc1c(OC(=O)Cc2ccccc2)c(-c2ccc(O)cc2)c(O)c(O)c1-c1ccc(O)cc1
CHEMBL29983,CC/C(=C(/c1ccccc1)c1cccc(OC(C)=O)c1)c1ccc(OC(C)=O)c(OC(C)=O)c1,5.303548812866211,0.25,CC(CC(=O)c1ccccc1)C(=O)O
CHEMBL275591,CC(=O)Nc1ccc(/C=C/c2ccccc2)cc1,5.859705448150635,0.25,CC(CC(=O)c1ccccc1)C(=O)O
CHEMBL352495,CS(=O)(=O)c1ccc(C2=C(c3ccccc3)C(=O)C3(CCCCC3)O2)cc1,6.127466678619385,0.21333333333333335,O=C(O)CNC(=O)c1ccc(S(=O)(=O)N2CCC3(CC2)OCc2ccccc23)cc1
CHEMBL138965,COc1ccc(C2=C(c3ccc(OC)c(OC)c3)C(=O)NC2=O)cc1OC,4.969568252563477,0.24,COc1cc2ncn(CC(=O)O)c(=O)c2cc1OC
CHEMBL330314,NS(=O)(=O)c1ccc(C2=C(c3ccc(C(F)(F)F)cc3)CC3(CC3)C2)cc1,5.63638162612915,0.22535211267605634,O=C(O)CNC(=O)c1ccc(S(=O)(=O)N2CCC(c3cccc(C(F)(F)F)c3)CC2)cc1
CHEMBL454834,COc1ccc(/C=C/c2cc(OC)c(OC)c(OC)c2)c(O[C@@H]2O[C@H](CO)[C@@H](O)[C@H](O)[C@H]2O)c1,4.030128479003906,0.19736842105263158,COc1ccc(Br)c(-c2nnc(CCC(=O)O)o2)c1
CHEMBL365249,CC(=O)NCC1=Cc2ccccc2Cc2ccccc21,4.966426372528076,0.23728813559322035,O=C(O)CNC(=O)c1ccc(S(=O)(=O)N2Cc3ccccc3C2)cc1
CHEMBL111427,COc1ccc(C2=C(c3ccc(S(N)(=O)=O)cc3)CCC2)cc1F,5.595607280731201,0.20833333333333334,O=C(O)CNC(=O)c1ccc(S(=O)(=O)N2CCC(N3CCCC3)CC2)cc1F
CHEMBL455094,COc1ccc(/C=C\c2cc(O[C@@H]3O[C@H](CO)[C@@H](O)[C@H](O)[C@H]3O)cc(O[C@@H]3O[C@H](CO)[C@@H](O)[C@H](O)[C@H]3O)c2)cc1,4.003158092498779,0.2,COc1ccc(Br)c(-c2nnc(CCC(=O)O)o2)c1
CHEMBL426065,CCCCCS(=O)(=O)CCCCCCCCCC/C(=C(/CC)c1ccc(O)cc1)c1ccc(O)cc1,6.46248722076416,0.19607843137254902,CC(C)c1ccc(C(=O)CCC(=O)O)cc1
CHEMBL476443,O=C1Nc2ccccc2/C1=C\c1ccc2ccccc2c1,5.19404411315918,0.15254237288135594,O=C(O)CCC(=O)c1ccc2c(c1)CCC(=O)N2
CHEMBL313573,COc1cc(/C=C/c2ccc(OC)c(OC)c2OC)cc(OC)c1OC,4.503887176513672,0.18518518518518517,COc1cc2ncn(CC(=O)O)c(=O)c2cc1OC
CHEMBL344073,N#CC1(CCCN2CCC(O)(c3ccc(Cl)cc3)CC2)c2ccccc2C=Cc2ccccc21,5.26301383972168,0.17857142857142858,O=C(O)CNC(=O)c1ccc(S(=O)(=O)N2CCC3(CC2)OCc2ccccc23)cc1
CHEMBL399365,O=C1C(c2ccccc2)=C(c2ccc(O)cc2)CC2CCCN12,5.341446876525879,0.2413793103448276,O=C(Cc1ccccc1)Oc1c(OC(=O)Cc2ccccc2)c(-c2ccc(O)cc2)c(O)c(O)c1-c1ccc(O)cc1
CHEMBL247713,COc1cc2c(cc1OC)/C(=C\c1ccc(NC(=O)N3CCN(C)CC3)cc1)C(=O)N2,4.131855010986328,0.2054794520547945,COc1cc2ncn(CC(=O)O)c(=O)c2cc1OC
CHEMBL49433,C/C(=C(\C(=O)c1ccc(O)cc1)c1ccccc1)c1ccccc1,5.489055633544922,0.3076923076923077,CC(CC(=O)c1ccccc1)C(=O)O
CHEMBL248132,COc1ccc(/C=C/c2cccc(/C=C/c3ccc(OC)c(N)c3)c2)cc1N,4.06241512298584,0.16666666666666666,COc1cc2ncn(CC(=O)O)c(=O)c2cc1OC
CHEMBL76112,O=C(O)c1cc(/C=C\c2ccc(/C=C\c3ccc(O)c(C(=O)O)c3)c(Br)c2)ccc1O,4.044129371643066,0.1935483870967742,COc1ccc(Br)c(-c2nnc(CCC(=O)O)o2)c1
CHEMBL496951,COc1ccc(/C=C\c2cc(F)c(F)c(F)c2)c([N+](=O)[O-])c1,3.842898368835449,0.19402985074626866,COc1ccc(Br)c(-c2nnc(CCC(=O)O)o2)c1
CHEMBL495925,COc1ccc(/C=C\c2cc(F)c(F)c(F)c2)c(N)c1,4.31857967376709,0.19047619047619047,COc1ccc(Br)c(-c2nnc(CCC(=O)O)o2)c1
CHEMBL156101,Cc1cccc(C=C2c3ccccc3C(=O)c3ccccc32)c1,5.262714385986328,0.17777777777777778,CC(CC(=O)c1ccccc1)C(=O)O
CHEMBL147439,CNCCSC1=Cc2ccccc2Oc2ccc(SC)cc21,5.642478466033936,0.13043478260869565,O=C(O)CCc1nnc(-c2ccccc2I)o1
CHEMBL68290,CC(=O)NC[C@H]1CN(c2ccc(/C=C(\Br)c3cccc(C#N)c3)c(F)c2)C(=O)O1,4.802978992462158,0.2222222222222222,Cc1cc(C(=O)CN2CCC(O)CC2)c(C)n1-c1ccc(C#N)cc1
CHEMBL10371,C1=C(c2ccccc2)N2CCCN=C2c2ccccc21,5.502274990081787,0.1896551724137931,O=C(O)CCc1nnc(-c2ccccc2I)o1
CHEMBL102702,COc1ccc(/C=C(/CO)c2cc(OC)c(OC)c(OC)c2)cc1,4.654189109802246,0.20634920634920634,COc1ccc(Br)c(-c2nnc(CCC(=O)O)o2)c1
CHEMBL263872,CC(C)c1onc(-c2c(Cl)cccc2Cl)c1COc1ccc(/C=C/c2cccc(C(=O)N(Cc3ccccc3)Cc3ccccc3)c2)c(Cl)c1,4.828084468841553,0.19230769230769232,CC(CC(=O)c1ccccc1)C(=O)O
CHEMBL7617,CN1CCN(C2=Cc3ccccc3Cc3ccc(Cl)cc32)CC1,4.944482803344727,0.16,Cn1cc(S(=O)(=O)N2CCC(c3ccccc3)CC2)cc1C(=O)NCC(=O)O
CHEMBL185074,CCCCCCCCCCCCCCCC(=O)Oc1cc(/C=C/c2ccccc2)cc(OC(=O)CCCCCCCCCCCCCCC)c1,5.043752670288086,0.22807017543859648,O=C(Cc1ccccc1)Oc1c(OC(=O)Cc2ccccc2)c(-c2ccc(O)cc2)c(O)c(O)c1-c1ccc(O)cc1
CHEMBL463252,Cc1c(O)cc(/C=C/c2ccccc2)cc1O,5.116006374359131,0.20512820512820512,CC(CC(=O)c1ccccc1)C(=O)O
CHEMBL418892,Nc1nc2c3c(ccc2s1)NC(=O)/C3=C\c1cc(Br)c(O)c(Br)c1,4.092289924621582,0.16216216216216217,Nc1c(C(=O)c2ccccc2)sc2[nH]c(=O)c(C(=O)O)cc12
CHEMBL411344,COc1cc(/C=C/c2cc(O)c3c(c2)OC(C)(C)C(O)C3)cc2c1O[C@]1(C)C[C@@H](O)[C@@H](O)C(C)(C)[C@H]1C2,5.446943283081055,0.12941176470588237,COc1cc2oc(=O)cc(C)c2cc1CCC(=O)O
CHEMBL113837,CC(C)(C)c1cc(C=C2c3ccccc3C(=O)c3ccccc32)cc(C(C)(C)C)c1O,5.851680755615234,0.1875,CC(CC(=O)c1ccccc1)C(=O)O
CHEMBL41041,COc1ccc(/C=C\c2cc(OC)c(OC)c(OC)c2)cc1O.N,4.675276756286621,0.17857142857142858,COc1cc2ncn(CC(=O)O)c(=O)c2cc1OC
CHEMBL437481,CC(C)c1onc(COc2ccc(Cl)c(Cl)c2)c1COc1ccc(/C=C/c2cccc(C(=O)O)c2)c(Cl)c1,3.706310272216797,0.2,CC(CC(=O)c1ccccc1)C(=O)O
CHEMBL405910,C[N+]1(C)CC23C4=C5C6=C7C8C9=c%10c%11c%12c%13c%14c%15c%16c%17c%18c%19c%20c%21c%22c%23c(c4c4c2c2c%24c%25c(c%10c(c%11%15)c%10c%16c%19c(c%25%10)c%10c%20c%23c4c%24%10)C2C9C73C1)C1C%22=C2c3c(c6c(c-%13c3C(C%14%17)C23C[N+](C)(C)CC%21%183)C%128)C51.[I-].[I-],6.198182106018066,0.0782608695652174,CC(C)C[C@H](NC(=O)C1(C(F)(F)F)CCCCC1)C(=O)Nc1nnc(Cc2ccc(C#N)cc2)s1
CHEMBL111045,CS(=O)(=O)c1ccc(C2=C(c3ccc(F)cc3)CC(C(F)(F)F)(C(F)(F)F)C2)cc1,6.143947124481201,0.234375,O=C(O)CNC(=O)c1ccc(S(=O)(=O)N2CCC(c3ccc(F)cc3)CC2)cc1
CHEMBL413704,C[N+]1(C)CC23c4c5c6c7c8c9c%10c%11c%12c%13c%14c%15c%16c%17c%18c%19c%20c%21c(c2c2c4c4c6c9c6c4c4c2c%21c2c%19c(c%18%14)c9c%13c%10c6c9c24)C2=C4c6c(c-%16c9c%10c6C(C5C7=C%10C5(C[N+](C)(C)CC8%115)C9C%15%12)C43C1)C%17C2%20.[I-].[I-],6.204937934875488,0.07407407407407407,Cc1cc(Cl)cc(-c2ccnc3cc(CN4C(=O)C5C(C4=O)C5(C)C)sc23)c1O[C@@H]1CCNC[C@@H]1C
CHEMBL166378,CCC1(C)OC(c2ccc(S(C)(=O)=O)cc2)=C(c2cc(Cl)cc(Cl)c2)C1=O,6.637324810028076,0.16666666666666666,Cc1cc(Cl)cc(-c2ccnc3cc(CN4C(=O)C5C(C4=O)C5(C)C)sc23)c1O[C@@H]1CCNC[C@@H]1C
CHEMBL44333,CCCCCCNC(=O)c1cc(/C=C/c2cc(O)ccc2O)ccc1O,4.835526466369629,0.17721518987341772,Cc1cc(S(=O)(=O)N2CCC(c3ccccc3)CC2)ccc1C(=O)NCC(=O)O
CHEMBL518867,COC(=O)c1ccc2c(c1)NC(=O)/C2=C(\Nc1ccc(N(C)S(C)(=O)=O)cc1)c1ccccc1,5.569159507751465,0.19540229885057472,O=C(O)CNC(=O)c1ccc(S(=O)(=O)N2CCC(c3ccccc3)CC2)c(F)c1
CHEMBL51545,O=[N+]([O-])c1ccc(C2=C(c3ccccc3)c3ccc(O)cc3C2)cc1,5.277698993682861,0.21666666666666667,O=C(Cc1ccccc1)Oc1c(OC(=O)Cc2ccccc2)c(-c2ccc(O)cc2)c(O)c(O)c1-c1ccc(O)cc1
CHEMBL292520,COc1ccc(C2=C(c3cc(OC)c(OC)c(OC)c3)C(=O)CC2)cc1,4.363090515136719,0.1875,COc1ccc(Br)c(-c2nnc(CCC(=O)O)o2)c1
CHEMBL308094,O=C(O)c1cc(C(=O)O)c2cc(/C=C/c3ccc(-c4ccccc4)cc3)ccc2n1,5.236808300018311,0.24074074074074073,O=C(O)CCc1nnc(-c2ccccc2)o1
CHEMBL330407,COc1ccc(/C=C\c2cc(OC)c(OC)c(OC)c2)cc1N,4.352269172668457,0.16071428571428573,COc1cc2ncn(CC(=O)O)c(=O)c2cc1OC
CHEMBL119991,COc1cc(/C=C\c2ccc(O[Si](C)(C)C(C)(C)C)cc2)cc(OC)c1,7.011325836181641,0.23333333333333334,COc1ccc(Br)c(-c2nnc(CCC(=O)O)o2)c1
CHEMBL478709,COc1cccc(/C=C2/C(=O)Nc3cc(OC)ccc32)c1,4.711465835571289,0.2153846153846154,COc1ccc(Br)c(-c2nnc(CCC(=O)O)o2)c1
CHEMBL8442,CCCCCC(O)c1cccc(/C=C/c2ccccc2)c1,5.38204288482666,0.26153846153846155,CCC[C@H](NC(=O)/C(C#N)=C/c1cccc(Br)n1)c1ccccc1
CHEMBL187481,CCC/C(=C\c1ccccc1)c1ccc(S(C)(=O)=O)cc1,5.197292327880859,0.2711864406779661,O=C(O)CCC(=O)c1ccc(S(=O)(=O)N2CCC(c3ccccc3)CC2)cc1
CHEMBL523942,CCCCc1ccc(C2=C(c3ccc(-c4ccc(CCCC)cc4)cc3)C(O)OC2=O)cc1,4.6900715827941895,0.17857142857142858,O=C(O)CCc1nnc(-c2ccccc2)o1
CHEMBL486694,O=C1/C(=C/c2ccc(Cl)cc2Cl)c2ccccc2N1c1c(Cl)cccc1Cl,5.237440586090088,0.16470588235294117,COc1ccccc1CN(C)C(=O)Cn1c(CCC(=O)O)nc2c(Cl)cccc2c1=O
CHEMBL47270,COc1ccc(/C(=C(/c2ccccc2)[N+](=O)[O-])c2ccc(OCCN3CCCC3)cc2)cc1,4.999529838562012,0.24,O=C(O)CNC(=O)c1ccc(S(=O)(=O)N2CCC(Oc3ccccc3)CC2)cc1
CHEMBL457377,Oc1ccc2c(c1)/C=C/c1ccc(O)c(c1)Oc1ccc(cc1)CCc1cccc(c1)O2,4.612226486206055,0.11428571428571428,O=C(Cc1ccccc1)Oc1c(OC(=O)Cc2ccccc2)c(-c2ccc(O)cc2)c(O)c(O)c1-c1ccc(O)cc1
CHEMBL195653,Fc1ccc2c(c1)CC/C2=C/c1cccc2ncccc12,4.889498710632324,0.1774193548387097,CC(C(=O)O)n1cnc2ccccc2c1=O
CHEMBL51887,CC/C(=C(/c1ccccc1)c1ccc(O)cc1)c1ccccc1,5.75674295425415,0.2894736842105263,CC(CC(=O)c1ccccc1)C(=O)O
CHEMBL291501,COc1ccc(/C=C/c2cc(O)cc(O)c2)cc1,4.25213623046875,0.2222222222222222,COc1ccc(Br)c(-c2nnc(CCC(=O)O)o2)c1
CHEMBL222360,COc1ccc(C2=C(c3cc(OC)c(OC)c(OC)c3)C(=O)C(O)C2)cc1OC(C)C,4.147789001464844,0.19402985074626866,COc1cc2ncn(CC(=O)O)c(=O)c2cc1OC
CHEMBL108482,C1=C(c2ccccc2)C(c2ccc(OCCN3CCCCCC3)cc2)Oc2ccccc21,4.826974868774414,0.16049382716049382,O=C(O)CNC(=O)c1ccc(S(=O)(=O)N2CCC(c3ccccc3)CC2)o1
CHEMBL374976,COc1cc(C2=C(c3cc(C)c(OC)c(C)c3)C(O[SiH2]C(C)(C)C)CC2=O)cc(OC)c1OC,6.516528606414795,0.21739130434782608,COc1cc2oc(=O)cc(C)c2cc1CCC(=O)O
CHEMBL221556,COCOc1cc(C2=C(c3cc(OC)c(OC)c(OC)c3)/C(=N\O)CC2O[SiH2]C(C)(C)C)ccc1OC,7.254438400268555,0.1518987341772152,COc1cc2ncn(CC(=O)O)c(=O)c2cc1OC
CHEMBL67878,COc1cc(Nc2c(C#N)cnc3cc(/C=C/c4ccc5ccccc5c4)ccc23)c(Cl)cc1Cl,5.524588108062744,0.19791666666666666,COc1ccccc1CNC(=O)Cn1c(CCC(=O)O)nc2c(Cl)cccc2c1=O
CHEMBL116173,COc1ccc(C=C2c3ccccc3C(=O)c3ccccc32)cc1O,5.337057113647461,0.2033898305084746,COc1cc2ncn(CC(=O)O)c(=O)c2cc1OC
CHEMBL469135,CC(C)c1onc(-c2c(Cl)cncc2Cl)c1COc1ccc(/C=C/c2cccc(C(=O)O)c2)c(Cl)c1,4.662205696105957,0.1917808219178082,CC(CC(=O)c1ccccc1)C(=O)O
CHEMBL119320,COc1cc(/C=C\c2ccc(O)c(OC)c2)cc(OC)c1,4.388514041900635,0.18333333333333332,COc1ccc(Br)c(-c2nnc(CCC(=O)O)o2)c1
CHEMBL89531,COc1ccccc1/C=C/c1cc(OC)c(OC)c(OC)c1,5.320351123809815,0.1780821917808219,COc1ccccc1CNC(=O)Cn1c(CCC(=O)O)nc2c(Cl)cccc2c1=O
CHEMBL225115,COc1ccc(C2=C(c3cc(OC)c(OC)c(OC)c3)CC(O)C2=O)cc1N,3.8246490955352783,0.18181818181818182,COc1cc2ncn(CC(=O)O)c(=O)c2cc1OC
CHEMBL221451,COc1ccc(C2=C(c3cc(OC)c(OC)c(OC)c3)/C(=N\O)CC2O)cc1O,4.710094451904297,0.14705882352941177,COc1cc2ncn(CC(=O)O)c(=O)c2cc1OC
CHEMBL314297,CS(=O)(=O)c1ccc(C2=C(c3ccc(F)cc3F)CC3(CC3)C2)cc1,6.094091415405273,0.18666666666666668,O=C(O)CNC(=O)c1ccc(S(=O)(=O)N2CCC(c3cccc(F)c3)CC2)cc1
CHEMBL39344,C/C(=C\c1ccc(C(=O)O)cc1)c1ccc2c(c1)C(C)(C)CCS2,7.366441249847412,0.2033898305084746,O=C(O)CCC(=O)c1ccc2c(c1)CCC2
CHEMBL267600,CC/C(=C(\c1ccc(I)cc1)c1ccc(OCCCCCCCN2CCCC2)cc1)c1ccccc1,5.280694961547852,0.19230769230769232,O=C(O)CNC(=O)c1ccc(S(=O)(=O)N2CCC(Oc3ccccc3)CC2)cc1
CHEMBL131667,O=C1c2c(O)cccc2C(=Cc2ccc(O)cc2)c2cccc(O)c21,5.569406509399414,0.21153846153846154,O=C(Cc1ccccc1)Oc1c(OC(=O)Cc2ccccc2)c(-c2ccc(O)cc2)c(O)c(O)c1-c1ccc(O)cc1
CHEMBL426856,C[S@@+]([O-])c1ccc(C2=C(c3ccccc3)C(=O)OC2)cc1,4.890554428100586,0.18867924528301888,O=C(O)CCc1nnc(-c2ccccc2)o1
CHEMBL355211,O=[N+]([O-])c1ccc(/C=C/c2ccccc2)cc1,5.184323310852051,0.175,CC(CC(=O)c1ccccc1)C(=O)O
CHEMBL581920,COc1ccc(C=Cc2ccc(-c3c(C)[nH]c(C)c(Cl)c3=O)cc2)cc1OC,4.680686950683594,0.18461538461538463,COc1cc2ncn(CC(=O)O)c(=O)c2cc1OC
CHEMBL308441,CC(=O)NC[C@H]1CN(c2ccc(/C=C(\F)c3cccc(C=O)c3)c(F)c2)C(=O)O1,4.208778381347656,0.2087912087912088,O=C(O)CNC(=O)c1ccc(S(=O)(=O)N2CCC(c3ccccc3)CC2)c(F)c1
CHEMBL151300,O=P(O)(O)C(F)(F)c1cccc(/C=C/c2ccccc2)c1,5.775599956512451,0.2727272727272727,O=C(O)CCc1nnc(-c2cccc(C(F)(F)F)c2)o1
CHEMBL33879,Oc1ccc(C(=Cc2ccc(Br)cc2)c2ccc(O)cc2)cc1,4.2623796463012695,0.1864406779661017,O=C(O)CNC(=O)c1ccc(S(=O)(=O)N2CCC(c3ccc(Br)cc3)CC2)cc1
CHEMBL21518,C/C(=C\c1ccc(C(=O)O)cc1)c1ccc2c(c1)C(C)(C)CCO2,7.348150253295898,0.2033898305084746,O=C(O)CCC(=O)c1ccc2c(c1)CCC2
CHEMBL484253,Oc1cc(O)cc(CC(c2ccc(O)cc2O)c2c(O)cc(/C=C/c3ccc(O)cc3O)cc2O)c1,3.820733070373535,0.15873015873015872,O=C(Cc1ccccc1)Oc1c(OC(=O)Cc2ccccc2)c(-c2ccc(O)cc2)c(O)c(O)c1-c1ccc(O)cc1
CHEMBL513860,COc1cc(/C(F)=C/c2cc(O)c3ccoc3c2)cc(OC)c1OC,5.0113677978515625,0.19117647058823528,COc1cc2oc(=O)cc(C)c2cc1CCC(=O)O
CHEMBL83546,CC(CNCCOc1ccc(/C=C/c2ccccc2)cc1)c1ccccc1,4.455835819244385,0.19607843137254902,CC(CC(=O)c1ccccc1)C(=O)O
CHEMBL83168,C=CCNc1nc(NCC=C)nc(N2CCC(NCC3c4ccccc4C=Cc4ccccc43)CC2)n1,5.486398696899414,0.15853658536585366,O=C(O)CNC(=O)c1ccc(S(=O)(=O)N2CCC(c3ccccc3)CC2)o1
CHEMBL444477,CCc1ccc(/C=C2/C(=O)Nc3ccccc32)cc1,5.254306793212891,0.16,CC(CC(=O)c1ccccc1)C(=O)O
CHEMBL195605,COc1ccc(/C=C\c2cc(F)c(F)c(F)c2)cc1F,4.087536334991455,0.17857142857142858,COc1cc2oc(=O)cc(C)c2cc1CCC(=O)O
CHEMBL86672,COc1ccc(/C=C\c2ccc(OC)c(OC)c2OC)cc1,4.512761116027832,0.16393442622950818,COc1ccc(Br)c(-c2nnc(CCC(=O)O)o2)c1
CHEMBL195416,O=C1Oc2cc(O)ccc2/C1=C\c1ccc(O)cc1,4.195956230163574,0.18518518518518517,O=C(Cc1ccccc1)Oc1c(OC(=O)Cc2ccccc2)c(-c2ccc(O)cc2)c(O)c(O)c1-c1ccc(O)cc1
CHEMBL296206,CCCc1ccc(C2=C(c3ccc(S(C)(=O)=O)cc3)OC(C)(C)C2=O)cc1,6.122222900390625,0.15584415584415584,Cc1cc(S(=O)(=O)N2CCC(c3ccccc3)CC2)ccc1C(=O)NCC(=O)O
CHEMBL445731,CN(C)c1ccc(/C=C/c2ccc(N)cc2)cc1,3.779243469238281,0.11627906976744186,CC(C)c1ccc(C(=O)CCC(=O)O)cc1
CHEMBL439981,COC(=O)c1ccc(/C=C(\C)c2ccc3c(c2)C(C)(C)CC(C)(C)S3)cc1,6.369704246520996,0.18032786885245902,O=C(O)CCC(=O)c1ccc2c(c1)CCC2
CHEMBL489583,O=C1OC(O)C(c2cccc(-c3ccc4ccccc4c3)c2)=C1c1ccc2ccccc2c1,5.004695415496826,0.18181818181818182,O=C(O)CCc1nnc(-c2ccccc2)o1
CHEMBL316126,Oc1ccc2c(c1)CC(c1ccccc1)=C2c1ccccc1F,4.590413093566895,0.19298245614035087,O=C(Cc1ccccc1)Oc1c(OC(=O)Cc2ccccc2)c(-c2ccc(O)cc2)c(O)c(O)c1-c1ccc(O)cc1
CHEMBL422268,CC1=CC(C)(C)Nc2ccc3c(c21)/C(=C/c1ccccc1C=O)Oc1ccc(F)cc1-3,5.858559608459473,0.13580246913580246,Cc1cc(C(=O)CN2CCCC2)c(C)n1-c1ccc(F)cc1
CHEMBL477669,O=C1Nc2ccccc2/C1=C\c1cccc(Cl)c1,5.899881839752197,0.15254237288135594,O=C(O)CCC(=O)c1ccc2c(c1)CCC(=O)N2
CHEMBL97641,Oc1ccc(/C=C/c2ccc3ccc(/C=C/c4ccc(O)c(O)c4)c(O)c3n2)cc1O,4.892690658569336,0.11666666666666667,O=C(Cc1ccccc1)Oc1c(OC(=O)Cc2ccccc2)c(-c2ccc(O)cc2)c(O)c(O)c1-c1ccc(O)cc1
CHEMBL524731,CCCCCn1cc(C(=O)NC23CC4CC(CC(C4)C2)C3)c(=O)c2cc(/C=C/c3ccc(OC)cc3)ccc21,5.259139060974121,0.17857142857142858,COc1cc2ncn(CC(=O)O)c(=O)c2cc1OC
CHEMBL409869,Cc1cccc(/C=C/c2ccc3nc(NC4CCN(CCN)CC4)n(Cc4nc(C)ccc4O)c3c2)c1,5.142183780670166,0.16326530612244897,Cc1cc(C(=O)NCC(=O)O)ccc1S(=O)(=O)N1CCC(c2ccccc2)CC1
CHEMBL242398,COc1ccc(/C=C/c2c(OC)cccc2OC)cc1,4.32975435256958,0.1724137931034483,COc1ccc(Br)c(-c2nnc(CCC(=O)O)o2)c1
CHEMBL75781,C/C(=C\c1ccc(C(=O)O)cc1)c1ccc2ccc(C)c(C)c2c1,3.719547986984253,0.19230769230769232,CC(C)c1ccc(C(=O)CCC(=O)O)cc1
CHEMBL87080,O=C1Nc2ccc(Br)cc2/C1=C/c1ccc(N2CCOCC2)cc1,5.095714092254639,0.16417910447761194,O=C(O)CCC(=O)c1ccc2c(c1)CCC(=O)N2
CHEMBL420984,COC/C(=C/c1cc(OCc2ccsc2)ccc1C#N)c1ccccc1C,5.18795108795166,0.15555555555555556,CCC[C@H](NC(=O)/C(C#N)=C/c1cccc(Br)n1)c1ccccc1
CHEMBL192224,COc1ccc(/C=C\c2cc(OC)c(OC)c(OC)c2)cc1[N+](=O)[O-],4.714943885803223,0.16666666666666666,COc1cc2ncn(CC(=O)O)c(=O)c2cc1OC
CHEMBL243076,FC(F)(F)c1ccc(/C=C/c2ccc(/C=C/c3ccc(C(F)(F)F)cc3)cc2)cc1,4.065056800842285,0.1875,O=C(O)CCc1nnc(-c2cccc(C(F)(F)F)c2)o1
CHEMBL388469,COc1cc(/C=C/c2cc(O)c(C/C=C(\C)CCC=C(C)C)c(O)c2)cc2c1O[C@@]1(C)CC[C@H](O)C(C)(C)[C@@H]1C2,5.601353645324707,0.14444444444444443,COc1cc2oc(=O)cc(C)c2cc1CCC(=O)O
CHEMBL245114,COc1ccc(/C=C/c2ccc(OC)c(O)c2)cc1,4.123374938964844,0.20689655172413793,COc1ccc(Br)c(-c2nnc(CCC(=O)O)o2)c1
CHEMBL231977,OCCCCCCCCCCCCCCc1c(O)cc(/C=C/c2ccc(O)cc2)cc1O,4.990384101867676,0.16363636363636364,O=C(Cc1ccccc1)Oc1c(OC(=O)Cc2ccccc2)c(-c2ccc(O)cc2)c(O)c(O)c1-c1ccc(O)cc1
CHEMBL372372,COc1cc(/C=C2/C(=O)Oc3ccccc32)ccc1O,4.958012580871582,0.2,COc1cc2oc(=O)cc(C)c2cc1CCC(=O)O
CHEMBL234069,O=C(O)c1cccc(C2=C(c3cc(Br)ccc3OCc3ccc(Cl)c(Cl)c3)CCC2)c1,4.300051212310791,0.26582278481012656,CC(=O)C1=C(O)C(=O)N(CCc2ccc(Cl)c(Cl)c2)C1c1ccc(Br)cc1
CHEMBL56153,O=S(=O)(Nc1ccc2c(/C=C/c3ccccc3)cccc2c1)C(F)(F)F,5.514339447021484,0.189873417721519,O=C(O)CNC(=O)c1ccc(S(=O)(=O)N2CCC(c3cccc(C(F)(F)F)c3)CC2)cc1
CHEMBL474936,COc1ccc(/C(C)=C/c2cc(OC)cc(OC)c2)cc1,4.356847286224365,0.21052631578947367,COc1ccc(Br)c(-c2nnc(CCC(=O)O)o2)c1
CHEMBL487092,C/C(=C\c1ccc2ccccc2c1)c1cc(O)cc(O)c1,5.066516399383545,0.17777777777777778,CC(CC(=O)c1ccccc1)C(=O)O
CHEMBL196407,CN(C)c1ccc(/C=C/c2ccc(OCC(CO)CO)cc2)cc1,3.6675422191619873,0.14,CC(CC(=O)c1ccccc1)C(=O)O
CHEMBL245688,COc1cc(/C=C/c2cc(Br)cc(/C=C/c3ccc(O)c(OC)c3)c2)ccc1O,4.997040748596191,0.18032786885245902,COc1ccc(Br)c(-c2nnc(CCC(=O)O)o2)c1
CHEMBL352293,CC(=O)c1cccc(C2=C(C(C)C)c3cc(C(C)=O)ccc3C2(C)C)c1,5.54557991027832,0.23529411764705882,CC(CC(=O)c1ccccc1)C(=O)O
CHEMBL10852,CC/C(=C(\c1ccccc1)c1ccc(OC(C)=O)cc1)c1ccc(OC(C)=O)cc1,5.3136305809021,0.3023255813953488,CC(CC(=O)c1ccccc1)C(=O)O
CHEMBL276795,CC/C1=C(\c2ccccc2)c2ccc(OCC(O)CO)cc2SCc2ccccc21,4.653400421142578,0.15584415584415584,O=C(O)CNC(=O)c1ccc(S(=O)(=O)N2Cc3ccccc3C2)cc1
CHEMBL14881,C=CCOc1ccc2c(c1)Sc1ccccc1C(CC)=C2c1ccc(O)cc1,5.194655895233154,0.20588235294117646,O=C(Cc1ccccc1)Oc1c(OC(=O)Cc2ccccc2)c(-c2ccc(O)cc2)c(O)c(O)c1-c1ccc(O)cc1
CHEMBL352841,CC1(C)OC(c2ccc(S(C)(=O)=O)c(F)c2)=C(c2cccc(F)c2)C1=O,6.366708755493164,0.19230769230769232,O=C(O)CNC(=O)c1ccc(S(=O)(=O)N2CCC(c3ccccc3)CC2)c(F)c1
CHEMBL233486,CC(C)c1onc(-c2ccc(-c3ccccc3)cc2)c1COc1ccc(/C=C/c2cccc(C(=O)O)c2)c(Cl)c1,4.204366683959961,0.2112676056338028,CC(CC(=O)c1ccccc1)C(=O)O
CHEMBL245479,CN(C)c1ccc(/C=C/c2cc(I)cc(/C=C/c3ccc(N(C)C)cc3)c2)cc1,4.162878036499023,0.11475409836065574,CN(C)C1CCN(S(=O)(=O)c2ccc(C(=O)NCC(=O)O)cc2)CC1
CHEMBL91268,CC1(C)CCC(C)(C)c2cc(/C=C/c3cccc(N)c3)ccc21,6.964239120483398,0.1276595744680851,N#CSc1cc(SC#N)c(N)nc1N
CHEMBL478319,O=C1Nc2cc(Cl)ccc2/C1=C\c1cccc(C(F)(F)F)c1,5.635401248931885,0.22727272727272727,O=C(O)CCc1nnc(-c2cccc(C(F)(F)F)c2)o1
CHEMBL195580,Fc1ccc2c(c1)CC/C2=C\c1cccc2ncccc12,4.889498710632324,0.1774193548387097,CC(C(=O)O)n1cnc2ccccc2c1=O
CHEMBL192860,COc1ccc(/C=C\c2cc(OC)c(OC)c(OC)c2)cc1Br,4.803262233734131,0.18333333333333332,COc1ccc(Br)c(-c2nnc(CCC(=O)O)o2)c1
CHEMBL498265,COC(=O)c1ccc2c(c1)NC(=O)/C2=C(\Nc1ccc(N(CCN(C)C)C(C)=O)cc1)c1ccccc1,5.125696182250977,0.189873417721519,O=C(O)CCC(=O)c1ccc2c(c1)CCC(=O)N2
CHEMBL91310,C=C1c2ccccc2C=C(N2CCN(C)CC2)c2ccccc21,4.373839378356934,0.15714285714285714,Cn1cc(S(=O)(=O)N2CCC(c3ccccc3)CC2)cc1C(=O)NCC(=O)O
CHEMBL327755,CC[C@@H]1Cc2cc(O)ccc2C2=C1c1ccc(O)cc1C[C@@H]2CC,3.294260263442993,0.16326530612244897,O=C(O)CCC(=O)c1ccc2c(c1)CCC2
CHEMBL76778,C1=C(c2ccc3c(c2)OCO3)N2CCN=C2c2ccccc21,4.933730602264404,0.16666666666666666,O=C(O)CCc1nnc(-c2ccccc2I)o1
CHEMBL11367,CC/C(=C(\c1ccc(OC(C)=O)cc1)c1cccc(OC(C)=O)c1)c1cccc(OC(C)=O)c1,4.835079193115234,0.22916666666666666,CC(CC(=O)c1ccccc1)C(=O)O
CHEMBL431546,NS(=O)(=O)c1ccc(C2=C(c3ccc(F)cc3)C(=O)OC2)cc1,5.504833221435547,0.21212121212121213,O=C(O)CNC(=O)c1ccc(S(=O)(=O)N2CCC(c3ccc(F)cc3)CC2)cc1
CHEMBL468194,COc1ccc(/C=C(/F)c2cc(OC)c(OC)c(OC)c2)cc1N,4.574509620666504,0.16393442622950818,COc1cc2ncn(CC(=O)O)c(=O)c2cc1OC
CHEMBL88286,CS(=O)(=O)c1ccc(C2=C(c3ccc(F)c(Cl)c3)CC3(CC3)C2)cc1,5.542875289916992,0.20833333333333334,O=C(O)CNC(=O)c1ccc(S(=O)(=O)N2CCC(N3CCCC3)CC2)cc1F
CHEMBL313387,NS(=O)(=O)c1ccc(C2=C(c3ccc(Cl)c(Cl)c3)CC3(CC3)C2)cc1,5.754225730895996,0.18571428571428572,O=C(O)CNC(=O)c1ccc(S(=O)(=O)N2CCC(c3ccccc3)CC2)cc1Cl
CHEMBL456744,COc1ccc(/C=C\c2cc(F)c(OC)c(OC)c2)cc1O,4.981980323791504,0.16666666666666666,COc1cc2ncn(CC(=O)O)c(=O)c2cc1OC
CHEMBL73082,CC(C)=C1c2ccccc2C=C(N2CCN(C)CC2)c2cc(Cl)ccc21,4.899143218994141,0.16666666666666666,Cn1cc(S(=O)(=O)N2CCC(c3ccccc3)CC2)cc1C(=O)NCC(=O)O
CHEMBL459270,COc1ccc(/C=C\c2cc(O)c(OC)c(OC)c2)cc1[N+](=O)[O-],4.684651374816895,0.171875,COc1cc2ncn(CC(=O)O)c(=O)c2cc1OC
CHEMBL246274,O=C(Nc1ccccc1)Nc1ccc(/C=C2\C(=O)N(O)c3ccccc32)cc1,5.147144317626953,0.18032786885245902,CC(C(=O)O)n1cnc2ccccc2c1=O
CHEMBL348331,OC1CCCN(CCCCOc2ccccc2/C=C/c2cccc(Cl)c2)C1,4.8647990226745605,0.17647058823529413,O=C(O)CNC(=O)c1ccc(S(=O)(=O)N2CCC(c3ccccc3)CC2)cc1Cl
CHEMBL302085,O=C(O)c1c(O)cccc1/C=C/c1ccc(O)c(O)c1,5.001718044281006,0.16666666666666666,CC(CC(=O)c1ccccc1)C(=O)O
CHEMBL78624,Cc1ccc2c(c1)C1=NCCN1C(c1ccc(C(C)(C)C)cc1)=C2,6.109358787536621,0.125,Cc1cc(C(=O)CN2CCCC2)c(C)n1-c1ccc(F)cc1
CHEMBL278231,CCOC1(C)OC(=O)C(c2ccc(F)cc2)=C1c1ccc(S(C)(=O)=O)cc1,6.211065292358398,0.20270270270270271,O=C(O)CNC(=O)c1ccc(S(=O)(=O)N2CCC(c3ccc(F)cc3)CC2)cc1
CHEMBL56460,Cc1cc(/C=C/c2ccccc2Br)cc(C)c1O,5.166925430297852,0.16417910447761194,Cc1cc(C(=O)NCC(=O)O)ccc1S(=O)(=O)N1CCC(c2ccccc2)CC1
CHEMBL292349,COc1ccc(C2=C(c3cc(OC)c(OC)c(OC)c3)CCC2)cc1,4.989791870117188,0.18032786885245902,COc1ccc(Br)c(-c2nnc(CCC(=O)O)o2)c1
CHEMBL465016,COC(=O)c1ccc2c(c1)NC(=O)/C2=C(\Nc1ccc(NC(=O)CN(C)C)cc1)c1ccccc1,5.509471416473389,0.2054794520547945,O=C(O)CCC(=O)c1ccc2c(c1)CCC(=O)N2
CHEMBL355107,C=C1c2ccc(Cl)cc2C=C(N2CCN(C)CC2)c2ccccc21,4.854101181030273,0.15789473684210525,Cn1cc(S(=O)(=O)N2CCC(c3ccccc3)CC2)cc1C(=O)NCC(=O)O
CHEMBL339312,COc1cc(/C=C\c2ccc3nc(C)c(C)nc3c2)cc(OC)c1OC,4.417745590209961,0.1896551724137931,COc1cc2ncn(CC(=O)O)c(=O)c2cc1OC
CHEMBL86921,CN(C)c1ccc(/C=C2\C(=O)N(C)c3ccccc32)cc1,5.1314849853515625,0.15254237288135594,CC(C(=O)O)n1cnc2ccccc2c1=O
CHEMBL260554,CC(=O)OCO/N=[N+](\[O-])N(C)CCOC(=O)/C(=C/c1ccc(S(C)(=O)=O)cc1)c1ccccc1,5.652539253234863,0.19117647058823528,CC(CC(=O)c1ccccc1)C(=O)O
CHEMBL149791,CCC(=C(c1ccc(O)cc1)c1ccc(O)cc1)c1ccccc1,5.812429428100586,0.2894736842105263,CC(CC(=O)c1ccccc1)C(=O)O
CHEMBL18930,CN1CCC(/C(=C/c2ccccc2)c2ccccc2)CC1,3.446967840194702,0.2807017543859649,CN1CCC(NS(=O)(=O)c2ccc(C(=O)NCC(=O)O)cc2)CC1
CHEMBL478753,OC[C@H]1O[C@@H](Oc2ccc(/C=C/c3cc(O)cc(O)c3)cc2)[C@H](O)[C@@H](O)[C@@H]1O,3.8626885414123535,0.14864864864864866,O=C(O)CNC(=O)c1ccc(S(=O)(=O)N2CCC(Oc3ccccc3)CC2)cc1
CHEMBL7111,NS(=O)(=O)c1ccc(/C=C/c2cccc(O)c2)cc1,5.140220642089844,0.17647058823529413,O=C(O)CNC(=O)c1ccc(S(=O)(=O)N2CCC(c3cccc(F)c3)CC2)cc1
CHEMBL74826,COc1ccc(/C(C)=C/c2ccc(C(=O)O)cc2)cc1C(C)(C)C,6.317440509796143,0.21311475409836064,COc1cc2ncn(CC(=O)O)c(=O)c2cc1OC
CHEMBL304290,COc1cc(Nc2c(C#N)cnc3cc(/C=C/c4ccc(-c5ccccc5)cc4)ccc23)c(Cl)cc1Cl,5.661496162414551,0.21052631578947367,COc1ccccc1CNC(=O)Cn1c(CCC(=O)O)nc2c(Cl)cccc2c1=O
CHEMBL43951,CSc1ccc(C2=C(c3ccc(O)c(O)c3)C(=O)N3CCCC3C2)cc1,4.808511734008789,0.18055555555555555,Cc1cc(C(=O)CN2CCCC2)c(C)n1-c1ccc(F)cc1
CHEMBL360980,C(=C\c1ccc2ccccc2c1)\c1ccc2c(c1)-c1ccccc1C2,4.04782772064209,0.1568627450980392,O=C(O)CCC(=O)c1ccc2c(c1)CCC2
CHEMBL8635,CC(C)(C)c1cc(/C=C/c2ccc(Cl)c(Cl)c2)cc(C(C)(C)C)c1O,5.388999938964844,0.22580645161290322,CC(=O)C1=C(O)C(=O)N(CCc2ccc(Cl)c(Cl)c2)C1c1ccc(Br)cc1
CHEMBL298662,CC(=O)N(O)c1ccc(/C=C/c2ccccc2)cc1,4.769611358642578,0.24390243902439024,CC(CC(=O)c1ccccc1)C(=O)O
CHEMBL193376,Nc1ccc(/C=C2\C=Cc3ccccc32)cc1,5.089537620544434,0.14814814814814814,O=C(O)CCc1nnc(-c2ccccc2I)o1
CHEMBL89809,Cc1cccc2c1/C(=C/c1ccc(N(C)C)cc1)C(=O)N2,5.172318458557129,0.125,O=C(O)CCC(=O)c1ccc2c(c1)CCC(=O)N2
CHEMBL222437,COc1ccc(C2=C(c3cc(OC)c(OC)c(OC)c3)C(=O)C(O)C2)cc1NC(=O)c1ccccc1,4.877562522888184,0.20238095238095238,Cc1cc(C(=O)NCC(=O)O)ccc1S(=O)(=O)N1CCC(c2ccccc2)CC1
CHEMBL75732,COc1ccc(C2=Cc3ccc(C(=O)O)cc3OC2)cc1C12C[C@H]3C[C@@H](C1)C[C@@H](C2)C3,5.098971366882324,0.19402985074626866,O=C(O)CCC(=O)c1ccc2c(c1)CCC2
CHEMBL488546,O=C1/C(=C/c2ccccc2[N+](=O)[O-])c2ccccc2N1c1c(Cl)cccc1Cl,5.036032676696777,0.1590909090909091,COc1ccccc1CN(C)C(=O)Cn1c(CCC(=O)O)nc2c(Cl)cccc2c1=O
CHEMBL505013,CS(=O)(=O)NC(=O)N1c2ccccc2C=Cc2ccccc21,5.846714019775391,0.21428571428571427,O=C(O)CNC(=O)c1ccc(S(=O)(=O)N2Cc3ccccc3C2)cc1
CHEMBL33974,C/C(=C\c1ccc(CO)cc1)c1ccc2c(c1)C(C)(C)CCO2,7.00976037979126,0.16666666666666666,CC(C)Cc1ccc(C(=O)CCC(=O)O)cc1
CHEMBL163907,CC(=C\C(=O)O)/C(=C/c1ccc2cc(OCc3ccccc3)c(OCc3ccccc3)cc2c1)c1cccc(C(=O)O)c1,5.733757972717285,0.20967741935483872,CC(CC(=O)c1ccccc1)C(=O)O
CHEMBL221566,O=c1cc(-c2ccc(-c3ccc(/C=C/c4ccccc4)cc3)cc2)sc(N2CCOCC2)c1,5.119872093200684,0.17333333333333334,O=C(O)CNC(=O)c1ccc(S(=O)(=O)N2CCC(N3CCOCC3)CC2)cc1
CHEMBL431005,C1=C(c2ccc(C3CCCCC3)cc2)N2CCN=C2c2ccccc21,5.077242851257324,0.2191780821917808,O=C(O)CNC(=O)c1ccc(S(=O)(=O)N2CCCC(c3ccccc3)CC2)cc1
CHEMBL113536,COc1ccc(/C=C/c2cc(O)cc(O[C@@H]3O[C@H](CO)[C@@H](O)[C@H](O)[C@H]3O)c2)cc1,4.166227340698242,0.1917808219178082,COc1ccc(Br)c(-c2nnc(CCC(=O)O)o2)c1
CHEMBL345084,COC(=O)c1ccc(/C=C(/c2ccc3c(c2)C(C)(C)CC(C)(C)S3)C(F)(F)F)cc1,6.208883285522461,0.16666666666666666,O=C(O)CCC(=O)c1ccc2c(c1)CCC2
CHEMBL418327,Oc1ccc(C2=C(c3ccc(OCCN4CCCCC4)cc3)Oc3ccc(O)cc3S2)cc1,3.9611005783081055,0.18666666666666668,Cc1cc(C(=O)CN2CCCC2)c(C)n1-c1ccc(F)cc1
CHEMBL293234,Cc1ccc(C(C#N)=C(c2ccc(O)cc2)c2ccc(O)cc2)cc1,5.540252685546875,0.18181818181818182,CC(C)c1ccc(C(=O)CCC(=O)O)cc1
CHEMBL274652,O=C(O)c1cccc(/C=C/c2ccc(OCc3c(-c4c(Cl)cccc4Cl)noc3-c3ccccc3)cc2Cl)c1,4.703830718994141,0.18421052631578946,O=C(O)CCc1nnc(-c2ccccc2)o1
CHEMBL328003,CS(=O)(=O)c1ccc(C2=C(c3ccccc3)C(=O)C2)cc1,4.885951995849609,0.2459016393442623,O=C(O)CNC(=O)c1ccc(S(=O)(=O)N2CC=C(c3ccccc3)CC2)cc1
CHEMBL315641,COc1ccc(/C=C/c2ccccc2)c(OC)c1OC,5.279036521911621,0.18518518518518517,COc1cc2ncn(CC(=O)O)c(=O)c2cc1OC
CHEMBL322173,COc1ccc(/C=C(\C#N)c2cc(OC)c(OC)c(OC)c2)cc1[N+](=O)[O-],5.485543251037598,0.16176470588235295,COc1cc2ncn(CC(=O)O)c(=O)c2cc1OC
CHEMBL22812,CS(=O)(=O)c1ccc(C2=C(c3ccc(F)cc3)C(=O)CC2)cc1,5.194967269897461,0.21875,O=C(O)CNC(=O)c1ccc(S(=O)(=O)N2CCC(c3ccc(F)cc3)CC2)cc1
CHEMBL277118,CSc1ccc(C2=C(c3ccc(S(C)(=O)=O)cc3)C(C)(O)OC2=O)cc1,6.224715232849121,0.17391304347826086,O=C(O)CCC(=O)c1ccc(S(=O)(=O)N2CCC(c3ccccc3)CC2)cc1
CHEMBL59502,COc1ccc(C2=C(c3cc(OC)c(OC)c(OC)c3)C(O)CC2)cc1,4.15891170501709,0.1791044776119403,COc1ccc(Br)c(-c2nnc(CCC(=O)O)o2)c1
CHEMBL244943,COc1ccc(/C=C/c2ccccc2O)cc1,4.6886067390441895,0.1864406779661017,COc1ccc(Br)c(-c2nnc(CCC(=O)O)o2)c1
CHEMBL328464,N#Cc1ccc(OCc2ccsc2)cc1/C=C(/CCC(=O)O)c1ccccc1,4.602657318115234,0.23809523809523808,O=C(O)CCC(=O)c1cccs1
CHEMBL502126,Cc1ccc(/C=C2\C=C(CC(=O)O)c3cc(F)ccc32)cc1,3.5977885723114014,0.2153846153846154,Cc1cc(C(=O)CN2CCCC2)c(C)n1-c1ccc(F)cc1
CHEMBL43823,COc1ccc(C2=C(c3ccc(SC)cc3)CC3CCCN3C2=O)cc1OC(=O)C1CCCN1C(=O)OC(C)(C)C,6.602118492126465,0.15730337078651685,COc1cc2ncn(CC(=O)O)c(=O)c2cc1OC
CHEMBL433201,N#Cc1ccc(OCc2ccsc2)cc1/C=C(/C(=O)O)c1ccccc1Cl,5.47829532623291,0.18181818181818182,CCC[C@H](NC(=O)/C(C#N)=C/c1cccc(Br)n1)c1ccccc1
CHEMBL250564,NCCSNC(=O)N1c2ccccc2C=Cc2ccccc21.O=C(O)C(F)(F)F,6.20125675201416,0.2037037037037037,CC(CC(=O)c1ccccc1)C(=O)O
CHEMBL186366,COc1cc(O)cc(/C=C/c2ccccc2)c1,5.168417930603027,0.21052631578947367,COc1ccc(Br)c(-c2nnc(CCC(=O)O)o2)c1
CHEMBL510194,CC(=O)OC[C@H]1O[C@@H](N2C(=O)/C(=C3/C(=O)Nc4ccc(Cl)cc43)c3ccccc32)[C@H](OC(C)=O)[C@@H](OC(C)=O)[C@@H]1OC(C)=O,5.183213233947754,0.1702127659574468,CC(=O)C1=C(O)C(=O)N(CCc2ccc(Cl)c(Cl)c2)C1c1ccc(Br)cc1
CHEMBL352138,O=C(O)[C@H](Cc1ccc(/C=C/c2ccc([N+](=O)[O-])cc2)cc1)NC(=O)[C@@H]1CCC(=O)N1Cc1ccccc1,5.374063491821289,0.2727272727272727,CC(C)(C)NS(=O)(=O)c1cccc2c(NC(=O)[C@H](Cc3ccccc3)NC(=O)C3CC3)cccc12
CHEMBL167614,CC1(C)OC(c2ccc(S(C)(=O)=O)cc2)=C(c2ccc(F)c(Cl)c2)C1=O,5.32757568359375,0.18181818181818182,O=C(O)CNC(=O)c1ccc(S(=O)(=O)N2CCC(c3ccc(F)c(F)c3)CC2)cc1
CHEMBL467598,COc1ccc(/C=C(/F)c2cc(OC)c(OC)c(OC)c2)cc1O,4.769879341125488,0.16666666666666666,COc1cc2ncn(CC(=O)O)c(=O)c2cc1OC
CHEMBL137103,CC1=CC(C)(C)Nc2ccc3c(c21)/C(=C/c1cc(F)ccc1F)Oc1ccccc1-3,5.8506178855896,0.1375,Cc1cc(C(=O)CN2CCCC2)c(C)n1-c1ccc(F)cc1
CHEMBL955,CCN(CC)CCOc1ccc(/C(=C(/Cl)c2ccccc2)c2ccc(O)c(OC)c2)cc1,4.889858722686768,0.21739130434782608,COc1cc2ncn(CC(=O)O)c(=O)c2cc1OC
CHEMBL468304,CC(C)c1onc(CCc2ccccc2)c1COc1ccc(/C=C/c2cccc(C(=O)O)c2)c(Cl)c1,4.463702201843262,0.20833333333333334,CC(CC(=O)c1ccccc1)C(=O)O
CHEMBL582012,O=C1C(c2ccccc2)=C(Nc2cccc([N+](=O)[O-])c2)c2ccccc21,5.372567176818848,0.16901408450704225,O=C(O)CNC(=O)c1ccc(S(=O)(=O)N2CC=C(c3ccccc3)CC2)cc1
CHEMBL232643,COc1cc(/C=C/c2cc(O)c(CC=C(C)C)c(O)c2)cc2c1O[C@@]1(C)CC[C@H](O)C(C)(C)[C@@H]1C2,5.646848678588867,0.14285714285714285,COc1cc2oc(=O)cc(C)c2cc1CCC(=O)O
CHEMBL349754,CC/C(=C(/CC)c1ccc(C(C)=O)c(C(C)=O)c1)c1ccc(C(C)=O)c(C(C)=O)c1,3.892381191253662,0.24390243902439024,CC(C)c1ccc(C(=O)CCC(=O)O)cc1
CHEMBL142580,O=S(=O)(OC(=C(c1ccccc1)c1ccccc1)c1ccccc1)C(F)(F)F,5.379823684692383,0.24390243902439024,CC(CC(=O)c1ccccc1)C(=O)O
CHEMBL90666,O=C(O)/C(=C/c1cc(OCc2ccccc2)ccc1[N+](=O)[O-])c1ccccc1,4.9939284324646,0.2222222222222222,O=C(Cc1ccccc1)Oc1c(OC(=O)Cc2ccccc2)c(-c2ccc(O)cc2)c(O)c(O)c1-c1ccc(O)cc1
CHEMBL67100,COc1ccc(/C=C2\OC(=O)c3ccccc32)cc1,4.603287696838379,0.21666666666666667,COc1ccc(Br)c(-c2nnc(CCC(=O)O)o2)c1
CHEMBL259820,COc1c(O)ccc2c1-c1ccc3c(c1/C(=C/c1cccc(C)c1F)O2)C(C)=CC(C)(C)N3,5.669432163238525,0.13157894736842105,Cc1cc(Cl)cc(-c2ccnc3cc(CN4C(=O)C5C(C4=O)C5(C)C)sc23)c1O[C@@H]1CCNC[C@@H]1C
CHEMBL328026,COc1cc(/C=C/c2ccc(O[Si](C)(C)C(C)(C)C)cc2)cc(OC)c1OC,7.281476020812988,0.203125,COc1ccc(Br)c(-c2nnc(CCC(=O)O)o2)c1
CHEMBL100577,C(=C/c1ccc(OCc2ccccc2)c(OCc2ccccc2)c1)\c1ccc(OCc2ccccc2)cc1,4.393661022186279,0.2037037037037037,O=C(Cc1ccccc1)Oc1c(OC(=O)Cc2ccccc2)c(-c2ccc(O)cc2)c(O)c(O)c1-c1ccc(O)cc1
CHEMBL484893,O=C1/C(=C\c2cccc3ccccc23)c2ccccc2N1c1c(Cl)cccc1Cl,5.022516250610352,0.2073170731707317,COc1ccccc1CN(C)C(=O)Cn1c(CCC(=O)O)nc2c(Cl)cccc2c1=O
CHEMBL277510,CCC1=C(c2ccccc2)c2ccc(OCCN(C)C)cc2Oc2ccccc21,4.516611576080322,0.16,COc1ccc(Br)c(-c2nnc(CCC(=O)O)o2)c1
CHEMBL384869,Nc1c(S(=O)(=O)[O-])cc2cc(S(=O)(=O)[O-])ccc2c1/N=N/c1ccc(/C=C/c2ccc(/N=N/c3c(N)c(S(=O)(=O)[O-])cc4cc(S(=O)(=O)[O-])ccc34)cc2S(=O)(=O)[O-])c(S(=O)(=O)[O-])c1.[Na+].[Na+].[Na+].[Na+].[Na+].[Na+],5.338703155517578,0.1282051282051282,O=C(O)CNC(=O)c1ccc(S(=O)(=O)N2CCC(N3CCCC3)CC2)cc1
CHEMBL352223,Cc1ccccc1/C=C/c1ccccc1OCCCCN(C)C,4.5867180824279785,0.15,COc1ccccc1CN(C)C(=O)Cn1c(CCC(=O)O)nc2c(Cl)cccc2c1=O
CHEMBL85281,CC(=O)N(C(C)=O)c1ccc(/C=C/c2ccccc2)cc1,4.786846160888672,0.25,CC(CC(=O)c1ccccc1)C(=O)O
CHEMBL454381,COc1ccc(/C=C\c2ccc3[nH]ccc3c2)cc1N.O=C(O)C(=O)O,3.933711528778076,0.203125,COc1cc2ncn(CC(=O)O)c(=O)c2cc1OC
CHEMBL393196,CCC(=C(c1ccc(OCCN2CCCCC2)cc1)c1ccc(OCCN2CCCCC2)cc1)c1ccccc1,5.002547264099121,0.21428571428571427,O=C(O)CNC(=O)c1ccc(S(=O)(=O)N2CCC(Oc3ccccc3)CC2)cc1
CHEMBL37775,CCC(=C(c1ccc(O)cc1)c1ccc(O)cc1)c1ccc(O)cc1,4.971856117248535,0.23684210526315788,CC(C)c1ccc(C(=O)CCC(=O)O)cc1
CHEMBL15081,CCC1=C(c2ccc(O)cc2)c2ccc(OCCN(C)C)cc2Oc2ccccc21,4.539983749389648,0.20588235294117646,O=C(Cc1ccccc1)Oc1c(OC(=O)Cc2ccccc2)c(-c2ccc(O)cc2)c(O)c(O)c1-c1ccc(O)cc1
CHEMBL247931,CNc1ccc(/C=C/c2cccc(/C=C/c3ccc(NC)c(OC)c3)c2)cc1OC,4.276305675506592,0.16071428571428573,COc1cc2ncn(CC(=O)O)c(=O)c2cc1OC
CHEMBL225525,O/N=C1/CC(O)C(c2ccccc2)=C1c1ccccc1,4.695913791656494,0.1875,O=C(O)CCc1nnc(-c2ccccc2)o1
CHEMBL84273,Nc1nc(N)c2nc(CN3c4ccccc4C=Cc4cc(OCCC(=O)O)ccc43)cnc2n1,4.307574272155762,0.189873417721519,O=C(O)CCc1nnc(-c2ccccc2I)o1
CHEMBL487988,O=S(=O)([O-])O[C@H]1[C@H](Oc2cc(O)cc(/C=C/c3ccc(O)cc3)c2)O[C@H](CO)[C@@H](O)[C@@H]1O.[K+],4.7856950759887695,0.1566265060240964,O=C(O)CNC(=O)c1ccc(S(=O)(=O)N2CCC(Oc3ccccc3)CC2)cc1
CHEMBL417379,Cc1cc(/C=C/c2ccc(Cl)cc2)cc(C)c1O,3.962568759918213,0.16393442622950818,CC(=O)C1=C(O)C(=O)N(CCc2ccc(Cl)c(Cl)c2)C1c1ccc(Br)cc1
CHEMBL348853,CC(C)c1cccc(C(C)C)c1NC(=O)C1c2ccccc2C=Cc2ccccc21,5.647939205169678,0.2391304347826087,CC(CC(=O)c1ccccc1)C(=O)O
CHEMBL56196,Cc1cc(/C=C/c2ccc3ccccc3c2)cc(C)c1O,5.050500869750977,0.16666666666666666,Cc1cc(C(=O)NCC(=O)O)ccc1S(=O)(=O)N1CCC(c2ccccc2)CC1
CHEMBL84160,Cc1cc(/C=C/c2ccccc2)ccc1N,4.4458441734313965,0.16666666666666666,CC(CC(=O)c1ccccc1)C(=O)O
CHEMBL434308,CC1(C)OC(c2ccc(S(N)(=O)=O)c(F)c2)=C(c2ccccc2)C1=O,6.28424072265625,0.22972972972972974,O=C(O)CNC(=O)c1ccc(S(=O)(=O)N2CCC(c3ccccc3)CC2)c(F)c1
CHEMBL155858,O=C1c2ccccc2C(=Cc2ccccc2Cl)c2ccccc21,4.785315990447998,0.16279069767441862,CC(CC(=O)c1ccccc1)C(=O)O
CHEMBL225874,[O-][n+]1onc2cc(/C=C/c3ccc(Br)cc3)ccc21,3.51784896850586,0.13333333333333333,O=C(O)CNC(=O)c1ccc(S(=O)(=O)N2CCC(c3ccc(Br)cc3)CC2)cc1F
CHEMBL336736,CC1=CC(C)(C)Nc2ccc3c(c21)/C(=C/c1ccccc1C)Oc1ccc(F)cc1-3,5.944428443908691,0.12345679012345678,Cc1cc(C(=O)CN2CCCC2)c(C)n1-c1ccc(F)cc1
CHEMBL210300,COc1cc(/C=C/c2ccc([N+](=O)[O-])cc2)cc(OC)c1,4.591921329498291,0.18032786885245902,COc1ccc(Br)c(-c2nnc(CCC(=O)O)o2)c1
CHEMBL310102,COc1ccc(/C=C/c2ccc(OC)cc2)cc1,3.84415340423584,0.20408163265306123,COc1ccc(Br)c(-c2nnc(CCC(=O)O)o2)c1
CHEMBL432347,CN1CCC(=C2c3ccccc3C=Cc3ccc(C(=O)O)cc32)CC1,4.649317264556885,0.24242424242424243,CN1CCC(NS(=O)(=O)c2ccc(C(=O)NCC(=O)O)cc2)CC1
CHEMBL190238,CC/N=C1/C(c2ccc(O)cc2)=C(O)c2cc(O)cc(O)c21,4.743778228759766,0.21428571428571427,O=C(Cc1ccccc1)Oc1c(OC(=O)Cc2ccccc2)c(-c2ccc(O)cc2)c(O)c(O)c1-c1ccc(O)cc1
CHEMBL173106,O=C(CCCN1CCN(C(=O)c2ccccc2)CC1)NC1c2ccccc2C=Cc2ccccc21,5.367661476135254,0.22535211267605634,O=C(O)CCC(=O)c1ccc(S(=O)(=O)N2CCC(c3ccccc3)CC2)cc1
CHEMBL489081,O=C([O-])CCC(O)c1ccc(/C=C/c2cccc(Cl)c2)cc1.[Li+],4.0975422859191895,0.2222222222222222,CC(C)c1ccc(C(=O)CCC(=O)O)cc1
CHEMBL116776,COc1cc(/C=C\c2ccc(N)cc2)cc(OC)c1,4.473214626312256,0.17543859649122806,COc1ccc(Br)c(-c2nnc(CCC(=O)O)o2)c1
CHEMBL167679,CC1(C)OC(c2ccc(S(C)(=O)=O)cc2F)=C(c2cccc(F)c2)C1=O,6.11210823059082,0.20253164556962025,O=C(O)CNC(=O)c1ccc(S(=O)(=O)N2CCC(c3cccc(F)c3)CC2)cc1
CHEMBL177661,CN(O)C(=O)/C(=C/c1ccc2ccccc2c1)c1ccc(F)cc1,5.084166049957275,0.21875,Cc1cc(C(=O)CN2CCCC2)c(C)n1-c1ccc(F)cc1
CHEMBL66604,CC1(C)Oc2cc(O)ccc2C(c2ccc(OCCN3CCCC3)cc2)=C1c1ccccc1,5.074837684631348,0.1917808219178082,O=C(Cc1ccccc1)Oc1c(OC(=O)Cc2ccccc2)c(-c2ccc(O)cc2)c(O)c(O)c1-c1ccc(O)cc1
CHEMBL148228,O=C(/C(=C/c1ccccc1)c1ccc(O)cc1)c1ccccc1,5.891482353210449,0.2708333333333333,O=C(Cc1ccccc1)Oc1c(OC(=O)Cc2ccccc2)c(-c2ccc(O)cc2)c(O)c(O)c1-c1ccc(O)cc1
CHEMBL88899,COc1ccc(C2=C(c3ccc(S(C)(=O)=O)cc3)CC3(CC3)C2)cc1Cl,6.062420845031738,0.17333333333333334,O=C(O)CNC(=O)c1ccc(S(=O)(=O)N2CCC(c3ccccc3)CC2)cc1Cl
CHEMBL480304,O=C(OC[C@H]1O[C@@H](Oc2cc(O)cc(/C=C/c3ccc(O)cc3)c2)[C@H](O)[C@@H](O)[C@@H]1O)c1cc(O)c(O)c(O)c1,3.9560546875,0.1780821917808219,O=C(Cc1ccccc1)Oc1c(OC(=O)Cc2ccccc2)c(-c2ccc(O)cc2)c(O)c(O)c1-c1ccc(O)cc1
CHEMBL17184,NS(=O)(=O)c1ccc(C2=C(c3ccc(F)cc3)CC3(CC3)C2)cc1,6.068454265594482,0.2222222222222222,O=C(O)CNC(=O)c1ccc(S(=O)(=O)N2CCC(c3ccc(F)cc3)CC2)cc1
CHEMBL91741,N#Cc1ccc(OCc2ccc3c(c2)OCO3)cc1/C=C(/C(=O)O)c1ccccc1,5.7596540451049805,0.18181818181818182,CC(CC(=O)c1ccccc1)C(=O)O
CHEMBL300435,O=[N+]([O-])c1ccc(C2=C(c3ccc(O)cc3)c3ccc(O)cc3C2)cc1,3.954726696014404,0.1864406779661017,O=C(Cc1ccccc1)Oc1c(OC(=O)Cc2ccccc2)c(-c2ccc(O)cc2)c(O)c(O)c1-c1ccc(O)cc1
CHEMBL376511,COc1ccc(/C=C2/c3ccccc3C(=O)c3ccsc32)c(O)c1,4.800690650939941,0.2112676056338028,COc1ccc(Br)c(-c2nnc(CCC(=O)O)o2)c1
CHEMBL368154,COc1ccc(/C=C/c2ccc3ccccc3c2)cc1C(=O)CN,4.39539909362793,0.21153846153846154,CC(CC(=O)c1ccccc1)C(=O)O
CHEMBL342089,CSc1ccc2c(c1)C(SCCN(C(C)C)C(C)C)=Cc1ccccc1O2,5.378424167633057,0.16666666666666666,CC(CC(=O)c1ccccc1)C(=O)O
CHEMBL55293,Cc1cc(/C=C/c2ccc(C(C)C)cc2)cc(C)c1O,4.172021389007568,0.2926829268292683,CC(C)c1ccc(C(=O)CCC(=O)O)cc1
CHEMBL545812,COc1ccc(N2CCN(CCCN3CCN(C(=O)c4ccc(/C=C/c5ccc(Cl)c(Cl)c5)cc4)CC3)CC2)c(OC)c1,4.241991996765137,0.19540229885057472,CC(=O)C1=C(O)C(=O)N(CCc2ccc(Cl)c(Cl)c2)C1c1ccc(Br)cc1
CHEMBL190772,O=C(O)c1cc2c(cc1C(=O)O)/C(=C/c1ccc(Cl)cc1)OC2=O,3.199239730834961,0.21311475409836064,Nc1c(C(=O)c2ccccc2)sc2[nH]c(=O)c(C(=O)O)cc12
CHEMBL450239,O=C1Nc2cc(/C=C/c3ccccc3)ccc2C1=O,5.753584861755371,0.18181818181818182,O=C(O)CCC(=O)c1ccc2c(c1)CCC(=O)N2
CHEMBL89970,CN1CCN(C2=Cc3ccccc3Oc3ccccc32)CC1,3.4689748287200928,0.15714285714285714,Cn1cc(S(=O)(=O)N2CCC(c3ccccc3)CC2)cc1C(=O)NCC(=O)O
CHEMBL44632,O=C(NCCc1ccccc1)c1cc(/C=C/c2cc(O)ccc2O)ccc1O,4.823807716369629,0.24193548387096775,O=C(Cc1ccccc1)Oc1c(OC(=O)Cc2ccccc2)c(-c2ccc(O)cc2)c(O)c(O)c1-c1ccc(O)cc1
CHEMBL178940,Cc1ccc(/C=C/c2ccc3ccccc3c2)cc1,4.619268417358398,0.14285714285714285,CC(CC(=O)c1ccccc1)C(=O)O
CHEMBL55737,Cc1cc(/C=C/c2cccc3ccccc23)cc(C)c1O,5.165443420410156,0.16363636363636364,CC(C(=O)O)n1cnc2ccccc2c1=O
CHEMBL416101,CC1(C)OC(c2ccc(S(C)(=O)=O)cc2)=C(c2ccc(F)c(F)c2)C1=O,6.138366222381592,0.2054794520547945,O=C(O)CNC(=O)c1ccc(S(=O)(=O)N2CCC(c3ccc(F)c(F)c3)CC2)cc1
CHEMBL369169,COc1cc(/C=C/c2ccc(N(C)C)c(N)c2)cc(OC)c1OC,4.003885746002197,0.14754098360655737,COc1cc2ncn(CC(=O)O)c(=O)c2cc1OC
CHEMBL463404,COc1cc(/C=C/c2ccc(O)cc2)cc2c1C=CC(C)(C)O2,6.800267219543457,0.16176470588235295,COc1cc2oc(=O)cc(C)c2cc1CCC(=O)O
CHEMBL395859,COc1cc2c(cc1OC)N(C)C(=O)/C2=C/c1ccc(NC(=O)Nc2ccccc2)cc1,4.970174312591553,0.23880597014925373,COc1cc2ncn(CC(=O)O)c(=O)c2cc1OC
CHEMBL456529,C#Cc1ccc(/C=C2\C=C(CC(=O)O)c3cc(F)ccc32)cc1,4.194091796875,0.17721518987341772,O=C(O)CNC(=O)c1ccc(S(=O)(=O)N2CCC(c3cccc(F)c3)CC2)cc1
CHEMBL88769,COc1ccc(/C=C/c2ccc3c(c2)C(C)(C)CCC3(C)C)cc1N,6.576712608337402,0.15625,COc1cc2oc(=O)cc(C)c2cc1CCC(=O)O
CHEMBL523466,O=C1/C(=C/c2ccc(O)cc2)c2ccccc2N1c1c(Cl)cccc1Cl,5.310587406158447,0.18072289156626506,COc1ccccc1CN(C)C(=O)Cn1c(CCC(=O)O)nc2c(Cl)cccc2c1=O
CHEMBL60985,COc1ccc(/C=C2\C(=O)Nc3ccccc32)cc1OC1CC2CCC1C2,4.806081295013428,0.14953271028037382,Cc1cc(Cl)cc(-c2ccnc3cc(CN4C(=O)C5C(C4=O)C5(C)C)sc23)c1O[C@@H]1CCNC[C@@H]1C
CHEMBL47630,COc1ccc(C2=C(c3ccc(OC)c(OC)c3)CN3CCCC3C2)cc1OC,3.952471971511841,0.2,O=C(O)CCC(=O)c1ccc(S(=O)(=O)N2CCC(N3CCCC3)CC2)cc1
CHEMBL272380,NS(=O)(=O)c1ccc(N/N=C2\C(=O)Nc3cccc(/C=C/c4ccc(O)cc4)c32)cc1,6.10235595703125,0.14864864864864866,O=C(Cc1ccccc1)Oc1c(OC(=O)Cc2ccccc2)c(-c2ccc(O)cc2)c(O)c(O)c1-c1ccc(O)cc1
CHEMBL352738,CC1(C)OC(c2ccc(S(C)(=O)=O)c(F)c2)=C(c2cc(F)cc(F)c2)C1=O,6.328417778015137,0.18421052631578946,O=C(O)CNC(=O)c1ccc(S(=O)(=O)N2CCC(c3ccccc3)CC2)c(F)c1
CHEMBL289215,CC(=O)Oc1ccc(C(=Cc2ccccc2)c2ccc(OC(C)=O)cc2)cc1,4.458412170410156,0.2558139534883721,CC(CC(=O)c1ccccc1)C(=O)O
CHEMBL525203,COC(=O)c1ccc2c(c1)NC(=O)/C2=C(\Nc1ccc(CN(C)C(=O)N(C)C)cc1)c1ccccc1,5.170666217803955,0.19480519480519481,O=C(O)CCC(=O)c1ccc2c(c1)CCC(=O)N2
CHEMBL234808,COC(=O)c1ccc(/C=C/c2ccc(O)c(O)c2)cc1,4.279708862304688,0.19148936170212766,CC(C)c1ccc(C(=O)CCC(=O)O)cc1
CHEMBL375701,CC(=O)Nc1ccc(/C=C\c2ccc3c(c2)no[n+]3[O-])cc1[N+](=O)[O-],4.4966325759887695,0.15,Cc1ccc(C(=O)Nc2cccc(C(F)(F)F)c2)cc1Nc1nc(-c2cccnc2)nc2nn(C)cc12
CHEMBL225813,O=C(O)c1ccc(/C=C/c2ccc3c(c2)no[n+]3[O-])cc1,3.790765285491944,0.2,O=C(O)CCC(=O)c1ccc2c(c1)CCC2
CHEMBL393702,C(=C\c1ccccc1)\c1ccccc1,4.235432624816895,0.2,CC(CC(=O)c1ccccc1)C(=O)O
CHEMBL234924,N#Cc1ccc(OCc2ccccc2)c(C2=C(c3cccc(C(=O)O)c3)CCC2)c1,5.93259334564209,0.21739130434782608,O=C(Cc1ccccc1)Oc1c(OC(=O)Cc2ccccc2)c(-c2ccc(O)cc2)c(O)c(O)c1-c1ccc(O)cc1
CHEMBL234113,CCCNC(=O)c1cccc(/C=C/c2ccc(OCc3c(-c4c(Cl)cccc4Cl)noc3C(C)C)cc2Cl)c1,4.406065940856934,0.1836734693877551,Cc1cc(C(=O)NCC(=O)O)ccc1S(=O)(=O)N1CCC(c2ccccc2)CC1
CHEMBL163239,CC(C)=C1c2ccccc2C=C(C2=CCN(C)CC2)c2cc(Cl)ccc21,4.825143814086914,0.19736842105263158,O=C(O)CNC(=O)c1ccc(S(=O)(=O)N2CC=C(c3ccccc3)CC2)cc1
CHEMBL308172,COc1cc(/C=C\c2ccc(C(C)C)cc2)cc(OC)c1OC,4.923567771911621,0.25,CC(C)c1ccc(C(=O)CCC(=O)O)cc1
CHEMBL157664,O=C(N[C@@H](CS)Cc1ccccc1)/C(=C/c1ccccc1)c1ccccc1,5.465340614318848,0.2653061224489796,CC(CC(=O)c1ccccc1)C(=O)O
CHEMBL396773,CC(C)c1onc(-c2ccc3ccccc3c2)c1COc1ccc(/C=C/c2cccc(C(=O)O)c2)c(Cl)c1,4.092097282409668,0.2054794520547945,CC(CC(=O)c1ccccc1)C(=O)O
CHEMBL245478,CN(C)c1ccc(/C=C/c2cc(Br)cc(/C=C/c3ccc(N(C)C)cc3)c2)cc1,4.161078929901123,0.12698412698412698,CC(=O)C1=C(O)C(=O)N(CCc2ccc(Cl)c(Cl)c2)C1c1ccc(Br)cc1
CHEMBL164845,Nc1nc(N)c2c(/C=C/c3ccccc3)cccc2n1,5.543985366821289,0.16071428571428573,CC(C(=O)O)n1cnc2ccccc2c1=O
CHEMBL324828,CCOc1ccc(/C=C\c2cccc(C(F)(F)P(=O)(O)O)c2)cc1.N.N,5.1487555503845215,0.22388059701492538,O=C(O)CCc1nnc(-c2cccc(C(F)(F)F)c2)o1
CHEMBL489093,C/C(=C\c1ccc(C(F)(F)F)cc1)c1cc(O)cc(O)c1,4.430515289306641,0.1864406779661017,O=C(O)CCc1nnc(-c2cccc(C(F)(F)F)c2)o1
CHEMBL468646,COc1ccc(/C(F)=C(\F)c2cc(OC)c(OC)c(OC)c2)cc1[N+](=O)[O-],4.420737266540527,0.18032786885245902,COc1cc2ncn(CC(=O)O)c(=O)c2cc1OC
CHEMBL457028,CC(C)OP(=O)(N[C@@H](C)C(=O)Nc1ccc(/C=C/c2ccccc2)cc1)OC(C)C,6.023245811462402,0.23076923076923078,CC(CC(=O)c1ccccc1)C(=O)O
CHEMBL325376,C/C(=C(/C)c1cccc(O)c1)c1cccc(O)c1,4.284456253051758,0.22857142857142856,CC(CC(=O)c1ccccc1)C(=O)O
CHEMBL337993,O=C1Nc2ccccc2/C1=C\c1ccc(C(F)(F)F)cc1,5.743227005004883,0.1746031746031746,O=C(O)CCc1nnc(-c2cccc(C(F)(F)F)c2)o1
CHEMBL344577,Fc1ccc(/C=C(\CCN2CCN(c3ncc(F)cn3)CC2)c2ccc(F)cc2)cc1,3.853507518768311,0.24615384615384617,Cc1cc(C(=O)CN2CCCC2)c(C)n1-c1ccc(F)cc1
CHEMBL468998,COc1ccc(/C(F)=C\c2cc(OC)c(OC)c(OC)c2)cc1[N+](=O)[O-],4.685678005218506,0.16923076923076924,COc1cc2ncn(CC(=O)O)c(=O)c2cc1OC
CHEMBL188519,c1ccc(C2=C(c3ccc(OCCN4CCCCC4)cc3)c3ccccc3OCC2)cc1,4.814986705780029,0.1625,O=C(O)CNC(=O)c1ccc(S(=O)(=O)N2CC=C(c3ccccc3)CC2)cc1
CHEMBL166473,COc1cccc(C2=C(c3ccc(S(C)(=O)=O)cc3)OC(C)(C)C2=O)c1,6.30527400970459,0.18055555555555555,COc1ccc(Br)c(-c2nnc(CCC(=O)O)o2)c1
CHEMBL436304,COc1ccc(OC)c(C2=C(c3cc(OC)c(OC)c(OC)c3)C(=O)CC2O[SiH2]C(C)(C)C)c1,6.968625068664551,0.19736842105263158,COc1ccc(Br)c(-c2nnc(CCC(=O)O)o2)c1
CHEMBL147075,COc1ccc(/C=C\c2cc(OC)c3c(c2)OCO3)cc1N.Cl,4.233194351196289,0.16417910447761194,COc1cc2oc(=O)cc(C)c2cc1CCC(=O)O
CHEMBL228463,CC(C)(C)c1cc(/C=C(\C(=O)O)c2ccccc2)c(O)c(C(C)(C)C)c1,6.393681526184082,0.24489795918367346,CC(CC(=O)c1ccccc1)C(=O)O
CHEMBL133534,COc1ccc2c(c1)C(CCNC(=O)C(F)(F)F)=C(c1ccccc1)C2,4.8257670402526855,0.3,COc1ccc(Br)c(-c2nnc(CCC(=O)O)o2)c1
CHEMBL86736,COc1cc(/C=C\c2ccc(Br)cc2)cc(OC)c1OC,5.195273399353027,0.1694915254237288,COc1ccc(Br)c(-c2nnc(CCC(=O)O)o2)c1
CHEMBL466356,COc1ccc(/C=C(\F)c2cc(OC)c(OC)c(OC)c2)cc1N,4.574509620666504,0.16393442622950818,COc1cc2ncn(CC(=O)O)c(=O)c2cc1OC
CHEMBL502835,COC(=O)c1ccc2c(c1)NC(=O)/C2=C(\Nc1ccc(N(C)C(=O)CN2CCN(C)CC2)cc1)c1ccccc1,4.563275337219238,0.21951219512195122,O=C(O)CCC(=O)c1ccc2c(c1)CCC(=O)N2
CHEMBL510513,O=C1Nc2ccccc2/C1=C\c1ccc(F)cc1,5.75639009475708,0.14754098360655737,Cc1cc(C(=O)CN2CCCC2)c(C)n1-c1ccc(F)cc1
CHEMBL457077,O=C(/C=C/c1ccc(O)c(O)c1/C=C/c1ccc(O)c(O)c1)O[C@H](Cc1ccc(O)c(O)c1)C(=O)O,4.610770225524902,0.18461538461538463,CC(C)Cc1ccc(C(=O)CCC(=O)O)cc1
CHEMBL466868,CCC(CC)c1onc(-c2c(Cl)cccc2Cl)c1COc1ccc(/C=C/c2cccc(C(=O)O)c2)c(Cl)c1,4.576210021972656,0.1780821917808219,CC(CC(=O)c1ccccc1)C(=O)O
CHEMBL179413,C(=C\c1ccc2[nH]ccc2c1)\c1ccc2ccccc2c1,4.145340919494629,0.125,O=C(O)CCc1nnc(-c2ccccc2I)o1
CHEMBL6318,CC/C(=C(\c1ccc(I)cc1)c1ccc(OCCN2CCCC2)cc1)c1ccccc1,4.905429840087891,0.2,O=C(O)CNC(=O)c1ccc(S(=O)(=O)N2CCC(Oc3ccccc3)CC2)cc1
CHEMBL175891,COc1c([N+](=O)[O-])cc(/C=C\c2ccc3ccccc3c2)cc1[N+](=O)[O-],5.462296009063721,0.14705882352941177,COc1ccc(Br)c(-c2nnc(CCC(=O)O)o2)c1
CHEMBL368498,COc1cc(/C=C/c2ccc3ccccc3c2)cc([N+](=O)[O-])c1OC,5.43345308303833,0.1686746987951807,COc1ccccc1CNC(=O)Cn1c(CCC(=O)O)nc2c(Cl)cccc2c1=O
CHEMBL170581,COc1ccc(/C(=C(/c2ccccc2)C(F)(F)F)c2ccccc2)cc1,6.026186943054199,0.23255813953488372,CC(CC(=O)c1ccccc1)C(=O)O
CHEMBL89089,COc1ccc(C2=C(c3ccc(S(C)(=O)=O)cc3)CC3(CC3)C2)cc1,5.673487663269043,0.171875,COc1ccc(Br)c(-c2nnc(CCC(=O)O)o2)c1
CHEMBL57298,CC(C)c1cc(/C=C/c2ccc(F)cc2)cc(C(C)C)c1O,4.596738815307617,0.21818181818181817,Cc1cc(C(=O)CN2CCCC2)c(C)n1-c1ccc(F)cc1
CHEMBL516,CN1CCC(=C2c3ccccc3C=Cc3ccccc32)CC1,3.9966366291046143,0.1694915254237288,CN1CCC(NS(=O)(=O)c2ccc(C(=O)NCC(=O)O)cc2)CC1
CHEMBL38827,CCCCN(CCCC)CC(O)c1cc(Cl)cc2c1-c1ccc(Cl)cc1/C2=C/c1ccc(Cl)cc1,3.958564758300781,0.12790697674418605,CCC[C@H](NC(=O)/C(C#N)=C/c1cccc(Br)n1)c1ccccc1
CHEMBL180152,CCc1c(C)nc(O)c(N(C)C)c1C(=O)c1cccc(/C=C\c2ccccc2)c1,4.584064483642578,0.22413793103448276,CC(CC(=O)c1ccccc1)C(=O)O
CHEMBL127644,C1=C(CCN2CCOCC2)c2ccccc2/C1=C/c1cccc2ccccc12,4.812812805175781,0.15584415584415584,O=C(O)CNC(=O)c1ccc(S(=O)(=O)N2CCC(N3CCOCC3)CC2)cc1
CHEMBL11702,CC/C(=C(/Cc1ccc(OCN2CCOCC2)cc1)c1ccccc1)c1ccccc1,4.640072822570801,0.2054794520547945,O=C(O)CNC(=O)c1ccc(S(=O)(=O)N2CCC(N3CCOCC3)CC2)cc1
CHEMBL191624,COc1ccc(/C=C/c2cc(OC)c(OC)c(OC)c2)cc1Br,4.803262233734131,0.18333333333333332,COc1ccc(Br)c(-c2nnc(CCC(=O)O)o2)c1
CHEMBL155591,CC(C)N(CCOc1ccc(C(C#N)=C(c2ccccc2)c2ccccc2)cc1)C(C)C,5.857053279876709,0.2549019607843137,CC(CC(=O)c1ccccc1)C(=O)O
CHEMBL329367,CN(C)c1ccc(/C=C2\C(=O)Nc3cc(F)ccc32)cc1,4.500117301940918,0.14925373134328357,Cc1cc(C(=O)CN2CCCC2)c(C)n1-c1ccc(F)cc1
CHEMBL313259,O=C1Nc2ccccc2/C1=C/c1ccc(C(=O)O)cc1,5.617876052856445,0.23214285714285715,O=C(O)CCC(=O)c1ccc2c(c1)CCC(=O)N2
CHEMBL88532,COc1ccc(C2=C(c3ccc(S(N)(=O)=O)cc3)CC3(CC3)C2)cc1F,6.094285488128662,0.18421052631578946,O=C(O)CNC(=O)c1ccc(S(=O)(=O)N2CCC(N3CCCC3)CC2)cc1F
CHEMBL92570,O=C(O)/C(=C/c1cc(OCc2ccsc2)ccc1[N+](=O)[O-])c1c(F)cccc1Cl,4.455338001251221,0.1595744680851064,O=C(O)CNC(=O)c1ccc(S(=O)(=O)N2CCC(N3CCCC3)CC2)cc1F
CHEMBL321966,CC(C)(C)c1cc(/C=C2/C(=O)Nc3ccccc32)cc(Br)c1O,6.880950450897217,0.15584415584415584,CC(=O)C1=C(O)C(=O)N(CCc2ccc(Cl)c(Cl)c2)C1c1ccc(Br)cc1
CHEMBL441599,COc1ccc(/C=C/c2ccccc2C(=O)NC(Cc2ccccc2)C(=O)C(N)=O)cc1OC,5.503079414367676,0.23255813953488372,CC(C)(C)NS(=O)(=O)c1cccc2c(NC(=O)[C@H](Cc3ccccc3)NC(=O)C3CC3)cccc12
CHEMBL272322,CN(C)c1ccc(/C=C/c2ccc(-c3nc4ccc(OCCCF)cc4o3)cc2)cc1,4.3817338943481445,0.16666666666666666,COc1ccc(Br)c(-c2nnc(CCC(=O)O)o2)c1
CHEMBL275664,CC1(O)OC(=O)C(c2ccc(Cl)cc2)=C1c1ccc(S(C)(=O)=O)cc1,6.370947360992432,0.23943661971830985,O=C(O)CNC(=O)c1ccc(S(=O)(=O)N2CCC(c3ccc(Cl)cc3)CC2)cn1
CHEMBL669,CN(C)CCC=C1c2ccccc2C=Cc2ccccc21,4.030210971832275,0.16666666666666666,O=C(O)CCc1nnc(-c2ccccc2I)o1
CHEMBL316045,C(=C\c1ccc2ccccc2c1)\c1ccc2ccccc2c1,4.041415214538574,0.13559322033898305,CCC[C@H](NC(=O)/C(C#N)=C/c1cccc(Br)n1)c1ccccc1
CHEMBL37672,COC(=O)c1ccc(/C=C(\C)c2ccc3c(c2)C(C)(C)CO3)cc1,5.954174041748047,0.18032786885245902,O=C(O)CCC(=O)c1ccc2c(c1)CCC2
CHEMBL156189,O=C1c2ccccc2C(=Cc2ccccc2O)c2ccccc21,4.911794662475586,0.19047619047619047,CC(CC(=O)c1ccccc1)C(=O)O
CHEMBL214451,COc1ccc2c(c1)/C(=C\c1cc(OC)c(OC)c(OC)c1)C(=O)N2,4.618221282958984,0.22727272727272727,COc1ccc(Br)c(-c2nnc(CCC(=O)O)o2)c1
CHEMBL90624,COc1ccc(/C=C\c2ccc3c(c2)C(C)(C)CCC3(C)C)cc1N,6.576712608337402,0.15625,COc1cc2oc(=O)cc(C)c2cc1CCC(=O)O
CHEMBL387979,[O-][n+]1onc2cc(/C=C\c3ccc4c(c3)OCO4)ccc21,3.81635856628418,0.1,O=C(O)CCC(=O)c1ccc2c(c1)CCC2
CHEMBL481461,COc1cc(/C=C/c2ccc(O)cc2)cc(O[C@@H]2O[C@H](CO)[C@@H](O)[C@H](O)[C@H]2O)c1,4.096713542938232,0.17567567567567569,COc1ccc(Br)c(-c2nnc(CCC(=O)O)o2)c1
CHEMBL415864,Oc1ccc(C(=Cc2ccccc2)c2ccc(O)cc2)cc1,4.891162872314453,0.25,O=C(Cc1ccccc1)Oc1c(OC(=O)Cc2ccccc2)c(-c2ccc(O)cc2)c(O)c(O)c1-c1ccc(O)cc1
CHEMBL43065,Oc1cc(O)cc(/C=C/c2ccc(O)cc2O)c1,3.7390990257263184,0.16326530612244897,O=C(Cc1ccccc1)Oc1c(OC(=O)Cc2ccccc2)c(-c2ccc(O)cc2)c(O)c(O)c1-c1ccc(O)cc1
CHEMBL491277,COc1cc(/C=C\c2ccc3cc[nH]c3c2)cc(OC)c1,4.59491777420044,0.15625,COc1ccc(Br)c(-c2nnc(CCC(=O)O)o2)c1
CHEMBL264668,O=C1/C(=C/c2ccc(O)c(Br)c2)Cc2ccccc2/C1=C\c1ccc(O)c(Br)c1,5.962383270263672,0.171875,O=C(O)CCc1nnc(-c2ccccc2I)o1
CHEMBL315262,Cc1ccccc1/C=C/c1ccc(N(C)C)cc1,4.873597145080566,0.13333333333333333,CC(CC(=O)c1ccccc1)C(=O)O
CHEMBL159484,O=C1NC(=S)S/C1=C\c1ccc(/C=C/c2ccccc2)cc1,6.263430595397949,0.16393442622950818,Nc1c(C(=O)c2ccccc2)sc2[nH]c(=O)c(C(=O)O)cc12
CHEMBL54169,CCc1cc(/C=C/c2ccc(C)cc2)cc(CC)c1O,4.868076324462891,0.17857142857142858,Cc1cc(C(=O)CN2CCCC2)c(C)n1-c1ccc(F)cc1
CHEMBL371346,COC(=O)/C=C/c1cccc(N(Cc2ccc(/C=C/c3ccccc3)cc2)C(=O)C(C)C)c1,5.083724498748779,0.22033898305084745,CC(CC(=O)c1ccccc1)C(=O)O
CHEMBL468647,COc1ccc(/C=C(/F)c2cc(OC)c(OC)c(OC)c2)cc1[N+](=O)[O-],4.700839042663574,0.16923076923076924,COc1cc2ncn(CC(=O)O)c(=O)c2cc1OC
CHEMBL279164,O=C1/C(=C/c2cc(Br)c(O)c(Br)c2)Cc2ccccc2/C1=C\c1cc(Br)c(O)c(Br)c1,5.627606391906738,0.1774193548387097,O=C(O)CCc1nnc(-c2ccccc2I)o1
CHEMBL389207,[O-][n+]1onc2cc(/C=C/c3ccc(O)cc3)ccc21,3.627797365188599,0.13793103448275862,O=C(Cc1ccccc1)Oc1c(OC(=O)Cc2ccccc2)c(-c2ccc(O)cc2)c(O)c(O)c1-c1ccc(O)cc1
CHEMBL55402,O=C(O)c1ccc2c(c1)CCc1cc(/C=C/c3ccccc3)ccc1-2,5.2556915283203125,0.2916666666666667,O=C(O)CCC(=O)c1ccc2c(c1)CCC2
CHEMBL455619,OC[C@H]1O[C@@H](Oc2cc(O)cc(/C=C/c3ccc(O[C@@H]4O[C@H](CO)[C@@H](O)[C@H](O)[C@H]4O)cc3O)c2)[C@H](O)[C@@H](O)[C@@H]1O,3.900654792785645,0.12987012987012986,COc1ccc(Br)c(-c2nnc(CCC(=O)O)o2)c1
CHEMBL173408,COc1ccc(N2CCN(CCCC(=O)NC3c4ccccc4C=Cc4ccccc43)CC2)cc1OC,4.710083484649658,0.21621621621621623,COc1cc2ncn(CC(=O)O)c(=O)c2cc1OC
CHEMBL478699,COc1ccc(/C=C\c2ccccc2)cc1OC,4.982806205749512,0.22,COc1cc2ncn(CC(=O)O)c(=O)c2cc1OC
CHEMBL81999,CN(C)c1ccc(/C=C/c2ccc(F)cc2)cc1,4.046815395355225,0.19607843137254902,Cc1cc(C(=O)CN2CCCC2)c(C)n1-c1ccc(F)cc1
CHEMBL114651,O=C1c2ccccc2C(=Cc2ccc(O)cc2)c2ccccc21,5.233376502990723,0.22916666666666666,O=C(Cc1ccccc1)Oc1c(OC(=O)Cc2ccccc2)c(-c2ccc(O)cc2)c(O)c(O)c1-c1ccc(O)cc1
CHEMBL246685,COc1cc2c(cc1OC)/C(=C\c1ccc(NC(=O)Nc3ccccc3)cc1)C(=O)N2,6.200929164886475,0.22388059701492538,COc1cc2ncn(CC(=O)O)c(=O)c2cc1OC
CHEMBL254229,COc1ccc(C(CCc2ccc(O)cc2OC)c2c(OC)cc(/C=C/c3ccc(O)cc3)cc2OC)cc1,4.515285491943359,0.2112676056338028,COc1cc2oc(=O)cc(C)c2cc1CCC(=O)O
CHEMBL485376,Nc1ccc(/C=C/c2ccc([125I])cc2)cc1,4.026220321655273,0.11538461538461539,Nc1c(C(=O)c2ccccc2)sc2[nH]c(=O)c(C(=O)O)cc12
CHEMBL485375,Nc1ccc(/C=C/c2ccc(I)cc2)cc1,4.026220321655273,0.11538461538461539,Nc1c(C(=O)c2ccccc2)sc2[nH]c(=O)c(C(=O)O)cc12
CHEMBL101044,CSc1ccc(C2=C(c3ccc(F)cc3)ON(C)C2)cc1,3.837662935256958,0.2,Cc1cc(C(=O)CN2CCCC2)c(C)n1-c1ccc(F)cc1
CHEMBL468886,C/C(=C\c1cc(O)cc(O)c1)c1cccc(F)c1,4.944972038269043,0.21052631578947367,Cc1cc(C(=O)CN2CCCC2)c(C)n1-c1ccc(F)cc1
CHEMBL269114,CC(=O)Nc1ccc(/C=C/c2ccc(C)cc2)cc1,4.615686893463135,0.16279069767441862,CC(CC(=O)c1ccccc1)C(=O)O
CHEMBL529442,O=C1/C(=C/c2ccc(F)cc2)c2ccccc2N1c1c(Cl)cccc1Cl,5.122407913208008,0.18072289156626506,COc1ccccc1CN(C)C(=O)Cn1c(CCC(=O)O)nc2c(Cl)cccc2c1=O
CHEMBL345000,C1=C(c2ccccc2)C2(Cc3ccccc3C2)c2ccccc21,5.2339067459106445,0.1791044776119403,O=C(O)CNC(=O)c1ccc(S(=O)(=O)N2CCC3(CC2)OCc2ccccc23)cc1
CHEMBL234809,COC(=O)c1ccc(/C=C/c2ccc(OC)c(OC)c2)cc1,4.038008213043213,0.24074074074074073,COc1cc2ncn(CC(=O)O)c(=O)c2cc1OC
CHEMBL167011,CC1(C)OC(c2ccc(S(N)(=O)=O)cc2)=C(c2ccc(F)c(F)c2)C1=O,6.142685890197754,0.20270270270270271,O=C(O)CNC(=O)c1ccc(S(=O)(=O)N2CCC(c3ccc(F)c(F)c3)CC2)cc1
CHEMBL355546,CS(=O)(=O)c1ccc(C2=C(c3cccc(F)c3)C(=O)C3(CCCC3)O2)cc1,6.498240470886231,0.21794871794871795,O=C(O)CNC(=O)c1ccc(S(=O)(=O)N2CCC(c3cccc(F)c3)CC2)cc1
CHEMBL315717,COc1ccc(/C=C\c2cc(OC)c(OC)c(OC)c2)c(Cl)c1,4.642797946929932,0.19047619047619047,COc1ccc(Br)c(-c2nnc(CCC(=O)O)o2)c1
CHEMBL312567,COc1ccc(C2=Cc3ccccc3C3=NCCN23)cc1OC,5.065038681030273,0.18181818181818182,COc1cc2ncn(CC(=O)O)c(=O)c2cc1OC
CHEMBL384970,C[N+]1(C)C[C@]23c4c5c6c7c8c9c%10c%11c%12c%13c%14c%15c%16c%17c%18c%19c%20c%21c(c2c2c4c4c6c9c6c4c4c2c%21c2c(c%16%20)c%15c9c%13c%10c6c9c24)[C@@H]%19[C@H]2c4c6c9c%10c(c4-%18)[C@@H]%17[C@@H]%14C%12=C%10[C@]4(C[N+](C)(C)C[C@@]8%114)[C@H]9[C@@H]7C5=C6[C@]23C1.[I-].[I-],6.222953796386719,0.07407407407407407,Cc1cc(Cl)cc(-c2ccnc3cc(CN4C(=O)C5C(C4=O)C5(C)C)sc23)c1O[C@@H]1CCNC[C@@H]1C
CHEMBL321632,COc1cc(C=C2c3ccccc3C(=O)c3ccccc32)cc(OC)c1O,5.208034038543701,0.21052631578947367,COc1cc2ncn(CC(=O)O)c(=O)c2cc1OC
CHEMBL497724,CNC(=O)c1ccc2c(c1)NC(=O)/C2=C(\Nc1ccc(CN2CCCCC2)cc1)c1ccccc1,4.864562034606934,0.2441860465116279,Cc1cc(C(=O)NCC(=O)O)ccc1S(=O)(=O)N1CCC(c2ccccc2)CC1
CHEMBL81228,COc1ccc(/C(C#N)=C/c2cc(OC)ccc2OC)cc1,5.071349143981934,0.22580645161290322,COc1ccc(Br)c(-c2nnc(CCC(=O)O)o2)c1
CHEMBL98713,CSc1ccc(C2=C(c3ccccc3)ON(C)C2)cc1,4.151275634765625,0.16981132075471697,O=C(O)CCc1nnc(-c2ccccc2)o1
CHEMBL109336,CC(C)NC(=O)c1cc(/C=C/c2ccc(Cl)c(F)c2)ccc1-c1ccc(Cl)cc1,4.181384086608887,0.189873417721519,O=C(O)CNC(=O)c1ccc(S(=O)(=O)N2CCC(N3CCCC3)CC2)cc1F
CHEMBL286279,Cc1noc(NS(=O)(=O)c2ccccc2-c2ccc(-c3ncco3)cc2/C=C/c2ccccc2)c1C,4.605607986450195,0.14736842105263157,Cc1cc(C(=O)NCC(=O)O)ccc1S(=O)(=O)N1CCC(c2ccccc2)CC1
CHEMBL59408,COc1ccc(/C=C2\C(=O)Nc3ccc([N+](=O)[O-])cc32)cc1OC1CC2CCC1C2,4.715383529663086,0.1504424778761062,Cc1cc(Cl)cc(-c2ccnc3cc(CN4C(=O)C5C(C4=O)C5(C)C)sc23)c1O[C@@H]1CCNC[C@@H]1C
CHEMBL284402,CCN(CC)CCOc1ccc(C2=C(c3ccc(F)cc3)COc3cc(OC)ccc32)cc1,4.1821818351745605,0.19230769230769232,COc1ccc(Br)c(-c2nnc(CCC(=O)O)o2)c1
CHEMBL210648,CN(C)CCOc1ccc(C2Oc3cc(O)ccc3C3=C2c2ccc(O)cc2OC3)cc1,3.7362427711486816,0.15,COc1ccc(Br)c(-c2nnc(CCC(=O)O)o2)c1
CHEMBL421381,CS(=O)(=O)c1ccc(C2=C(c3ccccc3O)C(=O)OC2)cc1,5.058915615081787,0.1875,O=C(O)CNC(=O)c1ccc(S(=O)(=O)N2Cc3ccccc3C2)cc1
CHEMBL55680,CCCOc1ccc(/C=C/c2cc(C)c(O)c(C)c2)cc1,4.039707183837891,0.15625,COc1ccc(Br)c(-c2nnc(CCC(=O)O)o2)c1
CHEMBL56307,O=C(O)c1ccc(C(=O)Nc2ccc3c(/C=C/c4cccc(C(F)(F)F)c4)cccc3c2)cc1,5.4500932693481445,0.3146067415730337,Cc1ccc(C(=O)Nc2cccc(C(F)(F)F)c2)cc1Nc1nc(-c2cccnc2)nc2nn(C)cc12
CHEMBL129868,N=C(N)c1ccc(/C=C/c2ccc3c(c2)CC(CC(=O)O)CC3)cc1,2.839743137359619,0.30357142857142855,O=C(O)CCC(=O)c1ccc2c(c1)CCC2
CHEMBL163250,C(=C/c1ccc(OCCN2CCCC2)cc1)\c1ccccc1,4.178025245666504,0.2033898305084746,Cc1cc(C(=O)CN2CCCC2)c(C)n1-c1ccc(F)cc1
CHEMBL39416,CC/C(=C(\c1ccccc1)c1ccc(/C=C/C(=O)N2CCOCC2)cc1)c1ccccc1,5.120197772979736,0.25,O=C(O)CNC(=O)c1ccc(S(=O)(=O)N2CCC(N3CCOCC3)CC2)cc1
CHEMBL190487,O=C1C(c2ccc(O)cc2)=C(Br)c2c(O)cc(O)cc21,3.870375871658325,0.23076923076923078,O=C(Cc1ccccc1)Oc1c(OC(=O)Cc2ccccc2)c(-c2ccc(O)cc2)c(O)c(O)c1-c1ccc(O)cc1
CHEMBL425374,COC(=O)/C=C/c1cccc(N(Cc2ccc(/C=C/c3ccccc3F)cc2)C(=O)C(C)C)c1,5.505516052246094,0.17647058823529413,CC(CC(=O)c1ccccc1)C(=O)O
CHEMBL176291,COc1cc(/C=C/c2ccc3[nH]ccc3c2)cc(OC)c1OC,5.013945579528809,0.15,COc1ccccc1CNC(=O)Cn1c(CCC(=O)O)nc2c(Cl)cccc2c1=O
CHEMBL47044,COc1ccc(/C=C/c2cc(O)c(OC)c(OC)c2)cc1OC,4.627913475036621,0.2,COc1cc2ncn(CC(=O)O)c(=O)c2cc1OC
CHEMBL401515,CN(C)c1ccc(/C=C/c2ccc(-c3nc4cc(OCCCF)ccc4o3)cc2)cc1,4.358551979064941,0.16666666666666666,COc1ccc(Br)c(-c2nnc(CCC(=O)O)o2)c1
CHEMBL49114,CS(=O)(=O)c1ccc(C2=C(c3ccccc3)C(=O)N(c3cccc(Cl)c3)C2)cc1,5.701999664306641,0.21052631578947367,O=C(O)CNC(=O)c1ccc(S(=O)(=O)N2CCC(c3ccccc3)CC2)cc1Cl
CHEMBL296274,O=C([O-])c1cc(O)cc(O)c1/N=N/c1ccc(/C=C/c2ccc(/N=N/c3c(O)cc(O)cc3C(=O)[O-])cc2S(=O)(=O)[O-])c(S(=O)(=O)[O-])c1.[Na+].[Na+].[Na+].[Na+],6.557147979736328,0.17142857142857143,O=C(O)CNC(=O)c1ccc(S(=O)(=O)N2Cc3ccccc3C2)cc1
CHEMBL429767,CCC1=C(c2ccccc2)c2ccc(OC)cc2Sc2ccccc21,5.498043060302734,0.22727272727272727,COc1ccc(Br)c(-c2nnc(CCC(=O)O)o2)c1
CHEMBL327955,C(=C/c1ccc(OCc2ccccc2)c(OCc2ccccc2)c1)\c1cccc(OCc2ccccc2)c1,4.41447114944458,0.19642857142857142,O=C(Cc1ccccc1)Oc1c(OC(=O)Cc2ccccc2)c(-c2ccc(O)cc2)c(O)c(O)c1-c1ccc(O)cc1
CHEMBL296781,COc1ccc(C2=C(c3ccc(SC)cc3)CC3CCCN3C2=O)cc1O,4.59897518157959,0.17567567567567569,COc1cc2ncn(CC(=O)O)c(=O)c2cc1OC
CHEMBL466026,CC(C)c1onc(COc2ccc(Cl)cc2)c1COc1ccc(/C=C/c2cccc(C(=O)O)c2)c(Cl)c1,3.804741859436035,0.19718309859154928,CC(CC(=O)c1ccccc1)C(=O)O
CHEMBL466451,CC(C)c1onc(COc2c(Cl)cccc2Cl)c1COc1ccc(/C=C/c2cccc(C(=O)O)c2)c(Cl)c1,4.66468620300293,0.19444444444444445,CC(CC(=O)c1ccccc1)C(=O)O
CHEMBL289345,O=S(=O)([O-])c1cc(/N=N/c2cc(S(=O)(=O)[O-])c3cccnc3c2O)ccc1/C=C/c1ccc(/N=N/c2cc(S(=O)(=O)[O-])c3cccnc3c2O)cc1S(=O)(=O)[O-].[Na+].[Na+].[Na+].[Na+],5.10572624206543,0.15942028985507245,CC(C(=O)O)n1cnc2ccccc2c1=O
CHEMBL22674,C[N+]1(C)CCC(=C2c3ccccc3C=Cc3ccccc32)CC1.[I-],6.130983352661133,0.14545454545454545,O=C(O)CCc1nnc(-c2ccccc2I)o1
CHEMBL81431,COc1ccc(/C(C#N)=C/c2cccc(OC)c2)cc1,4.877284049987793,0.22580645161290322,COc1ccc(Br)c(-c2nnc(CCC(=O)O)o2)c1
CHEMBL453374,COc1cc(/C=C\c2ccc(OC)c(N)c2)cc(OC)c1.O=C(O)C(=O)O,3.512872695922852,0.22413793103448276,COc1cc2ncn(CC(=O)O)c(=O)c2cc1OC
CHEMBL490294,COc1cc(/C=C\c2ccc(OC)c(N)c2)cc(OC)c1.Cl,4.152383327484131,0.16129032258064516,COc1ccc(Br)c(-c2nnc(CCC(=O)O)o2)c1
CHEMBL103394,Cc1cc(OCc2c(-c3c(Cl)cccc3Cl)noc2C(C)C)ccc1/C=C/c1cccc(C(=O)O)c1,4.6689453125,0.19444444444444445,CC(CC(=O)c1ccccc1)C(=O)O
CHEMBL353542,C(=C\c1ccc(Nc2c3ccccc3nc3ccccc23)cc1)\c1ccccc1,5.058230876922607,0.21568627450980393,CC(C(=O)O)n1cnc2ccccc2c1=O
CHEMBL143671,COc1ccc(/C(=C\c2ccccc2)C(=O)c2ccccc2)cc1,5.822718143463135,0.2727272727272727,CC(CC(=O)c1ccccc1)C(=O)O
CHEMBL192772,COC(=O)/C=C/c1cccc(N(Cc2ccc(/C=C/c3cccc(F)c3)cc2)C(=O)C(C)C)c1,4.959503650665283,0.18604651162790697,O=C(O)CNC(=O)c1ccc(S(=O)(=O)N2CCC(c3cccc(F)c3)CC2)cc1
CHEMBL470940,CC/C(=C\c1cc(O)cc(O)c1)c1ccc(Cl)cc1,4.5912675857543945,0.19148936170212766,CC(C)c1ccc(C(=O)CCC(=O)O)cc1
CHEMBL491081,COc1ccc(/C=C(\C)c2cc(O)cc(O)c2)cc1OC,4.594773292541504,0.19642857142857142,COc1cc2ncn(CC(=O)O)c(=O)c2cc1OC
CHEMBL458719,CC(C)OP(=O)(NCC(=O)Nc1ccc(/C=C/c2ccccc2)cc1)OC(C)C,5.941276550292969,0.25,CC(CC(=O)c1ccccc1)C(=O)O
CHEMBL198598,CN(C)c1ccc(/C=C/c2ccc(O)cc2)cc1,3.617673635482788,0.1702127659574468,O=C(Cc1ccccc1)Oc1c(OC(=O)Cc2ccccc2)c(-c2ccc(O)cc2)c(O)c(O)c1-c1ccc(O)cc1
CHEMBL517883,COc1cc(/C=C/c2ccc(NC(=O)CCNP(=O)(OC(C)C)OC(C)C)cc2)cc(OC)c1,6.005568981170654,0.2,COc1ccc(Br)c(-c2nnc(CCC(=O)O)o2)c1
CHEMBL309612,COc1ccc(/C=C(/C(=O)O)c2ccc(OC)cc2)cc1,4.052490234375,0.25,COc1ccc(Br)c(-c2nnc(CCC(=O)O)o2)c1
CHEMBL399363,COc1ccc(C2=C(c3ccccc3Cl)C(=O)N3CCCC3C2)cc1,4.6767897605896,0.1797752808988764,COc1ccccc1CNC(=O)Cn1c(CCC(=O)O)nc2c(Cl)cccc2c1=O
CHEMBL328246,CC(C)=C1c2ccc(Cl)cc2C=C(N2CCN(C)CC2)c2ccccc21,4.790026664733887,0.16883116883116883,Cn1cc(S(=O)(=O)N2CCC(c3ccccc3)CC2)cc1C(=O)NCC(=O)O
CHEMBL424063,NS(=O)(=O)c1ccc(C2=C(c3ccc4c(c3)OCO4)CCC2)cc1,5.873822212219238,0.171875,O=C(O)CCC(=O)c1ccc(S(=O)(=O)N2CCC(N3CCCC3)CC2)cc1
CHEMBL116573,N.N.O=P(O)(O)C(F)(F)c1cccc(/C=C\c2ccc(Cl)cc2)c1,5.7100114822387695,0.22580645161290322,O=C(O)CCc1nnc(-c2cccc(C(F)(F)F)c2)o1
CHEMBL273426,CC/C(=C(\Cc1ccccc1)c1ccccc1)c1ccc(OCN2CCOCC2)cc1,4.552647590637207,0.2191780821917808,O=C(O)CNC(=O)c1ccc(S(=O)(=O)N2CCC(N3CCOCC3)CC2)cc1
CHEMBL511269,COc1ccc2c(c1)OCCC(c1ccc(O)cc1)=C2c1ccc(OCCN2CCC2)cc1,4.397902488708496,0.2,COc1ccc(Br)c(-c2nnc(CCC(=O)O)o2)c1
CHEMBL511632,CN(C)CCOc1ccc(C2=C(c3ccccc3)CCOc3cc(O)ccc32)cc1,4.78120231628418,0.2,O=C(Cc1ccccc1)Oc1c(OC(=O)Cc2ccccc2)c(-c2ccc(O)cc2)c(O)c(O)c1-c1ccc(O)cc1
CHEMBL268016,CC(C)(C)c1ccc(C2=Cc3ccc(NC(=O)Nc4ccc(Cl)cc4Cl)cc3C3=NCCCN23)cc1,6.199772357940674,0.17204301075268819,O=C(O)CNC(=O)c1ccc(S(=O)(=O)N2CCC(c3ccc(Cl)cc3)CC2)cc1
CHEMBL179097,C(=C/c1cccc2ccccc12)\c1ccc2ccccc2c1,4.0810394287109375,0.13432835820895522,CCC[C@H](NC(=O)/C(C#N)=C/c1cccc(Br)n1)c1ccccc1
CHEMBL160754,CN(C)CCCCOc1ccccc1/C=C/c1ccccc1Cl,4.560781478881836,0.2077922077922078,COc1ccccc1CN(C)C(=O)Cn1c(CCC(=O)O)nc2c(Cl)cccc2c1=O
CHEMBL146074,CC1(C)Oc2ccc(/C=C/c3ccc(C#N)cc3)cc2[C@@H](n2ccccc2=O)[C@@H]1O,6.458324432373047,0.2564102564102564,Cc1cc(C(=O)CN2CCC(O)CC2)c(C)n1-c1ccc(C#N)cc1
CHEMBL300460,CC/C(=C(/c1ccccc1)c1ccc(OCCN(C)C)cc1)c1ccccc1,4.833244323730469,0.22916666666666666,CC(CC(=O)c1ccccc1)C(=O)O
CHEMBL127791,COc1ccc(/C=C/c2cc(O)cc(O[C@@H]3C[C@H](CO)[C@@H](O)[C@H](O)[C@H]3O)c2)cc1,4.028142929077148,0.17567567567567569,COc1ccc(Br)c(-c2nnc(CCC(=O)O)o2)c1
CHEMBL324290,COc1cc(/C=C/c2ccc(N)cc2)cc(OC)c1,4.473214626312256,0.17543859649122806,COc1ccc(Br)c(-c2nnc(CCC(=O)O)o2)c1
CHEMBL371788,CC1=C(c2ccc(O)cc2)C(=O)c2c(O)cc(O)cc21,4.046741485595703,0.23529411764705882,O=C(Cc1ccccc1)Oc1c(OC(=O)Cc2ccccc2)c(-c2ccc(O)cc2)c(O)c(O)c1-c1ccc(O)cc1
CHEMBL87746,COc1c(Br)cc(/C=C2\C(=O)Nc3ccccc32)cc1C(C)(C)C,7.031310081481934,0.17567567567567569,COc1ccc(Br)c(-c2nnc(CCC(=O)O)o2)c1
CHEMBL466315,COc1ccccc1-c1noc(C(C)C)c1COc1ccc(/C=C/c2cccc(C(=O)O)c2)c(Cl)c1,3.9798216819763184,0.21568627450980393,COc1ccccc1CNC(=O)Cn1c(CCC(=O)O)nc2c(Cl)cccc2c1=O
CHEMBL101377,COc1ccc(/C(=C\c2cc(OC)c(OC)c(OC)c2)C(N)=O)cc1N,4.629150867462158,0.1935483870967742,COc1cc2ncn(CC(=O)O)c(=O)c2cc1OC
CHEMBL9748,CC/C(=C(/c1ccccc1)c1ccc(OCCN(C)C)cc1)c1cccc(O)c1,4.802649021148682,0.2,CC(CC(=O)c1ccccc1)C(=O)O
CHEMBL505264,COc1cc(/C=C(\C)c2ccc(C(F)(F)F)cc2)cc(OC)c1,4.601612091064453,0.19444444444444445,O=C(O)CNC(=O)c1ccc(S(=O)(=O)N2CCC(c3cccc(C(F)(F)F)c3)CC2)cc1
CHEMBL87147,C/C(=C/c1ccc2c(c1)C(C)(C)CCS2)c1ccc(C(=O)O)cc1,7.588780403137207,0.2033898305084746,O=C(O)CCC(=O)c1ccc2c(c1)CCC2
CHEMBL72847,CCC1=C(c2ccccc2)[C@H](C)c2cc(O)ccc21,5.579761981964111,0.21818181818181817,O=C(Cc1ccccc1)Oc1c(OC(=O)Cc2ccccc2)c(-c2ccc(O)cc2)c(O)c(O)c1-c1ccc(O)cc1
CHEMBL274194,C/C(=C\c1ccc(C(=O)O)cc1)c1ccc(C)c(C)c1,3.781787395477295,0.21739130434782608,CC(C)c1ccc(C(=O)CCC(=O)O)cc1
CHEMBL68055,CC1=C(c2ccc(O)cc2)[C@H](c2ccc(OCCN3CCCCC3)cc2)Oc2cc(O)ccc21,4.077587127685547,0.19230769230769232,Cc1cc(C(=O)CN2CCCC2)c(C)n1-c1ccc(F)cc1
CHEMBL474126,COc1ccc(/C=C/c2ccc(N(C)C)cc2)cc1OC,4.026819705963135,0.18518518518518517,COc1cc2ncn(CC(=O)O)c(=O)c2cc1OC
CHEMBL438116,FC(F)(F)Oc1cccc(/C=C/c2ccc(/C=C/c3cccc(OC(F)(F)F)c3)cc2)c1,4.463655471801758,0.15789473684210525,O=C(O)CCc1nnc(-c2cccc(C(F)(F)F)c2)o1
CHEMBL411,CC/C(=C(/CC)c1ccc(O)cc1)c1ccc(O)cc1,4.415408134460449,0.2222222222222222,CC(C)c1ccc(C(=O)CCC(=O)O)cc1
CHEMBL391568,O=C(Nc1ccccc1)Nc1ccc(/C=C2/C(=O)Nc3ccccc32)cc1,6.114724159240723,0.18333333333333332,CC(C(=O)O)n1cnc2ccccc2c1=O
CHEMBL463371,C1COCCN1.C1COCCN1.COc1ccc(/C=C\c2cc(F)c(OC)c(OC)c2)cc1OP(=O)(O)O,6.416847229003906,0.15584415584415584,COc1cc2oc(=O)cc(C)c2cc1CCC(=O)O
CHEMBL102770,O=C1Nc2ccccc2/C1=C\c1ccc(N2CCCC2)cc1,5.398505210876465,0.16923076923076924,Cc1cc(C(=O)CN2CCCC2)c(C)n1-c1ccc(F)cc1
CHEMBL188280,CSc1ccc(/C=C2\OC(=O)c3ccccc32)cc1,4.67916202545166,0.15789473684210525,O=C(O)CCc1nnc(-c2ccccc2I)o1
CHEMBL371047,O=C1Oc2ccccc2/C1=C\c1ccc(O)cc1,4.940370559692383,0.21153846153846154,O=C(Cc1ccccc1)Oc1c(OC(=O)Cc2ccccc2)c(-c2ccc(O)cc2)c(O)c(O)c1-c1ccc(O)cc1
CHEMBL205359,COC(=O)N[C@H](C(=O)NN(Cc1cccc(/C=C/c2ccccc2)c1)C[C@@](O)(Cc1ccccc1)C(=O)N[C@H]1c2ccccc2C[C@H]1O)C(C)(C)C,6.031105995178223,0.205607476635514,CC(C)(C)NS(=O)(=O)c1cccc2c(NC(=O)[C@H](Cc3ccccc3)NC(=O)C3CC3)cccc12
CHEMBL189012,Nc1nc(N)c2nc(CN3c4ccccc4C=Cc4c(C#CCCCC(=O)O)cccc43)cnc2n1,4.222294807434082,0.17647058823529413,O=C(O)CCc1nnc(-c2ccccc2I)o1
CHEMBL350886,CN(C)CCN(C)CCCCOc1ccccc1/C=C/c1ccccc1,3.986741542816162,0.1566265060240964,COc1ccccc1CN(C)C(=O)Cn1c(CCC(=O)O)nc2c(Cl)cccc2c1=O
CHEMBL111657,CS(=O)(=O)c1ccc(C2=C(c3ccc(F)c(F)c3)CCC2)cc1,5.416531562805176,0.24615384615384617,O=C(O)CNC(=O)c1ccc(S(=O)(=O)N2CCC(c3ccc(F)c(F)c3)CC2)cc1
CHEMBL8952,CC(=O)Nc1ccc(/C=C/c2ccc(Br)cc2)cc1,4.759511947631836,0.21666666666666667,CC(=O)C1=C(O)C(=O)N(CCc2ccc(Cl)c(Cl)c2)C1c1ccc(Br)cc1
CHEMBL65843,Oc1ccc(C2=C(c3ccccc3)c3ccccc3C2)cc1,5.366728782653809,0.2653061224489796,O=C(Cc1ccccc1)Oc1c(OC(=O)Cc2ccccc2)c(-c2ccc(O)cc2)c(O)c(O)c1-c1ccc(O)cc1
CHEMBL159148,CC(=O)N1CCN(CCCCOc2ccccc2/C=C/c2ccccc2)CC1,4.275063514709473,0.2028985507246377,Cc1cc(C(=O)CN2CCCC2)c(C)n1-c1ccc(F)cc1
CHEMBL175515,CCN(CC)c1cc(/C=C\c2ccc3ccccc3c2)ccc1OC,4.190114498138428,0.18333333333333332,COc1cc2ncn(CC(=O)O)c(=O)c2cc1OC
CHEMBL225864,N#Cc1ccc(/C=C\c2ccc3c(c2)no[n+]3[O-])cc1,4.354720115661621,0.18840579710144928,Cc1cc(C(=O)CN2CCC(O)CC2)c(C)n1-c1ccc(C#N)cc1
CHEMBL398752,O=C1N[C@H]2[C@H](CS[C@H]2CCCCC(=O)OC(=O)CCCCCNOc2ccc(C3=C(c4ccccc4)C(=O)N4CCCC4C3)cc2)N1,5.578459739685059,0.17142857142857143,O=C(O)CNC(=O)c1ccc(S(=O)(=O)N2CCC(Oc3ccccc3)CC2)cc1
CHEMBL160292,CN1CCN(CCCCOc2ccccc2/C=C/c2ccccc2F)CC1,4.731724739074707,0.18461538461538463,Cc1cc(C(=O)CN2CCCC2)c(C)n1-c1ccc(F)cc1
CHEMBL215428,CCC12CCC(=O)C(c3ccc(O)cc3)=C1c1ccc3[nH]nnc3c1C2,6.288393497467041,0.1643835616438356,O=C(Cc1ccccc1)Oc1c(OC(=O)Cc2ccccc2)c(-c2ccc(O)cc2)c(O)c(O)c1-c1ccc(O)cc1
CHEMBL369399,O=S(=O)(c1ccccc1)n1ccc2cc(/C=C\c3ccc4ccccc4c3)ccc21,5.357097148895264,0.20967741935483872,O=C(O)CNC(=O)c1ccc(S(=O)(=O)N2Cc3ccccc3C2)cc1
CHEMBL347434,OC1CCCN(CCCCOc2ccc(Cl)cc2/C=C/c2ccccc2)C1,4.916321754455566,0.1927710843373494,O=C(O)CNC(=O)c1ccc(S(=O)(=O)N2CCC(c3ccccc3)CC2)cc1Cl
CHEMBL55435,CCc1cc(/C=C/c2ccc(OC)cc2)cc(CC)c1O,4.923299789428711,0.2413793103448276,COc1ccc(Br)c(-c2nnc(CCC(=O)O)o2)c1
CHEMBL530450,COc1ccc(N2CCN(CCCN3CCN(C(=O)c4ccc(/C=C/c5ccc(Cl)c(Cl)c5)cc4)CC3)CC2)c(OC)c1.O=C(O)/C=C/C(=O)O,4.234959125518799,0.19318181818181818,COc1ccc(Br)c(-c2nnc(CCC(=O)O)o2)c1
CHEMBL512864,O=S(=O)([O-])Oc1cc(/C=C\c2ccc(O)cc2)cc(O[C@@H]2O[C@H](CO)[C@@H](O)[C@H](O)[C@H]2O)c1.[Na+],4.695954322814941,0.15853658536585366,O=C(O)CNC(=O)c1ccc(S(=O)(=O)N2CCC(Oc3ccccc3)CC2)cc1
CHEMBL441050,COc1ccc2c(c1)OC(C)(C)C(c1ccccc1)=C2c1ccc(OCCN2CCCCC2)cc1,5.285851001739502,0.2,COc1ccc(Br)c(-c2nnc(CCC(=O)O)o2)c1
CHEMBL351357,CN(C)CCCCOc1ccccc1/C=C/c1cccc(F)c1,4.877340793609619,0.15384615384615385,O=C(O)CNC(=O)c1ccc(S(=O)(=O)N2CCC(c3cccc(F)c3)CC2)cc1
CHEMBL248339,COc1cc(/C=C/c2cccc(/C=C/c3ccc(N4CCCC4)c(OC)c3)c2)ccc1N1CCCC1,4.322681427001953,0.1694915254237288,COc1cc2ncn(CC(=O)O)c(=O)c2cc1OC
CHEMBL413391,CC1C2c3cc4c5c6c3C3=C7c8c9c%10c%11c%12c%13c%14c%15c(c-5c5c%16c%15c%15c%17c%18c%19c%20c%21c%22c(c(c8c8c%22c%22c%20c%18c%18c%15c%14c%11c%18c%22c%108)C72)C1C%211CC=%19C1(C%16%17)C1C[N+](C)(C)CC451)C%13C6C31C[N+](C)(C)CC9%121.[I-].[I-],6.1924543380737305,0.08571428571428572,Cc1cc(Cl)cc(-c2ccnc3cc(CN4C(=O)C5C(C4=O)C5(C)C)sc23)c1O[C@@H]1CCNC[C@@H]1C
CHEMBL10653,CCOc1cc2c(cc1/C=C\c1ccc(OC)cc1)OCO2,4.641973495483398,0.19117647058823528,COc1ccc(Br)c(-c2nnc(CCC(=O)O)o2)c1
CHEMBL489674,O=C([O-])CCC(O)c1ccc(/C=C/c2ccccc2Cl)cc1.[Li+],4.141958236694336,0.2222222222222222,CC(C)c1ccc(C(=O)CCC(=O)O)cc1
CHEMBL489082,COc1ccc(/C=C/c2ccc(C(O)CCC(=O)[O-])cc2)cc1.[Li+],3.5869016647338867,0.23529411764705882,CC(C)c1ccc(C(=O)CCC(=O)O)cc1
CHEMBL148115,COc1ccc(/C=C(\C(=O)c2ccccc2)c2ccccc2)cc1,5.845582962036133,0.27906976744186046,CC(CC(=O)c1ccccc1)C(=O)O
CHEMBL463171,COc1ccc(/C=C\c2cc(F)c(OC)c(OC)c2)cc1OP(=O)([O-])[O-].[K+].[K+],5.880620956420898,0.15151515151515152,COc1cc2ncn(CC(=O)O)c(=O)c2cc1OC
CHEMBL103464,Oc1cccc(/C=C/c2ccc(O)c(O)c2)c1,4.170667171478272,0.16326530612244897,O=C(Cc1ccccc1)Oc1c(OC(=O)Cc2ccccc2)c(-c2ccc(O)cc2)c(O)c(O)c1-c1ccc(O)cc1
CHEMBL14933,C/C(=C/c1ccccc1)c1ccccc1,5.019783020019531,0.29411764705882354,CC(CC(=O)c1ccccc1)C(=O)O
CHEMBL311227,C1=C(c2ccc(CN3CCOCC3)cc2)N2CCN=C2c2ccccc21,5.481509208679199,0.17647058823529413,O=C(O)CCc1nnc(-c2ccccc2I)o1
CHEMBL190769,CCOC(=O)/C(=C(\COC(=O)[C@@H](N)CCCCN)c1ccc(S(C)(=O)=O)cc1)c1ccc(F)c(F)c1,5.136052131652832,0.23809523809523808,O=C(O)CNC(=O)c1ccc(S(=O)(=O)N2CCC(c3ccc(F)c(F)c3)CC2)cc1
CHEMBL98892,Oc1ccc2c(c1)OC(c1ccc(OCCN3CCCC3)cc1)C(c1ccccc1)=C2,4.865743637084961,0.1780821917808219,O=C(Cc1ccccc1)Oc1c(OC(=O)Cc2ccccc2)c(-c2ccc(O)cc2)c(O)c(O)c1-c1ccc(O)cc1
CHEMBL304890,COc1cc(/C=C/c2cccc(OC)c2OC)cc(OC)c1,4.994563102722168,0.17105263157894737,COc1ccccc1CNC(=O)Cn1c(CCC(=O)O)nc2c(Cl)cccc2c1=O
CHEMBL75988,O=C1Nc2ccc(C(=O)C3CC3)cc2/C1=C/c1cc(Br)c(O)c(Br)c1,4.956465721130371,0.23076923076923078,O=C(O)CCC(=O)c1ccc2c(c1)CCC(=O)N2
CHEMBL90977,C/C=C1/c2ccccc2C=C(N2CCN(C)CC2)c2ccccc21,4.627058506011963,0.1527777777777778,Cn1cc(S(=O)(=O)N2CCC(c3ccccc3)CC2)cc1C(=O)NCC(=O)O
CHEMBL255852,CNc1ccc(/C=C/c2ccc(-c3nc4cc(OCCF)ccc4s3)cc2)cc1,4.873769760131836,0.13924050632911392,COc1ccc(Br)c(-c2nnc(CCC(=O)O)o2)c1
CHEMBL13001,CC1(C)CCC(C)(C)c2cc3c(cc21)C=C(c1ccc(C(=O)O)cc1)C3,6.783566951751709,0.28846153846153844,O=C(O)CCC(=O)c1ccc2c(c1)CCC2
CHEMBL192701,COC(=O)/C=C/c1cccc(N(Cc2ccc(/C=C/c3cccc(C(F)(F)F)c3)cc2)C(=O)NC(C)C)c1,5.126692295074463,0.22784810126582278,O=C(O)CCc1nnc(-c2cccc(C(F)(F)F)c2)o1
CHEMBL388977,COc1ccc(/C=C/c2cc(OC)cc(OC)c2OC)cc1,4.61829948425293,0.18032786885245902,COc1ccc(Br)c(-c2nnc(CCC(=O)O)o2)c1
CHEMBL18880,C(=C(/c1ccccc1)C1CCN(CCc2ccccc2)CC1)\c1ccccc1,4.014325141906738,0.21875,O=C(O)CCC(=O)c1ccc(S(=O)(=O)N2CCC(c3ccccc3)CC2)cc1
CHEMBL72078,CCC1=C(c2ccc(O)cc2)[C@@H](C)c2cc(O)ccc21,4.776114463806152,0.2037037037037037,O=C(Cc1ccccc1)Oc1c(OC(=O)Cc2ccccc2)c(-c2ccc(O)cc2)c(O)c(O)c1-c1ccc(O)cc1
CHEMBL267537,COc1cc2ccc(/C=C(C(/C)=C/C(=O)O)\c3cccc(C(=O)O)c3)cc2cc1C12C[C@H]3C[C@@H](C1)C[C@@H](C2)C3,5.140206813812256,0.1728395061728395,COc1cc2ncn(CC(=O)O)c(=O)c2cc1OC
CHEMBL160583,CN(C)CCOc1ccccc1/C=C/c1ccccc1,3.966098070144653,0.1702127659574468,CC(CC(=O)c1ccccc1)C(=O)O
CHEMBL350507,CC(=O)c1ccc(C2=C(C(C)C)c3cc(C(C)=O)c(C(C)=O)cc3C2(C)C)cc1C(C)=O,4.647056579589844,0.18867924528301888,CC(C)c1ccc(C(=O)CCC(=O)O)cc1
CHEMBL258082,Nc1ccc(/C=C/c2ccc(-c3nc4ccc(OCCF)cc4o3)cc2)cc1,4.738584518432617,0.17567567567567569,COc1ccc(Br)c(-c2nnc(CCC(=O)O)o2)c1
CHEMBL315701,O=C1Nc2ccccc2/C1=C/c1ccc(N2CCCCC2)cc1,5.683916091918945,0.16666666666666666,Cc1cc(C(=O)CN2CCCC2)c(C)n1-c1ccc(F)cc1
CHEMBL231899,O=C(O)c1cccc(/C=C/c2ccc(OCc3c(-c4c(Cl)cccc4Cl)noc3-c3ccc4ccccc4c3)cc2Cl)c1,4.671913146972656,0.18072289156626506,O=C(Cc1ccccc1)Oc1c(OC(=O)Cc2ccccc2)c(-c2ccc(O)cc2)c(O)c(O)c1-c1ccc(O)cc1
CHEMBL28330,O=C1C(c2ccccc2)=C(c2ccccc2)c2ccc(O)cc21,5.370509624481201,0.25,O=C(Cc1ccccc1)Oc1c(OC(=O)Cc2ccccc2)c(-c2ccc(O)cc2)c(O)c(O)c1-c1ccc(O)cc1
CHEMBL323133,CN(C)c1ccc(/C=C2/C(=O)N(C)c3ccccc32)cc1,5.1314849853515625,0.15254237288135594,CC(C(=O)O)n1cnc2ccccc2c1=O
CHEMBL10005,CC(C)(C)c1ccc(C2=Cc3ccc(N(Cc4ccccc4)Cc4ccccc4)cc3C3=NCCCN23)cc1,6.437073230743408,0.1625,O=C(O)CCc1nnc(-c2cccc(C(F)(F)F)c2)o1
CHEMBL239860,CS(=O)(=O)c1ccc(/C=C(/C(=O)OCO/N=[N+](/[O-])N2CCCC2)c2ccc(F)cc2)cc1,6.398387908935547,0.25925925925925924,O=C(O)CNC(=O)c1ccc(S(=O)(=O)N2CCC(c3ccc(F)cc3)CC2)cc1
CHEMBL487592,O=S(=O)([O-])O[C@H]1[C@H](O)[C@@H](O)[C@H](Oc2cc(O)cc(/C=C\c3ccc(O)cc3)c2)O[C@@H]1CO.[Na+],5.206303119659424,0.1566265060240964,O=C(O)CNC(=O)c1ccc(S(=O)(=O)N2CCC(Oc3ccccc3)CC2)cc1
CHEMBL271260,CCC(/C=C1\Sc2ccc(/C=C/c3ccccc3)cc2N1CC)=C\c1sc2ccc(C)cc2[n+]1CC.[I-],5.783940315246582,0.15625,Cc1cc(S(=O)(=O)N2CCC(c3ccccc3)CC2)sc1C(=O)NCC(=O)O
CHEMBL29313,Cc1noc(NS(=O)(=O)c2ccccc2-c2ccc(-c3ncco3)cc2/C=C\c2ccccc2)c1C,4.605607986450195,0.14736842105263157,Cc1cc(C(=O)NCC(=O)O)ccc1S(=O)(=O)N1CCC(c2ccccc2)CC1
CHEMBL113074,COC[C@H]1O[C@@H](Oc2cc(/C=C/c3cc(OC)cc(OC)c3)ccc2OC)[C@H](OC)[C@@H](OC)[C@@H]1OC,4.503357410430908,0.15584415584415584,COc1ccc(Br)c(-c2nnc(CCC(=O)O)o2)c1
CHEMBL89719,C[C@H]1c2ccccc2C=C(C2=CCN(C)CC2)c2ccccc21,4.431277275085449,0.2028985507246377,O=C(O)CNC(=O)c1ccc(S(=O)(=O)N2CC=C(c3ccccc3)CC2)cc1
CHEMBL101327,CCc1onc(-c2c(F)cccc2C(F)(F)F)c1COc1ccc(/C=C/c2cccc(C(=O)O)c2)c(Cl)c1,4.586716651916504,0.18478260869565216,O=C(O)CCc1nnc(-c2cccc(C(F)(F)F)c2)o1
CHEMBL344480,Oc1cc(O)cc(/C=C/c2ccc(O)c(CCF)c2)c1,4.353458881378174,0.15,COc1cc2oc(=O)cc(C)c2cc1CCC(=O)O
CHEMBL111299,CC1=C(c2ccccc2)C(c2ccc(OCCN3CCCC3)cc2)Oc2ccccc21,4.547643184661865,0.17333333333333334,Cc1cc(C(=O)CN2CCCC2)c(C)n1-c1ccc(F)cc1
CHEMBL357858,CNCCSC1=Cc2ccccc2Oc2ccc(F)cc21,6.094804763793945,0.14084507042253522,Cc1cc(C(=O)CN2CCCC2)c(C)n1-c1ccc(F)cc1
CHEMBL309194,COc1ccc(C2=Cc3ccccc3C3=NCCN23)cc1,5.1041259765625,0.19117647058823528,COc1ccc(Br)c(-c2nnc(CCC(=O)O)o2)c1
CHEMBL267240,COc1cccc(/C=C/c2ccc(S(N)(=O)=O)cc2)c1,5.171937942504883,0.20967741935483872,COc1ccc(Br)c(-c2nnc(CCC(=O)O)o2)c1
CHEMBL156979,OCCN1CCN(CCCCOc2ccccc2/C=C/c2ccccc2)CC1,4.154364585876465,0.17567567567567569,O=C(O)CNC(=O)c1ccc(S(=O)(=O)N2CCC(c3ccccc3)CC2)cn1
CHEMBL187654,CCCC/C(=C(\c1ccccc1)c1ccc(S(C)(=O)=O)cc1)c1ccc(OC(C)=O)cc1,5.249679565429688,0.26865671641791045,O=C(O)CCC(=O)c1ccc(S(=O)(=O)N2CCC(c3ccccc3)CC2)cc1
CHEMBL429769,CNCCSC1=Cc2ccccc2Sc2ccccc21,5.599183082580566,0.14754098360655737,O=C(O)CCc1nnc(-c2ccccc2I)o1
CHEMBL276424,CCCCCC(=O)c1cccc(/C=C\c2ccccc2)c1,5.545434474945068,0.3181818181818182,CC(CC(=O)c1ccccc1)C(=O)O
CHEMBL436090,O=C(CCCN1CCN(CCc2ccccc2)CC1)NC1c2ccccc2C=Cc2ccccc21,4.488282680511475,0.21621621621621623,O=C(O)CNC(=O)c1ccc(S(=O)(=O)N2CCC(c3ccccc3)CC2)o1
CHEMBL371066,CN(C)c1ccc(/C=C/c2ccc(OCC3COC(C)(C)OC3)cc2)cc1,5.62363862991333,0.1368421052631579,Cc1cc(Cl)cc(-c2ccnc3cc(CN4C(=O)C5C(C4=O)C5(C)C)sc23)c1O[C@@H]1CCNC[C@@H]1C
CHEMBL69408,CCC1=C(c2ccc(O)cc2)Cc2cc(O)ccc21,4.479520797729492,0.20754716981132076,O=C(Cc1ccccc1)Oc1c(OC(=O)Cc2ccccc2)c(-c2ccc(O)cc2)c(O)c(O)c1-c1ccc(O)cc1
CHEMBL308006,Cc1ccc(/C(=C(\C#N)c2ccc(O)cc2)c2ccc(O)cc2)cc1,5.548559665679932,0.18181818181818182,CC(C)c1ccc(C(=O)CCC(=O)O)cc1
CHEMBL303987,N#C/C(=C(/c1ccccc1)c1ccc(O)cc1)c1ccccc1,6.259903430938721,0.23404255319148937,O=C(Cc1ccccc1)Oc1c(OC(=O)Cc2ccccc2)c(-c2ccc(O)cc2)c(O)c(O)c1-c1ccc(O)cc1
CHEMBL73263,COc1cccc(/C=C(/C(=O)O)c2cc(OC)c(OC)c(OC)c2)c1,4.387631416320801,0.23076923076923078,COc1ccc(Br)c(-c2nnc(CCC(=O)O)o2)c1
CHEMBL91258,CS(=O)(=O)c1ccc(C2=C(c3ccc(Cl)cc3Cl)CC3(CC3)C2)cc1,6.413360118865967,0.19718309859154928,O=C(O)CNC(=O)c1ccc(S(=O)(=O)N2CCC(c3ccc(Cl)cc3)CC2)cc1
CHEMBL475539,C/C(=C\c1cc(O)cc(O)c1)c1ccc(Cl)cc1,4.288018703460693,0.17777777777777778,CC(C)c1ccc(C(=O)CCC(=O)O)cc1
CHEMBL163863,CN1CC=C(C2=Cc3ccccc3Oc3ccccc32)CC1,3.496933937072754,0.20588235294117646,O=C(O)CNC(=O)c1ccc(S(=O)(=O)N2CC=C(c3ccccc3)CC2)cc1
CHEMBL111321,NS(=O)(=O)c1ccc(C2=C(c3ccc(Cl)c(Cl)c3)CCC2)cc1,4.998413562774658,0.19672131147540983,O=C(O)CCC(=O)c1ccc(S(=O)(=O)N2CCC(N3CCCC3)CC2)cc1
CHEMBL175920,COc1cc(/C=C\c2ccc3c(ccn3S(=O)(=O)c3ccccc3)c2)cc(OC)c1OC,5.969378471374512,0.18840579710144928,O=C(O)CNC(=O)c1ccc(S(=O)(=O)N2Cc3ccccc3C2)cc1
CHEMBL176059,COc1cc(/C=C/c2ccc(N(C)C)c([N+](=O)[O-])c2)cc(OC)c1OC,4.826426029205322,0.15384615384615385,COc1cc2ncn(CC(=O)O)c(=O)c2cc1OC
CHEMBL177370,C(=C/c1ccc2ccccc2c1)\c1ccc2c(c1)-c1ccccc1C2,4.04782772064209,0.1568627450980392,O=C(O)CCC(=O)c1ccc2c(c1)CCC2
CHEMBL375478,O=C(O)/C(=C\c1c(O)ccc2ccccc12)c1ccccc1,5.006196975708008,0.24444444444444444,CC(CC(=O)c1ccccc1)C(=O)O
CHEMBL229957,COc1ccc2c(c1)CCC(c1ccc(OC)c(OC)c1OC)=C2,3.5890676975250244,0.19696969696969696,COc1ccc(Br)c(-c2nnc(CCC(=O)O)o2)c1
CHEMBL188335,COc1ccc(/C=C2\OC(=O)c3ccc(C(N)=O)cc32)cc1,3.873439311981201,0.23880597014925373,COc1ccc(Br)c(-c2nnc(CCC(=O)O)o2)c1
CHEMBL366538,CC(=O)Oc1cccc(/C=C\c2ccc3ccccc3c2)c1,4.335173606872559,0.18840579710144928,CCC[C@H](NC(=O)/C(C#N)=C/c1cccc(Br)n1)c1ccccc1
CHEMBL321160,COc1c(Cl)cc(C2=C(c3ccc(S(C)(=O)=O)cc3)CCC2)cc1Cl,5.044656753540039,0.18309859154929578,O=C(O)CNC(=O)c1ccc(S(=O)(=O)N2CCC(c3ccccc3)CC2)cc1Cl
CHEMBL187827,C[S+]([O-])c1ccc(/C=C2\OC(=O)c3ccccc32)cc1,4.523468017578125,0.15254237288135594,O=C(O)CCc1nnc(-c2ccccc2I)o1
CHEMBL72220,CC1c2ccccc2C=C(N2CCN(C)CC2)c2cc(Cl)ccc21,5.386310577392578,0.16883116883116883,Cn1cc(S(=O)(=O)N2CCC(c3ccccc3)CC2)cc1C(=O)NCC(=O)O
CHEMBL432454,O=C1c2ccc(OCCN3CCCCC3)cc2C(=O)C12C(c1ccc(O)cc1)=Cc1cc(O)ccc12,4.343859672546387,0.17721518987341772,Cc1cc(C(=O)CN2CCCC2)c(C)n1-c1ccc(F)cc1
CHEMBL133117,CC1=CC(C)(C)Nc2ccc3c(c21)/C(=C/c1ccc(F)cc1)Oc1c(F)cccc1-3,5.556222915649414,0.12658227848101267,Cc1cc(C(=O)CN2CCCC2)c(C)n1-c1ccc(F)cc1
CHEMBL175504,COc1cc(/C=C\c2ccc3c(ccn3C)c2)cc(OC)c1OC,3.87809944152832,0.16393442622950818,COc1cc2ncn(CC(=O)O)c(=O)c2cc1OC
CHEMBL114677,O=C1c2ccccc2C(=Cc2cc(O)c(O)c(O)c2)c2ccccc21,5.27347993850708,0.18181818181818182,CC(CC(=O)c1ccccc1)C(=O)O
CHEMBL378545,O=C1O/C(=C\c2ccc(Cl)cc2)c2c1cccc2[N+](=O)[O-],4.530284881591797,0.13513513513513514,O=C(O)CNC(=O)c1ccc(S(=O)(=O)N2CCC(c3ccc(Cl)cc3)CC2)cc1
CHEMBL112852,CC(C)NC(=O)c1cc(/C=C/c2cccc(Cl)c2)ccc1-c1ccc(Cl)cc1,5.273378849029541,0.17543859649122806,CC(CC(=O)c1ccccc1)C(=O)O
CHEMBL147843,COc1ccc(/C=C(\C=O)c2ccc(OC)cc2)cc1,4.048777103424072,0.23214285714285715,COc1ccc(Br)c(-c2nnc(CCC(=O)O)o2)c1
CHEMBL327575,CNCCCCCCC1C(c2ccc(O)cc2)=C(C)c2cc(O)ccc21,4.860610008239746,0.1746031746031746,O=C(Cc1ccccc1)Oc1c(OC(=O)Cc2ccccc2)c(-c2ccc(O)cc2)c(O)c(O)c1-c1ccc(O)cc1
CHEMBL176130,COc1cc(/C=C/c2ccc3ccccc3c2)cc(NC(C)=O)c1OC,6.325218200683594,0.20481927710843373,COc1ccccc1CNC(=O)Cn1c(CCC(=O)O)nc2c(Cl)cccc2c1=O
CHEMBL96730,COc1ccc(C#N)c(/C=C(/C(=O)O)c2ccccc2)c1,5.72706413269043,0.265625,COc1ccc(Br)c(-c2nnc(CCC(=O)O)o2)c1
CHEMBL424468,CN(C)/C(=C1\C(=O)N(c2cccc(Cl)c2)c2ccccc21)c1ccccc1,5.318325996398926,0.20238095238095238,COc1ccccc1CN(C)C(=O)Cn1c(CCC(=O)O)nc2c(Cl)cccc2c1=O
CHEMBL157252,CN(C)CCCCOc1ccccc1/C=C/c1cccc(Cl)c1,4.932196617126465,0.1927710843373494,COc1ccccc1CN(C)C(=O)Cn1c(CCC(=O)O)nc2c(Cl)cccc2c1=O
CHEMBL415470,C#Cc1ccc(/C(=C(\CC)c2ccccc2)c2ccc(OCCN3CCCC3)cc2)cc1,5.249517917633057,0.19480519480519481,O=C(O)CNC(=O)c1ccc(S(=O)(=O)N2CCC(Oc3ccccc3)CC2)cc1
CHEMBL91350,CC1c2ccccc2C=C(C2=CCN(C)CC2)c2ccccc21,4.393047332763672,0.2028985507246377,O=C(O)CNC(=O)c1ccc(S(=O)(=O)N2CC=C(c3ccccc3)CC2)cc1
CHEMBL28145,CC/C(=C(\c1ccccc1)c1ccc(OCCN2CCN(C)CC2)cc1)c1ccccc1,4.919649124145508,0.22388059701492538,CN1CCC(NS(=O)(=O)c2ccc(C(=O)NCC(=O)O)cc2)CC1
CHEMBL288288,COc1ccc(/C=C\c2cc(OC)c(OC)c(OC)c2)cc1OP(=O)(O)OC1CCCCC1.N,5.3230156898498535,0.16216216216216217,O=C(O)CNC(=O)c1ccc(S(=O)(=O)N2CCC(C3CCCC3)CC2)cc1
CHEMBL298762,CS(=O)(=O)c1ccc(C2=C(c3ccccc3)C(=O)N(c3ccccc3F)C2)cc1,4.80103874206543,0.21333333333333335,O=C(O)CNC(=O)c1ccc(S(=O)(=O)N2CCC(c3ccccc3)CC2)cc1F
CHEMBL489673,O=C([O-])CCC(O)c1ccc(/C=C/c2ccccc2)cc1.[Li+],4.015398025512695,0.2553191489361702,CC(C)c1ccc(C(=O)CCC(=O)O)cc1
CHEMBL192614,CC1(C)CCC(C)(C)c2cc(/C=C\c3ccc(C(=O)O)cc3)ccc21,7.199586868286133,0.24,O=C(O)CCC(=O)c1ccc2c(c1)CCC2
CHEMBL475134,COc1ccc(/C(C)=C/c2ccc3ccccc3c2)cc1,4.939603805541992,0.1935483870967742,COc1ccc(Br)c(-c2nnc(CCC(=O)O)o2)c1
CHEMBL220071,CCc1cccc2c1CNc1c(cccc1CCc1ccccc1)/C=C\2COc1cccc(C(=O)OC)c1,3.9094996452331534,0.2,COc1ccccc1CNC(=O)Cn1c(CCC(=O)O)nc2c(Cl)cccc2c1=O
CHEMBL340686,Oc1ccc(/C=C2\C=C(CCN3CCOCC3)c3ccccc32)c2ccccc12,4.921811103820801,0.16666666666666666,O=C(O)CNC(=O)c1ccc(S(=O)(=O)N2CCC(N3CCOCC3)CC2)cc1
CHEMBL374394,O=[N+]([O-])c1ccc(/C=C\c2ccc3c(c2)no[n+]3[O-])cc1,3.954746007919312,0.10309278350515463,Cc1cc(Cl)cc(-c2ccnc3cc(CN4C(=O)C5C(C4=O)C5(C)C)sc23)c1O[C@@H]1CCNC[C@@H]1C
CHEMBL114423,O=C1c2ccccc2C(=Cc2ccc(OCc3ccccc3)cc2)c2ccccc21,5.115591526031494,0.21818181818181817,O=C(Cc1ccccc1)Oc1c(OC(=O)Cc2ccccc2)c(-c2ccc(O)cc2)c(O)c(O)c1-c1ccc(O)cc1
CHEMBL6547,CC/C(=C(\c1ccc(I)cc1)c1ccc(OCCCCCCCCCCN2CCCC2)cc1)c1ccccc1,5.3970561027526855,0.19230769230769232,O=C(O)CNC(=O)c1ccc(S(=O)(=O)N2CCC(Oc3ccccc3)CC2)cc1
CHEMBL395582,O=C(O)c1cccc(C2=C(c3ccccc3OCc3ccccc3)CCC2)c1,5.600456237792969,0.2459016393442623,O=C(Cc1ccccc1)Oc1c(OC(=O)Cc2ccccc2)c(-c2ccc(O)cc2)c(O)c(O)c1-c1ccc(O)cc1
CHEMBL249484,COc1ccc(C2=C(c3ccc(OC)cc3)C(=O)N3CCCC3C2)cc1,4.595407962799072,0.16176470588235295,O=C(O)CCC(=O)c1ccc(S(=O)(=O)N2CCC(N3CCCC3)CC2)cc1
CHEMBL547500,CCCCN(CCCC)CCC(O)C(=Cc1ccc(Cl)cc1Cl)c1ccc(C(F)(F)F)cc1N,4.462016105651856,0.16129032258064516,O=C(O)CNC(=O)c1ccc(S(=O)(=O)N2CCC(c3cccc(C(F)(F)F)c3)CC2)cc1
CHEMBL167123,CCC1(C)OC(c2ccc(S(C)(=O)=O)cc2)=C(c2cccc(OC)c2)C1=O,6.321323394775391,0.18666666666666668,COc1ccc(Br)c(-c2nnc(CCC(=O)O)o2)c1
CHEMBL94082,Nc1ccc(OCc2ccsc2)cc1/C=C(/C(=O)O)c1ccccc1F,5.359633922576904,0.18461538461538463,O=C(O)CCC(=O)c1cccs1
CHEMBL175686,CCCCCCC(=C(c1ccccc1)c1ccccc1)c1ccc(S(=O)(=O)OC)cc1,6.135886192321777,0.2698412698412698,O=C(O)CCC(=O)c1ccc(S(=O)(=O)N2CCC(c3ccccc3)CC2)cc1
CHEMBL295497,C[S+]([O-])c1ccc(C2=C(c3cc(F)cc(F)c3)C(=O)C(C)(C)O2)cc1,6.434082984924316,0.14925373134328357,Cc1cc(C(=O)CN2CCCC2)c(C)n1-c1ccc(F)cc1
CHEMBL195550,CS(=O)(=O)c1ccc(C2=C(c3ccccc3)S(=O)OC2)cc1,5.761897087097168,0.2153846153846154,O=C(O)CNC(=O)c1ccc(S(=O)(=O)N2CC=C(c3ccccc3)CC2)cc1
CHEMBL112516,CNC(=O)c1cc(/C=C/c2ccc(OCc3ccccc3)c(OCc3ccccc3)c2)ccc1-c1ccc(Cl)cc1,5.668893814086914,0.23529411764705882,O=C(Cc1ccccc1)Oc1c(OC(=O)Cc2ccccc2)c(-c2ccc(O)cc2)c(O)c(O)c1-c1ccc(O)cc1
CHEMBL366274,c1ccc(C2=C(c3ccc(OCCN4CCOCC4)cc3)c3ccccc3OCC2)cc1,5.011117935180664,0.1625,O=C(O)CNC(=O)c1ccc(S(=O)(=O)N2CC=C(c3ccccc3)CC2)cc1
CHEMBL191804,O=C1Oc2ccccc2/C1=C\c1ccccc1,4.751626014709473,0.19607843137254902,O=C(O)CCc1nnc(-c2ccccc2I)o1
CHEMBL215717,COc1ccc(/C=C/c2ccccc2Cl)cc1,4.843540668487549,0.1780821917808219,COc1ccccc1CNC(=O)Cn1c(CCC(=O)O)nc2c(Cl)cccc2c1=O
CHEMBL219064,O=C1c2ccccc2/C(=C/c2ccccc2)c2sccc21,4.584790229797363,0.19148936170212766,O=C(O)CCC(=O)c1cccs1
CHEMBL523368,CC(C)c1onc(COc2cc(Cl)cc(Cl)c2)c1COc1ccc(/C=C/c2cccc(C(=O)O)c2)c(Cl)c1,3.860935688018799,0.19444444444444445,CC(CC(=O)c1ccccc1)C(=O)O
CHEMBL80047,CS(=O)(=O)c1ccc(C2=C(c3ccc(F)cc3)c3ccccc3C2)cc1,5.364296913146973,0.20967741935483872,O=C(O)CNC(=O)c1ccc(S(=O)(=O)N2Cc3ccccc3C2)cc1
CHEMBL494195,CC(C)c1onc(COc2cccc(Cl)c2Cl)c1COc1ccc(/C=C/c2cccc(C(=O)O)c2)c(Cl)c1,4.774291038513184,0.18666666666666668,CC(CC(=O)c1ccccc1)C(=O)O
CHEMBL98116,Oc1ccc2c(c1)CCC(c1ccccc1)=C2c1ccc(OCCN2CCCC2)cc1,4.837347984313965,0.22388059701492538,O=C(Cc1ccccc1)Oc1c(OC(=O)Cc2ccccc2)c(-c2ccc(O)cc2)c(O)c(O)c1-c1ccc(O)cc1
CHEMBL34709,Oc1ccc(C=C(c2ccc(O)cc2)c2ccc(O)cc2)cc1,3.746581554412842,0.18181818181818182,O=C(Cc1ccccc1)Oc1c(OC(=O)Cc2ccccc2)c(-c2ccc(O)cc2)c(O)c(O)c1-c1ccc(O)cc1
CHEMBL276226,CC/C(=C(/c1ccccc1)c1cccc(OC(C)=O)c1)c1cccc(OC(C)=O)c1,5.274270534515381,0.28888888888888886,CC(CC(=O)c1ccccc1)C(=O)O
CHEMBL298888,C[S+]([O-])c1ccc(C2=C(c3cccc(Cl)c3)C(=O)C(C)(C)O2)cc1,6.517216682434082,0.14432989690721648,Cc1cc(Cl)cc(-c2ccnc3cc(CN4C(=O)C5C(C4=O)C5(C)C)sc23)c1O[C@@H]1CCNC[C@@H]1C
CHEMBL363849,Fc1ccc2c(c1)CC/C2=C/c1cccc2cnccc12,5.084888935089111,0.17391304347826086,Cc1ccc(C(=O)Nc2cccc(C(F)(F)F)c2)cc1Nc1nc(-c2cccnc2)nc2nn(C)cc12
CHEMBL225476,CS(=O)(=O)Nc1ccc(C2=C(c3ccc(Br)cc3)C(=O)OC2)cc1,5.832183837890625,0.18571428571428572,O=C(O)CNC(=O)c1ccc(S(=O)(=O)N2CCC(c3ccc(Br)cc3)CC2)cc1
CHEMBL374082,COc1ccc(C2=C(c3cc(OC)c(OC)c(OC)c3)C(=O)C(O[SiH2]C(C)(C)C)C2)cc1OC(C)C,6.926432132720947,0.16,COc1cc2ncn(CC(=O)O)c(=O)c2cc1OC
CHEMBL190129,CCOC(=O)/C(=C(\COC(=O)C[C@H](N)C(=O)O)c1ccc(S(C)(=O)=O)cc1)c1ccc(F)c(F)c1,4.842649459838867,0.25301204819277107,O=C(O)CNC(=O)c1ccc(S(=O)(=O)N2CCC(c3ccc(F)c(F)c3)CC2)cc1
CHEMBL191976,CCOC(=O)[C@H](N)COC(=O)/C(=C(\COC(C)=O)c1ccc(S(C)(=O)=O)cc1)c1ccc(F)c(F)c1,4.786283016204834,0.23809523809523808,O=C(O)CNC(=O)c1ccc(S(=O)(=O)N2CCC(c3ccc(F)c(F)c3)CC2)cc1
CHEMBL206049,COc1cc(/C=C/c2ccccc2O)cc(OC)c1,4.980949401855469,0.18333333333333332,COc1ccc(Br)c(-c2nnc(CCC(=O)O)o2)c1
CHEMBL218307,CCc1cccc2c1CNc1c(cccc1CCc1ccccc1)/C=C\2COc1cccc(OC)c1,4.038939476013184,0.1951219512195122,COc1ccc(Br)c(-c2nnc(CCC(=O)O)o2)c1
CHEMBL192739,CCOc1cc(/C=C\c2ccc(OC)c(O)c2)cc(OCC)c1OCC,4.821436882019043,0.2033898305084746,COc1cc2ncn(CC(=O)O)c(=O)c2cc1OC
CHEMBL118838,CN1c2cc(Cl)ccc2C=C2c3ccccc3NC21,5.9005889892578125,0.14864864864864866,O=C(O)CNC(=O)c1ccc(S(=O)(=O)N2CCC(c3ccccc3)CC2)cc1Cl
CHEMBL114428,O=C1c2ccccc2C(=Cc2ccc([N+](=O)[O-])cc2)c2ccccc21,4.990560054779053,0.14893617021276595,CC(CC(=O)c1ccccc1)C(=O)O
CHEMBL100016,Oc1cccc(/C=C/c2cccc(O)c2)c1,4.120966911315918,0.18604651162790697,O=C(Cc1ccccc1)Oc1c(OC(=O)Cc2ccccc2)c(-c2ccc(O)cc2)c(O)c(O)c1-c1ccc(O)cc1
CHEMBL385774,COc1ccc(C2=C(c3ccc(O)cc3)C3CC(S(=O)(=O)c4ccccc4)C2O3)cc1,4.720364570617676,0.23809523809523808,O=C(Cc1ccccc1)Oc1c(OC(=O)Cc2ccccc2)c(-c2ccc(O)cc2)c(O)c(O)c1-c1ccc(O)cc1
CHEMBL217259,O=C(O)c1ccc2c(c1)C1CCCOc3ccccc3C1=C2C1CCCCC1,4.423147201538086,0.22077922077922077,O=C(O)CNC(=O)c1ccc(S(=O)(=O)N2CCCC(c3ccccc3)CC2)cc1
CHEMBL386024,CCCCCCCCCCCCCC(=O)OCC1(C)[C@H]2[C@@H]3C=C(CO)C[C@]4(O)C(=O)C(C)=C[C@H]4[C@@]3(O)[C@H](C)[C@@H](O)[C@]21OC(C)=O.COC(=O)c1ccc(/C=C(\C)c2ccc3c(c2)C(C)(C)CS3)cc1,6.020105361938477,0.1297709923664122,Cc1cc(C(=O)NCC(=O)O)ccc1S(=O)(=O)N1CCC(c2ccccc2)CC1
CHEMBL419721,CCc1onc(-c2ccccc2OC(F)(F)F)c1COc1ccc(/C=C/c2cccc(C(=O)O)c2)c(Cl)c1,4.497308254241943,0.18518518518518517,COc1ccccc1CNC(=O)Cn1c(CCC(=O)O)nc2c(Cl)cccc2c1=O
CHEMBL432844,CC/C(=C(\c1ccccc1)c1ccc(OC(C)=O)c(OC(C)=O)c1)c1ccc(OC(C)=O)cc1,5.279073715209961,0.26,CC(CC(=O)c1ccccc1)C(=O)O
CHEMBL207244,COc1cc(/C=C/c2cccc(OC)c2O)cc(OC)c1,4.854884147644043,0.1746031746031746,COc1ccc(Br)c(-c2nnc(CCC(=O)O)o2)c1
CHEMBL22162,O=C1/C(=C/c2ccccc2)c2ccccc2N1CCCN1CCN(c2cccc(Cl)c2)CC1,4.484708309173584,0.17857142857142858,O=C(O)CNC(=O)c1ccc(S(=O)(=O)N2CCC(c3ccccc3)CC2)cc1Cl
CHEMBL87118,CC1=C(c2ccc(O)cc2)C(CCCCN2CCCC2)c2ccc(O)cc21,3.7416539192199703,0.22058823529411764,Cc1cc(C(=O)CN2CCCC2)c(C)n1-c1ccc(F)cc1
CHEMBL41069,CC/C(=C(\c1ccccc1)c1ccc(/C=C/C(=O)N(CC)CC)cc1)c1ccccc1,5.095462799072266,0.2653061224489796,CC(CC(=O)c1ccccc1)C(=O)O
CHEMBL206680,Oc1ccc2c(c1)OC(c1ccc(OCCN3CCCCCC3)cc1)C1=C2COc2cc(O)ccc21,3.6929643154144287,0.16455696202531644,Cc1cc(C(=O)CN2CCCC2)c(C)n1-c1ccc(F)cc1
CHEMBL381416,O=C1Nc2cc(O)ccc2/C1=C\c1ccc(O)cc1,4.221057891845703,0.17857142857142858,O=C(O)CCC(=O)c1ccc2c(c1)CCC(=O)N2
CHEMBL199051,O=c1cc(N2CCOCC2)oc2cc(/C=C/c3ccc(Cl)cc3)ccc12,3.5492491722106934,0.15789473684210525,O=C(O)CNC(=O)c1ccc(S(=O)(=O)N2CCC(N3CCOCC3)CC2)cc1
CHEMBL376583,COc1ccccc1C1=Cc2ccccc2C1,4.489567756652832,0.17567567567567569,COc1ccccc1CNC(=O)Cn1c(CCC(=O)O)nc2c(Cl)cccc2c1=O
CHEMBL315853,COc1ccc(/C=C\c2cc(O)cc(OC)c2)cc1,4.399177074432373,0.21428571428571427,COc1ccc(Br)c(-c2nnc(CCC(=O)O)o2)c1
CHEMBL112192,COc1ccc(C=C2c3ccccc3C(=O)c3ccccc32)c(OC)c1O,5.23870325088501,0.2,COc1cc2ncn(CC(=O)O)c(=O)c2cc1OC
CHEMBL18929,C(=C(\c1ccccc1)C1CCN(CCCCc2ccccc2)CC1)\c1ccccc1,3.8958797454833984,0.208955223880597,O=C(O)CCC(=O)c1ccc(S(=O)(=O)N2CCC(c3ccccc3)CC2)cc1
CHEMBL285197,CCC/C(=C(/CCC)c1cccc(OC(C)=O)c1)c1cccc(OC(C)=O)c1,4.359757423400879,0.25,CC(CC(=O)c1ccccc1)C(=O)O
CHEMBL288936,CCOC(=O)c1ccc(/C=C/c2ccc3c(c2)C2CCC3C2)cc1,4.74738883972168,0.2191780821917808,Cc1cc(C(=O)NCC(=O)O)ccc1S(=O)(=O)N1CCC(c2ccccc2)CC1
CHEMBL57358,Cc1cc(/C=C/c2ccc(F)cc2)cc(C)c1O,3.958964109420776,0.2549019607843137,Cc1cc(C(=O)CN2CCCC2)c(C)n1-c1ccc(F)cc1
CHEMBL84470,CCC[C@@H]1Cc2cc(O)ccc2C2=C1c1ccc(O)cc1C[C@H]2CCC,3.2543599605560303,0.1568627450980392,O=C(O)CCC(=O)c1ccc2c(c1)CCC2
CHEMBL432556,C1=C(c2cccc3ccccc23)N2CCN=C2c2ccccc21,4.711830139160156,0.16393442622950818,O=C(O)CCc1nnc(-c2ccccc2I)o1
CHEMBL297431,COc1ccc(C2=C(c3ccc(SC)cc3)CC3CCCN3C2=O)cc1OC,4.821882247924805,0.18309859154929578,COc1cc2ncn(CC(=O)O)c(=O)c2cc1OC
CHEMBL466227,Cc1cccc(Cl)c1OCc1noc(C(C)C)c1COc1ccc(/C=C/c2cccc(C(=O)O)c2)c(Cl)c1,4.466443538665772,0.18421052631578946,CC(CC(=O)c1ccccc1)C(=O)O
CHEMBL348449,C/C(=C\c1ccc(C(=O)O)cc1)c1ccc(O)c(C(C)(C)C)c1,6.33528995513916,0.19607843137254902,CC(C)c1ccc(C(=O)CCC(=O)O)cc1
CHEMBL514409,CCS(=O)(=O)Nc1ccc2c(c1)/C(=C(/Nc1ccc(CN3CCCCC3)cc1)c1ccccc1)C(=O)N2,5.36814022064209,0.21348314606741572,Cc1cc(C(=O)NCC(=O)O)ccc1S(=O)(=O)N1CCC(c2ccccc2)CC1
CHEMBL321855,O=C1Nc2ccc(C(=O)c3cccs3)cc2/C1=C/c1ccccc1,5.535411834716797,0.3018867924528302,O=C(O)CCC(=O)c1cccs1
CHEMBL500169,CC(=O)c1ccc2c(c1)NC(=O)/C2=C(\Nc1ccc(CN2CCCCC2)cc1)c1ccccc1,5.00003719329834,0.22093023255813954,Cc1cc(C(=O)NCC(=O)O)ccc1S(=O)(=O)N1CCC(c2ccccc2)CC1
CHEMBL56551,CCc1ccc(/C=C/c2cc(C)c(O)c(C)c2)cc1,4.38162088394165,0.1774193548387097,CC(=O)C1=C(O)C(=O)N(CCc2ccc(Cl)c(Cl)c2)C1c1ccc(Br)cc1
CHEMBL78775,COc1ccc(/C=C(/C(N)=O)c2ccc(OC)cc2)cc1,4.715041160583496,0.22413793103448276,COc1ccc(Br)c(-c2nnc(CCC(=O)O)o2)c1
CHEMBL513828,CC[C@H](C)c1onc(-c2c(Cl)cccc2Cl)c1COc1ccc(/C=C/c2cccc(C(=O)O)c2)c(Cl)c1,4.71415901184082,0.1917808219178082,CC(CC(=O)c1ccccc1)C(=O)O
CHEMBL513475,CC(C)c1onc(COC(C)(C)C)c1COc1ccc(/C=C/c2cccc(C(=O)O)c2)c(Cl)c1,5.990240573883057,0.1917808219178082,CC(CC(=O)c1ccccc1)C(=O)O
CHEMBL429614,CC(C)(C)c1ccc(C2=Cc3ccc(N)cc3C3=NCCCN23)cc1,6.107644081115723,0.12162162162162163,Cc1cc(C(=O)CN2CCCC2)c(C)n1-c1ccc(F)cc1
CHEMBL274893,CS(=O)(=O)c1ccc(C2=C(c3ccc(F)cc3)CCC2)cc1,5.702877998352051,0.23333333333333334,O=C(O)CNC(=O)c1ccc(S(=O)(=O)N2CCC(c3ccc(F)cc3)CC2)cc1
CHEMBL276867,CC1(C)CCC(C)(C)c2cc3c(cc21)CC/C3=C\c1ccc(C(=O)O)cc1,6.778529167175293,0.2545454545454545,O=C(O)CCC(=O)c1ccc2c(c1)CCC2
CHEMBL36775,COc1ccc(/C=C\c2cc(OC)c(OC)c(OC)c2)cc1OP(=O)(OC)OC,5.867341041564941,0.16666666666666666,COc1cc2ncn(CC(=O)O)c(=O)c2cc1OC
CHEMBL294051,N#C/C(=C(/c1ccccc1)c1ccc(O)cc1)c1ccc(O)cc1,6.251339912414551,0.23404255319148937,O=C(Cc1ccccc1)Oc1c(OC(=O)Cc2ccccc2)c(-c2ccc(O)cc2)c(O)c(O)c1-c1ccc(O)cc1
CHEMBL276655,CCC(=C(c1cccc(OC(C)=O)c1)c1cccc(OC(C)=O)c1)c1ccccc1,4.907412528991699,0.29545454545454547,CC(CC(=O)c1ccccc1)C(=O)O
CHEMBL89505,CC(C)(C)c1cc(/C=C2\C(=O)Nc3ccccc32)cc(C(C)(C)C)c1O,6.734726905822754,0.16393442622950818,CC(C(=O)O)n1cnc2ccccc2c1=O
CHEMBL421537,CC/C(=C(\c1ccc(OCCN(C)C)cc1)c1ccc(SC)cc1)c1ccccc1,4.859226226806641,0.2,CC(CC(=O)c1ccccc1)C(=O)O
CHEMBL418950,Cc1ccccc1C1=C(c2ccccc2)Cc2cc(O)ccc21,4.448547840118408,0.19298245614035087,O=C(Cc1ccccc1)Oc1c(OC(=O)Cc2ccccc2)c(-c2ccc(O)cc2)c(O)c(O)c1-c1ccc(O)cc1
CHEMBL417580,CC/C(=C(\c1ccccc1)c1ccc(OC(C)=O)cc1)c1cccc(OC(C)=O)c1,5.340095520019531,0.2708333333333333,CC(CC(=O)c1ccccc1)C(=O)O
CHEMBL90094,Cc1ccccc1/C(=C\c1cc(OCc2ccsc2)ccc1Br)C(=O)O,4.829551696777344,0.22077922077922077,COc1ccc(Br)c(-c2nnc(CCC(=O)O)o2)c1
CHEMBL98193,CN1CC(c2ccc(S(C)(=O)=O)cc2)=C(c2ccccc2)O1,4.093327522277832,0.2413793103448276,O=C(O)CNC(=O)c1ccc(S(=O)(=O)N2Cc3ccccc3C2)cc1
CHEMBL192841,COc1ccc(/C=C\c2cc(OC)c(OC)c(OC)c2)cc1OCCCO,5.1314544677734375,0.2033898305084746,COc1cc2ncn(CC(=O)O)c(=O)c2cc1OC
CHEMBL26865,Oc1ccc(C2=C(c3ccc(O)cc3)c3ccc(O)cc3C2)cc1,4.3740339279174805,0.2,O=C(Cc1ccccc1)Oc1c(OC(=O)Cc2ccccc2)c(-c2ccc(O)cc2)c(O)c(O)c1-c1ccc(O)cc1
CHEMBL198674,CC(C)c1cc(-c2cccc(/C=C(/c3ccc(C(C)(C)O)cc3)c3ccc(S(C)(=O)=O)cc3)c2)c2ncccc2c1,6.199775218963623,0.18518518518518517,Cc1ccc(C(=O)Nc2cccc(C(F)(F)F)c2)cc1Nc1nc(-c2cccnc2)nc2nn(C)cc12
CHEMBL350217,COc1ccc2c(c1)OC(C)(C)C(c1ccc(O)cc1)=C2c1ccccc1,6.478734016418457,0.23529411764705882,COc1ccc(Br)c(-c2nnc(CCC(=O)O)o2)c1
CHEMBL190498,CC(=O)OC/C(=C(\C(=O)OCC[N+](C)(C)C)c1cccc(F)c1)c1ccc(S(C)(=O)=O)cc1.[Br-],7.849569320678711,0.25609756097560976,O=C(O)CNC(=O)c1ccc(S(=O)(=O)N2CCC(c3cccc(F)c3)CC2)cc1
CHEMBL308234,CC1=C(c2ccc(OC(=O)C(C)(C)C)cc2)[C@H](c2ccc(OCCN3CCCCC3)cc2)Oc2cc(OC(=O)C(C)(C)C)ccc21,4.822596073150635,0.20481927710843373,Cc1cc(C(=O)CN2CCCC2)c(C)n1-c1ccc(F)cc1
CHEMBL28380,CC/C(=C(\c1ccccc1)c1ccc(OCCN(CC)CC)cc1)c1ccccc1,4.891665458679199,0.22448979591836735,CC(CC(=O)c1ccccc1)C(=O)O
CHEMBL394377,COc1cccc(/C=C/c2cccc(C(=O)Nc3cc(C(=O)Nc4nc(C(=O)NCCCN(C)C)c(CCC(C)C)s4)n(C)c3)c2)c1,4.6475982666015625,0.19444444444444445,Cn1cc(S(=O)(=O)N2CCC(c3ccccc3)CC2)cc1C(=O)NCC(=O)O
CHEMBL263212,C=CCOc1ccc2c(c1)CCc1ccccc1/C(CC)=C\2c1ccc(O)cc1,5.489195823669434,0.20588235294117646,O=C(Cc1ccccc1)Oc1c(OC(=O)Cc2ccccc2)c(-c2ccc(O)cc2)c(O)c(O)c1-c1ccc(O)cc1
CHEMBL34464,COC(=O)c1ccc(/C=C(\C)c2ccc3c(c2)C(C)(C)CCO3)cc1,6.836620330810547,0.18518518518518517,O=C(O)CNC(=O)c1ccc(S(=O)(=O)N2CCC3(CC2)OCc2ccccc23)cc1
CHEMBL14560,C=CCOc1ccc2c(c1)Sc1ccccc1C(CC)=C2c1ccccc1,5.405180931091309,0.14473684210526316,COc1ccc(Br)c(-c2nnc(CCC(=O)O)o2)c1
CHEMBL443634,C=CCOc1cc(/C=C\c2ccc(OC)c(N)c2)cc(OC)c1.Cl,4.457256317138672,0.1875,COc1cc2ncn(CC(=O)O)c(=O)c2cc1OC
CHEMBL238576,Cc1cc(NC(=O)CCl)sc1-c1nnc2n1NC(c1ccccc1)=C(c1ccccc1)S2,5.038562774658203,0.20930232558139536,Cc1cc(S(=O)(=O)N2CCC(c3ccccc3)CC2)sc1C(=O)NCC(=O)O
CHEMBL85065,COc1cc(/C=C\c2ccc3ccccc3c2)cc(OC)c1OC,5.310968399047852,0.17333333333333334,COc1ccccc1CNC(=O)Cn1c(CCC(=O)O)nc2c(Cl)cccc2c1=O
CHEMBL223784,COCOc1cc(C2=C(c3cc(OC)c(OC)c(OC)c3)C(=O)CC2O[SiH2]C(C)(C)C)ccc1OC,7.283626556396484,0.17333333333333334,COc1cc2ncn(CC(=O)O)c(=O)c2cc1OC
CHEMBL267035,CC/C(=C(\c1ccc(I)cc1)c1ccc(OCCCCN2CCCC2)cc1)c1ccccc1,4.950833320617676,0.19480519480519481,O=C(O)CNC(=O)c1ccc(S(=O)(=O)N2CCC(Oc3ccccc3)CC2)cc1
CHEMBL447389,COc1cc(/C=C\c2cc(O)c3ccsc3c2)cc(OC)c1,4.62328052520752,0.16923076923076924,COc1ccc(Br)c(-c2nnc(CCC(=O)O)o2)c1
CHEMBL117087,Cc1ccc(/C=C\c2cccc(C(F)(F)P(=O)(O)O)c2)cc1.N.N,5.437673568725586,0.22580645161290322,O=C(O)CCc1nnc(-c2cccc(C(F)(F)F)c2)o1
CHEMBL388655,O=C(O)c1cccc(C2=C(c3ccccc3OCc3ccc(Cl)cc3F)CCC2)c1,5.308218002319336,0.20588235294117646,O=C(O)CCC(=O)c1ccc2c(c1)CCC2
CHEMBL87209,COc1cc(/C=C\c2ccc(OC(C)=O)cc2)cc(OC)c1OC,4.097170352935791,0.22033898305084745,COc1cc2oc(=O)cc(C)c2cc1CCC(=O)O
CHEMBL259003,COc1cc(/C=C/c2ccc(OP(=O)(O)O)cc2)cc(OC)c1,5.522329330444336,0.21666666666666667,COc1ccc(Br)c(-c2nnc(CCC(=O)O)o2)c1
CHEMBL221212,COc1ccc(/C=C2\CC(c3ccc(OCCN(C)C)cc3)Oc3cc(OC)ccc32)cc1,3.7769768238067623,0.19230769230769232,COc1ccc(Br)c(-c2nnc(CCC(=O)O)o2)c1
CHEMBL14898,CC/C1=C(\c2ccccc2)c2ccc(OCC(O)CO)cc2CCc2ccccc21,5.086498737335205,0.18181818181818182,O=C(O)CNC(=O)c1ccc(S(=O)(=O)N2CCc3ccccc3C2)cc1
CHEMBL89025,C/C(=C/c1cccc(C(=O)O)c1)c1ccc2c(c1)C(C)(C)CCC2(C)C,6.491053581237793,0.21052631578947367,O=C(O)CCC(=O)c1ccc2c(c1)CCC2
CHEMBL23175,CS(=O)(=O)c1ccc(C2=C(c3ccc(Cl)c(F)c3)C(=O)CC2)cc1,4.589709281921387,0.2,O=C(O)CNC(=O)c1ccc(S(=O)(=O)N2CCC(c3ccc(Br)cc3)CC2)cc1F
CHEMBL7821,CN1CCN(C2=Cc3ccccc3Cc3ccccc32)CC1,3.303186416625977,0.17647058823529413,Cn1cc(S(=O)(=O)N2CCC(c3ccccc3)CC2)cc1C(=O)NCC(=O)O
CHEMBL68236,CCN(CC)CCOc1ccc(C(=C(C#N)c2ccccc2)c2ccc(OCCN(CC)CC)cc2)cc1,5.264830589294434,0.21153846153846154,CC(CC(=O)c1ccccc1)C(=O)O
CHEMBL307507,COc1ccc(/C=C\c2cc(OC)c(O[Si](C)(C)C(C)(C)C)c(OC)c2)cc1,7.089428901672363,0.2222222222222222,COc1ccc(Br)c(-c2nnc(CCC(=O)O)o2)c1
CHEMBL73470,O=C1Nc2ccc(-c3ccccc3)cc2/C1=C/c1cc(Cl)c(O)c(Cl)c1,5.278770446777344,0.1935483870967742,O=C(Cc1ccccc1)Oc1c(OC(=O)Cc2ccccc2)c(-c2ccc(O)cc2)c(O)c(O)c1-c1ccc(O)cc1
CHEMBL44683,O=C(NCCc1ccc(F)cc1)c1cc(/C=C/c2cc(O)ccc2O)ccc1O,4.395772933959961,0.19718309859154928,Cc1cc(C(=O)CN2CCCC2)c(C)n1-c1ccc(F)cc1
CHEMBL449395,COc1cc(CCc2ccc(C3=Cc4ccccc4C4=NCCN34)cc2)cc(OC)c1OC,5.005011558532715,0.17391304347826086,COc1ccccc1CNC(=O)Cn1c(CCC(=O)O)nc2c(Cl)cccc2c1=O
CHEMBL147745,O=C(/C(=C\c1ccccc1)c1ccc(O)cc1)c1ccc(O)cc1,5.879985809326172,0.2765957446808511,O=C(Cc1ccccc1)Oc1c(OC(=O)Cc2ccccc2)c(-c2ccc(O)cc2)c(O)c(O)c1-c1ccc(O)cc1
CHEMBL1602,CC/C(=C(/CC)c1ccc(OS(=O)(=O)O)cc1)c1ccc(OS(=O)(=O)O)cc1,5.236740112304688,0.20930232558139536,CC(C)c1ccc(C(=O)CCC(=O)O)cc1
CHEMBL36113,O=c1cc(-c2nn[nH]n2)oc2cc(/C=C/c3cccc(OCc4ccc5ccccc5n4)c3)ccc12,3.858424663543701,0.14285714285714285,CC(C(=O)O)n1cnc2ccccc2c1=O
CHEMBL314021,CN1C(=O)/C(=C\c2ccc(Br)cc2)c2ccccc21,5.022921085357666,0.2153846153846154,CC(=O)C1=C(O)C(=O)N(CCc2ccc(Cl)c(Cl)c2)C1c1ccc(Br)cc1
CHEMBL360195,N=C(N)c1ccc2cc(/C=C/c3ccccc3)cc(-c3ccoc3)c2c1,5.097899436950684,0.1527777777777778,Nc1c(C(=O)c2ccccc2)sc2[nH]c(=O)c(C(=O)O)cc12
CHEMBL462652,COc1cc(/C=C\c2ccc(OC)c(NC(=O)OCCN3CCOCC3)c2)cc(OC)c1.O=C(O)C(=O)O,4.846851825714111,0.21686746987951808,O=C(O)CNC(=O)c1ccc(S(=O)(=O)N2CCC(N3CCOCC3)CC2)cc1
CHEMBL454376,COc1cc(/C=C\c2ccc(OC)c(NC(=O)OCCN3CCOCC3)c2)cc(OC)c1,4.564645767211914,0.20987654320987653,O=C(O)CNC(=O)c1ccc(S(=O)(=O)N2CCC(N3CCOCC3)CC2)cc1
CHEMBL274224,CC/C1=C(\c2ccccc2)c2ccc(OCCN(C)C)cc2SCc2ccccc21,4.595890045166016,0.14666666666666667,O=C(O)CNC(=O)c1ccc(S(=O)(=O)N2Cc3ccccc3C2)cc1
CHEMBL207362,CC(C)(C)C(=O)Oc1ccc2c(c1)O[C@H](c1ccc(OCCN3CCCCC3)cc1)C1=C2COc2cc(OC(=O)C(C)(C)C)ccc21,4.694797515869141,0.1927710843373494,Cc1cc(C(=O)CN2CCCC2)c(C)n1-c1ccc(F)cc1
CHEMBL111562,COc1ccc(C2=C(c3ccc(S(N)(=O)=O)cc3)CCC2)cc1,5.759555816650391,0.19672131147540983,COc1ccc(Br)c(-c2nnc(CCC(=O)O)o2)c1
CHEMBL108201,COc1ccc(C2=C(c3ccc(S(C)(=O)=O)cc3)CCC2)cc1,5.782017707824707,0.18032786885245902,COc1ccc(Br)c(-c2nnc(CCC(=O)O)o2)c1
CHEMBL344493,CCN(CC)CCSC1=Cc2ccccc2Oc2ccccc21,3.929565906524658,0.16129032258064516,O=C(O)CCc1nnc(-c2ccccc2I)o1
CHEMBL361539,COc1cc(/C=C\c2ccc3ccccc3c2)cc(N)c1OC,5.167937278747559,0.1625,COc1ccccc1CNC(=O)Cn1c(CCC(=O)O)nc2c(Cl)cccc2c1=O
CHEMBL139468,CC1=CC(C)(C)Nc2ccc3c(c21)/C(=C/c1ccc(C)cc1)Oc1ccccc1-3,5.797760963439941,0.1095890410958904,O=C(O)CCc1nnc(-c2ccccc2I)o1
CHEMBL84671,CC/C(=C(\c1ccc(OCCN(C)C)cc1)c1ccc(S(C)(=O)=O)cc1)c1ccccc1,4.789648532867432,0.2328767123287671,O=C(O)CNC(=O)c1ccc(S(=O)(=O)N2CCC(Oc3ccccc3)CC2)cc1
CHEMBL461734,COc1cc(/C=C/c2cc(Br)c(O)c(C(=O)O)c2)ccc1/C=C/c1cc(Br)c(O)c(C(=O)O)c1,4.693220138549805,0.2459016393442623,COc1cc2ncn(CC(=O)O)c(=O)c2cc1OC
CHEMBL445194,COc1cc(/C=C/c2cc(C(=O)O)c(O)c(-c3ccco3)c2)ccc1/C=C/c1cc(C(=O)O)c(O)c(-c2ccco2)c1,4.979813575744629,0.21739130434782608,COc1cc2ncn(CC(=O)O)c(=O)c2cc1OC
CHEMBL442167,Cc1cc(/C=C/c2cccc(C(=O)O)c2)cc(C)c1O,4.309354782104492,0.25,CC(CC(=O)c1ccccc1)C(=O)O
CHEMBL383372,CCC1=C(c2ccc(O)cc2)C(C(=O)Nc2ccc(OCCN3CCCCC3)cc2)c2cc(O)ccc21,4.326769828796387,0.1951219512195122,Cc1cc(C(=O)CN2CCCC2)c(C)n1-c1ccc(F)cc1
CHEMBL109578,CS(=O)(=O)c1ccc(C2=C(c3ccc(CO)cc3)CCC2)cc1,5.862424373626709,0.20634920634920634,O=C(O)CNC(=O)c1ccc(S(=O)(=O)N2CC=C(c3ccccc3)CC2)cc1
CHEMBL347130,CC(C)CCOc1ccc(C(=C(C#N)c2ccccc2)c2ccc(OCCC(C)C)cc2)cc1,5.898464679718018,0.2708333333333333,CC(CC(=O)c1ccccc1)C(=O)O
CHEMBL74103,CCCOc1ccc(/C=C/c2cc(OC)c(OC)c(OC)c2)cc1,4.8325276374816895,0.1896551724137931,COc1cc2ncn(CC(=O)O)c(=O)c2cc1OC
CHEMBL497049,COC(=O)c1ccc2c(c1)NC(=O)/C2=C(\Nc1ccc(CN2CCCCC2)cc1)c1ccccc1,4.770471572875977,0.2159090909090909,Cc1cc(C(=O)NCC(=O)O)ccc1S(=O)(=O)N1CCC(c2ccccc2)CC1
CHEMBL280654,O=CC(Cc1ccccc1)NC(=O)c1ccccc1/C=C/c1ccc2ccccc2c1,5.0292510986328125,0.20481927710843373,CC(C)(C)NS(=O)(=O)c1cccc2c(NC(=O)[C@H](Cc3ccccc3)NC(=O)C3CC3)cccc12
CHEMBL461243,COc1cc(/C=C/c2ccc(NC(=O)CCCNP(=O)(OC(C)C)OC(C)C)cc2)cc(OC)c1,6.210538387298584,0.19480519480519481,COc1ccc(Br)c(-c2nnc(CCC(=O)O)o2)c1
CHEMBL361848,CS(=O)(=O)c1ccc(C=C(c2ccc(Cl)cc2)c2ccc(Cl)cc2)cc1,5.718348979949951,0.26666666666666666,O=C(O)CNC(=O)c1ccc(S(=O)(=O)N2CCC(c3ccc(Cl)cc3)CC2)cc1
CHEMBL221300,COc1cc(/C=C\c2ccc(OC)cc2OC)cc(OC)c1,4.127285003662109,0.20754716981132076,COc1cc2ncn(CC(=O)O)c(=O)c2cc1OC
CHEMBL162404,COc1ccc(C2=C(c3cc(OC)c(OC)c(OC)c3)C(=O)OC2)cc1[N+](=O)[O-],3.8635082244873047,0.17142857142857143,COc1cc2oc(=O)cc(C)c2cc1CCC(=O)O
CHEMBL461451,Oc1ccc2c(c1)CCc1ccc(O)c(c1)-c1cc(ccc1O)/C=C\c1cccc(c1)O2,4.485974311828613,0.12857142857142856,O=C(O)CCC(=O)c1ccc2c(c1)CCC(=O)N2
CHEMBL67,COc1ccc(/C=C\c2cc(OC)c(OC)c(OC)c2)cc1O,4.546146392822266,0.18181818181818182,COc1cc2ncn(CC(=O)O)c(=O)c2cc1OC
CHEMBL458720,CC(C)OP(=O)(NCCC(=O)Nc1ccc(/C=C/c2ccccc2)cc1)OC(C)C,5.848574638366699,0.24074074074074073,CC(CC(=O)c1ccccc1)C(=O)O
CHEMBL455405,COc1cc(/C=C\c2ccc(OC)c(NC(=O)OCCOCCOCCO)c2)cc(OC)c1,5.475764751434326,0.20270270270270271,COc1ccc(Br)c(-c2nnc(CCC(=O)O)o2)c1
CHEMBL450905,C/C(=C\c1ccc(O)c(O)c1)c1ccc(Cl)cc1,4.454899787902832,0.171875,O=C(O)CNC(=O)c1ccc(S(=O)(=O)N2CCC(c3ccc(Cl)cc3)CC2)cc1
CHEMBL465002,COc1ccc(/C=C\c2cc(O)c(OC)c(OC)c2)cc1N.Cl,4.447511672973633,0.16393442622950818,COc1cc2ncn(CC(=O)O)c(=O)c2cc1OC
CHEMBL464942,COc1ccc(/C=C\c2cc(O)c(OC)c(OC)c2)cc1N,4.325145244598389,0.16666666666666666,COc1cc2ncn(CC(=O)O)c(=O)c2cc1OC
CHEMBL156859,CCOC1CCCN(CCCCOc2ccccc2/C=C/c2ccccc2)C1,4.207975387573242,0.1917808219178082,Cc1cc(C(=O)CN2CCCC2)c(C)n1-c1ccc(F)cc1
CHEMBL381642,CNc1ccc(/C=C/c2ccc(O)cc2)cc1,4.08416223526001,0.1702127659574468,O=C(Cc1ccccc1)Oc1c(OC(=O)Cc2ccccc2)c(-c2ccc(O)cc2)c(O)c(O)c1-c1ccc(O)cc1
CHEMBL102711,COc1cc(/C(C#N)=C\c2ccc(Cl)c(N)c2)cc(OC)c1OC,5.0744218826293945,0.16470588235294117,COc1ccccc1CNC(=O)Cn1c(CCC(=O)O)nc2c(Cl)cccc2c1=O
CHEMBL440089,CC/C(=C(/Cc1ccc(OCN2CCCCC2)cc1)c1ccccc1)c1ccccc1,4.500994682312012,0.20754716981132076,CC(CC(=O)c1ccccc1)C(=O)O
CHEMBL582136,CS(=O)(=O)c1ccc2c(c1)CCN(CCC1CCC(NC(=O)C(=Cc3cccc(C#N)c3)c3ccc(-c4ccccc4)cc3)CC1)CC2,5.15592098236084,0.25806451612903225,CN1CCC(NS(=O)(=O)c2ccc(C(=O)NCC(=O)O)cc2)CC1
CHEMBL581949,CN(C)S(=O)(=O)c1ccc(N2C(=O)C3C(C2=O)C2(c4ccccc4)C(=O)C3(c3ccccc3)C(c3ccccc3)=C2c2ccccc2)cc1,5.447791576385498,0.20833333333333334,CN(C)C1CCN(S(=O)(=O)c2ccc(C(=O)NCC(=O)O)cc2)CC1
CHEMBL446319,CC(C)(O)[C@H](O)Cc1cc(/C=C/c2cc(O)cc(O)c2)ccc1O,4.974108695983887,0.14285714285714285,CC(C)Cc1ccc(C(=O)CCC(=O)O)cc1
CHEMBL503576,O=C1OC(O)C(c2cccc(-c3ccc(Oc4ccccc4)cc3)c2)=C1c1cccc(-c2ccc(Oc3ccccc3)cc2)c1,5.296193599700928,0.19298245614035087,O=C(O)CCc1nnc(-c2ccccc2)o1
CHEMBL165573,NCCCCCNCCOc1ccc(/C(=C(/Cl)c2ccccc2)c2ccccc2)cc1,6.342904567718506,0.1917808219178082,O=C(O)CNC(=O)c1ccc(S(=O)(=O)N2CCC(Oc3ccccc3)CC2)cc1
CHEMBL468714,CC(C)c1onc(C[S+]([O-])c2c(Cl)cccc2Cl)c1COc1ccc(/C=C/c2cccc(C(=O)O)c2)c(Cl)c1,4.645056247711182,0.18181818181818182,CC(CC(=O)c1ccccc1)C(=O)O
CHEMBL10035,CC(C)(C)c1ccc(C2=Cc3ccccc3C3=NCCCN23)cc1,6.564916133880615,0.15151515151515152,O=C(O)CCc1nnc(-c2ccccc2I)o1
CHEMBL14711,CCC1=C(c2ccc(O)cc2)c2ccc(OCCN(C)C)cc2Sc2ccccc21,4.879908084869385,0.20588235294117646,O=C(Cc1ccccc1)Oc1c(OC(=O)Cc2ccccc2)c(-c2ccc(O)cc2)c(O)c(O)c1-c1ccc(O)cc1
CHEMBL312636,CC[C@H]1Cc2cc(O)ccc2C2=C1c1ccc(O)cc1C[C@@H]2CC,3.2942605018615723,0.16326530612244897,O=C(O)CCC(=O)c1ccc2c(c1)CCC2
CHEMBL256283,COc1cc(N)c(/C=C\c2cc(OC)c(OC)c(OC)c2)cc1[N+](=O)[O-],4.612200736999512,0.15625,COc1cc2ncn(CC(=O)O)c(=O)c2cc1OC
CHEMBL83314,COc1cc(/C=C/c2ccccc2)c(OC)cc1N,4.869297027587891,0.2,COc1cc2ncn(CC(=O)O)c(=O)c2cc1OC
CHEMBL261054,CS(=O)(=O)c1ccc(/C=C(/C(=O)OCCO[N+](=O)[O-])c2ccc(F)cc2)cc1,5.559442520141602,0.24324324324324326,O=C(O)CNC(=O)c1ccc(S(=O)(=O)N2CCC(c3ccc(F)cc3)CC2)cc1
CHEMBL63922,N#C/C(=C(\c1ccccc1)c1ccc(O)cc1)c1ccc(O)cc1,6.251339912414551,0.23404255319148937,O=C(Cc1ccccc1)Oc1c(OC(=O)Cc2ccccc2)c(-c2ccc(O)cc2)c(O)c(O)c1-c1ccc(O)cc1
CHEMBL518114,COc1ccc(/C=C2/C(=O)N(C)c3ccccc32)cc1O,5.077239990234375,0.203125,COc1cc2ncn(CC(=O)O)c(=O)c2cc1OC
CHEMBL145576,CC1=C(c2ccc(O)cc2)C2(Cc3ccccc3C2)c2ccc(O)cc21,4.867474555969238,0.21052631578947367,O=C(Cc1ccccc1)Oc1c(OC(=O)Cc2ccccc2)c(-c2ccc(O)cc2)c(O)c(O)c1-c1ccc(O)cc1
CHEMBL478474,O=C1Nc2ccccc2/C1=C1\C(=O)Nc2cc(C(F)(F)F)ccc21,5.883166313171387,0.22033898305084745,O=C(O)CCc1nnc(-c2cccc(C(F)(F)F)c2)o1
CHEMBL468303,CC(C)c1onc(Cc2ccccc2)c1COc1ccc(/C=C/c2cccc(C(=O)O)c2)c(Cl)c1,4.379398345947266,0.2112676056338028,CC(CC(=O)c1ccccc1)C(=O)O
CHEMBL467053,CC(C)c1onc(COc2c(Cl)cc(F)cc2Cl)c1COc1ccc(/C=C/c2cccc(C(=O)O)c2)c(Cl)c1,3.578486919403076,0.18421052631578946,CC(CC(=O)c1ccccc1)C(=O)O
CHEMBL442778,CCN(C)CCSC1=Cc2ccccc2Oc2ccc(SC)cc21,4.176315307617188,0.125,O=C(O)CCc1nnc(-c2ccccc2I)o1
CHEMBL450560,O=C(O)c1cc(/C=C/c2ccccc2)cc(-c2ccccc2)c1O,5.457981586456299,0.24489795918367346,O=C(O)CCc1nnc(-c2ccccc2)o1
CHEMBL462055,COc1cc(/C=C\c2cc(O)c3ccsc3c2)cc2c1OCO2,4.018890380859375,0.2,COc1cc2oc(=O)cc(C)c2cc1CCC(=O)O
CHEMBL159665,COc1ccc(C2=C(c3cc(OC)c(OC)c(OC)c3)C(=O)OC2)cc1O,4.186923027038574,0.2,COc1cc2oc(=O)cc(C)c2cc1CCC(=O)O
CHEMBL308044,COc1ccc(/C(=C\c2cc(OC)c(OC)c(OC)c2)C(=O)O)cc1,4.461922645568848,0.24193548387096775,COc1ccc(Br)c(-c2nnc(CCC(=O)O)o2)c1
CHEMBL187384,CCCCCCCC/C(=C(\c1ccccc1)c1ccc(S(C)(=O)=O)cc1)c1ccccc1,6.152985572814941,0.2833333333333333,O=C(O)CCC(=O)c1ccc(S(=O)(=O)N2CCC(c3ccccc3)CC2)cc1
CHEMBL191841,CSC1=C(c2ccc(O)cc2)C(=O)c2cc(O)ccc21,5.1417670249938965,0.20754716981132076,O=C(Cc1ccccc1)Oc1c(OC(=O)Cc2ccccc2)c(-c2ccc(O)cc2)c(O)c(O)c1-c1ccc(O)cc1
CHEMBL479106,Cc1ccccc1/C=C1/C(=O)Nc2ccccc21,5.348128795623779,0.16363636363636364,CC(C(=O)O)n1cnc2ccccc2c1=O
CHEMBL193067,COc1ccc(OC)c(/C=C2/C(=O)Nc3ccccc32)c1,5.4047369956970215,0.208955223880597,COc1ccc(Br)c(-c2nnc(CCC(=O)O)o2)c1
CHEMBL318457,CC(C)c1onc(-c2c(Cl)cccc2Cl)c1COc1ccc(/C=C/c2cccc(C(=O)O)c2)c(Cl)c1,4.641111373901367,0.2,CC(CC(=O)c1ccccc1)C(=O)O
CHEMBL319326,CN1CC(c2ccc(F)cc2)=C(c2ccccc2)O1,4.46385669708252,0.21052631578947367,Cc1cc(C(=O)CN2CCCC2)c(C)n1-c1ccc(F)cc1
CHEMBL269472,CC/C(=C(\c1ccc(I)cc1)c1ccc(OCCCN2CCCC2)cc1)c1ccccc1,4.90770149230957,0.2,O=C(O)CNC(=O)c1ccc(S(=O)(=O)N2CCC(Oc3ccccc3)CC2)cc1
CHEMBL399481,COc1ccc(C(CCc2ccc(O)cc2OC)c2c(O)cc(OC)cc2/C=C/c2ccc(O)cc2)cc1,4.71366024017334,0.21621621621621623,COc1cc2oc(=O)cc(C)c2cc1CCC(=O)O
CHEMBL277605,CCC1=C(c2ccccc2)c2ccc(OCC(O)CO)cc2Sc2ccccc21,4.914773941040039,0.16129032258064516,CC(CC(=O)c1ccccc1)C(=O)O
CHEMBL42192,CN(C)c1ccc(C(=C(c2ccc(N(C)C)cc2)c2ccc(N(C)C)cc2)c2ccc(N(C)C)cc2)cc1,3.962514877319336,0.22857142857142856,CC(C)c1ccc(C(=O)CCC(=O)O)cc1
CHEMBL15607,CN(C)CCSC1=Cc2ccccc2Sc2ccc(F)cc21,4.883180618286133,0.14084507042253522,Cc1cc(C(=O)CN2CCCC2)c(C)n1-c1ccc(F)cc1
CHEMBL237172,COc1cccc(/C=C/c2ccc(C(=O)Nc3cc(C(=O)Nc4cc(C(=O)NCCCN(C)C)n(C)c4)n(C)c3)cc2)c1,4.439258575439453,0.23863636363636365,Cn1cc(S(=O)(=O)N2CCC(c3ccccc3)CC2)cc1C(=O)NCC(=O)O
CHEMBL72179,O=C1Nc2ccc(C(=O)CCl)cc2/C1=C/c1cc(Br)c(O)c(Br)c1,4.297679424285889,0.27419354838709675,O=C(O)CCC(=O)c1ccc2c(c1)CCC(=O)N2
CHEMBL163404,COc1ccccc1/C=C1/C(C)=C(CC(=O)O)c2cc(F)ccc21,4.656505107879639,0.23880597014925373,COc1cc2oc(=O)cc(C)c2cc1CCC(=O)O
CHEMBL297626,CC1(C)OC(c2ccc(S(C)(=O)=O)cc2)=C(c2cccc(Cl)c2)C1=O,6.499639987945557,0.16883116883116883,Cc1cc(S(=O)(=O)N2CCC(c3ccccc3)CC2)ccc1C(=O)NCC(=O)O
CHEMBL214101,O=C1OCC(c2ccc(-c3nn[nH]n3)cc2)=C1c1ccccc1,4.5032734870910645,0.2222222222222222,O=C(O)CCc1nnc(-c2ccccc2)o1
CHEMBL356064,C1=C(SCCNCCc2ccccc2)c2ccccc2Oc2ccccc21,4.943966865539551,0.19047619047619047,O=C(O)CCc1nnc(-c2ccccc2I)o1
CHEMBL471626,Oc1ccc(C2=C(c3ccc(OCCN4CCCC4)cc3)c3ccc(F)cc3OCC2)cc1,3.850406408309937,0.2236842105263158,Cc1cc(C(=O)CN2CCCC2)c(C)n1-c1ccc(F)cc1
CHEMBL315541,COc1cccc(/C=C\c2cc(OC)c(OC)c(OC)c2)c1,4.689009666442871,0.18333333333333332,COc1ccc(Br)c(-c2nnc(CCC(=O)O)o2)c1
CHEMBL268756,CC(C(=O)O)c1ccc2c(c1)C=Cc1ccccc1O2,4.852330207824707,0.29545454545454547,CC(CC(=O)c1ccccc1)C(=O)O
CHEMBL167352,CCOC(Cc1ccc(OCCN2c3ccccc3C=Cc3ccccc32)cc1)C(=O)O,4.733163833618164,0.24561403508771928,CC(CC(=O)c1ccccc1)C(=O)O
CHEMBL76124,O=C(O)c1cc(C(=O)O)c2cc(/C=C/c3ccccc3)ccc2n1,5.211284637451172,0.23728813559322035,Nc1c(C(=O)c2ccccc2)sc2[nH]c(=O)c(C(=O)O)cc12
CHEMBL180532,COc1ccccc1/C=C/c1cccc(O)c1,4.932148456573486,0.1891891891891892,COc1ccccc1CNC(=O)Cn1c(CCC(=O)O)nc2c(Cl)cccc2c1=O
CHEMBL469574,CCCN1CC(c2ccc(S(C)(=O)=O)cc2)=C(c2ccc(C(=O)O)cc2)C1=O,4.968689918518066,0.26865671641791045,CN1CCC(NS(=O)(=O)c2ccc(C(=O)NCC(=O)O)cc2)CC1
CHEMBL190807,Nc1nc(N)c2nc(CN3c4ccccc4C=Cc4c(C#CCC(=O)O)cccc43)cnc2n1,3.8514046669006343,0.1595744680851064,O=C(O)CNC(=O)c1ccc(S(=O)(=O)N2CCC(c3ccccc3)CC2)cn1
CHEMBL189541,NC1=C(c2ccc(O)cc2)C(=O)c2cc(O)ccc21,3.930348873138428,0.22,O=C(Cc1ccccc1)Oc1c(OC(=O)Cc2ccccc2)c(-c2ccc(O)cc2)c(O)c(O)c1-c1ccc(O)cc1
CHEMBL517806,COc1ccc(/C=C2/C(=O)Nc3ccccc32)cc1O,5.248905658721924,0.1875,COc1cc2ncn(CC(=O)O)c(=O)c2cc1OC
CHEMBL515514,CC(C)OP(=O)(N[C@@H](Cc1ccccc1)C(=O)Nc1ccc(/C=C/c2ccccc2)cc1)OC(C)C,6.173557758331299,0.28205128205128205,CC(C)(C)NS(=O)(=O)c1cccc2c(NC(=O)[C@H](Cc3ccccc3)NC(=O)C3CC3)cccc12
CHEMBL190972,CN(C)CCOc1ccc(C2=C(c3ccccc3)CCOc3ccccc32)cc1,4.688055992126465,0.15384615384615385,O=C(O)CCc1nnc(-c2ccccc2)o1
CHEMBL371414,COC(=O)/C=C/c1cccc(N(Cc2ccc(/C=C/c3cccc(Cl)c3)cc2)C(=O)C2CCCCC2)c1,4.404169082641602,0.18556701030927836,COc1ccccc1CN(C)C(=O)Cn1c(CCC(=O)O)nc2c(Cl)cccc2c1=O
CHEMBL201309,CN(C)CCC/C(=C(\c1ccc(O)cc1)c1ccc(OCCN(C)C)cc1)c1ccccc1,4.634957313537598,0.21311475409836064,O=C(Cc1ccccc1)Oc1c(OC(=O)Cc2ccccc2)c(-c2ccc(O)cc2)c(O)c(O)c1-c1ccc(O)cc1
CHEMBL23063,CN(C)CCOc1ccc(C2=C(c3ccccc3)CCCc3ccccc32)cc1,4.670780658721924,0.18032786885245902,O=C(O)CCC(=O)c1ccc2c(c1)CCC2
CHEMBL189369,Nc1nc(N)c2nc(CN3c4ccccc4C=Cc4c(C#CCCC(=O)O)cccc43)cnc2n1,3.9238264560699454,0.18072289156626506,O=C(O)CCc1nnc(-c2ccccc2I)o1
CHEMBL471086,CC(C)=CCc1c(O)cc(O)c(CC=C(C)C)c1/C=C/c1ccccc1,4.658890724182129,0.19148936170212766,CC(CC(=O)c1ccccc1)C(=O)O
CHEMBL179716,C(=C\c1cccc2ccccc12)\c1ccc2ccccc2c1,4.0810394287109375,0.13432835820895522,CCC[C@H](NC(=O)/C(C#N)=C/c1cccc(Br)n1)c1ccccc1
CHEMBL91411,C/C(=C\c1ccccc1C(=O)O)c1ccc2c(c1)C(C)(C)CCC2(C)C,6.654787063598633,0.2153846153846154,Nc1c(C(=O)c2ccccc2)sc2[nH]c(=O)c(C(=O)O)cc12
CHEMBL222406,COc1ccc(C2=C(c3cc(OC)c(OC)c(OC)c3)/C(=N\O)C(OC(C)=O)C2)cc1,4.58076286315918,0.1891891891891892,COc1ccc(Br)c(-c2nnc(CCC(=O)O)o2)c1
CHEMBL360461,COc1ccc(/C=C2\Cc3ccccc3/C(=C\c3ccc([N+](=O)[O-])cc3)C2=O)cc1,5.642681121826172,0.17333333333333334,COc1ccc(Br)c(-c2nnc(CCC(=O)O)o2)c1
CHEMBL1402,CN(C)CCOc1ccc(/C(=C(/CCCl)c2ccccc2)c2ccc(O)cc2)cc1,4.99680233001709,0.20967741935483872,O=C(Cc1ccccc1)Oc1c(OC(=O)Cc2ccccc2)c(-c2ccc(O)cc2)c(O)c(O)c1-c1ccc(O)cc1
CHEMBL296951,COc1ccc(/C(=C(/c2ccccc2)[N+](=O)[O-])c2ccc(OCCN3CCCC3=O)cc2)cc1,4.857789993286133,0.225,O=C(O)CNC(=O)c1ccc(S(=O)(=O)N2CCC(Oc3ccccc3)CC2)cc1
CHEMBL150757,COc1ccc(/C=C\c2cc(OC)c3c(c2)OCO3)cc1NC(=O)C(N)C(C)C,4.869824409484863,0.18421052631578946,COc1cc2oc(=O)cc(C)c2cc1CCC(=O)O
CHEMBL244944,COc1ccc(/C=C\c2ccc(OC)c(O)c2)cc1,4.123374938964844,0.20689655172413793,COc1ccc(Br)c(-c2nnc(CCC(=O)O)o2)c1
CHEMBL302362,CC1=CC(C)(C)Nc2ccc3c(c21)/C(=C/c1ccccc1C)Oc1ccccc1-3,5.836582183837891,0.11538461538461539,Cc1cc(Cl)cc(-c2ccnc3cc(CN4C(=O)C5C(C4=O)C5(C)C)sc23)c1O[C@@H]1CCNC[C@@H]1C
CHEMBL483118,COC(=O)CCCCCOc1ccc(/C=C/c2cc(O)cc(O)c2)cc1,4.162363529205322,0.21212121212121213,COc1ccc(Br)c(-c2nnc(CCC(=O)O)o2)c1
CHEMBL26827,CC/C(=C(\c1ccccc1)c1ccc(OCCN2CCCC2)cc1)c1ccccc1,4.927483558654785,0.21428571428571427,O=C(O)CNC(=O)c1ccc(S(=O)(=O)N2CCC(Oc3ccccc3)CC2)cc1
CHEMBL76176,O=C(O)c1cc(C(=O)O)c2c(/C=C/c3ccccc3)cccc2n1,4.836303234100342,0.20689655172413793,CC(C(=O)O)n1cnc2ccccc2c1=O
CHEMBL310397,Nc1nc(N)c2nc(CN3c4ccccc4C=Cc4cc(OCC(=O)O)ccc43)cnc2n1,4.161369323730469,0.1797752808988764,O=C(O)CNC(=O)c1ccc(S(=O)(=O)N2CCC(c3ccccc3)CC2)cn1
CHEMBL79089,CC(C)(C)c1ccc(C2=Cc3ccccc3C3=NCCN23)cc1,6.122176170349121,0.15625,O=C(O)CCc1nnc(-c2ccccc2I)o1
CHEMBL214972,O=C1CCC2(Cc3ccccc3)Cc3cc(O)ccc3C2=C1c1ccc(O)cc1,5.977792739868164,0.27419354838709675,O=C(Cc1ccccc1)Oc1c(OC(=O)Cc2ccccc2)c(-c2ccc(O)cc2)c(O)c(O)c1-c1ccc(O)cc1
CHEMBL516888,COc1cccc(/C=C2/C(=O)N(C)c3ccccc32)c1,4.944045543670654,0.19402985074626866,COc1ccc(Br)c(-c2nnc(CCC(=O)O)o2)c1
CHEMBL471285,CC1(C)Oc2cc(/C=C/c3ccccc3)cc(O)c2C[C@@H]1O,5.624792575836182,0.16,Cc1cc(C(=O)NCC(=O)O)ccc1S(=O)(=O)N1CCC(c2ccccc2)CC1
CHEMBL146646,O=C(O)c1ccc(/C=C/c2ccc(O)c(C34CC5CC(CC(C5)C3)C4)c2)cc1,5.514030456542969,0.24074074074074073,O=C(O)CCC(=O)c1ccc2c(c1)CCC2
CHEMBL375356,COC(=O)c1cc(C2=C(c3cc(OC)c(OC)c(OC)c3)C(=O)CC2O[SiH2]C(C)(C)C)ccc1OC,6.810924530029297,0.1794871794871795,COc1cc2oc(=O)cc(C)c2cc1CCC(=O)O
CHEMBL476410,O=C1Nc2ccccc2/C1=C1\C(=O)Nc2cc(Cl)ccc21,5.621999740600586,0.16363636363636364,O=C(O)CCC(=O)c1ccc2c(c1)CCC(=O)N2
CHEMBL458300,CC(C)OP(=O)(NCCCCC(=O)Nc1ccc(/C=C/c2ccccc2)cc1)OC(C)C,6.3181891441345215,0.22807017543859648,CC(CC(=O)c1ccccc1)C(=O)O
CHEMBL79464,Nc1nc(N)c2nc(CN3c4ccccc4C=Cc4cc(OCc5ccc(C(=O)O)cc5)ccc43)cnc2n1,5.417877197265625,0.1595744680851064,O=C(O)CNC(=O)c1ccc(S(=O)(=O)N2CCC(Oc3ccccc3)CC2)cc1
CHEMBL167801,N=C(N)c1ccc(C2=Cc3ccc(C(=N)N)cc3C2)cc1,3.811924457550049,0.25,O=C(O)CCC(=O)c1ccc2c(c1)CCC2
CHEMBL224394,CCC1(c2ccc(/C=C/c3ccccc3)cc2)Oc2ccccc2-n2cccc2C1=O,5.277116298675537,0.15853658536585366,Cc1cc(S(=O)(=O)N2CCC(c3ccccc3)CC2)ccc1C(=O)NCC(=O)O
CHEMBL305168,N#CC(=C(c1ccccc1)c1ccccc1)c1ccccc1,6.198055267333984,0.2571428571428571,CC(CC(=O)c1ccccc1)C(=O)O
CHEMBL374003,COc1ccc(C2=C(c3cc(OC)c(OC)c(OC)c3)CC(O[SiH2]C(C)(C)C)C2=O)cc1[N+](=O)[O-],6.576099395751953,0.15,COc1cc2oc(=O)cc(C)c2cc1CCC(=O)O
CHEMBL243596,C1=Cc2ccccc2Nc2ccccc21,3.99455451965332,0.1590909090909091,O=C(O)CCc1nnc(-c2ccccc2I)o1
CHEMBL85839,CC/C(=C(/c1ccc(OCCN(C)C)cc1)c1ccc(SC)cc1)c1ccccc1,4.859226226806641,0.2,CC(CC(=O)c1ccccc1)C(=O)O
CHEMBL66013,COc1ccc(/C=C2/c3ccccc3C(=O)N2NC(C)(C)C)cc1,7.085177421569824,0.17391304347826086,COc1ccc(Br)c(-c2nnc(CCC(=O)O)o2)c1
CHEMBL581804,COc1cc(NC2=C(c3ccccc3)C(=O)c3ccccc32)ccn1,5.719322204589844,0.19672131147540983,CC(C(=O)O)n1cnc2ccccc2c1=O
CHEMBL192472,COc1ccc(/C=C\c2cc(OC)c(OC)c(OC)c2)cc1N(C)C,4.143395900726318,0.15517241379310345,COc1cc2ncn(CC(=O)O)c(=O)c2cc1OC
CHEMBL87982,COc1ccc(/C=C/c2cc(OC)c(OC)c(OC)c2)cc1,4.617420196533203,0.19298245614035087,COc1ccc(Br)c(-c2nnc(CCC(=O)O)o2)c1
CHEMBL222389,COc1ccc(C2=C(c3cc(OC)c(OC)c(OC)c3)C(=O)CC2C)cc1C(=O)[O-].[Na+],4.170244216918945,0.19117647058823528,COc1cc2ncn(CC(=O)O)c(=O)c2cc1OC
CHEMBL372944,COc1cc(C2=C(c3ccccc3)C(=O)NC2=O)cc(OC)c1OC,5.813183784484863,0.21818181818181817,COc1cc2ncn(CC(=O)O)c(=O)c2cc1OC
CHEMBL341649,O=C(/C(=C/c1ccc(O)cc1)c1ccc(O)cc1)c1ccccc1,5.89916467666626,0.2708333333333333,O=C(Cc1ccccc1)Oc1c(OC(=O)Cc2ccccc2)c(-c2ccc(O)cc2)c(O)c(O)c1-c1ccc(O)cc1
CHEMBL101506,Oc1cc(O)cc(/C=C/c2ccccc2)c1,4.984667778015137,0.23255813953488372,O=C(Cc1ccccc1)Oc1c(OC(=O)Cc2ccccc2)c(-c2ccc(O)cc2)c(O)c(O)c1-c1ccc(O)cc1
CHEMBL313687,COc1ccc(/C=C\c2cc(O)cc(O)c2)cc1,4.25213623046875,0.2222222222222222,COc1ccc(Br)c(-c2nnc(CCC(=O)O)o2)c1
CHEMBL414976,C[N+]1(C)C[C@@]23C4=C5C6=C7c8c9c%10c%11c%12c%13c%14c%15c%16c%17c%18c%19c%20c%21c%22c%23c%24c%25c%26c%27c(c(c8c8c%10c%13c(c%278)c8c%14c%17c(c%24c%22%18)c%268)[C@@]72C1)[C@H]%25[C@@H]3C=%23[C@@H]4[C@H]%21c1c5c2c3c(c1-%20)[C@H]([C@H]%19%16)[C@@]1(C[N+](C)(C)C[C@]%12%151)C3=C%11[C@H]9[C@H]62.[I-].[I-],6.260737419128418,0.0782608695652174,CC(C)C[C@H](NC(=O)C1(C(F)(F)F)CCCCC1)C(=O)Nc1nnc(Cc2ccc(C#N)cc2)s1
CHEMBL43442,C[S+]([O-])c1ccc(C2=C3c4ccccc4CCC3(O)OC2=O)cc1,5.134021759033203,0.175,O=C(O)CNC(=O)c1ccc(S(=O)(=O)N2CCC3(CC2)OCc2ccccc23)cc1
CHEMBL446586,COc1cc(/C=C(/c2ccc(F)cc2)C(F)(F)F)cc(OC)c1,5.037767887115479,0.2,Cc1cc(C(=O)CN2CCCC2)c(C)n1-c1ccc(F)cc1
CHEMBL463109,C[C@H]1CC[C@H]2[C@H](C1)c1c(O)cc(/C=C/c3ccccc3O)cc1OC2(C)C,5.746514797210693,0.15294117647058825,CC1CN(S(=O)(=O)c2ccc(C(=O)NCC(=O)O)cc2)CCC1c1ccccc1
CHEMBL517946,C=C(C)[C@H]1CC[C@H](C)C[C@@H]1c1c(O)cc(/C=C/c2ccccc2)cc1O,4.735523223876953,0.18666666666666668,CC1CN(S(=O)(=O)c2ccc(C(=O)NCC(=O)O)cc2)CCC1c1ccccc1
CHEMBL180024,COc1cc(/C=C\c2ccc3ccccc3c2)cc([N+](=O)[O-])c1OC,5.43345308303833,0.1686746987951807,COc1ccccc1CNC(=O)Cn1c(CCC(=O)O)nc2c(Cl)cccc2c1=O
CHEMBL105771,COc1cc(/C=C/c2ccccc2)ccc1Nc1c2ccccc2nc2ccccc12,5.222362041473389,0.22784810126582278,COc1ccccc1CNC(=O)Cn1c(CCC(=O)O)nc2c(Cl)cccc2c1=O
CHEMBL303196,CN(C)CCOc1ccc(/C(=C(/CCO)c2ccccc2)c2ccccc2)cc1,4.927834510803223,0.22,CC(CC(=O)c1ccccc1)C(=O)O
CHEMBL314798,C/C(=C1\C(=O)Nc2ccccc21)c1ccc(N2CCCCC2)cc1,5.569570541381836,0.2153846153846154,Cc1cc(C(=O)CN2CCCC2)c(C)n1-c1ccc(F)cc1
CHEMBL237642,COc1cccc(/C=C/c2ccc(C(=O)Nc3cc(C(=O)Nc4cc(C(=O)NCCN5CCOCC5)n(C)c4)n(C)c3)cc2)c1,4.627055168151856,0.25842696629213485,Cn1cc(S(=O)(=O)N2CCC(c3ccccc3)CC2)cc1C(=O)NCC(=O)O
CHEMBL186096,CCCCC(CC)C(=O)Oc1cc(O)cc(/C=C/c2ccccc2)c1,5.191042900085449,0.22950819672131148,O=C(Cc1ccccc1)Oc1c(OC(=O)Cc2ccccc2)c(-c2ccc(O)cc2)c(O)c(O)c1-c1ccc(O)cc1
CHEMBL238043,COc1cccc(/C=C/c2cccc(C(=O)Nc3cc(C(=O)Nc4cc(C(=O)NCCCN(C)C)n(C)c4)n(C)c3)c2)c1,4.442461967468262,0.2558139534883721,Cn1cc(S(=O)(=O)N2CCC(c3ccccc3)CC2)cc1C(=O)NCC(=O)O
CHEMBL87477,COc1cc(/C=C/c2ccc(N)cc2)cc(OC)c1OC,4.951527118682861,0.16666666666666666,COc1cc2ncn(CC(=O)O)c(=O)c2cc1OC
CHEMBL229245,COc1ccc(C2=Cc3ccccc3CC2)c(OC)c1OC,4.323487758636475,0.15,COc1ccccc1CNC(=O)Cn1c(CCC(=O)O)nc2c(Cl)cccc2c1=O
CHEMBL538406,N#C/C(C(=O)Nc1ccc(/C=C/c2ccc(Cl)cc2)cc1)=C(/O)C1CC1,5.193658828735352,0.22972972972972974,O=C(O)CNC(=O)c1ccc(S(=O)(=O)N2CCC(c3ccc(Cl)cc3)CC2)cn1
CHEMBL14625,CCC1=C(c2ccc(O)cc2)c2ccc(OCC(O)CO)cc2Sc2ccccc21,4.937338829040527,0.2,O=C(Cc1ccccc1)Oc1c(OC(=O)Cc2ccccc2)c(-c2ccc(O)cc2)c(O)c(O)c1-c1ccc(O)cc1
CHEMBL29945,CC/C(=C(\c1ccccc1)c1ccc(OC(C)=O)c(OC(C)=O)c1)c1ccc(OC(C)=O)c(OC(C)=O)c1,5.237582206726074,0.2826086956521739,CC(CC(=O)c1ccccc1)C(=O)O
CHEMBL402141,CN(C)c1ccc(/C=C/c2ccc(-c3nc4cc(OCCF)ccc4o3)cc2)cc1,4.334016799926758,0.18421052631578946,COc1ccc(Br)c(-c2nnc(CCC(=O)O)o2)c1
CHEMBL415282,CNc1ccc(/C=C/c2ccc(-c3nc4cc(OCCF)ccc4o3)cc2)cc1,4.8518781661987305,0.18421052631578946,COc1ccc(Br)c(-c2nnc(CCC(=O)O)o2)c1
CHEMBL369757,COc1ccc(/C=C/c2ccc3ccccc3c2)cc1[N+](=O)[O-],5.16661548614502,0.16129032258064516,COc1cc2ncn(CC(=O)O)c(=O)c2cc1OC
CHEMBL453371,COc1cc(/C=C\c2ccc(OC)c(NC(=O)NCCN3CCOCC3)c2)cc(OC)c1.Cl,4.970605850219727,0.21951219512195122,O=C(O)CNC(=O)c1ccc(S(=O)(=O)N2CCC(N3CCOCC3)CC2)cc1
CHEMBL409259,CC1C2c3cc4/c5c6c7c8c9c%10c6c4c4c3C3=C6c%11c%12c%13c%14c%15c(c9c9c%16c8c(c8/c(c%17c%18c%19c(c(c%11c%11c%19c%19c%17c8c%16c(c%149)c%19c%13%11)C62)C1C%181C[N+](C)(C)C1)=C\C\C=5)C7)C%10C4C31C[N+](C)(C)CC%12%151.[I-].[I-],5.823347091674805,0.08208955223880597,Cc1cc(Cl)cc(-c2ccnc3cc(CN4C(=O)C5C(C4=O)C5(C)C)sc23)c1O[C@@H]1CCNC[C@@H]1C
CHEMBL472637,Oc1ccc(/C=C/c2ccccc2)c(O)c1,4.806278705596924,0.20833333333333334,O=C(Cc1ccccc1)Oc1c(OC(=O)Cc2ccccc2)c(-c2ccc(O)cc2)c(O)c(O)c1-c1ccc(O)cc1
CHEMBL520204,COc1ccc(/C=C/c2cc(OC)c(OC)c(OC)c2)c(O)c1O,4.719995498657227,0.19642857142857142,COc1cc2ncn(CC(=O)O)c(=O)c2cc1OC
CHEMBL313527,CS(=O)(=O)c1ccc(C2=C(c3ccc(O)cc3)C(=O)OC2)cc1,5.51744556427002,0.21818181818181817,O=C(Cc1ccccc1)Oc1c(OC(=O)Cc2ccccc2)c(-c2ccc(O)cc2)c(O)c(O)c1-c1ccc(O)cc1
CHEMBL370969,O=C1Oc2ccccc2/C1=C\c1ccc([N+](=O)[O-])cc1,5.277443885803223,0.15,O=C(O)CCc1nnc(-c2ccccc2I)o1
CHEMBL105217,COc1ccc(/C=C(/C[N+](C)(C)C)c2cc(OC)c(OC)c(OC)c2)cc1.[I-],6.626285076141357,0.19402985074626866,COc1ccc(Br)c(-c2nnc(CCC(=O)O)o2)c1
CHEMBL45398,CSc1ccc(C2=C(c3ccc(OCC4CO4)cc3)C(=O)N3CCCC3C2)cc1,4.7414326667785645,0.1724137931034483,Cc1cc(C(=O)NCC(=O)O)ccc1S(=O)(=O)N1CCC(c2ccccc2)CC1
CHEMBL34648,Oc1ccc(C(=C(Cl)c2ccccc2)c2ccc(O)cc2)cc1,5.63637638092041,0.25,O=C(Cc1ccccc1)Oc1c(OC(=O)Cc2ccccc2)c(-c2ccc(O)cc2)c(O)c(O)c1-c1ccc(O)cc1
CHEMBL334747,CC1=CC(C)(C)Nc2ccc3c(c21)/C(=C/c1ccccc1C#N)Oc1ccc(F)cc1-3,6.065054893493652,0.11627906976744186,Cc1cc(C(=O)CN2CCCC2)c(C)n1-c1ccc(F)cc1
CHEMBL8566,CC(C)(C)c1cc(/C=C/c2ccccc2)cc(C(C)(C)C)c1O,6.492069244384766,0.19047619047619047,CC(CC(=O)c1ccccc1)C(=O)O
CHEMBL40007,C/C(=C\c1ccc(C(=O)O)cc1)c1ccc2c(c1)C1CCC2C1,4.503137588500977,0.22857142857142856,CC1CC(c2ccccc2)CCN1S(=O)(=O)c1ccc(C(=O)NCC(=O)O)cc1
CHEMBL352702,Fc1cccc(C(=C(c2ccccc2)c2ccccc2)C(F)(F)F)c1,5.757590293884277,0.2222222222222222,O=C(O)CNC(=O)c1ccc(S(=O)(=O)N2CCC(c3cccc(F)c3)CC2)cc1
CHEMBL248338,CN(C)c1cc(/C=C/c2cccc(/C=C/c3ccc(O)c(N(C)C)c3)c2)ccc1O,3.9213128089904794,0.13432835820895522,CCC[C@H](NC(=O)/C(C#N)=C/c1cccc(Br)n1)c1ccccc1
CHEMBL239429,CCN(CC)/[N+]([O-])=N\OCOC(=O)/C(=C/c1ccc(S(C)(=O)=O)cc1)c1cccc(Br)c1,6.214101314544678,0.17045454545454544,O=C(O)CNC(=O)c1ccc(S(=O)(=O)N2CCC(c3ccc(Br)cc3)CC2)cc1
CHEMBL428750,COc1ccc(/C=C/c2ccc(NC(=O)NCCCl)cc2)cc1O,5.283026695251465,0.20588235294117646,COc1cc2oc(=O)cc(C)c2cc1CCC(=O)O
CHEMBL47833,CCCCCCNC(=O)c1cc(/C=C\c2cc(OC)ccc2OC)ccc1OC,4.875339508056641,0.21621621621621623,COc1ccc(Br)c(-c2nnc(CCC(=O)O)o2)c1
CHEMBL463153,C1CCNCC1.C1CCNCC1.COc1ccc(/C=C\c2cc(F)c(OC)c(OC)c2)cc1OP(=O)(O)O,6.238201141357422,0.15476190476190477,O=C(O)CNC(=O)c1ccc(S(=O)(=O)N2CCC(N3CCCC3)CC2)cc1F
CHEMBL440841,CC/C(=C(/c1ccccc1)c1ccc(OC(C)=O)c(OC(C)=O)c1)c1ccccc1,5.239667892456055,0.2826086956521739,CC(CC(=O)c1ccccc1)C(=O)O
CHEMBL312822,NS(=O)(=O)c1ccc(C2=C(c3ccc(F)c(Cl)c3)CC3(CC3)C2)cc1,5.540782451629639,0.20833333333333334,O=C(O)CNC(=O)c1ccc(S(=O)(=O)N2CCC(N3CCCC3)CC2)cc1F
CHEMBL270152,CN(C)c1ccc(/C=C/c2ccc(-c3nc4ccc(OCCCF)cc4s3)cc2)cc1,4.341947078704834,0.12345679012345678,COc1ccc(Br)c(-c2nnc(CCC(=O)O)o2)c1
CHEMBL89291,COc1cc(/C=C/c2ccc(N(C)C)cc2)cc(OC)c1OC,4.419429302215576,0.16071428571428573,COc1cc2ncn(CC(=O)O)c(=O)c2cc1OC
CHEMBL83176,N#Cc1cc(/C=C/c2ccccc2)ccc1N,5.818653583526611,0.1951219512195122,N#CSc1cc(SC#N)c(N)nc1N
CHEMBL1084,CS(=O)(=O)c1ccc(C2=C(c3ccccc3)C(=O)OC2O)cc1,5.498873710632324,0.22580645161290322,O=C(O)CCC(=O)c1ccc(S(=O)(=O)N2CCC(c3ccccc3)CC2)cc1
CHEMBL422678,CO/C=C(/C(=O)OC)c1ccccc1/C=C/c1ccccc1C(F)(F)F,5.72899055480957,0.17333333333333334,CCC[C@H](NC(=O)/C(C#N)=C/c1cccc(Br)n1)c1ccccc1
CHEMBL514709,COc1ccc(/C=C2/C(=O)Nc3ccccc32)c(OC)c1,5.417295455932617,0.20967741935483872,COc1cc2ncn(CC(=O)O)c(=O)c2cc1OC
CHEMBL75426,CCNC(=O)/C(=C/c1ccc(OC)cc1)c1cc(OC)c(OC)c(OC)c1,4.226698875427246,0.22058823529411764,COc1ccc(Br)c(-c2nnc(CCC(=O)O)o2)c1
CHEMBL365432,CCC/C(=C(\c1ccccc1)c1ccc(S(C)(=O)=O)cc1)c1ccccc1,5.518139839172363,0.30357142857142855,O=C(O)CCC(=O)c1ccc(S(=O)(=O)N2CCC(c3ccccc3)CC2)cc1
CHEMBL282836,CC/C(=C(/c1ccccc1)c1ccc(OC(C)=O)c(OC(C)=O)c1)c1cccc(OC(C)=O)c1,5.29179573059082,0.25,CC(CC(=O)c1ccccc1)C(=O)O
CHEMBL228325,NCCCCNCCCNCCCCNC(=O)N1c2ccccc2C=Cc2ccccc21,6.336101531982422,0.1875,O=C(O)CNC(=O)c1ccc(S(=O)(=O)N2Cc3ccccc3C2)cc1
CHEMBL508624,COc1ccc(/C=C2/C(=O)Nc3ccccc32)c(O)c1,5.571688652038574,0.22388059701492538,COc1ccc(Br)c(-c2nnc(CCC(=O)O)o2)c1
CHEMBL469510,COc1ccc2c(c1)OCCC(c1ccc(O)cc1)=C2c1ccc(OCCN2CCCC2)cc1,4.333414554595947,0.2,COc1ccc(Br)c(-c2nnc(CCC(=O)O)o2)c1
CHEMBL210442,FC(F)(F)c1cc(/C=C/c2ccccc2)c2[nH]c(N3CCN(c4ncccc4C(F)(F)F)CC3)nc2c1,4.558691501617432,0.16129032258064516,O=C(O)CNC(=O)c1ccc(S(=O)(=O)N2CCC(c3cccc(C(F)(F)F)c3)CC2)cc1
CHEMBL188138,O=C1O/C(=C\c2ccc([N+](=O)[O-])cc2)c2ccccc21,5.039844512939453,0.15517241379310345,O=C(O)CCc1nnc(-c2ccccc2I)o1
CHEMBL368624,FC(F)(F)C(=C(c1ccccc1)c1ccccc1)c1ccc(Cl)cc1,5.722604274749756,0.21951219512195122,CC(CC(=O)c1ccccc1)C(=O)O
CHEMBL36455,COc1ccc(/C=C/c2cc(OC)c(OC)c(OC)c2)cc1O,4.546146392822266,0.18181818181818182,COc1cc2ncn(CC(=O)O)c(=O)c2cc1OC
CHEMBL45948,CSc1ccc(C2=C(c3ccc(SC)cc3)C(=O)N3CCCC3C2)cc1,4.738869667053223,0.16176470588235295,O=C(O)CCC(=O)c1ccc(S(=O)(=O)N2CCC(N3CCCC3)CC2)cc1
CHEMBL264949,O=C1Nc2ccc(I)cc2/C1=C\c1cc(Br)c(O)c(Br)c1,4.597599983215332,0.1774193548387097,O=C(O)CCC(=O)c1ccc2c(c1)CCC(=O)N2
CHEMBL192587,COc1cc(O)cc2c1C(Br)=C(c1ccc(O)cc1)C2=O,4.415932655334473,0.23214285714285715,O=C(Cc1ccccc1)Oc1c(OC(=O)Cc2ccccc2)c(-c2ccc(O)cc2)c(O)c(O)c1-c1ccc(O)cc1
CHEMBL372065,CC1(C)C=Cc2cc(-c3ccco3)cc(/C=C(/C#N)c3ccc(O)cc3)c2O1,6.828000068664551,0.1348314606741573,CCC[C@H](NC(=O)/C(C#N)=C/c1cccc(Br)n1)c1ccccc1
CHEMBL466621,CC(C)c1onc(CSc2c(Cl)cccc2Cl)c1COc1ccc(/C=C/c2cccc(C(=O)O)c2)c(Cl)c1,4.506248474121094,0.18666666666666668,CC(CC(=O)c1ccccc1)C(=O)O
CHEMBL86944,COc1c(Br)cc(/C=C2\C(=O)Nc3ccc(Cl)cc32)cc1C(C)(C)C,6.809567451477051,0.16883116883116883,COc1ccc(Br)c(-c2nnc(CCC(=O)O)o2)c1
CHEMBL88549,CS(=O)(=O)c1ccc(C2=C(c3ccc4c(c3)OCO4)CC3(CC3)C2)cc1,5.686257362365723,0.15584415584415584,O=C(O)CNC(=O)c1ccc(S(=O)(=O)N2CCC3(CC2)OCc2ccccc23)cc1
CHEMBL422444,CSc1ccccc1/C=C1\Oc2ccc(F)cc2-c2ccc3c(c21)C(C)=CC(C)(C)N3,5.937878608703613,0.11764705882352941,Cc1cc(C(=O)CN2CCCC2)c(C)n1-c1ccc(F)cc1
CHEMBL313702,COc1cc(OC)c(/C=C/c2ccccc2)c(OC)c1,5.131718635559082,0.1896551724137931,COc1ccc(Br)c(-c2nnc(CCC(=O)O)o2)c1
CHEMBL214521,CCOc1ccc(/C=C/c2ccccc2)cc1,4.171274662017822,0.2,CC(CC(=O)c1ccccc1)C(=O)O
CHEMBL183683,CCCCCSCCCCCCCCCC/C(=C(/CC)c1ccc(O)cc1)c1cccc(O)c1,5.495597839355469,0.16071428571428573,CC(CC(=O)c1ccccc1)C(=O)O
CHEMBL186667,CCCCCSCCCCCCCCCC/C(=C(/CC)c1cccc(O)c1)c1ccc(O)cc1,5.496559143066406,0.16071428571428573,CC(CC(=O)c1ccccc1)C(=O)O
CHEMBL132565,C=CCNc1nc(N2CCC(NCC3c4ccccc4C=Cc4ccccc43)CC2)nc2c1ncn2CC=C,4.092629909515381,0.14583333333333334,O=C(O)CNC(=O)c1ccc(S(=O)(=O)N2CCC(c3ccccc3)CC2)cn1
CHEMBL92485,CC1(C)C(=O)C(c2ccc(S(C)(=O)=O)cc2)=C1c1ccccc1,6.075654983520508,0.22727272727272727,CC1CN(S(=O)(=O)c2ccc(C(=O)NCC(=O)O)cc2)CCC1c1ccccc1
CHEMBL217139,COc1ccc(/C=C\c2cc(OC)c(OC)c(OC)c2N)cc1,4.829700946807861,0.1746031746031746,COc1ccc(Br)c(-c2nnc(CCC(=O)O)o2)c1
CHEMBL80936,CCCCc1ccc(C2=Cc3ccccc3C3=NCCN23)cc1,5.085843563079834,0.18181818181818182,O=C(O)CCc1nnc(-c2ccccc2I)o1
CHEMBL80647,C=CCN(CC=C)Cc1ccc(C2=Cc3ccccc3C3=NCCN23)cc1,5.506429672241211,0.15714285714285714,O=C(O)CCc1nnc(-c2ccccc2I)o1
CHEMBL214664,COc1cc(/C=C2/C(=O)Nc3cccc(Cl)c32)cc(OC)c1OC,5.503612518310547,0.2222222222222222,COc1ccccc1CNC(=O)Cn1c(CCC(=O)O)nc2c(Cl)cccc2c1=O
CHEMBL217446,COc1cc(/C=C2/C(=O)Nc3ccc(O)cc32)cc(OC)c1OC,4.749711036682129,0.1875,COc1cc2ncn(CC(=O)O)c(=O)c2cc1OC
CHEMBL15974,CNCCSC1=Cc2ccccc2Sc2ccc(Cl)cc21,6.1566162109375,0.125,O=C(O)CNC(=O)c1ccc(S(=O)(=O)N2CCC(c3ccccc3)CC2)cc1Cl
CHEMBL26556,COC(=O)c1c(C(=O)N2CCN(CCO)CC2)cc2cc(OC)c(OC)cc2c1/C=C/c1cc(OC)c(OC)c(OC)c1,4.551405906677246,0.22077922077922077,COc1cc2ncn(CC(=O)O)c(=O)c2cc1OC
CHEMBL8813,CC(C)(C)c1cc(/C=C/c2ccc(F)cc2)cc(C(C)(C)C)c1O,6.014665603637695,0.21818181818181817,Cc1cc(C(=O)CN2CCCC2)c(C)n1-c1ccc(F)cc1
CHEMBL513397,c1ccc(C2=C(c3ccc(OCCN4CCC4)cc3)c3ccccc3OCC2)cc1,4.8513054847717285,0.16455696202531644,O=C(O)CNC(=O)c1ccc(S(=O)(=O)N2CC=C(c3ccccc3)CC2)cc1
CHEMBL73157,O=C1Nc2ccc(C(=O)c3ccco3)cc2/C1=C/c1cc(Cl)c(O)c(Cl)c1,5.209953308105469,0.2,O=C(O)CCC(=O)c1ccc2c(c1)CCC(=O)N2
CHEMBL129158,COc1ccc(/C=C2\C(C)=C(CCN3CCOCC3)c3ccccc32)cc1,4.915693283081055,0.1891891891891892,COc1ccc(Br)c(-c2nnc(CCC(=O)O)o2)c1
CHEMBL483722,CSc1ccc(C2=C(c3ccccc3)C(=O)N3CCCC3C2)cc1,5.458028793334961,0.18666666666666668,O=C(O)CNC(=O)c1ccc(S(=O)(=O)N2CCCC(c3ccccc3)CC2)cc1
CHEMBL69973,Oc1ccc(C2=C(c3ccccc3)Cc3ccccc32)cc1,5.224425792694092,0.2653061224489796,O=C(Cc1ccccc1)Oc1c(OC(=O)Cc2ccccc2)c(-c2ccc(O)cc2)c(O)c(O)c1-c1ccc(O)cc1
CHEMBL15291,C=CCOc1ccc2c(c1)Oc1ccccc1C(CC)=C2c1ccccc1,5.076267242431641,0.16,COc1ccc(Br)c(-c2nnc(CCC(=O)O)o2)c1
CHEMBL340948,COc1cc(/C=C\c2ccc3ncccc3c2)cc(OC)c1OC,5.041236877441406,0.2,COc1cc2ncn(CC(=O)O)c(=O)c2cc1OC
CHEMBL430930,N=C(N)NCCC[C@H](NC(=O)[C@H](CC1CCCCC1)NC(=O)c1n[nH]c(NC(=O)/C(=C/c2ccccc2)c2ccccc2)n1)C(=O)N[C@@H](Cc1ccccc1)C(N)=O,5.716467380523682,0.27184466019417475,CC(C)C[C@H](NC(=O)[C@H](CCCNC(=N)N)NC(=O)[C@@H](N)CC(C)C)C(=O)N[C@@H](CCCNC(=N)N)C(=O)NCC(=O)NCC(=O)O
CHEMBL27513,COc1ccc2c(c1)OCC(c1ccccc1)=C2c1ccc(OCCN2CCCC2)cc1,4.810131072998047,0.2077922077922078,COc1ccc(Br)c(-c2nnc(CCC(=O)O)o2)c1
CHEMBL88568,COc1ccc(/C=C\c2ccc3c(c2)C(C)(C)CCC3(C)C)cc1,6.8148298263549805,0.18032786885245902,COc1ccc(Br)c(-c2nnc(CCC(=O)O)o2)c1
CHEMBL455694,O=C(O)c1cc(/C=C/c2ccc(/C=C/c3cc(Br)c(O)c(C(=O)O)c3)cc2)cc(Br)c1O,4.200533866882324,0.20689655172413793,COc1ccc(Br)c(-c2nnc(CCC(=O)O)o2)c1
CHEMBL294403,Oc1c(Cl)cc(Cl)cc1/C=C/c1ccc(Cl)c(Cl)c1,3.9935498237609854,0.20967741935483872,CC(=O)C1=C(O)C(=O)N(CCc2ccc(Cl)c(Cl)c2)C1c1ccc(Br)cc1
CHEMBL93023,C/C(=C(\c1ccccc1)c1ccc(OCCN(C)C)cc1)c1ccccc1,4.76017951965332,0.2391304347826087,CC(CC(=O)c1ccccc1)C(=O)O
CHEMBL280246,CC/C1=C(\c2ccccc2)c2ccc(OCCN(C)C)cc2CCc2ccccc21,5.02701997756958,0.17333333333333334,O=C(O)CNC(=O)c1ccc(S(=O)(=O)N2CCc3ccccc3C2)cc1
CHEMBL321142,CC(=O)Oc1ccc(/C=C/c2cc(OC(C)=O)cc3c2[C@H](c2cc(OC(C)=O)cc(OC(C)=O)c2)[C@@H](c2ccc(OC(C)=O)cc2)O3)cc1,4.2717108726501465,0.17721518987341772,CC(=O)C1=C(O)C(=O)N(CCc2ccc(Cl)c(Cl)c2)C1c1ccc(Br)cc1
CHEMBL319544,Cc1cc(OCc2c(-c3c(Cl)cccc3Cl)noc2C)cc(C)c1/C=C/c1cccc(C(=O)O)c1,4.800267219543457,0.1797752808988764,Cc1cc(C(=O)NCC(=O)O)ccc1S(=O)(=O)N1CCC(c2ccccc2)CC1
CHEMBL110004,CC(C)NC(=O)c1cc(/C=C/c2ccc(OCc3ccccc3)cc2)ccc1-c1ccc(Cl)cc1,5.958269119262695,0.2318840579710145,O=C(Cc1ccccc1)Oc1c(OC(=O)Cc2ccccc2)c(-c2ccc(O)cc2)c(O)c(O)c1-c1ccc(O)cc1
CHEMBL490864,CN(C)c1ccc(/C=C2/C(=O)N(c3c(Cl)cccc3Cl)c3ccccc32)cc1,5.447669506072998,0.20238095238095238,COc1ccccc1CN(C)C(=O)Cn1c(CCC(=O)O)nc2c(Cl)cccc2c1=O
CHEMBL73321,C/C(=C\c1ccc2c(c1)C(C)(C)CCS2)c1ccc(C(=O)O)cc1,7.588780403137207,0.2033898305084746,O=C(O)CCC(=O)c1ccc2c(c1)CCC2
CHEMBL415449,C/C(=C/c1ccc(C(=O)O)cc1)c1ccc2c(c1)C(C)(C)CCS2,7.366441249847412,0.2033898305084746,O=C(O)CCC(=O)c1ccc2c(c1)CCC2
CHEMBL73520,CCC[C@H]1C(c2ccc(O)cc2)=C(CC)c2ccc(O)cc21,4.789247512817383,0.19298245614035087,O=C(Cc1ccccc1)Oc1c(OC(=O)Cc2ccccc2)c(-c2ccc(O)cc2)c(O)c(O)c1-c1ccc(O)cc1
CHEMBL390550,N#Cc1ccc(/C=C/c2ccc3c(c2)no[n+]3[O-])cc1,4.354720115661621,0.18840579710144928,Cc1cc(C(=O)CN2CCC(O)CC2)c(C)n1-c1ccc(C#N)cc1
CHEMBL306878,CCC1=C(c2ccc(O)cc2)C(CC)c2cc(O)ccc21,4.848468780517578,0.2,O=C(Cc1ccccc1)Oc1c(OC(=O)Cc2ccccc2)c(-c2ccc(O)cc2)c(O)c(O)c1-c1ccc(O)cc1
CHEMBL467774,COc1ccc(/C=C(\F)c2cc(OC)c(OC)c(OC)c2)cc1O,4.769879341125488,0.16666666666666666,COc1cc2ncn(CC(=O)O)c(=O)c2cc1OC
CHEMBL506965,COc1cccc(/C=C2/C(=O)Nc3ccccc32)c1,5.356727600097656,0.19696969696969696,COc1ccc(Br)c(-c2nnc(CCC(=O)O)o2)c1
CHEMBL355779,COc1ccc(/C(=C(/c2ccc(F)cc2)C(F)(F)F)c2ccccc2)cc1,5.996870040893555,0.2127659574468085,CC(CC(=O)c1ccccc1)C(=O)O
CHEMBL515154,O=C1Nc2ccccc2/C1=C1\C(=O)Nc2ccc(Cl)cc21,5.435925960540772,0.18518518518518517,O=C(O)CCC(=O)c1ccc2c(c1)CCC(=O)N2
CHEMBL23936,Oc1ccc2c(c1)CCC1=C2CCc2cc(O)ccc21,3.884920120239258,0.19148936170212766,O=C(O)CCC(=O)c1ccc2c(c1)CCC(=O)N2
CHEMBL277727,CN(C)c1ccc(/C=C/c2ccc(-c3nc4ccc(OCCF)cc4o3)cc2)cc1,4.353702545166016,0.18421052631578946,COc1ccc(Br)c(-c2nnc(CCC(=O)O)o2)c1
CHEMBL376378,O=C1C2C3OC(C(c4ccc(O)cc4)=C3c3ccc(O)cc3)C2C(=O)N1c1ccccc1,5.382137775421143,0.2692307692307692,O=C(Cc1ccccc1)Oc1c(OC(=O)Cc2ccccc2)c(-c2ccc(O)cc2)c(O)c(O)c1-c1ccc(O)cc1
CHEMBL370479,COC(=O)/C=C/c1cccc(N(Cc2ccc(/C=C/c3cccc(Cl)c3)cc2)C(=O)C(C)C)c1,4.987718105316162,0.1935483870967742,COc1ccccc1CN(C)C(=O)Cn1c(CCC(=O)O)nc2c(Cl)cccc2c1=O
CHEMBL142304,N=C(N)c1ccc(/C=C/c2ccc(C(=N)N)cc2)cc1,3.6017000675201416,0.15384615384615385,CC(C)c1ccc(C(=O)CCC(=O)O)cc1
CHEMBL128402,CC/C(=C(/CC)c1ccc(OP(N)(=O)N(CCCl)CCCl)cc1)c1ccc(OP(N)(=O)N(CCCl)CCCl)cc1,5.4319748878479,0.17307692307692307,CC(C)c1ccc(C(=O)CCC(=O)O)cc1
CHEMBL157821,CC(C)N(CCOc1ccc(C(=C(C#N)c2ccccc2)c2ccc(OCCN(C(C)C)C(C)C)cc2)cc1)C(C)C,5.783049583435059,0.2549019607843137,CC(CC(=O)c1ccccc1)C(=O)O
CHEMBL514234,O=C1Nc2ccccc2/C1=C\c1cccc(Oc2ccccc2)c1,5.222664833068848,0.16129032258064516,O=C(O)CCC(=O)c1ccc2c(c1)CCC(=O)N2
CHEMBL332541,COc1ccc(/C=C\c2cc(O)cc(O)c2)cc1N,4.263982772827148,0.18181818181818182,COc1cc2ncn(CC(=O)O)c(=O)c2cc1OC
CHEMBL110057,COc1ccc(C2=C(C(=O)c3ccc(OCCN4CCCC4)cc3)c3ccccc3CC2)cc1,5.071331024169922,0.23076923076923078,O=C(O)CNC(=O)c1ccc(S(=O)(=O)N2CCc3ccccc3C2)cc1
CHEMBL89944,CC1=C(c2ccc(O)cc2)C(CCCCCCNCc2ccccc2)c2ccc(O)cc21,5.729401588439941,0.24615384615384617,O=C(Cc1ccccc1)Oc1c(OC(=O)Cc2ccccc2)c(-c2ccc(O)cc2)c(O)c(O)c1-c1ccc(O)cc1
CHEMBL85263,CC/C(=C(/c1ccc(OCCN(C)C)cc1)c1ccc(C2CO2)cc1)c1ccccc1,4.831353187561035,0.20833333333333334,O=C(O)CCC(=O)c1ccc(S(=O)(=O)N2CCC(c3ccccc3)CC2)cc1
CHEMBL314774,COc1cc(/C=C/c2ccc([N+](=O)[O-])cc2)cc(OC)c1OC,4.990923404693604,0.1724137931034483,COc1cc2ncn(CC(=O)O)c(=O)c2cc1OC
CHEMBL147683,COc1ccc(/C(=C/c2ccccc2)C(=O)c2ccccc2)cc1,5.822718143463135,0.2727272727272727,CC(CC(=O)c1ccccc1)C(=O)O
CHEMBL440409,COC(=O)c1ccc(/C=C/c2cc(OC)cc(OC)c2)cc1,4.021312236785889,0.22033898305084745,COc1ccc(Br)c(-c2nnc(CCC(=O)O)o2)c1
CHEMBL338557,COc1cc(/C=C\c2ccc3cccnc3c2)cc(OC)c1OC,5.0353851318359375,0.2,COc1cc2ncn(CC(=O)O)c(=O)c2cc1OC
CHEMBL222638,COc1ccc(C2=C(c3cc(OC)c(OC)c(OC)c3)/C(=N\O)CC2O[SiH2]C(C)(C)C)cc1OC,7.099998474121094,0.1506849315068493,COc1cc2ncn(CC(=O)O)c(=O)c2cc1OC
CHEMBL310866,Clc1ccc(C2=Cc3ccccc3C3=NCCN23)cc1Cl,4.211637496948242,0.16,O=C(O)CNC(=O)c1ccc(S(=O)(=O)N2CCC(c3ccccc3)CC2)cc1Cl
CHEMBL190104,CCSC1=C(c2ccc(O)cc2)C(=O)c2ccc(O)cc21,4.827635288238525,0.21818181818181817,O=C(Cc1ccccc1)Oc1c(OC(=O)Cc2ccccc2)c(-c2ccc(O)cc2)c(O)c(O)c1-c1ccc(O)cc1
CHEMBL190830,COC(=O)/C=C/c1cccc(N(Cc2ccc(/C=C/c3ccc(F)cc3)cc2)C(=O)C2CCCCC2)c1,4.319860458374023,0.23376623376623376,Cc1cc(C(=O)CN2CCCC2)c(C)n1-c1ccc(F)cc1
CHEMBL234710,CS(=O)(=O)c1ccc(OCc2ccc(F)cc2F)c(C2=C(c3cccc(C(=O)O)c3)CCC2)c1,5.463445663452148,0.23863636363636365,O=C(O)CNC(=O)c1ccc(S(=O)(=O)N2CCC(c3cccc(F)c3)CC2)cc1
CHEMBL103586,O=C(O)c1cc(/C=C/c2ccc(O)c(O)c2)ccc1O,4.234100818634033,0.2037037037037037,Nc1c(C(=O)c2ccccc2)sc2[nH]c(=O)c(C(=O)O)cc12
CHEMBL430032,Nc1ccc(/C=C/c2ccc(-c3nc4cc(OCCCF)ccc4s3)cc2)cc1,4.808144569396973,0.11842105263157894,Nc1c(C(=O)c2ccccc2)sc2[nH]c(=O)c(C(=O)O)cc12
CHEMBL18498,COC1(C)OC(=O)C(c2ccc(F)cc2)=C1c1ccc(S(C)(=O)=O)cc1,6.193144798278809,0.19444444444444445,O=C(O)CNC(=O)c1ccc(S(=O)(=O)N2CCC(c3ccc(F)cc3)CC2)cc1
CHEMBL89538,CC1=C(c2ccc(O)cc2)C(CCCCCCCCN2CCCC2)c2ccc(O)cc21,4.365920066833496,0.21739130434782608,Cc1cc(C(=O)CN2CCCC2)c(C)n1-c1ccc(F)cc1
CHEMBL485891,O=C(O)c1ccc(-c2ccc(F)cc2)cc1/C=C/c1cccc(-c2ccccc2)c1,5.451249122619629,0.2222222222222222,O=C(O)CCc1nnc(-c2cccc(C(F)(F)F)c2)o1
CHEMBL469643,O=C1Oc2cc(O)cc(/C=C/c3ccc(O)cc3)c2[C@]12c1c(O)cc(O)cc1O[C@@H]2c1ccc(O)cc1,5.639308929443359,0.13253012048192772,CC(=O)C1=C(O)C(=O)N(CCc2ccc(Cl)c(Cl)c2)C1c1ccc(Br)cc1
CHEMBL43740,COc1cc(/C=C/c2ccc(OC)cc2F)cc(OC)c1,4.6955389976501465,0.2033898305084746,COc1ccc(Br)c(-c2nnc(CCC(=O)O)o2)c1
CHEMBL372526,Oc1ccc(C2=C(c3ccc(CBr)cc3)c3ccc(O)cc3C2)cc1,4.846120357513428,0.21428571428571427,O=C(Cc1ccccc1)Oc1c(OC(=O)Cc2ccccc2)c(-c2ccc(O)cc2)c(O)c(O)c1-c1ccc(O)cc1
CHEMBL111032,CCC1=C(c2ccccc2)C(c2ccc(OCCN3CCCC3)cc2)Oc2cc(OC)ccc21,4.996459484100342,0.19753086419753085,COc1ccc(Br)c(-c2nnc(CCC(=O)O)o2)c1
CHEMBL268010,COc1ccc(/C=C/c2cc(C(C)(C)C)c(O)c(C(C)(C)C)c2)cc1OC,6.251026153564453,0.19298245614035087,COc1cc2ncn(CC(=O)O)c(=O)c2cc1OC
CHEMBL298484,COc1ccc(C2=C(c3ccc(SC)cc3)CC3CCCN3C2=O)cc1Br,4.395173072814941,0.16883116883116883,Cc1cc(C(=O)CN2CCCC2)c(C)n1-c1ccc(F)cc1
CHEMBL309232,C[C@@H]1Cc2cc(O)ccc2C2=C1c1ccc(O)cc1C[C@@H]2C,2.6994640827178955,0.14893617021276595,O=C(O)CCC(=O)c1ccc2c(c1)CCC2
CHEMBL348316,CN(C)CCCCCOc1ccccc1/C=C/c1ccccc1,4.74864673614502,0.1625,COc1ccccc1CN(C)C(=O)Cn1c(CCC(=O)O)nc2c(Cl)cccc2c1=O
CHEMBL144431,Oc1cccc(C2=Cc3ccc(O)cc3C23Cc2ccccc2C3)c1,5.243751525878906,0.1694915254237288,O=C(Cc1ccccc1)Oc1c(OC(=O)Cc2ccccc2)c(-c2ccc(O)cc2)c(O)c(O)c1-c1ccc(O)cc1
CHEMBL456530,COc1ccc(/C=C2\C=C(CC(=O)O)c3cc(F)ccc32)cc1,4.008402347564697,0.26865671641791045,COc1ccc(Br)c(-c2nnc(CCC(=O)O)o2)c1
CHEMBL84390,CC/C(=C(\c1ccc(O)cc1)c1ccc(OCCN(CC)CC)cc1)c1ccccc1,4.849922180175781,0.21666666666666667,O=C(Cc1ccccc1)Oc1c(OC(=O)Cc2ccccc2)c(-c2ccc(O)cc2)c(O)c(O)c1-c1ccc(O)cc1
CHEMBL15016,C/C(=C/c1ccc(O)cc1)c1ccccc1,5.064825057983398,0.2631578947368421,CC(CC(=O)c1ccccc1)C(=O)O
CHEMBL325432,CCOC(=O)c1ccc(C=C2c3ccccc3C(=O)c3ccccc32)cc1,5.12876558303833,0.25,CC(CC(=O)c1ccccc1)C(=O)O
CHEMBL426804,CCN(CC)CCOc1ccc(C2=C(c3ccccc3)CCOc3ccccc32)cc1,4.800976753234863,0.14925373134328357,O=C(O)CCc1nnc(-c2ccccc2)o1
CHEMBL192030,COc1ccc(/C=C\c2cc(OC)c(OC)c(OC)c2)cc1OCC[N+](C)(C)C.[I-],8.021586418151855,0.1774193548387097,COc1cc2ncn(CC(=O)O)c(=O)c2cc1OC
CHEMBL111356,CN(C)c1ccc(C2=C(c3ccc(S(N)(=O)=O)cc3)CCC2)cc1Cl,4.713745594024658,0.19117647058823528,CN(C)C1CCN(S(=O)(=O)c2ccc(C(=O)NCC(=O)O)cc2)CC1
CHEMBL34720,COc1ccc(/C=C\c2cc(OC)c(OC)c(OC)c2)cc1OP(=O)(O)OCC(F)(F)F.N,6.169650554656982,0.17391304347826086,COc1cc2ncn(CC(=O)O)c(=O)c2cc1OC
CHEMBL461052,O=C(Nc1ccc2c(c1)N(O)C(=O)/C2=C(\O)c1ccccc1)c1ccc(NC(=O)c2cccs2)cc1,5.251758575439453,0.27586206896551724,O=C(O)CCC(=O)c1cccs1
CHEMBL376082,COc1cc(C2=C(c3cc(C)c(OC)c(C)c3)C(O)CC2=O)cc(OC)c1OC,3.8596696853637695,0.24193548387096775,COc1cc2oc(=O)cc(C)c2cc1CCC(=O)O
CHEMBL435140,CC(C)(C)[SiH2]OC1CC(=O)C(c2ccccc2)=C1c1ccccc1,6.928299427032471,0.18309859154929578,CC1CC(c2ccccc2)CCN1S(=O)(=O)c1ccc(C(=O)NCC(=O)O)cc1
CHEMBL11848,COc1ccc2c(c1OC)CN1CCc3cc4c(cc3C1=C2)OCO4,3.7680604457855225,0.14666666666666667,COc1cc2oc(=O)cc(C)c2cc1CCC(=O)O
CHEMBL102944,COc1cc(/C(C#N)=C\c2ccc(C)c(N)c2)cc(OC)c1OC,5.146845817565918,0.1791044776119403,COc1cc2oc(=O)cc(C)c2cc1CCC(=O)O
CHEMBL476923,CC(C)=CCC/C(C)=C/Cc1c(O)cc(/C=C/c2ccc(O)c(O)c2)cc1O,3.460566282272339,0.136986301369863,CC(=O)C1=C(O)C(=O)N(CCc2ccc(Cl)c(Cl)c2)C1c1ccc(Br)cc1
CHEMBL434586,CCCCc1nc(Cl)c(CC(=O)OC)n1Cc1ccc(N2C(=O)C(c3ccccc3)=C(c3ccccc3)C2=O)cc1,4.387756824493408,0.26373626373626374,COc1ccccc1CNC(=O)Cn1c(CCC(=O)O)nc2c(Cl)cccc2c1=O
CHEMBL448472,C1=C(c2ccccc2)C(c2ccccc2OCCN2CCCCC2)Oc2ccccc21,4.658450126647949,0.16216216216216217,Cc1cc(C(=O)CN2CCCC2)c(C)n1-c1ccc(F)cc1
CHEMBL68936,C[N+](C)(CCCCCC[N+](C)(C)CCCN1C(=O)c2ccccc2/C1=C\c1ccccc1)CCCN1C(=O)c2ccccc2/C1=C\c1ccccc1.[Br-].[Br-],7.0131940841674805,0.16363636363636364,CC(CC(=O)c1ccccc1)C(=O)O
CHEMBL33596,CC/C(=C(/CC)c1cccc(O)c1)c1cccc(O)c1,4.502200126647949,0.24324324324324326,CC(CC(=O)c1ccccc1)C(=O)O
CHEMBL370250,COc1ccc(/C=C\c2cc(C)c(C)c(C)c2)cc1O,3.877167224884033,0.21052631578947367,COc1cc2oc(=O)cc(C)c2cc1CCC(=O)O
CHEMBL224240,O=S(=O)(Oc1ccc(O)cc1)[C@H]1CC2OC1C(c1ccccc1)=C2c1ccccc1,5.309866905212402,0.23728813559322035,O=C(Cc1ccccc1)Oc1c(OC(=O)Cc2ccccc2)c(-c2ccc(O)cc2)c(O)c(O)c1-c1ccc(O)cc1
CHEMBL240076,CCN(CC)/[N+]([O-])=N\OCOC(=O)/C(=C/c1ccc(S(C)(=O)=O)cc1)c1ccc(NC(C)=O)cc1,6.488861560821533,0.19047619047619047,CN(C)C1CCN(S(=O)(=O)c2ccc(C(=O)NCC(=O)O)cc2)CC1
CHEMBL225807,C(=C\c1ccc2nonc2c1)\c1ccc2c(c1)OCO2,3.8961899280548096,0.09230769230769231,O=C(O)CCc1nnc(-c2cccc(C(F)(F)F)c2)o1
CHEMBL130305,COC(=O)c1cc(/C=C/c2cc(OC)ccc2OC)ccc1O,4.266606330871582,0.22388059701492538,COc1ccc(Br)c(-c2nnc(CCC(=O)O)o2)c1
CHEMBL225808,CN(C)c1ccc(/C=C/c2ccc3c(c2)no[n+]3[O-])cc1,3.9058117866516113,0.09859154929577464,COc1ccc(Br)c(-c2nnc(CCC(=O)O)o2)c1
CHEMBL77227,O=C(NC1CCCCC1)Oc1ccc(/C=C/c2ccccc2)cc1,5.674457550048828,0.22388059701492538,O=C(O)CNC(=O)c1ccc(S(=O)(=O)N2CCC(Oc3ccccc3)CC2)cc1
CHEMBL209688,O=C1O/C(=C\c2ccccc2Cl)c2ccccc21,4.309720039367676,0.16666666666666666,O=C(O)CCc1nnc(-c2ccccc2I)o1
CHEMBL115488,COc1cccc(C=C2c3ccccc3C(=O)c3ccccc32)c1O,5.16950798034668,0.21052631578947367,COc1ccccc1CNC(=O)Cn1c(CCC(=O)O)nc2c(Cl)cccc2c1=O
CHEMBL47022,CC1(C)OC(c2ccc(S(C)(=O)=O)cc2)=C(c2cccc(C(F)(F)F)c2)C1=O,6.210287094116211,0.2923076923076923,O=C(O)CCc1nnc(-c2cccc(C(F)(F)F)c2)o1
CHEMBL93803,CS(=O)(=O)c1ccc(C2=C(c3ccccc3)CC2)cc1,5.640461444854736,0.2727272727272727,O=C(O)CNC(=O)c1ccc(S(=O)(=O)N2CC=C(c3ccccc3)CC2)cc1
CHEMBL80774,C1=C(c2ccc(CN(C3CCCCC3)C3CCCCC3)cc2)N2CCN=C2c2ccccc21,5.345367431640625,0.1625,O=C(O)CNC(=O)c1ccc(S(=O)(=O)N2CCC(c3ccccc3)CC2)o1
CHEMBL56896,CC/C(=C(/c1ccc(OC(C)=O)cc1)c1cccc(OC(C)=O)c1)c1ccccc1,5.290145397186279,0.2708333333333333,CC(CC(=O)c1ccccc1)C(=O)O
CHEMBL466148,COc1ccc(/C(F)=C/c2cc(OC)c(OC)c(OC)c2)cc1[N+](=O)[O-],4.685678005218506,0.16923076923076924,COc1cc2ncn(CC(=O)O)c(=O)c2cc1OC
CHEMBL303478,COc1cc(Nc2c(C#N)cnc3cc(/C=C/c4ccccc4)c(OC)cc23)c(Cl)cc1Cl,5.683404445648193,0.22666666666666666,COc1cc2ncn(CC(=O)O)c(=O)c2cc1OC
CHEMBL192357,CCOc1cc(/C=C\c2ccc(OC)c(F)c2)cc(OCC)c1OCC,5.040085792541504,0.18333333333333332,COc1cc2ncn(CC(=O)O)c(=O)c2cc1OC
CHEMBL364234,COc1cc(/C=C\c2ccc(C)c(C)c2)cc(OC)c1OC,4.575761795043945,0.19642857142857142,COc1cc2oc(=O)cc(C)c2cc1CCC(=O)O
CHEMBL73754,CC[C@H]1C(c2ccc(O)cc2)=C(C)c2cc(O)ccc21,4.845269203186035,0.2037037037037037,O=C(Cc1ccccc1)Oc1c(OC(=O)Cc2ccccc2)c(-c2ccc(O)cc2)c(O)c(O)c1-c1ccc(O)cc1
CHEMBL24009,CS(=O)(=O)c1ccc(C2=C(c3cc(F)cc(F)c3)C(=O)CC2)cc1,5.177224159240723,0.18309859154929578,O=C(O)CNC(=O)c1ccc(S(=O)(=O)N2CCC(c3cccc(F)c3)CC2)cc1
CHEMBL92842,N#Cc1ccc(OCc2cccnc2)cc1/C=C(/C(=O)O)c1ccccc1,5.725572109222412,0.2,O=C(Cc1ccccc1)Oc1c(OC(=O)Cc2ccccc2)c(-c2ccc(O)cc2)c(O)c(O)c1-c1ccc(O)cc1
CHEMBL167779,CCN(CC)CCOc1ccc(/C(=C(\Cl)c2ccccc2)c2ccccc2)cc1,4.950423240661621,0.22448979591836735,CC(CC(=O)c1ccccc1)C(=O)O
CHEMBL360310,CS(=O)(=O)c1ccc(/C(=C/c2ccc(Cl)cc2)c2ccccc2)cc1,5.75390625,0.2698412698412698,O=C(O)CNC(=O)c1ccc(S(=O)(=O)N2CCC(c3ccc(Cl)cc3)CC2)cc1
CHEMBL44806,CSc1ccc(C2=C(c3ccc(Br)cc3)C(=O)N3CCCC3C2)cc1,4.744466781616211,0.20270270270270271,CC(=O)C1=C(O)C(=O)N(CCc2ccc(Cl)c(Cl)c2)C1c1ccc(Br)cc1
CHEMBL298439,CSc1ccc(C2=C(c3ccc(OCCN4CCOCC4)cc3)C(=O)N3CCCC3C2)cc1,4.825335502624512,0.1839080459770115,O=C(O)CNC(=O)c1ccc(S(=O)(=O)N2CCC(N3CCOCC3)CC2)cc1
CHEMBL91787,CC1=C(c2ccc(O)cc2)C(CCCCCCN2CCCCC2)c2ccc(O)cc21,3.981228828430176,0.21428571428571427,Cc1cc(C(=O)CN2CCCC2)c(C)n1-c1ccc(F)cc1
CHEMBL353959,CC(=O)c1ccc(C2=C(c3ccc(S(N)(=O)=O)cc3)OC(C)(C)C2=O)cc1,6.552017688751221,0.21333333333333335,O=C(O)CNC(=O)c1ccc(S(=O)(=O)N2CCC3(CC2)OCc2ccccc23)cc1
CHEMBL291710,Cc1ccc(/C=C/c2cc(C)c(O)c(C)c2)cc1,4.037212371826172,0.14814814814814814,Cc1cc(C(=O)CN2CCCC2)c(C)n1-c1ccc(F)cc1
CHEMBL221555,COc1ccc(C2=C(c3cc(OC)c(OC)c(OC)c3)C(=O)CC2O)cc1O,4.232200145721436,0.18461538461538463,COc1cc2ncn(CC(=O)O)c(=O)c2cc1OC
CHEMBL517921,CN(CCC(=O)N1CCN(c2ccc([N+](=O)[O-])cc2)CC1)CCC1c2ccccc2C=Cc2ccccc21,4.435952186584473,0.18518518518518517,O=C(O)CCC(=O)c1ccc(S(=O)(=O)N2CCC(c3ccccc3)CC2)cc1
CHEMBL330516,CC1(C)C(c2ccc(S(C)(=O)=O)cc2)=C(c2ccccc2)/C1=N/O,6.829832077026367,0.25,CC1CN(S(=O)(=O)c2ccc(C(=O)NCC(=O)O)cc2)CCC1c1ccccc1
CHEMBL447074,COc1ccc(/C=C\c2cc(OC)c3c(c2)OCO3)cc1NC(=O)[C@H](Cc1ccc(OP(=O)(OCc2ccccc2)OCc2ccccc2)cc1)NC(=O)OCc1ccccc1,5.57863712310791,0.2692307692307692,CC(C)(C)NS(=O)(=O)c1cccc2c(NC(=O)[C@H](Cc3ccccc3)NC(=O)C3CC3)cccc12
CHEMBL246773,COc1ccc(/C=C\c2ccc(NC(=O)NCCCl)cc2)cc1O,5.283026695251465,0.20588235294117646,COc1cc2oc(=O)cc(C)c2cc1CCC(=O)O
CHEMBL507494,COc1ccc(/C=C/c2cc(OC)c(OC)c(OC)c2)c(O)c1,4.771441459655762,0.20967741935483872,COc1ccc(Br)c(-c2nnc(CCC(=O)O)o2)c1
CHEMBL219977,COc1ccc(/C=C2\CC(c3ccc(O)cc3)Oc3cc(OC)ccc32)cc1,4.611878395080566,0.2112676056338028,COc1ccc(Br)c(-c2nnc(CCC(=O)O)o2)c1
CHEMBL125535,COc1cc(/C=C/c2ccc3nc(C)c(C)nc3c2)cc(OC)c1OC,4.417745590209961,0.1896551724137931,COc1cc2ncn(CC(=O)O)c(=O)c2cc1OC
CHEMBL364033,O=C1Oc2ccccc2/C1=C\c1ccc(F)cc1,5.141842842102051,0.16071428571428573,O=C(O)CCc1nnc(-c2ccccc2I)o1
CHEMBL356748,CCN(CC)CCSC1=Cc2ccccc2Oc2ccc(SC)cc21,4.422421455383301,0.1267605633802817,O=C(O)CCc1nnc(-c2ccccc2I)o1
CHEMBL81881,CC/C(=C(/c1ccc(I)cc1)c1ccc(OCCN(C)C)cc1)c1ccccc1,4.807498455047607,0.20754716981132076,CC(CC(=O)c1ccccc1)C(=O)O
CHEMBL151670,COc1ccc(/C=C\c2cc(OC)c3c(c2)OCO3)cc1NC(=O)C(N)CO,5.007192611694336,0.19480519480519481,COc1cc2oc(=O)cc(C)c2cc1CCC(=O)O
CHEMBL274882,CC/C(=C(\c1ccccc1)c1cccc(OC(C)=O)c1)c1cccc(OC(C)=O)c1,5.274270534515381,0.28888888888888886,CC(CC(=O)c1ccccc1)C(=O)O
CHEMBL187551,O=C1Nc2ccc([N+](=O)[O-])cc2/C1=C/c1ccccc1O,5.316793441772461,0.16923076923076924,O=C(O)CCC(=O)c1ccc2c(c1)CCC(=O)N2
CHEMBL319926,N=C(N)NCc1ccc(/C=C/c2ccccc2)cc1,5.790201187133789,0.19047619047619047,O=C(O)CNC(=O)c1ccc(S(=O)(=O)N2CCC(c3ccccc3)CC2)o1
CHEMBL179194,COc1cc(/C=C\c2ccc(N(C)C)c([N+](=O)[O-])c2)cc(OC)c1OC,4.826426029205322,0.15384615384615385,COc1cc2ncn(CC(=O)O)c(=O)c2cc1OC
CHEMBL422087,Cc1ccc(C=C2c3cccc(O)c3C(=O)c3c(O)cccc32)cc1,5.590258121490479,0.14516129032258066,Nc1c(C(=O)c2ccccc2)sc2[nH]c(=O)c(C(=O)O)cc12
CHEMBL366681,O=C(CCCN1CCN(Cc2ccccc2)CC1)NC1c2ccccc2C=Cc2ccccc21,4.507108688354492,0.21621621621621623,O=C(O)CNC(=O)c1ccc(S(=O)(=O)N2CCC(c3ccccc3)CC2)o1
CHEMBL168138,N=C(N)c1ccc(C2=Cc3cc(C(=N)N)ccc3S2(=O)=O)cc1,5.050400733947754,0.14814814814814814,O=C(O)CCC(=O)c1ccc2c(c1)CCC2
CHEMBL494880,Cc1cc(C)cc(/C=C/c2ccccc2)c1,5.597084045410156,0.1891891891891892,CC(CC(=O)c1ccccc1)C(=O)O
CHEMBL449027,Brc1cc(Br)cc(/C=C/c2ccccc2)c1,5.321934223175049,0.15789473684210525,CC(CC(=O)c1ccccc1)C(=O)O
CHEMBL362133,CC(=O)NCCN1c2ccccc2C=Cc2ccccc21,5.439048767089844,0.2222222222222222,CC(CC(=O)c1ccccc1)C(=O)O
CHEMBL364806,CCC(=O)NCCN1c2ccccc2C=Cc2ccc(OC)cc21,5.2802414894104,0.22857142857142856,COc1ccc(Br)c(-c2nnc(CCC(=O)O)o2)c1
CHEMBL18089,CC(C)OC1(C)OC(=O)C(c2ccc(F)cc2)=C1c1ccc(S(C)(=O)=O)cc1,5.744778633117676,0.18666666666666668,O=C(O)CNC(=O)c1ccc(S(=O)(=O)N2CCC(c3ccc(F)cc3)CC2)cc1
CHEMBL234281,CSc1ccc(OCc2ccccc2)c(C2=C(c3cccc(C(=O)O)c3)CCC2)c1,5.736795425415039,0.21739130434782608,O=C(Cc1ccccc1)Oc1c(OC(=O)Cc2ccccc2)c(-c2ccc(O)cc2)c(O)c(O)c1-c1ccc(O)cc1
CHEMBL140454,O=C(O)C(=O)C1Cc2ccccc2CN1S(=O)(=O)c1ccc(/C=C/c2ccccc2)cc1,5.448757648468018,0.3559322033898305,O=C(O)CNC(=O)c1ccc(S(=O)(=O)N2Cc3ccccc3C2)cc1
CHEMBL144704,CC/C(=C(\c1ccccc1)c1ccc(OCC(=O)O)cc1)c1ccccc1,4.611083984375,0.29545454545454547,CC(CC(=O)c1ccccc1)C(=O)O
CHEMBL283290,O=C1C(c2ccccc2)=C(c2ccccc2)C(=O)C1c1ccccc1,4.781408309936523,0.21428571428571427,O=C(O)CCc1nnc(-c2ccccc2)o1
CHEMBL459271,COc1ccc(/C=C/c2cc(O)c(OC)c(OC)c2)cc1[N+](=O)[O-],4.684651374816895,0.171875,COc1cc2ncn(CC(=O)O)c(=O)c2cc1OC
CHEMBL109486,COCc1ccc(C2=C(c3ccc(S(C)(=O)=O)cc3)CCC2)cc1,5.753476619720459,0.18181818181818182,O=C(O)CNC(=O)c1ccc(S(=O)(=O)N2CC=C(c3ccccc3)CC2)cc1
CHEMBL1056,CCN(CC)CCOc1ccc(/C(=C(/Cl)c2ccccc2)c2ccc(O)cc2)cc1,4.902786731719971,0.21666666666666667,O=C(Cc1ccccc1)Oc1c(OC(=O)Cc2ccccc2)c(-c2ccc(O)cc2)c(O)c(O)c1-c1ccc(O)cc1
CHEMBL405127,CS(=O)(=O)c1ccc(/C=C(/C(=O)O)c2ccccc2)cc1,5.134210109710693,0.27906976744186046,CC(CC(=O)c1ccccc1)C(=O)O
CHEMBL73796,CC/C(=C(/CC)c1ccc(O)c(O)c1)c1ccc(O)c(O)c1,4.458229064941406,0.20512820512820512,CC(C)c1ccc(C(=O)CCC(=O)O)cc1
CHEMBL99302,CC[C@@H]1Cc2cc(O)ccc2C2=C1c1ccc(O)cc1CC2,3.657814741134644,0.16666666666666666,O=C(O)CCC(=O)c1ccc2c(c1)CCC(=O)N2
CHEMBL221828,COc1ccc(C2=C(c3cc(OC)c(OC)c(OC)c3)C(=O)CC2O)cc1,4.379076957702637,0.19117647058823528,COc1ccc(Br)c(-c2nnc(CCC(=O)O)o2)c1
CHEMBL96836,OC/C(=C/c1cccc(OCc2ccccc2)c1)c1ccccc1,4.328152179718018,0.21052631578947367,O=C(Cc1ccccc1)Oc1c(OC(=O)Cc2ccccc2)c(-c2ccc(O)cc2)c(O)c(O)c1-c1ccc(O)cc1
CHEMBL256278,COc1ccc(/C=C\c2cc(OC)c(OC)c(OC)c2)c(N)c1N,4.754778861999512,0.17543859649122806,COc1cc2ncn(CC(=O)O)c(=O)c2cc1OC
CHEMBL175749,COc1cccc(/C=C\c2ccc3ccccc3c2)c1,4.470009803771973,0.1864406779661017,COc1ccc(Br)c(-c2nnc(CCC(=O)O)o2)c1
CHEMBL519928,COc1c(O)cc(/C=C/c2cc(O)cc(O)c2)c2c1OC(=O)[C@@]21c2c(O)cc(O)cc2O[C@@H]1c1ccc(O)cc1,5.612687110900879,0.14102564102564102,O=C(Cc1ccccc1)Oc1c(OC(=O)Cc2ccccc2)c(-c2ccc(O)cc2)c(O)c(O)c1-c1ccc(O)cc1
CHEMBL129525,C1=C(CCN2CCOCC2)c2ccccc2/C1=C/c1ccccc1,4.824945449829102,0.18571428571428572,O=C(O)CNC(=O)c1ccc(S(=O)(=O)N2CCC(N3CCOCC3)CC2)cc1
CHEMBL337262,CC1=CC(C)(C)Nc2ccc3c(c21)/C(=C/c1cccc(Cl)c1)Oc1ccccc1-3,5.794116497039795,0.1523809523809524,Cc1cc(Cl)cc(-c2ccnc3cc(CN4C(=O)C5C(C4=O)C5(C)C)sc23)c1O[C@@H]1CCNC[C@@H]1C
CHEMBL164733,BrCCOc1ccc(/C(=C/c2ccccc2)c2ccccc2)cc1,5.03587532043457,0.21739130434782608,CC(CC(=O)c1ccccc1)C(=O)O
CHEMBL424386,CC(=C\C(N)=O)/C(=C/c1ccc2cc3c(cc2c1)C(C)(C)CCC3(C)C)c1cccc(C(N)=O)c1,7.130245208740234,0.15873015873015872,CC(CC(=O)c1ccccc1)C(=O)O
CHEMBL22486,CC/C(=C(/CC)c1ccc(OCCCC(=O)NCc2ccc(-c3c4ccc(=O)cc-4oc4cc(O)ccc34)c(C(=O)O)c2)cc1)c1ccc(O)cc1,3.773824214935303,0.20212765957446807,COc1ccc(Br)c(-c2nnc(CCC(=O)O)o2)c1
CHEMBL47376,O=C1CC(c2nnn[nH]2)Oc2cc(/C=C/c3cccc(OCc4ccc5ccccc5n4)c3)ccc21,3.564377546310425,0.14285714285714285,Cc1cc(Cl)cc(-c2ccnc3cc(CN4C(=O)C5C(C4=O)C5(C)C)sc23)c1O[C@@H]1CCNC[C@@H]1C
CHEMBL418799,O=C1Nc2ccccc2/C1=C\c1ccc(N2CCCCC2)cc1,5.683916091918945,0.16666666666666666,Cc1cc(C(=O)CN2CCCC2)c(C)n1-c1ccc(F)cc1
CHEMBL193148,COC(=O)/C=C/c1cccc(N(Cc2ccc(/C=C/c3cc(C(F)(F)F)cc(C(F)(F)F)c3)cc2)C(=O)C2CCCCC2)c1,4.243418216705322,0.22580645161290322,O=C(O)CNC(=O)c1ccc(S(=O)(=O)N2CCC(c3cccc(C(F)(F)F)c3)CC2)cc1
CHEMBL94067,CC(C)=C1c2ccccc2C=C(C2=CCN(C)CC2)c2ccccc21,4.04931116104126,0.22058823529411764,O=C(O)CNC(=O)c1ccc(S(=O)(=O)N2CC=C(c3ccccc3)CC2)cc1
CHEMBL125199,COc1ccc(/C=C2\C=C(CCN3CCOCC3)c3ccccc32)cc1OC,4.900368690490723,0.16901408450704225,COc1cc2ncn(CC(=O)O)c(=O)c2cc1OC
CHEMBL78310,Clc1cccc(C2=Cc3ccccc3C3=NCCN23)c1,5.1685285568237305,0.15625,O=C(O)CCc1nnc(-c2ccccc2I)o1
CHEMBL369609,CCCCC(=C(c1ccccc1)c1ccccc1)c1ccc(S(=O)(=O)OC)cc1,5.751155376434326,0.2786885245901639,O=C(O)CCC(=O)c1ccc(S(=O)(=O)N2CCC(c3ccccc3)CC2)cc1
CHEMBL482141,CC(=O)OC1(c2ccccc2)OC(c2ccccc2)=C(c2ccccc2)C1=O,5.0442728996276855,0.2222222222222222,O=C(O)CCc1nnc(-c2ccccc2)o1
CHEMBL459937,COc1ccc(/C=C/c2cc(OC)c3ccoc3c2)cc1O,4.273455619812012,0.20967741935483872,COc1cc2oc(=O)cc(C)c2cc1CCC(=O)O
CHEMBL171576,O=C(CCCN1CCN(c2ccccc2F)CC1)NC1c2ccccc2C=Cc2ccccc21,4.879215240478516,0.21686746987951808,O=C(O)CNC(=O)c1ccc(S(=O)(=O)N2CCC(N3C(=O)Cc4ccccc43)CC2)cc1
CHEMBL325042,Cc1ccccc1/C=C\c1cccc(C(F)(F)P(=O)(O)O)c1.N.N,6.022736549377441,0.21875,O=C(O)CCc1nnc(-c2cccc(C(F)(F)F)c2)o1
CHEMBL111314,COc1ccc(C2=C(c3ccc(S(C)(=O)=O)cc3)CCC2)cc1F,5.618188858032227,0.2112676056338028,O=C(O)CNC(=O)c1ccc(S(=O)(=O)N2CCC(N3CCCC3)CC2)cc1F
CHEMBL6456,Oc1ccc(/C(=C(/c2ccccc2)C(F)(F)F)C(F)(F)F)cc1,5.229645729064941,0.25,O=C(Cc1ccccc1)Oc1c(OC(=O)Cc2ccccc2)c(-c2ccc(O)cc2)c(O)c(O)c1-c1ccc(O)cc1
CHEMBL515074,CC(C)OP(=O)(NCCCC(=O)Nc1ccc(/C=C/c2ccccc2)cc1)OC(C)C,6.055932521820068,0.23214285714285715,CC(CC(=O)c1ccccc1)C(=O)O
CHEMBL232427,COc1cc(/C=C(\C(=O)O)c2ccc(Cl)cc2)c([N+](=O)[O-])cc1OC,4.278483867645264,0.21875,COc1cc2ncn(CC(=O)O)c(=O)c2cc1OC
CHEMBL397957,N#Cc1ccc(OCc2ccc(F)cc2F)c(C2=C(c3cccc(C(=O)O)c3)CCC2)c1,5.2611188888549805,0.19540229885057472,Cc1cc(C(=O)CN2CCC(O)CC2)c(C)n1-c1ccc(C#N)cc1
CHEMBL280612,COc1ccc2c(c1)OCC(c1ccc(F)cc1)=C2c1ccc(OCCN2CCCC2)cc1,4.155838966369629,0.2465753424657534,Cc1cc(C(=O)CN2CCCC2)c(C)n1-c1ccc(F)cc1
CHEMBL276614,CCCCC1=C(c2ccc(CCc3ccccc3)cc2)N2CCCN=C2c2ccccc21,5.218009471893311,0.16176470588235295,O=C(Cc1ccccc1)Oc1c(OC(=O)Cc2ccccc2)c(-c2ccc(O)cc2)c(O)c(O)c1-c1ccc(O)cc1
CHEMBL46619,NCC1c2ccccc2C=Cc2ccccc21,4.129588127136231,0.15384615384615385,CC(CC(=O)c1ccccc1)C(=O)O
CHEMBL366422,CC(=O)NS(=O)(=O)c1ccc(C2=C(c3ccc(S(C)(=O)=O)cc3)C(=O)OC2)cc1,5.638487815856934,0.22388059701492538,CN1CCC(NS(=O)(=O)c2ccc(C(=O)NCC(=O)O)cc2)CC1
CHEMBL469723,CC(C)=CCCC1(C)C=Cc2c(O)cc(/C=C/c3ccc(O)c(O)c3)cc2O1,6.346218109130859,0.1375,CC(=O)C1=C(O)C(=O)N(CCc2ccc(Cl)c(Cl)c2)C1c1ccc(Br)cc1
CHEMBL103429,O=C1C(=O)c2ccccc2C(O)=C1c1ccccc1,4.533009052276611,0.23076923076923078,CC(CC(=O)c1ccccc1)C(=O)O
CHEMBL358140,CS(=O)(=O)c1ccc(C2=C(c3cc(F)c(F)c(F)c3)CCC2)cc1,5.166728973388672,0.208955223880597,O=C(O)CNC(=O)c1ccc(S(=O)(=O)N2CCC(N3CCCC3)CC2)cc1F
CHEMBL91810,Cc1ccccc1/C(=C\c1cc(OCc2ccsc2)ccc1C#N)C(=O)O,5.409337997436523,0.19540229885057472,CCC[C@H](NC(=O)/C(C#N)=C/c1cccc(Br)n1)c1ccccc1
CHEMBL400295,CC(C)(C)c1ccc(/C=C(\C#N)c2ccc(C(F)(F)F)cc2)cc1,6.45717716217041,0.1780821917808219,O=C(O)CNC(=O)c1ccc(S(=O)(=O)N2CCC(c3cccc(C(F)(F)F)c3)CC2)cc1
CHEMBL359178,COc1ccc(/C=C\c2cc(OC)c3c(c2)OCO3)cc1[N+](=O)[O-],4.433667182922363,0.17142857142857143,COc1cc2oc(=O)cc(C)c2cc1CCC(=O)O
CHEMBL515325,CC(C)=CCC/C(C)=C/Cc1cc(/C=C/c2cc(O)c(CC=C(C)C)c(O)c2)cc(O)c1O,3.890327453613281,0.13333333333333333,CC(=O)C1=C(O)C(=O)N(CCc2ccc(Cl)c(Cl)c2)C1c1ccc(Br)cc1
CHEMBL276797,CC/C1=C(\c2ccc(O)cc2)c2ccc(OCCN(C)C)cc2SCc2ccccc21,4.613753318786621,0.19718309859154928,O=C(Cc1ccccc1)Oc1c(OC(=O)Cc2ccccc2)c(-c2ccc(O)cc2)c(O)c(O)c1-c1ccc(O)cc1
CHEMBL234709,CSc1ccc(OCc2ccc(F)cc2F)c(C2=C(c3cccc(C(=O)O)c3)CCC2)c1,5.078204154968262,0.1917808219178082,O=C(O)CCC(=O)c1ccc2c(c1)CCC2
CHEMBL221464,COc1ccc(C2=C(c3cc(OC)c(OC)c(OC)c3)C(=O)C(OC(C)=O)C2)cc1Cl,3.7332279682159424,0.19318181818181818,COc1ccccc1CNC(=O)Cn1c(CCC(=O)O)nc2c(Cl)cccc2c1=O
CHEMBL520895,O=S(=O)([O-])O[C@H]1[C@H](O)[C@@H](O)[C@H](Oc2cc(O)cc(/C=C/c3ccc(O)cc3)c2)O[C@@H]1CO.[K+],5.165817260742188,0.1566265060240964,O=C(O)CNC(=O)c1ccc(S(=O)(=O)N2CCC(Oc3ccccc3)CC2)cc1
CHEMBL186728,Cc1cccc(C2=C(c3ccc(OCCN(C)C)cc3)c3ccccc3OCC2)c1,4.714348793029785,0.13414634146341464,COc1ccc(Br)c(-c2nnc(CCC(=O)O)o2)c1
CHEMBL157649,CN(C)CCCCOc1ccccc1/C=C/c1ccc(F)cc1,4.815881729125977,0.171875,Cc1cc(C(=O)CN2CCCC2)c(C)n1-c1ccc(F)cc1
CHEMBL351418,C/C(=C\c1ccc(C(=O)O)cc1)c1ccc2c(c1)C(C)(C)CCC2(C)C.Cc1ccc(C2=CC(C)(C)Sc3cc4ccc(-c5ccc(C(=O)O)cc5)cc4cc32)cc1,7.098892211914063,0.14814814814814814,O=C(O)CCC(=O)c1ccc2c(c1)CCC2
CHEMBL337856,CC1=CC(C)(C)Nc2ccc3c(c21)/C(=C/c1ccccc1C)Oc1c(F)cccc1-3,5.669825553894043,0.1111111111111111,Cc1cc(Cl)cc(-c2ccnc3cc(CN4C(=O)C5C(C4=O)C5(C)C)sc23)c1O[C@@H]1CCNC[C@@H]1C
CHEMBL11512,CC/C(=C(\Cc1ccccc1)c1ccc(OCN(CC)CC)cc1)c1ccccc1,4.129123210906982,0.25,O=C(Cc1ccccc1)Oc1c(OC(=O)Cc2ccccc2)c(-c2ccc(O)cc2)c(O)c(O)c1-c1ccc(O)cc1
CHEMBL341725,O=C(c1cc2c(cc1Cl)Sc1nccn1S2(=O)=O)N1c2ccccc2C=Cc2ccccc21,5.2955641746521,0.17647058823529413,O=C(O)CNC(=O)c1ccc(S(=O)(=O)N2CCC(c3ccccc3)CC2)cc1Cl
CHEMBL281101,CC/C(=C(/c1ccccc1)c1ccc(OC(C)=O)c(OC(C)=O)c1)c1ccc(OC(C)=O)cc1,5.279073715209961,0.26,CC(CC(=O)c1ccccc1)C(=O)O
CHEMBL176382,CCCCCCCCCC(=C(c1ccccc1)c1ccccc1)c1ccc(S(=O)(=O)OC)cc1,6.158098220825195,0.2698412698412698,O=C(O)CCC(=O)c1ccc(S(=O)(=O)N2CCC(c3ccccc3)CC2)cc1
CHEMBL428052,COc1ccc(C2=C(c3cccc(N)c3)C(=O)N3CCCC3C2)cc1,5.024297714233398,0.16049382716049382,Cc1cc(C(=O)CN2CCC(O)CC2)c(C)n1-c1ccc(C#N)cc1
CHEMBL467957,COc1ccc(/C(F)=C/c2cc(OC)c(OC)c(OC)c2)cc1F,4.929163932800293,0.16666666666666666,COc1cc2ncn(CC(=O)O)c(=O)c2cc1OC
CHEMBL410417,CCCc1nc2c(C)cc(C)nc2n1Cc1ccc2c(c1)Oc1ccccc1C=C2c1nnn[nH]1,4.802392959594727,0.1588785046728972,COc1ccccc1CNC(=O)Cn1c(CCC(=O)O)nc2c(Cl)cccc2c1=O
CHEMBL176509,O=C(C1=C(c2ccc(O)cc2)CCc2cc(O)ccc21)c1ccc(OCCN2CCCCC2)cc1,3.953503370285034,0.22857142857142856,O=C(Cc1ccccc1)Oc1c(OC(=O)Cc2ccccc2)c(-c2ccc(O)cc2)c(O)c(O)c1-c1ccc(O)cc1
CHEMBL457404,O=C(O)CC1=C/C(=C\c2ccc(-c3ccccc3)cc2)c2ccc(F)cc21,4.502203941345215,0.22413793103448276,O=C(O)CCc1nnc(-c2ccccc2)o1
CHEMBL514887,CC(C)C[C@H](NP(=O)(OC(C)C)OC(C)C)C(=O)Nc1ccc(/C=C/c2ccccc2)cc1,6.0699968338012695,0.23214285714285715,CC(CC(=O)c1ccccc1)C(=O)O
CHEMBL11199,CC/C(=C(\Cc1ccccc1)c1ccccc1)c1ccc(OCN(C)C)cc1,4.300383567810059,0.23214285714285715,O=C(Cc1ccccc1)Oc1c(OC(=O)Cc2ccccc2)c(-c2ccc(O)cc2)c(O)c(O)c1-c1ccc(O)cc1
CHEMBL167900,CC/C(=C(/CC)c1cccc(C(C)=O)c1)c1cccc(C(C)=O)c1,4.83076286315918,0.2972972972972973,CC(CC(=O)c1ccccc1)C(=O)O
CHEMBL525909,COC(=O)c1ccc2c(c1)NC(=O)/C2=C(\Nc1ccc(N(CCCN(C)C)C(C)=O)cc1)c1ccccc1,5.021596908569336,0.18518518518518517,O=C(O)CCC(=O)c1ccc2c(c1)CCC(=O)N2
CHEMBL6596,CC/C(=C(\c1ccc(I)cc1)c1ccc(OCCCCCCCCCCN(C)C)cc1)c1ccccc1,5.275847911834717,0.19642857142857142,CC(CC(=O)c1ccccc1)C(=O)O
CHEMBL264707,O=C1c2ccccc2C(=Cc2cccc([N+](=O)[O-])c2)c2ccccc21,4.991311550140381,0.14,CC(CC(=O)c1ccccc1)C(=O)O
CHEMBL137685,CC1(C)CC(C)(C)c2cc(/C(=C/c3ccc(C(=O)O)cc3)C(F)(F)F)ccc2S1,6.677321910858154,0.19047619047619047,O=C(O)CCC(=O)c1ccc2c(c1)CCC2
CHEMBL109618,CCCCNCC(O)COc1ccc(C2Oc3ccccc3C=C2c2ccccc2)cc1,4.98173713684082,0.1506849315068493,O=C(O)CCc1nnc(-c2ccccc2)o1
CHEMBL258254,C1=C\c2ccc(cc2)C[n+]2ccc(c3ccccc32)NCCCCCCCCCCNc2cc[n+](c3ccccc23)Cc2ccc/1cc2,5.448105812072754,0.14516129032258066,CC(C(=O)O)n1cnc2ccccc2c1=O
CHEMBL358975,CC/C(=C(\c1ccc(O)cc1)c1ccc(CC(=O)O)cc1)c1ccccc1,4.569575309753418,0.34,O=C(Cc1ccccc1)Oc1c(OC(=O)Cc2ccccc2)c(-c2ccc(O)cc2)c(O)c(O)c1-c1ccc(O)cc1
CHEMBL190467,O=C1C(c2ccc(O)cc2)=C(Br)c2ccc(O)cc21,4.146318435668945,0.22,O=C(Cc1ccccc1)Oc1c(OC(=O)Cc2ccccc2)c(-c2ccc(O)cc2)c(O)c(O)c1-c1ccc(O)cc1
CHEMBL312225,C1=C(c2ccc(CN3CCCCC3)cc2)N2CCN=C2c2ccccc21,5.212621688842773,0.16417910447761194,O=C(O)CCc1nnc(-c2ccccc2I)o1
CHEMBL335510,O=[N+]([O-])c1ccc(O)c(C=C2c3cc([N+](=O)[O-])cc([N+](=O)[O-])c3-c3c2cc([N+](=O)[O-])cc3[N+](=O)[O-])c1,3.1974587440490723,0.1111111111111111,O=C(Cc1ccccc1)Oc1c(OC(=O)Cc2ccccc2)c(-c2ccc(O)cc2)c(O)c(O)c1-c1ccc(O)cc1
CHEMBL11019,CCC(=C(c1cccc(OC(C)=O)c1)c1cccc(OC(C)=O)c1)c1cccc(OC(C)=O)c1,4.511804103851318,0.25,CC(CC(=O)c1ccccc1)C(=O)O
CHEMBL38797,CC/C(=C(\c1ccccc1)c1ccc(/C=C/C(=O)N(CC)CCN(C)C)cc1)c1ccccc1,4.734992980957031,0.24074074074074073,CC(CC(=O)c1ccccc1)C(=O)O
CHEMBL303857,CN(C)Cc1cc(C(=C(C#N)c2ccccc2)c2ccc(O)c(CN(C)C)c2)ccc1O,5.003307819366455,0.25,CC(CC(=O)c1ccccc1)C(=O)O
CHEMBL286605,CC(=O)Oc1ccc(C(=C(C)c2ccccc2)c2ccc(OC(C)=O)cc2)cc1,5.383396148681641,0.3,CC(CC(=O)c1ccccc1)C(=O)O
CHEMBL90009,Oc1ccc(C2=C(c3ccccc3)Cc3cc(O)ccc32)c(F)c1,4.656101703643799,0.19642857142857142,O=C(Cc1ccccc1)Oc1c(OC(=O)Cc2ccccc2)c(-c2ccc(O)cc2)c(O)c(O)c1-c1ccc(O)cc1
CHEMBL336011,NS(=O)(=O)c1ccc(C2=C(c3cc(F)c(F)c(F)c3)CCC2)cc1,5.148490905761719,0.208955223880597,O=C(O)CNC(=O)c1ccc(S(=O)(=O)N2CCC(N3CCCC3)CC2)cc1F
CHEMBL387009,CCc1cccc2c1CNc1c(cccc1CCc1ccccc1)/C=C\2COc1cccc([N+](=O)[O-])c1,4.499208450317383,0.1553398058252427,COc1ccccc1CNC(=O)Cn1c(CCC(=O)O)nc2c(Cl)cccc2c1=O
CHEMBL322446,COc1ccc(/C=C(\C#N)c2cc(OC)c(OC)c(OC)c2)cc1,5.295821189880371,0.203125,COc1ccc(Br)c(-c2nnc(CCC(=O)O)o2)c1
CHEMBL466248,CC(C)c1onc(COc2ccccc2)c1COc1ccc(/C=C/c2cccc(C(=O)O)c2)c(Cl)c1,4.365493297576904,0.21739130434782608,CC(CC(=O)c1ccccc1)C(=O)O
CHEMBL136938,COC(=O)c1ccc(/C=C(/c2ccc3c(c2)C(C)(C)CCS3)C(F)(F)F)cc1,6.7857866287231445,0.16842105263157894,CC(C)C[C@H](NC(=O)C1(C(F)(F)F)CCCCC1)C(=O)Nc1nnc(Cc2ccc(C#N)cc2)s1
CHEMBL101547,CCc1onc(-c2c(Cl)cccc2Cl)c1COc1cc(C)c(/C=C/c2ccc(C(=O)O)cc2)c(C)c1,4.716440677642822,0.18681318681318682,Cc1cc(C(=O)NCC(=O)O)ccc1S(=O)(=O)N1CCC(c2ccccc2)CC1
CHEMBL225812,CN(C)c1ccc(/C=C/c2ccc3nonc3c2)cc1,4.001011848449707,0.1076923076923077,COc1ccc(Br)c(-c2nnc(CCC(=O)O)o2)c1
CHEMBL444805,CC1C(c2ccccc2)=C(c2ccc(S(C)(=O)=O)cc2)ON1C,4.778646469116211,0.21428571428571427,CC1CN(S(=O)(=O)c2ccc(C(=O)NCC(=O)O)cc2)CCC1c1ccccc1
CHEMBL15162,CCC1=C(c2ccccc2)c2ccc(OCC(O)CO)cc2Oc2ccccc21,4.574672222137451,0.16883116883116883,COc1ccc(Br)c(-c2nnc(CCC(=O)O)o2)c1
CHEMBL266816,CC1CCN(C2=Cc3ccccc3Cc3ccc(Cl)cc32)CC1,4.984747886657715,0.17105263157894737,O=C(O)CNC(=O)c1ccc(S(=O)(=O)N2CCC(c3ccccc3)CC2)cc1Cl
CHEMBL85675,CCN(CC)CCOc1ccc(/C(=C(/Br)c2ccccc2)c2ccc(O)cc2)cc1,4.820743560791016,0.21666666666666667,O=C(Cc1ccccc1)Oc1c(OC(=O)Cc2ccccc2)c(-c2ccc(O)cc2)c(O)c(O)c1-c1ccc(O)cc1
CHEMBL192325,O=C1C(c2ccc(O)cc2)=C(O)c2ccc(O)cc21,4.211636066436768,0.22916666666666666,O=C(Cc1ccccc1)Oc1c(OC(=O)Cc2ccccc2)c(-c2ccc(O)cc2)c(O)c(O)c1-c1ccc(O)cc1
CHEMBL179723,CS(=O)(=O)c1ccc(C=C(c2ccc(F)cc2)c2ccc(F)cc2)cc1,5.7181477546691895,0.26666666666666666,O=C(O)CNC(=O)c1ccc(S(=O)(=O)N2CCC(c3ccc(F)cc3)CC2)cc1
CHEMBL199292,COc1ccc(/C(=C\c2ccc(OC)c(OC)c2)CN2CCCC[C@H]2C)cc1,3.861809253692627,0.2,COc1cc2ncn(CC(=O)O)c(=O)c2cc1OC
CHEMBL102557,COc1ccc(/C=C(/C=O)c2cc(OC)c(OC)c(OC)c2)cc1,4.636459827423096,0.22580645161290322,COc1ccc(Br)c(-c2nnc(CCC(=O)O)o2)c1
CHEMBL496861,CN(C)C(=O)c1ccc2c(c1)NC(=O)/C2=C(\Nc1ccc(CN2CCCCC2)cc1)c1ccccc1,4.905486583709717,0.21348314606741572,Cc1cc(C(=O)NCC(=O)O)ccc1S(=O)(=O)N1CCC(c2ccccc2)CC1
CHEMBL427636,CN(C)CCC1=C(c2ccc(C(C)(C)C)cc2)N2CCCN=C2c2ccccc21,5.595605850219727,0.15384615384615385,CN(C)C1CCN(S(=O)(=O)c2ccc(C(=O)NCC(=O)O)cc2)CC1
CHEMBL450921,O=C(O)CC1=C/C(=C\c2ccc(C(=O)O)cc2)c2ccc(F)cc21,3.894706964492798,0.21621621621621623,O=C(O)CNC(=O)c1ccc(S(=O)(=O)N2CCC(c3cccc(F)c3)CC2)cc1
CHEMBL457184,O=C(O)CC1=C/C(=C\c2ccc(F)c3ccccc23)c2ccc(F)cc21,4.397576808929443,0.19480519480519481,O=C(O)CNC(=O)c1ccc(S(=O)(=O)N2CCC(c3ccccc3)CC2)c(F)c1
CHEMBL364845,CC(=O)NCC(=O)N1c2ccccc2C=Cc2ccccc21,4.999927520751953,0.23214285714285715,O=C(O)CNC(=O)c1ccc(S(=O)(=O)N2Cc3ccccc3C2)cc1
CHEMBL197819,COc1ccc(/C(=C\c2ccc(OC)c(OC)c2)CN2CCCC[C@@H]2C)cc1,3.861809253692627,0.2,COc1cc2ncn(CC(=O)O)c(=O)c2cc1OC
CHEMBL464004,COc1ccc(/C=C\c2cc(O)cc(O[C@@H]3O[C@H](CO)[C@@H](O)[C@H](O)[C@H]3O)c2)cc1,4.166227340698242,0.1917808219178082,COc1ccc(Br)c(-c2nnc(CCC(=O)O)o2)c1
CHEMBL514522,O=C1Nc2cc(C(F)(F)F)ccc2/C1=C1\C(=O)Nc2ccc(Cl)cc21,5.047332763671875,0.1875,O=C(O)CCc1nnc(-c2cccc(C(F)(F)F)c2)o1
CHEMBL476375,O=C1Nc2cc(C(F)(F)F)ccc2/C1=C1\C(=O)Nc2ccc(F)cc21,4.938888549804688,0.19047619047619047,O=C(O)CCc1nnc(-c2cccc(C(F)(F)F)c2)o1
CHEMBL217824,COc1ccc(/C=C\c2cc(OC)c(OC)c(OC)c2[N+](=O)[O-])cc1,4.803847312927246,0.17647058823529413,COc1ccc(Br)c(-c2nnc(CCC(=O)O)o2)c1
CHEMBL179821,FC(F)(F)c1cccc(/C=C\c2cc(Cl)cc(Cl)c2)c1,5.200282096862793,0.25925925925925924,O=C(O)CCc1nnc(-c2cccc(C(F)(F)F)c2)o1
CHEMBL189830,CN(C)CCOc1ccc(/C(=C/c2ccccc2)c2ccccc2)cc1,3.986114740371704,0.22916666666666666,CC(CC(=O)c1ccccc1)C(=O)O
CHEMBL390533,COc1ccc(/C=C/c2cc(OC)cc(OC)c2CNC2CCCC2)cc1,4.411973476409912,0.1643835616438356,COc1ccc(Br)c(-c2nnc(CCC(=O)O)o2)c1
CHEMBL72162,C=C1c2ccccc2C=C(N2CCN(C)CC2)c2cc(Cl)ccc21,5.094057559967041,0.15584415584415584,Cn1cc(S(=O)(=O)N2CCC(c3ccccc3)CC2)cc1C(=O)NCC(=O)O
CHEMBL303768,CC1=CC(C)(C)Nc2ccc3c(c21)C(=C(c1ccccc1)c1ccccc1)Oc1ccc(F)cc1-3,5.83024263381958,0.15873015873015872,CC(CC(=O)c1ccccc1)C(=O)O
CHEMBL361541,FC(F)(F)c1cccc(/C=C/c2cc(Cl)cc(Cl)c2)c1,5.200282096862793,0.25925925925925924,O=C(O)CCc1nnc(-c2cccc(C(F)(F)F)c2)o1
CHEMBL190440,COC(=O)/C=C/c1cccc(N(Cc2ccc(/C=C/c3ccccc3F)cc2)C(=O)NC(C)C)c1,5.898493766784668,0.17142857142857143,CC(CC(=O)c1ccccc1)C(=O)O
CHEMBL56576,Cc1ccc(C)c(/C=C/c2cc(C)c(O)c(C)c2)c1,4.042181968688965,0.13432835820895522,Cc1cc(C(=O)NCC(=O)O)ccc1S(=O)(=O)N1CCC(c2ccccc2)CC1
CHEMBL180216,Oc1ccc(/C=C/c2ccc3ccccc3c2)cc1,4.620923042297363,0.2127659574468085,O=C(Cc1ccccc1)Oc1c(OC(=O)Cc2ccccc2)c(-c2ccc(O)cc2)c(O)c(O)c1-c1ccc(O)cc1
CHEMBL440541,O=C1c2ccccc2C(=Cc2ccc(F)cc2)c2ccccc21,4.891578674316406,0.16279069767441862,CC(CC(=O)c1ccccc1)C(=O)O
CHEMBL326023,COc1ccc2c(c1)OC(c1ccc(OCCN3CCCCC3)cc1)C(c1ccccc1)=C2,4.916634559631348,0.18518518518518517,COc1ccc(Br)c(-c2nnc(CCC(=O)O)o2)c1
CHEMBL179749,COc1ccc(/C=C\c2ccc3ccccc3c2)cc1N,4.645457267761231,0.15584415584415584,COc1ccccc1CNC(=O)Cn1c(CCC(=O)O)nc2c(Cl)cccc2c1=O
CHEMBL104367,CC/C(=C(/c1ccc(O)cc1)c1cccc(OCC(=O)O)c1)c1ccccc1,4.579622268676758,0.25862068965517243,O=C(Cc1ccccc1)Oc1c(OC(=O)Cc2ccccc2)c(-c2ccc(O)cc2)c(O)c(O)c1-c1ccc(O)cc1
CHEMBL335282,COc1ccc(C=C2c3cccc(O)c3C(=O)c3c(O)cccc32)cc1OC,5.514415264129639,0.21311475409836064,COc1cc2ncn(CC(=O)O)c(=O)c2cc1OC
CHEMBL82022,COc1ccc(/C=C(\C#N)c2ccc(OC)cc2)cc1,4.967573165893555,0.20689655172413793,COc1ccc(Br)c(-c2nnc(CCC(=O)O)o2)c1
CHEMBL225116,COc1cc(C2=C(c3ccc(SC)cc3)CC(O)/C2=N/O)cc(OC)c1OC,4.611136436462402,0.14492753623188406,COc1cc2ncn(CC(=O)O)c(=O)c2cc1OC
CHEMBL388150,COc1ccc(C2=C(c3cc(OC)c(OC)c(OC)c3)C(=O)C(OC(C)=O)C2)cc1,3.939732313156128,0.19444444444444445,COc1ccc(Br)c(-c2nnc(CCC(=O)O)o2)c1
CHEMBL222241,CC(=O)OC1C/C(=N/O)C(c2ccccc2)=C1c1ccccc1,4.6286468505859375,0.2,O=C(O)CCc1nnc(-c2ccccc2)o1
CHEMBL199043,O=C1Oc2ccccc2/C1=C\c1ccc(OC(=O)c2ccccc2)cc1,4.710407257080078,0.21153846153846154,CC(CC(=O)c1ccccc1)C(=O)O
CHEMBL222336,COc1ccc(C2=C(c3cc(OC)c(OC)c(OC)c3)/C(=N\O)CC2O)cc1,4.95297908782959,0.17142857142857143,COc1ccc(Br)c(-c2nnc(CCC(=O)O)o2)c1
CHEMBL221499,COc1ccc(C2=C(c3cc(OC)c(OC)c(OC)c3)C(=O)C(O[SiH2]C(C)(C)C)C2)cc1,7.099521636962891,0.1643835616438356,COc1cc2oc(=O)cc(C)c2cc1CCC(=O)O
CHEMBL224936,COc1ccc(C2=C(c3cc(OC)c(OC)c(OC)c3)/C(=N\O)C(O)C2)cc1,4.594448089599609,0.17142857142857143,COc1ccc(Br)c(-c2nnc(CCC(=O)O)o2)c1
CHEMBL109802,OC[C@H]1O[C@@H](Oc2cc(/C=C/c3cc(O)cc(O)c3)ccc2O)[C@H](O)[C@@H](O)[C@@H]1O,3.803138256072998,0.12987012987012986,O=C(O)CNC(=O)c1ccc(S(=O)(=O)N2CCC(Oc3ccccc3)CC2)cc1
CHEMBL313685,CC/C(=C(\c1ccc(Br)cc1)c1ccc(OCCN(C)C)cc1)c1ccccc1,4.835146903991699,0.20754716981132076,CC(CC(=O)c1ccccc1)C(=O)O
CHEMBL334586,CC1=CC(C)(C)Nc2ccc3c(c21)/C(=C/c1ccccc1Br)Oc1ccc(F)cc1-3,5.931837558746338,0.12048192771084337,Cc1cc(C(=O)CN2CCCC2)c(C)n1-c1ccc(F)cc1
CHEMBL78319,CCOc1ccc(/C=C/c2cc(OC)c(OC)c(OC)c2)cc1,4.489020347595215,0.19642857142857142,COc1cc2ncn(CC(=O)O)c(=O)c2cc1OC
CHEMBL192466,COc1cc(/C=C\c2ccc(C(=O)O)cc2)cc(OC)c1OC,4.934319019317627,0.24074074074074073,COc1cc2ncn(CC(=O)O)c(=O)c2cc1OC
CHEMBL511492,Fc1ccc(C2=C(c3ccc(OCCN4CCCC4)cc3)c3ccc(F)cc3OCC2)cc1,3.8918545246124263,0.2361111111111111,Cc1cc(C(=O)CN2CCCC2)c(C)n1-c1ccc(F)cc1
CHEMBL499861,Oc1ccc(/C=C/c2cc(O)cc3c2[C@@H](c2cc(O)cc4c2[C@H](c2cc(O)cc5c2[C@@H](c2cc(O)cc(O)c2)[C@H](c2ccc(O)cc2)O5)[C@@H](c2ccc(O)cc2)O4)[C@H](c2ccc(O)cc2)O3)cc1,3.891575813293457,0.1323529411764706,O=C(Cc1ccccc1)Oc1c(OC(=O)Cc2ccccc2)c(-c2ccc(O)cc2)c(O)c(O)c1-c1ccc(O)cc1
CHEMBL361212,FC(F)(F)c1ccc(/C=C/c2cc(C(F)(F)F)cc(C(F)(F)F)c2)cc1,4.193979263305664,0.19230769230769232,O=C(O)CCc1nnc(-c2cccc(C(F)(F)F)c2)o1
CHEMBL75048,O=C(O)c1ccc2c(c1)OCC(c1ccc(O)c(C34C[C@H]5C[C@@H](C3)C[C@@H](C4)C5)c1)=C2,4.992003440856934,0.20634920634920634,O=C(O)CCC(=O)c1ccc2c(c1)CCC2
CHEMBL242853,O=C(O)c1cc(/C=C/c2c(F)c(F)c(/C=C/c3ccc(O)c(C(=O)O)c3)c(F)c2F)ccc1O,4.013505458831787,0.1896551724137931,Nc1c(C(=O)c2ccccc2)sc2[nH]c(=O)c(C(=O)O)cc12
CHEMBL438335,COc1cc2c(cc1OC)/C(=C\c1ccc(NC(=O)Nc3ccc(N(C)C)cc3)cc1)C(=O)N2,5.002100944519043,0.19718309859154928,COc1cc2ncn(CC(=O)O)c(=O)c2cc1OC
CHEMBL130728,N#Cc1ccc(C=C2c3cccc(O)c3C(=O)c3c(O)cccc32)cc1,5.907477378845215,0.19117647058823528,Cc1cc(C(=O)CN2CCC(O)CC2)c(C)n1-c1ccc(C#N)cc1
CHEMBL43741,COc1cc(/C=C/c2cc(OC)c(OC)c(OC)c2)cc(OC)c1,4.622225761413574,0.17647058823529413,COc1cc2ncn(CC(=O)O)c(=O)c2cc1OC
CHEMBL362265,COc1cccc(/C=C\c2cc(Cl)cc(Cl)c2)c1,4.918684482574463,0.1864406779661017,COc1ccc(Br)c(-c2nnc(CCC(=O)O)o2)c1
CHEMBL366280,CCCCCSCCCCCCCCCC/C(=C(/CC)c1ccc(O)cc1)c1ccc(O)cc1,5.382707595825195,0.18,CC(C)c1ccc(C(=O)CCC(=O)O)cc1
CHEMBL466318,CC(C)c1onc(-c2ccc(S(C)(=O)=O)cc2Cl)c1COc1ccc(/C=C/c2cccc(C(=O)O)c2)c(Cl)c1,3.9306328296661377,0.1836734693877551,O=C(O)CNC(=O)c1ccc(S(=O)(=O)N2CCC(c3ccccc3)CC2)cc1Cl
CHEMBL90277,Cc1cccc2c1/C(=C/c1ccc(N3CCOCC3)cc1)C(=O)N2,5.680961608886719,0.15584415584415584,O=C(O)CNC(=O)c1ccc(S(=O)(=O)N2CCC(N3CCOCC3)CC2)cc1
CHEMBL378103,Cc1n(O)c2ccc(/C=C/c3ccccc3)cc2[n+]1[O-],5.092519760131836,0.18309859154929578,Cc1cc(S(=O)(=O)N2CCC(c3ccccc3)CC2)ccc1C(=O)NCC(=O)O
CHEMBL189735,COC(=O)/C=C/c1cccc(N(Cc2ccc(/C=C/c3c(Cl)cccc3Cl)cc2)C(=O)C2CCCCC2)c1,4.56965446472168,0.20689655172413793,O=C(O)CNC(=O)c1ccc(S(=O)(=O)N2CCC(c3ccccc3)CC2)cc1Cl
CHEMBL370265,CC/C(=C(\c1ccccc1)c1ccc(S(C)(=O)=O)cc1)c1ccc(OC(C)=O)cc1,5.4458723068237305,0.265625,O=C(O)CCC(=O)c1ccc(S(=O)(=O)N2CCC(c3ccccc3)CC2)cc1
CHEMBL441240,O=C(/C(=C\c1ccccc1)c1ccccc1)c1ccc(O)cc1,5.9107279777526855,0.2708333333333333,O=C(Cc1ccccc1)Oc1c(OC(=O)Cc2ccccc2)c(-c2ccc(O)cc2)c(O)c(O)c1-c1ccc(O)cc1
CHEMBL67837,CC1=C(c2ccc(O)cc2)[C@@H](c2ccc(OCCN3CCCCC3)cc2)Oc2cc(O)ccc21,4.077587127685547,0.19230769230769232,Cc1cc(C(=O)CN2CCCC2)c(C)n1-c1ccc(F)cc1
CHEMBL216956,COc1ccc(/C=C\c2cc(OC)c(OC)c(OC)c2N)cc1N,4.482285499572754,0.15,COc1cc2ncn(CC(=O)O)c(=O)c2cc1OC
CHEMBL103307,O=C1Nc2ccccc2/C1=C\c1ccc(O)cc1,5.341753959655762,0.20754716981132076,O=C(Cc1ccccc1)Oc1c(OC(=O)Cc2ccccc2)c(-c2ccc(O)cc2)c(O)c(O)c1-c1ccc(O)cc1
CHEMBL258268,CNc1ccc(/C=C/c2ccc(-c3nc4cc(OCCCF)ccc4o3)cc2)cc1,5.005588531494141,0.16666666666666666,COc1ccc(Br)c(-c2nnc(CCC(=O)O)o2)c1
CHEMBL429322,Nc1ccc(/C=C/c2ccc(-c3nc4cc(OCCCF)ccc4o3)cc2)cc1,4.776300430297852,0.15789473684210525,COc1ccc(Br)c(-c2nnc(CCC(=O)O)o2)c1
CHEMBL390304,NCCCNCCCCNCCCNC(=O)N1c2ccccc2C=Cc2ccccc21,6.199687480926514,0.1875,O=C(O)CNC(=O)c1ccc(S(=O)(=O)N2Cc3ccccc3C2)cc1
CHEMBL459765,COc1cc(/C=C/c2ccc(NC(=O)[C@H](C)NP(=O)(OC(C)C)OC(C)C)cc2)cc(OC)c1,6.133217811584473,0.1917808219178082,COc1ccc(Br)c(-c2nnc(CCC(=O)O)o2)c1
CHEMBL177719,CCCCCC(=C(c1ccccc1)c1ccccc1)c1ccc(S(=O)(=O)OC)cc1,5.971359252929688,0.27419354838709675,O=C(O)CCC(=O)c1ccc(S(=O)(=O)N2CCC(c3ccccc3)CC2)cc1
CHEMBL78545,C[Si](C)(C)c1ccc(C2=Cc3ccccc3C3=NCCN23)cc1,6.134814739227295,0.1774193548387097,O=C(O)CCc1nnc(-c2ccccc2I)o1
CHEMBL227066,[O-][n+]1onc2cc(/C=C/c3ccc(C(F)(F)F)cc3)ccc21,3.991888046264648,0.1875,O=C(O)CCc1nnc(-c2cccc(C(F)(F)F)c2)o1
CHEMBL354660,CC/C(=C(/c1ccc(I)cc1)c1ccc(OCCN2CCCC2)cc1)c1ccc(O)cc1,4.249255180358887,0.18571428571428572,Cc1cc(C(=O)CN2CCCC2)c(C)n1-c1ccc(F)cc1
CHEMBL8636,Cc1ccc(/C=C/c2cc(C(C)(C)C)c(O)c(C(C)(C)C)c2)cc1,6.223395824432373,0.13793103448275862,Cc1cc(C(=O)CN2CCCC2)c(C)n1-c1ccc(F)cc1
CHEMBL532557,CS(=O)(=O)c1ccc2c(c1)CCN(CCC1CCC(NC(=O)C(=Cc3ccc(Cl)cc3Cl)c3ccc(-c4ccccc4)cc3)CC1)CC2,5.064065933227539,0.26595744680851063,O=C(O)CNC(=O)c1ccc(S(=O)(=O)N2CCC(c3ccc(Cl)cc3)CC2)cc1
CHEMBL328521,CC1(C)C(c2ccc(S(C)(=O)=O)cc2)=C(c2ccccc2)C1O,5.909222602844238,0.22950819672131148,O=C(O)CCC(=O)c1ccc(S(=O)(=O)N2CCC(c3ccccc3)CC2)cc1
CHEMBL421891,CCCNC(=O)c1cc(/C=C/c2ccc(F)cc2)ccc1-c1ccc(Cl)cc1,4.512291431427002,0.23529411764705882,Cc1cc(C(=O)CN2CCCC2)c(C)n1-c1ccc(F)cc1
CHEMBL167357,CC1(C)OC(c2ccc(S(N)(=O)=O)cc2F)=C(c2cc(F)cc(F)c2)C1=O,5.953761100769043,0.16455696202531644,O=C(O)CNC(=O)c1ccc(S(=O)(=O)N2CCC(N3CCCC3)CC2)cc1F
CHEMBL309876,C1=C(c2ccc3ccccc3c2)N2CCN=C2c2ccccc21,4.91283130645752,0.15873015873015872,O=C(O)CCc1nnc(-c2ccccc2I)o1
CHEMBL10448,O=C(O)Cc1ccc2c(c1)C=Cc1ccc(Cl)cc1O2,3.3751587867736816,0.21153846153846154,CC(C)Cc1ccc(C(=O)CCC(=O)O)cc1
CHEMBL297804,CSc1ccc(C2=C(c3ccc(F)cc3)C(=O)N3CCCC3C2)cc1,4.670098304748535,0.22388059701492538,Cc1cc(C(=O)CN2CCCC2)c(C)n1-c1ccc(F)cc1
CHEMBL29525,CC/C(=C(/c1ccccc1)c1ccc(OC(C)=O)c(OC(C)=O)c1)c1ccc(OC(C)=O)c(OC(C)=O)c1,5.237582206726074,0.2826086956521739,CC(CC(=O)c1ccccc1)C(=O)O
CHEMBL208559,COc1cc(/C=C\c2ccc3cc[nH]c3c2)cc(OC)c1OC,5.025405883789063,0.15,COc1ccccc1CNC(=O)Cn1c(CCC(=O)O)nc2c(Cl)cccc2c1=O
CHEMBL219439,COc1ccc(/C=C2/c3ccccc3C(=O)c3ccsc32)c(OC)c1O,4.598364353179932,0.1839080459770115,COc1ccccc1CNC(=O)Cn1c(CCC(=O)O)nc2c(Cl)cccc2c1=O
CHEMBL196213,COc1ccc(S(=O)(=O)OCC(CO)COc2ccc(/C=C/c3ccc(N(C)C)cc3)cc2)cc1,4.310338497161865,0.18181818181818182,CN(C)C1CCN(S(=O)(=O)c2ccc(C(=O)NCC(=O)O)cc2)CC1
CHEMBL16669,O=C1NCc2c(-c3ccccc3)cc3[nH]c4ccc(/C=C/c5ccccc5)cc4c3c21,4.7526726722717285,0.1643835616438356,Nc1c(C(=O)c2ccccc2)sc2[nH]c(=O)c(C(=O)O)cc12
CHEMBL298024,COc1ccccc1C1=C(c2ccc(S(C)(=O)=O)cc2)OC(C)(C)C1=O,5.699660301208496,0.17647058823529413,COc1ccccc1CNC(=O)Cn1c(CCC(=O)O)nc2c(Cl)cccc2c1=O
CHEMBL10997,CCC(=C(c1ccc(OC(C)=O)cc1)c1ccc(OC(C)=O)cc1)c1ccc(OC(C)=O)cc1,4.532311916351318,0.2558139534883721,CC(C)c1ccc(C(=O)CCC(=O)O)cc1
CHEMBL11374,CC/C(=C(/Cc1ccc(OCN(C)C)cc1)c1ccccc1)c1ccccc1,4.431528568267822,0.22916666666666666,CC(CC(=O)c1ccccc1)C(=O)O
CHEMBL48332,CS(=O)(=O)c1ccc(C2=C(c3ccccc3)C(=O)N(c3ccc(F)cc3)C2)cc1,5.71972131729126,0.2222222222222222,O=C(O)CNC(=O)c1ccc(S(=O)(=O)N2CCC(c3ccc(F)cc3)CC2)cc1
CHEMBL11325,CC/C(=C(\Cc1ccccc1)c1ccc(OCN2CCCC2)cc1)c1ccccc1,4.3365678787231445,0.21666666666666667,O=C(Cc1ccccc1)Oc1c(OC(=O)Cc2ccccc2)c(-c2ccc(O)cc2)c(O)c(O)c1-c1ccc(O)cc1
CHEMBL441035,COc1cc(/C=C/c2cc(OC)cc(OC)c2)cc(OC)c1,4.153225421905518,0.18,COc1ccc(Br)c(-c2nnc(CCC(=O)O)o2)c1
CHEMBL518587,O=C(O)/C(=C/c1ccccc1O)c1ccccc1,4.781460285186768,0.28205128205128205,CC(CC(=O)c1ccccc1)C(=O)O
CHEMBL125587,COC(=O)c1ccc(/C=C(\C)c2ccc3c(c2)C(C)(C)CCS3)cc1,6.89235782623291,0.1746031746031746,O=C(O)CCC(=O)c1ccc2c(c1)CCC2
CHEMBL274853,CCCCCC(=O)c1cccc(/C=C/c2ccccc2)c1,5.545434474945068,0.3181818181818182,CC(CC(=O)c1ccccc1)C(=O)O
CHEMBL352854,CCC1(C)OC(c2ccc(S(C)(=O)=O)cc2)=C(c2cccc(C(F)(F)F)c2)C1=O,6.5823822021484375,0.29411764705882354,O=C(O)CCc1nnc(-c2cccc(C(F)(F)F)c2)o1
CHEMBL489156,COc1cc(OC)c(/C=C2/C(=O)Nc3ccccc32)c(OC)c1,4.734776020050049,0.1791044776119403,COc1ccc(Br)c(-c2nnc(CCC(=O)O)o2)c1
CHEMBL74707,COc1ccc(/C=C\c2cc(OC)c(OC(C)=O)c(OC)c2)cc1,3.759631395339966,0.22950819672131148,COc1ccc(Br)c(-c2nnc(CCC(=O)O)o2)c1
CHEMBL382323,O=C1Nc2ccccc2/C1=C\c1cccc(O)c1,5.377065658569336,0.17543859649122806,O=C(Cc1ccccc1)Oc1c(OC(=O)Cc2ccccc2)c(-c2ccc(O)cc2)c(O)c(O)c1-c1ccc(O)cc1
CHEMBL192326,O=C1C(c2ccc(O)cc2)=C(O)c2cc(O)cc(O)c21,4.416022300720215,0.24489795918367346,O=C(Cc1ccccc1)Oc1c(OC(=O)Cc2ccccc2)c(-c2ccc(O)cc2)c(O)c(O)c1-c1ccc(O)cc1
CHEMBL363681,COc1ccc(/C=C\c2cc(OC)c(OC)c(OC)c2)cc1N(CCO)CCO,3.825665473937988,0.18032786885245902,COc1cc2ncn(CC(=O)O)c(=O)c2cc1OC
CHEMBL508741,COc1ccc2c(c1)CCCC(c1cc(OC)c(OC)c(OC)c1)=C2,4.485879898071289,0.18181818181818182,O=C(O)CCC(=O)c1ccc2c(c1)CCC2
CHEMBL247930,COc1cc(/C=C/c2cccc(/C=C/c3ccc(N)c(OC)c3)c2)ccc1N,4.362277030944824,0.16666666666666666,COc1cc2ncn(CC(=O)O)c(=O)c2cc1OC
CHEMBL344644,CC1=CC(C)(C)Nc2ccc3c(c21)/C(=C/c1c(F)cccc1F)Oc1ccccc1-3,5.7887773513793945,0.11320754716981132,Cc1cc(Cl)cc(-c2ccnc3cc(CN4C(=O)C5C(C4=O)C5(C)C)sc23)c1O[C@@H]1CCNC[C@@H]1C
CHEMBL72732,CC/C(=C(/CC)c1ccc(O)c(O)c1)c1ccc(O)cc1,4.456503868103027,0.18604651162790697,CC(C)c1ccc(C(=O)CCC(=O)O)cc1
CHEMBL387031,CCc1cccc2c1CNc1c(cccc1CCc1ccccc1)/C=C\2COc1ccc(OC)cc1,4.046853542327881,0.19148936170212766,COc1ccccc1CNC(=O)Cn1c(CCC(=O)O)nc2c(Cl)cccc2c1=O
CHEMBL240342,CC/C(=C(/c1ccc(Br)cc1)c1ccc(OCCN)cc1)c1ccccc1,5.666693687438965,0.21568627450980393,CC(CC(=O)c1ccccc1)C(=O)O
CHEMBL445702,COc1cc(O)cc(/C=C/c2ccccc2)c1CC=C(C)C,5.220248222351074,0.19047619047619047,COc1cc2ncn(CC(=O)O)c(=O)c2cc1OC
CHEMBL81715,Oc1ccc(C2=Cc3ccccc3C3=NCCN23)cc1,5.061117649078369,0.21052631578947367,O=C(Cc1ccccc1)Oc1c(OC(=O)Cc2ccccc2)c(-c2ccc(O)cc2)c(O)c(O)c1-c1ccc(O)cc1
CHEMBL93596,O=[N+]([O-])c1ccc(OCc2ccsc2)cc1/C=C(/CO)c1ccccc1,5.079631805419922,0.19047619047619047,CC(CC(=O)c1ccccc1)C(=O)O
CHEMBL190025,CCSC1=C(c2ccc(O)cc2)C(=O)c2cc(O)cc(O)c21,4.728945732116699,0.22807017543859648,O=C(Cc1ccccc1)Oc1c(OC(=O)Cc2ccccc2)c(-c2ccc(O)cc2)c(O)c(O)c1-c1ccc(O)cc1
CHEMBL466358,COc1ccc(/C(F)=C/c2cc(OC)c(OC)c(OC)c2)cc1N,4.541291236877441,0.16393442622950818,COc1cc2ncn(CC(=O)O)c(=O)c2cc1OC
CHEMBL310855,NC(=O)C(Cc1ccccc1)NC(=O)c1ccccc1/C=C/c1cccc2ccccc12,4.652621746063232,0.2894736842105263,CC(C)(C)NS(=O)(=O)c1cccc2c(NC(=O)[C@H](Cc3ccccc3)NC(=O)C3CC3)cccc12
CHEMBL48675,N#Cc1ccc(C2=C(c3ccc(O)cc3)c3ccc(O)cc3C2)cc1,4.99238920211792,0.208955223880597,Cc1cc(C(=O)CN2CCC(O)CC2)c(C)n1-c1ccc(C#N)cc1
CHEMBL433317,CCC[C@H]1Cc2cc(O)ccc2C2=C1c1ccc(O)cc1C[C@@H]2CCC,3.2543599605560303,0.1568627450980392,O=C(O)CCC(=O)c1ccc2c(c1)CCC2
CHEMBL374139,COc1ccc(/C=C2/c3ccccc3C(=O)c3ccsc32)cc1OC,4.671991348266602,0.18461538461538463,COc1cc2ncn(CC(=O)O)c(=O)c2cc1OC
CHEMBL114890,Cc1ccc(NC(=O)CCC2CCCCC2)cc1/C=C(\C#N)c1ccc2c(c1)OCO2,4.927433967590332,0.19047619047619047,O=C(O)CNC(=O)c1ccc(S(=O)(=O)N2CCC(C3CCCC3)CC2)cc1
CHEMBL460742,CN1CCN(c2ccccc2/C=C2/C(=O)Nc3ccccc32)CC1,4.582633018493652,0.17721518987341772,O=C(O)CNC(=O)c1ccc(S(=O)(=O)N2CCC(N3C(=O)Cc4ccccc43)CC2)cc1
CHEMBL194766,COc1ccc(/C=C/c2cc(OC)c(OC)c(OC)c2)cc1OCCCO,5.1314544677734375,0.2033898305084746,COc1cc2ncn(CC(=O)O)c(=O)c2cc1OC
CHEMBL310238,Fc1ccccc1C1=Cc2ccccc2C2=NCCN12,4.632216453552246,0.1694915254237288,O=C(O)CCc1nnc(-c2ccccc2I)o1
CHEMBL512217,COc1ccc(/C=C\c2ccc3c(c2)C(C)(C)CCC3(C)C)cc1O,6.644308090209961,0.1746031746031746,COc1cc2oc(=O)cc(C)c2cc1CCC(=O)O
CHEMBL490482,Oc1cc(O)cc(/C=C/c2cccc(F)c2)c1,4.702749252319336,0.20967741935483872,O=C(O)CNC(=O)c1ccc(S(=O)(=O)N2CCC(c3cccc(F)c3)CC2)cc1
CHEMBL487587,Oc1cc(O)cc(/C=C/c2ccc3ccccc3c2)c1,4.896744728088379,0.1836734693877551,O=C(Cc1ccccc1)Oc1c(OC(=O)Cc2ccccc2)c(-c2ccc(O)cc2)c(O)c(O)c1-c1ccc(O)cc1
CHEMBL279249,CS(=O)(=O)c1ccc(C2=C(c3ccc(F)c(F)c3)C(=O)CC2)cc1,5.018587112426758,0.23529411764705882,O=C(O)CNC(=O)c1ccc(S(=O)(=O)N2CCC(c3ccc(F)c(F)c3)CC2)cc1
CHEMBL67727,CN(C)Cc1cc(/C(=C(\C#N)c2ccccc2)c2ccc(O)cc2)ccc1O,5.326168060302734,0.23076923076923078,CC(CC(=O)c1ccccc1)C(=O)O
CHEMBL474731,COc1ccc(/C=C(/c2cc(OC)cc(OC)c2)C(F)(F)F)cc1,4.687091827392578,0.21666666666666667,COc1ccc(Br)c(-c2nnc(CCC(=O)O)o2)c1
CHEMBL150510,COc1ccc(/C=C\c2cc(OC)c3c(c2)OCO3)cc1NC(=O)C(N)Cc1ccc(O)cc1,4.876930236816406,0.20212765957446807,CC(C)(C)NS(=O)(=O)c1cccc2c(NC(=O)[C@H](Cc3ccccc3)NC(=O)C3CC3)cccc12
CHEMBL148177,CC(=O)Oc1ccc(/C(=C\c2ccccc2)C(=O)c2ccccc2)cc1,5.556936740875244,0.2608695652173913,CC(CC(=O)c1ccccc1)C(=O)O
CHEMBL378162,O=C1Nc2cc(O)ccc2/C1=C\c1cccc(O)c1,4.684256076812744,0.17543859649122806,O=C(Cc1ccccc1)Oc1c(OC(=O)Cc2ccccc2)c(-c2ccc(O)cc2)c(O)c(O)c1-c1ccc(O)cc1
CHEMBL115451,COC(=O)c1cc(C=C2c3ccccc3C(=O)c3ccccc32)ccc1O,5.284061908721924,0.19230769230769232,CC(CC(=O)c1ccccc1)C(=O)O
CHEMBL377088,O=C1c2ccccc2C(O)C1C1c2ccccc2C=Cc2ccccc21,4.699740409851074,0.18181818181818182,O=C(O)CCc1nnc(-c2ccccc2I)o1
CHEMBL433372,Oc1ccc(C2=Cc3cc(O)ccc3C2CCCCCCN2CCCCC2)cc1,3.618248224258423,0.18571428571428572,Cc1cc(C(=O)CN2CCCC2)c(C)n1-c1ccc(F)cc1
CHEMBL6718,CC/C(=C(\c1ccc(I)cc1)c1ccc(OCCCCCCCCN(C)C)cc1)c1ccccc1,5.228410720825195,0.19642857142857142,CC(CC(=O)c1ccccc1)C(=O)O
CHEMBL282979,COc1ccc(/C=C/c2ccccc2C(=O)NC(C=O)Cc2ccccc2)cc1OC,5.145415306091309,0.2191780821917808,COc1cc2oc(=O)cc(C)c2cc1CCC(=O)O
CHEMBL232243,COc1cc(/C=C/c2cc(O)c(C/C=C(\C)CCC=C(C)C)c(O)c2)cc2c1O[C@]1(C)C[C@@H](O)[C@@H](O)C(C)(C)[C@H]1C2,5.457462310791016,0.14606741573033707,COc1cc2oc(=O)cc(C)c2cc1CCC(=O)O
CHEMBL485642,COC(=O)c1ccc2c(c1)NC(=O)/C2=C(\Nc1cccc(C(=O)N(C)CCN(C)C)c1)c1ccccc1,5.233647346496582,0.19230769230769232,O=C(O)CCC(=O)c1ccc2c(c1)CCC(=O)N2
CHEMBL184374,CC/C(=C\c1ccc(C)cc1)c1ccc(S(C)(=O)=O)cc1,5.366105556488037,0.20967741935483872,CN1CCC(NS(=O)(=O)c2ccc(C(=O)NCC(=O)O)cc2)CC1
CHEMBL200933,COc1cc(-c2ccc3c(c2)NC(=O)/C3=C\c2cccc(OC)c2OC)ccc1O,4.889860153198242,0.1797752808988764,COc1ccccc1CNC(=O)Cn1c(CCC(=O)O)nc2c(Cl)cccc2c1=O
CHEMBL381410,O=C1Oc2ccc(O)cc2/C1=C\c1ccccc1,4.924895286560059,0.2037037037037037,O=C(Cc1ccccc1)Oc1c(OC(=O)Cc2ccccc2)c(-c2ccc(O)cc2)c(O)c(O)c1-c1ccc(O)cc1
CHEMBL186237,COc1ccccc1C1=C(c2ccc(OCCN(C)C)cc2)c2ccccc2OCC1,4.428777694702148,0.16129032258064516,COc1ccccc1CN(C)C(=O)Cn1c(CCC(=O)O)nc2c(Cl)cccc2c1=O
CHEMBL441231,Cc1cc2c(cc1/C=C/c1ccc(C(=O)O)cc1)C(C)(C)CCC2(C)C,6.7564215660095215,0.2222222222222222,O=C(O)CCC(=O)c1ccc2c(c1)CCC2
CHEMBL371777,CC1=C(c2ccc(O)cc2)C(=O)c2cc(O)ccc21,3.962027311325073,0.22,O=C(Cc1ccccc1)Oc1c(OC(=O)Cc2ccccc2)c(-c2ccc(O)cc2)c(O)c(O)c1-c1ccc(O)cc1
CHEMBL375438,O=S(=O)(Oc1ccccc1)C1CC2OC1C(c1cccc(O)c1)=C2c1ccc(O)cc1,4.861710548400879,0.23076923076923078,O=C(Cc1ccccc1)Oc1c(OC(=O)Cc2ccccc2)c(-c2ccc(O)cc2)c(O)c(O)c1-c1ccc(O)cc1
CHEMBL86745,CCN(CC)CCCCCCC1C(c2ccc(O)cc2)=C(C)c2cc(O)ccc21,3.9695963859558105,0.16923076923076924,O=C(Cc1ccccc1)Oc1c(OC(=O)Cc2ccccc2)c(-c2ccc(O)cc2)c(O)c(O)c1-c1ccc(O)cc1
CHEMBL355875,CCC1(CC)OC(c2ccc(S(C)(=O)=O)cc2)=C(c2cccc(C)c2)C1=O,5.797492027282715,0.18181818181818182,Cc1cc(S(=O)(=O)N2CCC(c3ccccc3)CC2)ccc1C(=O)NCC(=O)O
CHEMBL349666,COc1cccc(C2=C(c3cc(OC)c(OC)c(OC)c3)C(=O)OC2)c1,4.5539231300354,0.19402985074626866,COc1ccc(Br)c(-c2nnc(CCC(=O)O)o2)c1
CHEMBL106521,COc1cc(CCc2ccc(C3=Cc4ccccc4C4=NCCCN34)cc2)cc(OC)c1OC,5.566204071044922,0.1702127659574468,COc1ccccc1CNC(=O)Cn1c(CCC(=O)O)nc2c(Cl)cccc2c1=O
CHEMBL18797,CSc1ccc(/C=C2/C(C)=C(CC(=O)O)c3cc(F)ccc32)cc1,4.097441673278809,0.20588235294117646,Cc1cc(C(=O)CN2CCCC2)c(C)n1-c1ccc(F)cc1
CHEMBL328616,CC(=O)Oc1ccccc1C1=C(c2ccc(S(C)(=O)=O)cc2)COC1=O,4.4309916496276855,0.20253164556962025,O=C(O)CNC(=O)c1ccc(S(=O)(=O)N2CCC3(CC2)OCc2ccccc23)cc1
CHEMBL76233,C/C(=C\c1ccc(C(=O)O)cc1)c1ccc2c(c1)C(C)(C)CCC2,7.163162708282471,0.3018867924528302,O=C(O)CCC(=O)c1ccc2c(c1)CCC2
CHEMBL142945,Oc1ccc(/C=C/c2cc(O)c(I)c(O)c2)cc1,4.270041942596436,0.16666666666666666,O=C(Cc1ccccc1)Oc1c(OC(=O)Cc2ccccc2)c(-c2ccc(O)cc2)c(O)c(O)c1-c1ccc(O)cc1
CHEMBL144357,O=C(/C(=C\c1ccc(O)cc1)c1ccccc1)c1ccc(O)cc1,5.920024871826172,0.2708333333333333,O=C(Cc1ccccc1)Oc1c(OC(=O)Cc2ccccc2)c(-c2ccc(O)cc2)c(O)c(O)c1-c1ccc(O)cc1
CHEMBL247111,CCO[C@@H](Cc1ccc(OC/C=C/c2cc(/C=C/c3ccccc3)cc(/C=C/c3ccccc3)c2)cc1)C(=O)O,3.897283315658569,0.25,CC(CC(=O)c1ccccc1)C(=O)O
CHEMBL390532,COc1ccc(/C=C/c2cc(OC)cc(OC)c2/C=N/C2CCCCC2)cc1,4.582372188568115,0.14864864864864866,COc1ccc(Br)c(-c2nnc(CCC(=O)O)o2)c1
CHEMBL48821,Oc1ccc(C2=C(c3ccc(Br)cc3)Cc3cc(O)ccc32)cc1,4.440871238708496,0.18181818181818182,CC(=O)C1=C(O)C(=O)N(CCc2ccc(Cl)c(Cl)c2)C1c1ccc(Br)cc1
CHEMBL442233,OCc1ccc(/C=C/c2ccc(O)c(O)c2)cc1,4.348447799682617,0.15217391304347827,CC(C)Cc1ccc(C(=O)CCC(=O)O)cc1
CHEMBL502484,COc1ccc(/C=C\c2cc(OC)c3occc3c2)cc1O,3.956012010574341,0.171875,COc1cc2oc(=O)cc(C)c2cc1CCC(=O)O
CHEMBL466641,CC(C)c1onc(COc2c(Cl)cc(Cl)cc2Cl)c1COc1ccc(/C=C/c2cccc(C(=O)O)c2)c(Cl)c1,3.549909830093384,0.1891891891891892,CC(CC(=O)c1ccccc1)C(=O)O
CHEMBL166406,CCC1(C)OC(c2ccc(S(C)(=O)=O)cc2)=C(c2cccc(Cl)c2)C1=O,6.645087718963623,0.175,Cc1cc(S(=O)(=O)N2CCC(c3ccccc3)CC2)ccc1C(=O)NCC(=O)O
CHEMBL249485,COc1ccc(C2=C(c3ccc(C)cc3)C(=O)N3CCCC3C2)cc1,4.648593902587891,0.15789473684210525,Cc1cc(C(=O)CN2CCC(O)CC2)c(C)n1-c1ccc(C#N)cc1
CHEMBL88493,COc1c(Cl)cc(C2=C(c3ccc(S(N)(=O)=O)cc3)CC3(CC3)C2)cc1Cl,6.208898544311523,0.17333333333333334,O=C(O)CNC(=O)c1ccc(S(=O)(=O)N2CCC(c3ccccc3)CC2)cc1Cl
CHEMBL63770,N=C(N)c1ccc(/C=C\c2ccc3c(c2)CCN(CC(=O)O)C3=O)cc1,4.071636199951172,0.25,O=C(O)CCC(=O)c1ccc2c(c1)CCC2
CHEMBL338105,CS(=O)(=O)c1ccc(C2=C(c3ccc(C#N)cc3)CCC2)cc1,5.970780849456787,0.2222222222222222,Cc1cc(C(=O)CN2CCC(O)CC2)c(C)n1-c1ccc(C#N)cc1
CHEMBL398751,COc1ccc(C2=C(c3cccc(NCCCCCC(=O)OC(=O)CCCC[C@@H]4SC[C@@H]5NC(=O)N[C@@H]54)c3)C(=O)N3CCCC3C2)cc1,5.088658332824707,0.17307692307692307,Cc1cc(C(=O)CN2CCCC2)c(C)n1-c1ccc(F)cc1
CHEMBL103212,COc1ccc(/C=C2/C(=O)Nc3ccccc32)cc1C(C)(C)C,6.844954490661621,0.16417910447761194,COc1cc2ncn(CC(=O)O)c(=O)c2cc1OC
CHEMBL477753,COc1cc(/C=C/c2ccc(O)cc2)cc(O[C@@H]2O[C@H](CO[C@@H]3O[C@@H](C)[C@H](O)[C@@H](O)[C@H]3O)[C@@H](O)[C@H](O)[C@H]2O)c1,4.350832462310791,0.16049382716049382,COc1ccc(Br)c(-c2nnc(CCC(=O)O)o2)c1
CHEMBL76282,CCCC[C@@H]1C(c2ccc(O)cc2)=C(CC)c2ccc(O)cc21,4.860485076904297,0.1864406779661017,O=C(Cc1ccccc1)Oc1c(OC(=O)Cc2ccccc2)c(-c2ccc(O)cc2)c(O)c(O)c1-c1ccc(O)cc1
CHEMBL318034,CN(C(=O)C1C(c2ccccc2)=C1c1ccc(Cl)cc1)[C@H]1CCCC[C@@H]1N1CCCC1,4.73679256439209,0.22972972972972974,O=C(O)CNC(=O)c1ccc(S(=O)(=O)N2CCC(c3ccc(Cl)cc3)CC2)cc1
CHEMBL487532,CN1CCN(c2ccc(N/C=C3\C(=O)NC(=O)c4ccc(/C=C/c5ccccc5)cc43)cc2)CC1,4.523129940032959,0.1744186046511628,Cn1cc(S(=O)(=O)N2CCC(c3ccccc3)CC2)cc1C(=O)NCC(=O)O
CHEMBL139631,COc1cccc(/C=C2\Oc3ccccc3-c3ccc4c(c32)C(C)=CC(C)(C)N4)c1,5.7762370109558105,0.15853658536585366,COc1ccc(Br)c(-c2nnc(CCC(=O)O)o2)c1
CHEMBL383273,COc1cc(/C=C/c2cc(OC)c(O)c(OC)c2)cc(OC)c1,4.530573844909668,0.19607843137254902,COc1cc2ncn(CC(=O)O)c(=O)c2cc1OC
CHEMBL395876,N=C(N)NCCC[C@H](NC(=O)[C@H](Cc1ccc(/C=C/c2ccccc2)cc1)NC(=O)[C@@H](N)CCCNC(=N)N)C(N)=O,5.119028091430664,0.4027777777777778,CC(C)C[C@H](NC(=O)[C@H](CCCNC(=N)N)NC(=O)[C@@H](N)CC(C)C)C(=O)N[C@@H](CCCNC(=N)N)C(=O)NCC(=O)NCC(=O)O
CHEMBL93999,C1=Cc2ccccc2N(CCCCN2CCCC2)c2ccccc21,4.979527473449707,0.19298245614035087,Cc1cc(C(=O)CN2CCCC2)c(C)n1-c1ccc(F)cc1
CHEMBL167828,CC1(C)OC(c2ccc(S(N)(=O)=O)cc2F)=C(c2ccccc2)C1=O,6.292370796203613,0.21052631578947367,O=C(O)CNC(=O)c1ccc(S(=O)(=O)N2CCC(c3ccccc3)CC2)cc1F
CHEMBL301769,Nc1nc(N)c2nc(CN3c4ccccc4C=Cc4ccccc43)cnc2n1,5.243609428405762,0.12962962962962962,N#CSc1cc(SC#N)c(N)nc1N
CHEMBL135138,CC1=CC(C)(C)Nc2ccc3c(c21)/C(=C/c1cccc(F)c1F)Oc1ccccc1-3,5.901205062866211,0.11688311688311688,O=C(O)CCc1nnc(-c2ccccc2I)o1
CHEMBL18719,C(=C(\c1ccccc1)N1CCN(CCCCc2ccccc2)CC1)\c1ccccc1,3.914764404296875,0.19607843137254902,CC(CC(=O)c1ccccc1)C(=O)O
CHEMBL76975,COc1ccc(C2=C(c3cc(OC)c(OC)c(OC)c3)CCS2)cc1O,4.645328044891357,0.1746031746031746,COc1cc2ncn(CC(=O)O)c(=O)c2cc1OC
CHEMBL321182,Cc1cc(F)ccc1C1=C(c2ccc(S(C)(=O)=O)cc2)CCC1,5.089720726013184,0.20634920634920634,Cc1cc(C(=O)CN2CCCC2)c(C)n1-c1ccc(F)cc1
CHEMBL177065,Oc1cccc(/C=C\c2ccc3ccccc3c2)c1,4.658376693725586,0.18,O=C(Cc1ccccc1)Oc1c(OC(=O)Cc2ccccc2)c(-c2ccc(O)cc2)c(O)c(O)c1-c1ccc(O)cc1
CHEMBL78527,COC(=O)/C(=C\c1ccc(OC)cc1)c1ccc(OC)cc1,4.32234001159668,0.22413793103448276,COc1ccc(Br)c(-c2nnc(CCC(=O)O)o2)c1
CHEMBL233231,O=C(O)c1cccc(C2=C(c3ccccc3OCc3ccc(Cl)c(Cl)c3)CCC2)c1,4.805992603302002,0.2153846153846154,O=C(O)CCC(=O)c1ccc2c(c1)CCC2
CHEMBL391315,CC(=O)Nc1cc(-c2ccccc2)c(-c2nnc3n2NC(c2ccccc2)=C(c2ccccc2)S3)s1,5.731164455413818,0.21333333333333335,Nc1c(C(=O)c2ccccc2)sc2[nH]c(=O)c(C(=O)O)cc12
CHEMBL355074,CCCCc1ccc(C2=C(c3ccc(S(C)(=O)=O)cc3)OC(C)(C)C2=O)cc1,6.169981002807617,0.1518987341772152,Cc1cc(S(=O)(=O)N2CCC(c3ccccc3)CC2)ccc1C(=O)NCC(=O)O
CHEMBL510988,COc1cc2c(c(O)c1C)Oc1c(O)ccc(OC)c1C=C2,3.692470550537109,0.1875,COc1cc2oc(=O)cc(C)c2cc1CCC(=O)O
CHEMBL372633,O=c1cc(N2CCOCC2)oc2c(/C=C/c3ccc(F)cc3)cccc12,4.414763450622559,0.19718309859154928,Cc1cc(C(=O)CN2CCCC2)c(C)n1-c1ccc(F)cc1
CHEMBL113598,COc1ccc(/C=C/c2cc(O)cc(O[C@@H]3O[C@H](COC(=O)c4cc(O)c(O)c(O)c4)[C@@H](O)[C@H](O)[C@H]3O)c2)cc1O,4.268745422363281,0.16470588235294117,COc1cc2oc(=O)cc(C)c2cc1CCC(=O)O
CHEMBL386803,COc1ccc(/C=C\c2cc(OC)c(OC)c(OC)c2N)cc1O,4.699543952941895,0.16393442622950818,COc1cc2ncn(CC(=O)O)c(=O)c2cc1OC
CHEMBL231775,OCCCCCCCCCCc1c(O)cc(/C=C/c2ccc(O)cc2)cc1O,4.992396354675293,0.16363636363636364,O=C(Cc1ccccc1)Oc1c(OC(=O)Cc2ccccc2)c(-c2ccc(O)cc2)c(O)c(O)c1-c1ccc(O)cc1
CHEMBL179143,COc1ccc(/C=C\c2ccc3ccccc3c2)cc1[N+](=O)[O-],5.16661548614502,0.16129032258064516,COc1cc2ncn(CC(=O)O)c(=O)c2cc1OC
CHEMBL109030,CS(=O)(=O)c1ccc(C2=C(c3ccc(C(F)(F)F)cc3)CCC2)cc1,5.799906253814697,0.23529411764705882,O=C(O)CNC(=O)c1ccc(S(=O)(=O)N2CCC(c3cccc(C(F)(F)F)c3)CC2)cc1
CHEMBL270429,Nc1ccc(/C=C/c2ccc(-c3nc4ccc(OCCF)cc4s3)cc2)cc1,4.732866287231445,0.12987012987012986,COc1ccc(Br)c(-c2nnc(CCC(=O)O)o2)c1
CHEMBL229139,C1=C(c2ccc3c(c2)OCO3)Cc2ccccc21,4.592300415039063,0.14814814814814814,O=C(O)CCc1nnc(-c2ccccc2)o1
CHEMBL260539,CS(=O)(=O)c1ccc(/C=C(/C(=O)OCCO[N+](=O)[O-])c2ccccc2)cc1,5.55220365524292,0.23636363636363636,CC(CC(=O)c1ccccc1)C(=O)O
CHEMBL171872,COc1ccc(/C=C/c2ccccc2NC(=O)c2ccc(OC)cc2)cc1,4.997632026672363,0.22058823529411764,O=C(O)CNC(=O)c1ccc(S(=O)(=O)N2CCC(Oc3ccccc3)CC2)cc1
CHEMBL34733,C[Si](C)(C)c1cccc(/C=C/c2ccc(C(=O)O)cc2)c1,6.162284851074219,0.21739130434782608,CC(CC(=O)c1ccccc1)C(=O)O
CHEMBL323572,CC(C)(C)c1cc(/C=C2/C(=O)Nc3ccccc32)cc(C(C)(C)C)c1O,6.73472785949707,0.16393442622950818,CC(C(=O)O)n1cnc2ccccc2c1=O
CHEMBL206345,C[N+]1(C)C2CCC1CC(OC1c3ccccc3C=Cc3ccccc31)C2,5.53378963470459,0.14492753623188406,O=C(O)CNC(=O)c1ccc(S(=O)(=O)N2CCC(Oc3ccccc3)CC2)cc1
CHEMBL417621,C/C(=C\c1ccc(O)cc1)c1ccccc1,5.064825057983398,0.2631578947368421,CC(CC(=O)c1ccccc1)C(=O)O
CHEMBL301304,CCCC/C(=C\c1cc(C)c(O)c(C)c1)c1ccc(F)cc1,4.094985008239746,0.25,Cc1cc(C(=O)CN2CCCC2)c(C)n1-c1ccc(F)cc1
CHEMBL82991,C(=C/c1ccc(OCCNCc2ccccc2)cc1)\c1ccccc1,4.707576751708984,0.18181818181818182,O=C(Cc1ccccc1)Oc1c(OC(=O)Cc2ccccc2)c(-c2ccc(O)cc2)c(O)c(O)c1-c1ccc(O)cc1
CHEMBL233696,CC(C)(C)c1onc(-c2c(Cl)cccc2Cl)c1COc1ccc(/C=C/c2cccc(C(=O)O)c2)c(Cl)c1,5.736246109008789,0.17045454545454544,COc1ccc(Br)c(-c2nnc(CCC(=O)O)o2)c1
CHEMBL414213,CCC1Cc2cc(O)ccc2C2=C1c1ccc(O)cc1CC2CC,3.024951934814453,0.16326530612244897,O=C(O)CCC(=O)c1ccc2c(c1)CCC2
CHEMBL85021,CC(C)c1cc(/C=C2\C(=O)Nc3ccccc32)cc(C(C)C)c1O,5.888218402862549,0.2033898305084746,CC(C(=O)O)n1cnc2ccccc2c1=O
CHEMBL178866,COc1ccc(/C=C\c2cc(F)cc(F)c2)cc1,4.620626449584961,0.19642857142857142,COc1ccc(Br)c(-c2nnc(CCC(=O)O)o2)c1
CHEMBL238295,O=c1oc2ccccc2c(O)c1C(c1ccc(/C=C/c2ccccc2)cc1)c1c(O)c2ccccc2oc1=O,4.731410980224609,0.2033898305084746,CC(C(=O)O)n1cnc2ccccc2c1=O
CHEMBL49468,O=[N+]([O-])c1cccc(C2=C(c3ccc(O)cc3)c3ccc(O)cc3C2)c1,4.845098495483398,0.1935483870967742,O=C(Cc1ccccc1)Oc1c(OC(=O)Cc2ccccc2)c(-c2ccc(O)cc2)c(O)c(O)c1-c1ccc(O)cc1
CHEMBL434688,COc1ccc(C2=C3c4cc(OC)c(OC)cc4CCN3C(=O)C2=O)cc1,3.820690870285034,0.2,COc1cc2ncn(CC(=O)O)c(=O)c2cc1OC
CHEMBL188163,COc1ccc(/C=C\c2cc(OC)c(OC)c(OC)c2)cc1OCCN(CCCl)CCCl,4.202540874481201,0.16923076923076924,COc1cc2ncn(CC(=O)O)c(=O)c2cc1OC
CHEMBL37688,CCCCOP(=O)(OCCCC)Oc1cc(/C=C\c2cc(OC)c(OC)c(OC)c2)ccc1OC,6.288678646087647,0.16417910447761194,COc1cc2ncn(CC(=O)O)c(=O)c2cc1OC
CHEMBL75387,C/C(=C\c1ccc(C(=O)O)cc1)c1ccc2c(C)c(C)c(C)c(C)c2c1,3.7073960304260254,0.20833333333333334,CC(C)c1ccc(C(=O)CCC(=O)O)cc1
CHEMBL312268,Clc1ccc(C2=Cc3ccccc3C3=NCCN23)c(Cl)c1,4.400201320648193,0.16,O=C(O)CNC(=O)c1ccc(S(=O)(=O)N2CCC(c3ccccc3)CC2)cc1Cl
CHEMBL233230,O=C(O)c1cccc(C2=C(c3ccccc3OCc3ccc(F)cc3F)CCC2)c1,5.303936958312988,0.21875,O=C(O)CCC(=O)c1ccc2c(c1)CCC2
CHEMBL166295,CC1(C)OC(c2ccc(S(N)(=O)=O)cc2)=C(c2ccccc2)C1=O,6.332310676574707,0.19718309859154928,Cc1cc(S(=O)(=O)N2CCC(c3ccccc3)CC2)ccc1C(=O)NCC(=O)O
CHEMBL86895,COc1cc(/C=C\c2ccc([N+](=O)[O-])cc2)cc(OC)c1OC,4.990923404693604,0.1724137931034483,COc1cc2ncn(CC(=O)O)c(=O)c2cc1OC
CHEMBL190682,O=C1C(c2ccc(O)cc2)=C(c2ccccc2)c2c(O)cc(O)cc21,5.350010871887207,0.3,O=C(Cc1ccccc1)Oc1c(OC(=O)Cc2ccccc2)c(-c2ccc(O)cc2)c(O)c(O)c1-c1ccc(O)cc1
CHEMBL276874,Clc1ccc(C2=Cc3ccccc3C3=NCCCN23)cc1,5.512374877929688,0.15873015873015872,O=C(O)CCc1nnc(-c2ccccc2I)o1
CHEMBL246569,COc1ccc(/C=C\c2cccc(NC(=O)NCCCl)c2)cc1O,5.362564086914063,0.20930232558139536,COc1ccccc1CNC(=O)Cn1c(CCC(=O)O)nc2c(Cl)cccc2c1=O
CHEMBL308075,COc1cc(/C=C\c2ccc(C)cc2)cc(OC)c1OC,4.687839508056641,0.18181818181818182,COc1cc2oc(=O)cc(C)c2cc1CCC(=O)O
CHEMBL296455,CN(C)c1ccc(/C=C2/C(=O)Nc3ccccc32)cc1,5.151146411895752,0.15517241379310345,CC(C(=O)O)n1cnc2ccccc2c1=O
CHEMBL174756,COS(=O)(=O)c1ccc(C(C)=C(c2ccccc2)c2ccccc2)cc1,5.817193508148193,0.26785714285714285,O=C(O)CCC(=O)c1ccc(S(=O)(=O)N2CCC(c3ccccc3)CC2)cc1
CHEMBL442760,CN1CC(c2ccccc2)=C(c2ccc(S(C)(=O)=O)cc2)O1,4.036211013793945,0.2413793103448276,O=C(O)CNC(=O)c1ccc(S(=O)(=O)N2Cc3ccccc3C2)cc1
CHEMBL515339,O=C1Nc2ccccc2/C1=C\c1cc(O)ccc1O,5.432540893554688,0.1724137931034483,O=C(Cc1ccccc1)Oc1c(OC(=O)Cc2ccccc2)c(-c2ccc(O)cc2)c(O)c(O)c1-c1ccc(O)cc1
CHEMBL516733,COc1ccc(/C=C2/C(=O)Nc3cc(Cl)ccc32)cc1O,5.059223175048828,0.1791044776119403,COc1cc2ncn(CC(=O)O)c(=O)c2cc1OC
CHEMBL73439,CCC1=C(c2ccc(O)cc2)[C@@H](CC)c2cc(O)ccc21,5.0736494064331055,0.2,O=C(Cc1ccccc1)Oc1c(OC(=O)Cc2ccccc2)c(-c2ccc(O)cc2)c(O)c(O)c1-c1ccc(O)cc1
CHEMBL449773,O=C1Nc2ccccc2/C1=C\c1cccc(C(F)(F)F)c1,5.745708465576172,0.24193548387096775,O=C(O)CCc1nnc(-c2cccc(C(F)(F)F)c2)o1
CHEMBL75898,CC/C(=C(/CC)c1ccc(O)c(OC)c1)c1ccc(O)cc1,4.4920196533203125,0.2,COc1cc2ncn(CC(=O)O)c(=O)c2cc1OC
CHEMBL29781,CC/C(=C(\c1ccccc1)c1cccc(OC(C)=O)c1)c1ccc(OC(C)=O)c(OC(C)=O)c1,5.303548812866211,0.25,CC(CC(=O)c1ccccc1)C(=O)O
CHEMBL44142,CSc1ccc(C2=C3c4cc(C)ccc4CCC3OC2=O)cc1,3.8800318241119385,0.14814814814814814,Cc1cc(C(=O)NCC(=O)O)ccc1S(=O)(=O)N1CCC(c2ccccc2)CC1
CHEMBL144164,CC(=O)Oc1ccc(/C=C(/C(=O)c2ccccc2)c2ccccc2)cc1,5.568166732788086,0.26666666666666666,CC(CC(=O)c1ccccc1)C(=O)O
CHEMBL587282,COc1ccc2nccc([C@@H](O)CN3CCC(NC(=O)/C(=C/c4ccccc4)c4ccc(-c5ccccc5)cc4)CC3)c2c1,4.086390018463135,0.20833333333333334,O=C(O)CNC(=O)c1ccc(S(=O)(=O)N2CCC(Oc3ccccc3)CC2)cc1
CHEMBL414893,COc1ccc(/C=C/c2cccc(O)c2)cc1,4.194889068603516,0.21052631578947367,COc1ccc(Br)c(-c2nnc(CCC(=O)O)o2)c1
CHEMBL179770,FC(F)(F)c1ccc(/C=C\c2cc(Cl)cc(Cl)c2)cc1,4.9489946365356445,0.18181818181818182,O=C(O)CCc1nnc(-c2cccc(C(F)(F)F)c2)o1
CHEMBL482245,COc1c(C)c(O)c2c(c1OC)C=Cc1c(O)cccc1O2,4.04205322265625,0.15254237288135594,O=C(Cc1ccccc1)Oc1c(OC(=O)Cc2ccccc2)c(-c2ccc(O)cc2)c(O)c(O)c1-c1ccc(O)cc1
CHEMBL521616,COc1cc(/C=C\c2ccc3[nH]cnc3c2)cc(OC)c1,4.633894443511963,0.1864406779661017,COc1cc2ncn(CC(=O)O)c(=O)c2cc1OC
CHEMBL199594,COc1ccc(/C=C(/CN2CCCC[C@H]2C)c2ccc(O)cc2)cc1OC,3.9582440853118896,0.2,COc1cc2ncn(CC(=O)O)c(=O)c2cc1OC
CHEMBL197918,COc1ccc(/C=C(/CN2CCCC[C@@H]2C)c2ccc(O)cc2)cc1OC,3.9582440853118896,0.2,COc1cc2ncn(CC(=O)O)c(=O)c2cc1OC
CHEMBL354938,CCCCCCCCCCOc1ccc2cc(/C=C(C(/C)=C/C(=O)O)\c3cccc(C(=O)O)c3)ccc2c1,6.14967155456543,0.20481927710843373,CCC[C@H](NC(=O)/C(C#N)=C/c1cccc(Br)n1)c1ccccc1
CHEMBL156301,O=C1c2ccccc2C(=Cc2ccc(Cl)cc2)c2ccccc21,5.0726704597473145,0.16666666666666666,O=C([O-])CNC(=O)c1ccc(S(=O)(=O)N2CCC(c3ccc(Cl)cc3)CC2)cn1.[K+]
CHEMBL381645,Oc1ccc(C2=C(c3ccc(OCCN4CCCCC4)cc3)c3ccc(O)cc3C2)cc1,3.853943347930908,0.18055555555555555,Cc1cc(C(=O)CN2CCCC2)c(C)n1-c1ccc(F)cc1
CHEMBL127617,Cn1cncc1C(OCc1ccc(C#N)cc1/C=C/c1ccc([N+](=O)[O-])cc1)c1ccc(C#N)cc1,5.381967544555664,0.18888888888888888,Cc1cc(C(=O)CN2CCC(O)CC2)c(C)n1-c1ccc(C#N)cc1
CHEMBL444932,COc1ccc(/C=C(/C(=O)O)c2ccccc2)cc1,4.879238128662109,0.2857142857142857,CC(CC(=O)c1ccccc1)C(=O)O
CHEMBL496862,CCN(C)C(=O)c1ccc2c(c1)NC(=O)/C2=C(\Nc1ccc(CN2CCCCC2)cc1)c1ccccc1,5.173107624053955,0.20652173913043478,Cc1cc(C(=O)NCC(=O)O)ccc1S(=O)(=O)N1CCC(c2ccccc2)CC1
CHEMBL279301,CC/C(=C(/c1ccc(O)cc1)c1ccc(OCCN(C)C)cc1)c1ccccc1,4.789914131164551,0.22033898305084745,O=C(Cc1ccccc1)Oc1c(OC(=O)Cc2ccccc2)c(-c2ccc(O)cc2)c(O)c(O)c1-c1ccc(O)cc1
CHEMBL314013,O=c1c(C(c2ccc(/C=C/c3ccccc3)cc2)c2c(O)oc3cc(O)ccc3c2=O)c(O)oc2cc(O)ccc12,4.9664483070373535,0.17391304347826086,COc1cc2oc(=O)cc(C)c2cc1CCC(=O)O
CHEMBL198853,CC(C)NC(=O)/C(=C\c1cccc(-c2cc(C(C)(C)C#N)cc3cccnc23)c1)c1ccc(S(C)(=O)=O)cc1,6.661443710327148,0.20618556701030927,CCC[C@H](NC(=O)/C(C#N)=C/c1cccc(Br)n1)c1ccccc1
CHEMBL474935,COc1ccc(/C(C)=C/c2cc(O)cc(O)c2)cc1,4.336206436157227,0.20689655172413793,COc1ccc(Br)c(-c2nnc(CCC(=O)O)o2)c1
CHEMBL175429,COc1cc(/C=C\c2ccc3ccccc3c2)cc(NC(C)=O)c1OC,6.325218200683594,0.20481927710843373,COc1ccccc1CNC(=O)Cn1c(CCC(=O)O)nc2c(Cl)cccc2c1=O
CHEMBL371236,Oc1ccc(C2=C(c3ccc(F)cc3)c3ccc(O)cc3C2)cc1,4.43483304977417,0.18333333333333332,Cc1cc(C(=O)CN2CCCC2)c(C)n1-c1ccc(F)cc1
CHEMBL219102,COc1cc(/C=C2/c3ccccc3C(=O)c3ccsc32)cc(OC)c1O,4.669322967529297,0.19117647058823528,COc1cc2oc(=O)cc(C)c2cc1CCC(=O)O
CHEMBL67543,CN(Cc1ccc(/C=C/c2ccccc2)cc1)Cc1cccc2ccccc12,3.36545991897583,0.22077922077922077,COc1ccccc1CN(C)C(=O)Cn1c(CCC(=O)O)nc2c(Cl)cccc2c1=O
CHEMBL51434,CS(=O)(=O)c1ccc(C2=C(c3ccc(F)cc3)C(=O)OC2)cc1,5.517326354980469,0.21212121212121213,O=C(O)CNC(=O)c1ccc(S(=O)(=O)N2CCC(c3ccc(F)cc3)CC2)cc1
CHEMBL420987,CC1(C)C(=O)C(c2ccccc2)=C1c1ccc(S(C)(=O)=O)cc1,6.115224838256836,0.22727272727272727,CC1CN(S(=O)(=O)c2ccc(C(=O)NCC(=O)O)cc2)CCC1c1ccccc1
CHEMBL125462,COc1ccc(/C=C2\C=C(CCN3CCOCC3)c3ccccc32)cc1,4.915280342102051,0.19444444444444445,COc1ccc(Br)c(-c2nnc(CCC(=O)O)o2)c1
CHEMBL421470,CSc1ccc(/C=C2\C=C(CCN3CCOCC3)c3ccccc32)cc1,4.865667819976807,0.15384615384615385,O=C(O)CNC(=O)c1ccc(S(=O)(=O)N2CCC(N3CCOCC3)CC2)cc1
CHEMBL108424,OCC(O)COc1ccc(C2Oc3ccccc3C=C2c2ccccc2)cc1,4.515444278717041,0.171875,O=C(O)CCc1nnc(-c2ccccc2)o1
CHEMBL169014,ClCCN(CCCl)c1ccc(/C=C/c2ccccc2)cc1,4.69281005859375,0.16279069767441862,CC(CC(=O)c1ccccc1)C(=O)O
CHEMBL81384,COc1cc(C2=Cc3ccccc3C3=NCCN23)cc(OC)c1OC,4.924998283386231,0.16417910447761194,COc1cc2ncn(CC(=O)O)c(=O)c2cc1OC
CHEMBL246567,COc1ccc(/C=C/c2cccc(NC(=O)NCCCl)c2)cc1O,5.362564086914063,0.20930232558139536,COc1ccccc1CNC(=O)Cn1c(CCC(=O)O)nc2c(Cl)cccc2c1=O
CHEMBL122322,COc1cc(/C=C/c2ccc3cccnc3c2)cc(OC)c1OC,5.0353851318359375,0.2,COc1cc2ncn(CC(=O)O)c(=O)c2cc1OC
CHEMBL28032,Oc1ccc2c(c1)CC(c1ccccc1)=C2c1ccccc1,5.640863418579102,0.21568627450980393,O=C(Cc1ccccc1)Oc1c(OC(=O)Cc2ccccc2)c(-c2ccc(O)cc2)c(O)c(O)c1-c1ccc(O)cc1
CHEMBL283873,CC/C(=C(\c1ccccc1)c1ccc(OC(C)=O)cc1)c1ccc(OC(C)=O)c(OC(C)=O)c1,5.328522682189941,0.26,CC(CC(=O)c1ccccc1)C(=O)O
CHEMBL29475,CCC(=C(c1ccc(OC(C)=O)c(OC(C)=O)c1)c1ccc(OC(C)=O)c(OC(C)=O)c1)c1ccccc1,4.765590667724609,0.28888888888888886,CC(CC(=O)c1ccccc1)C(=O)O
CHEMBL313151,CC1=C(c2ccc(O)cc2)C(CCCCCCN2CCCC2)c2ccc(O)cc21,4.023287296295166,0.21739130434782608,Cc1cc(C(=O)CN2CCCC2)c(C)n1-c1ccc(F)cc1
CHEMBL168086,Cc1cccc(C2=C(c3ccc(S(C)(=O)=O)cc3)OC3(CCCC3)C2=O)c1,6.000480175018311,0.1794871794871795,Cc1cc(S(=O)(=O)N2CCC(c3ccccc3)CC2)ccc1C(=O)NCC(=O)O
CHEMBL487,CC/C(=C(/c1ccc(OCCN(C)C)cc1)c1cccc(O)c1)c1ccccc1,4.773963928222656,0.21818181818181817,CC(CC(=O)c1ccccc1)C(=O)O
CHEMBL146506,C/C(=C\c1ccc(OCCN2CCOCC2)cc1)c1ccc2c(c1)C(C)(C)CCC2(C)C,5.285202980041504,0.18518518518518517,O=C(O)CNC(=O)c1ccc(S(=O)(=O)N2CCC(N3CCOCC3)CC2)cc1
CHEMBL12585,CC1(C)CCC(C)(C)c2cc(/C=C/c3ccc(C(=O)O)cc3)ccc21,7.199586868286133,0.24,O=C(O)CCC(=O)c1ccc2c(c1)CCC2
CHEMBL178967,COc1ccc(/C=C\c2cc(Cl)cc(Cl)c2)cc1,4.733333110809326,0.19642857142857142,COc1ccc(Br)c(-c2nnc(CCC(=O)O)o2)c1
CHEMBL86978,COc1cc(/C=C/c2cc(OC)c(OC)c(OC)c2)cc(OC)c1OC,4.591915130615234,0.1956521739130435,COc1cc2ncn(CC(=O)O)c(=O)c2cc1OC
CHEMBL202215,COc1ccc(C2=C(c3cc(OC)c(OC)c(OC)c3)C(=O)NC2=O)cc1,4.998830318450928,0.1935483870967742,COc1ccc(Br)c(-c2nnc(CCC(=O)O)o2)c1
CHEMBL456987,CSc1ccc(-c2ccc(/C=C3\C=C(CC(=O)O)c4cc(F)ccc43)cc2)cc1,3.915396690368652,0.18055555555555555,Cc1cc(C(=O)CN2CCCC2)c(C)n1-c1ccc(F)cc1
CHEMBL368407,CS(=O)(=O)c1ccc(C2=C(c3ccc(S(N)(=O)=O)cc3)C(=O)OC2)cc1,5.285778522491455,0.18055555555555555,O=C(O)CNC(=O)c1ccc(S(=O)(=O)N2CCC3(CC2)OCc2ccccc23)cc1
CHEMBL102040,CN(C(=O)C1C(c2ccccc2)=C1c1ccccc1)[C@H]1CC[C@@]2(CCCO2)C[C@@H]1N1CCCC1,5.695547580718994,0.21333333333333335,O=C(O)CCC(=O)c1ccc(S(=O)(=O)N2CCC(N3CCCC3)CC2)cc1
CHEMBL133124,CC1=CC(C)(C)Nc2ccc3c(c21)/C(=C/c1ccccc1C(F)(F)F)Oc1ccc(F)cc1-3,5.960489749908447,0.12941176470588237,O=C(O)CCc1nnc(-c2cccc(C(F)(F)F)c2)o1
CHEMBL215432,COc1ccc(/C=C/c2ccc(O)c(O)c2)cc1,4.2746453285217285,0.21428571428571427,COc1ccc(Br)c(-c2nnc(CCC(=O)O)o2)c1
CHEMBL427498,COc1cccc(/C=C/c2cc(Cl)cc(Cl)c2)c1,4.918684482574463,0.1864406779661017,COc1ccc(Br)c(-c2nnc(CCC(=O)O)o2)c1
CHEMBL113028,C(=C/c1ccccc1)\c1ccccc1,4.235432624816895,0.2,CC(CC(=O)c1ccccc1)C(=O)O
CHEMBL454434,COc1ccc(C2=C(c3ccccc3)C(=O)N3CCC[C@H]3C2)cc1,5.070208549499512,0.1891891891891892,O=C(O)CNC(=O)c1ccc(S(=O)(=O)N2CCC(Oc3ccccc3)CC2)cc1
CHEMBL333230,COc1ccc(/C=C\c2cc(O)cc(O)c2)cc1O,4.287574291229248,0.18867924528301888,COc1cc2ncn(CC(=O)O)c(=O)c2cc1OC
CHEMBL84723,CC/C(=C(\c1ccc(OCCN(C)C)cc1)c1ccc([S+](C)[O-])cc1)c1ccccc1,4.832752227783203,0.19298245614035087,CC(CC(=O)c1ccccc1)C(=O)O
CHEMBL353866,CS(=O)(=O)c1ccc(C2=C(c3ccccc3)C(=O)C3(CCCC3)O2)cc1,6.015105247497559,0.21621621621621623,O=C(O)CNC(=O)c1ccc(S(=O)(=O)N2CCC3(CC2)OCc2ccccc23)cc1
CHEMBL383871,COc1cc(/C=C2/C(=O)Nc3ccc(Cl)cc32)cc(OC)c1OC,5.162574768066406,0.1702127659574468,Cc1cc(Cl)cc(-c2ccnc3cc(CN4C(=O)C5C(C4=O)C5(C)C)sc23)c1O[C@@H]1CCNC[C@@H]1C
CHEMBL496450,COc1ccc(/C=C\c2cc(OC)c(OC)c(OC)c2)c(O[C@H]2O[C@@H](CO)[C@H](O)[C@@H](O)[C@@H]2O)c1O,4.207726955413818,0.1643835616438356,COc1cc2ncn(CC(=O)O)c(=O)c2cc1OC
CHEMBL90947,CC1(C)CCC(C)(C)c2cc(/C=C\c3cccc(N)c3)ccc21,6.964239120483398,0.1276595744680851,N#CSc1cc(SC#N)c(N)nc1N
CHEMBL159754,COc1cc(C2=C(c3ccc(N)cc3)COC2=O)cc(OC)c1OC,4.572368144989014,0.1875,COc1cc2oc(=O)cc(C)c2cc1CCC(=O)O
CHEMBL385995,COc1ccc2c(c1)OC(c1ccc(O)cc1)C/C2=C\c1ccc(OCc2ccccc2)cc1,5.353076934814453,0.21518987341772153,COc1ccc(Br)c(-c2nnc(CCC(=O)O)o2)c1
CHEMBL222337,COc1ccc(C2=C(c3cc(OC)c(OC)c(OC)c3)/C(=N\O)CC2OC(C)=O)cc1,4.445789813995361,0.18666666666666668,COc1ccc(Br)c(-c2nnc(CCC(=O)O)o2)c1
CHEMBL73296,CCCOc1ccc(/C=C\c2cc(OC)c(OC)c(OC)c2)cc1,4.8325276374816895,0.1896551724137931,COc1cc2ncn(CC(=O)O)c(=O)c2cc1OC
CHEMBL248337,COc1ccc(/C=C/c2cccc(/C=C/c3ccc(OC)c(N(C)C)c3)c2)cc1N(C)C,3.877512693405152,0.17333333333333334,COc1ccccc1CN(C)C(=O)Cn1c(CCC(=O)O)nc2c(Cl)cccc2c1=O
CHEMBL285179,C/C(=C\c1ccc2c(c1)C(C)(C)CCC2(C)C)c1ccc(C(=O)O)cc1,7.20176887512207,0.22641509433962265,O=C(O)CCC(=O)c1ccc2c(c1)CCC2
CHEMBL479343,COc1c(O)cc(/C=C/c2cc(O)cc3c2[C@@]2(C(=O)O3)c3c(O)cc(O)cc3O[C@@H]2c2ccc(O)cc2)cc1O,5.415970802307129,0.14285714285714285,O=C(Cc1ccccc1)Oc1c(OC(=O)Cc2ccccc2)c(-c2ccc(O)cc2)c(O)c(O)c1-c1ccc(O)cc1
CHEMBL233145,O=C(NCC1CCCO1)c1ccc(/C=C/c2ccc(O)c(O)c2)cc1,2.9882068634033203,0.2727272727272727,O=C(O)CNC(=O)c1ccc(S(=O)(=O)N2CCC(C3CCCC3)CC2)cc1
CHEMBL147559,O=C(/C(=C\c1ccccc1)c1ccccc1)c1ccccc1,5.773638725280762,0.3055555555555556,CC(CC(=O)c1ccccc1)C(=O)O
CHEMBL506431,COc1ccc(/C=C\c2cc(F)c(F)c(F)c2)cc1N,3.8774728775024414,0.16666666666666666,COc1cc2oc(=O)cc(C)c2cc1CCC(=O)O
CHEMBL291809,CCN(CC)CCOc1ccc(/C(=C(/Cl)c2ccc(O)cc2)c2ccccc2)cc1,4.886591911315918,0.21666666666666667,O=C(Cc1ccccc1)Oc1c(OC(=O)Cc2ccccc2)c(-c2ccc(O)cc2)c(O)c(O)c1-c1ccc(O)cc1
CHEMBL274044,CCC1=C(c2ccccc2)c2ccc(O)cc2Sc2ccccc21,5.539579391479492,0.20689655172413793,O=C(Cc1ccccc1)Oc1c(OC(=O)Cc2ccccc2)c(-c2ccc(O)cc2)c(O)c(O)c1-c1ccc(O)cc1
CHEMBL275311,C/C(=C\c1ccc(C(=O)O)cc1)c1ccc2c(c1)C(C)(C)CCC2(C)C,6.78125,0.22641509433962265,O=C(O)CCC(=O)c1ccc2c(c1)CCC2
CHEMBL323166,CCN1C(=O)/C(=C/c2cc(C(C)(C)C)c(O)c(C(C)(C)C)c2)c2cc(OCc3ccccc3C(=O)O)ccc21,6.096443176269531,0.19480519480519481,O=C(Cc1ccccc1)Oc1c(OC(=O)Cc2ccccc2)c(-c2ccc(O)cc2)c(O)c(O)c1-c1ccc(O)cc1
CHEMBL15668,CNCCSC1=Cc2ccccc2Sc2ccc(O)cc21,5.694491386413574,0.15384615384615385,O=C(Cc1ccccc1)Oc1c(OC(=O)Cc2ccccc2)c(-c2ccc(O)cc2)c(O)c(O)c1-c1ccc(O)cc1
CHEMBL248453,COc1cc2cc(OC)c1OCCCCCCn1ccc3cc(ccc31)/C=C\2,4.507634162902832,0.1527777777777778,COc1cc2oc(=O)cc(C)c2cc1CCC(=O)O
CHEMBL13065,CC1(C)CCC(C)(C)c2cc(/C(=C/c3ccc(C(=O)O)cc3)C(F)(F)F)ccc21,6.628911972045898,0.21052631578947367,O=C(O)CCC(=O)c1ccc2c(c1)CCC2
CHEMBL223065,O=S(=O)(Oc1ccccc1)[C@H]1CC2OC1C(c1ccc(O)cc1)=C2c1ccc(O)cc1,5.019886016845703,0.25862068965517243,O=C(Cc1ccccc1)Oc1c(OC(=O)Cc2ccccc2)c(-c2ccc(O)cc2)c(O)c(O)c1-c1ccc(O)cc1
CHEMBL373563,COc1ccc(OS(=O)(=O)C2CC3OC2C(c2ccc(O)cc2)=C3c2ccc(O)cc2)cc1,4.768052101135254,0.20634920634920634,O=C(Cc1ccccc1)Oc1c(OC(=O)Cc2ccccc2)c(-c2ccc(O)cc2)c(O)c(O)c1-c1ccc(O)cc1
CHEMBL86893,C/C(=C/c1ccc2c(c1)C(C)(C)CCC2(C)C)c1ccc(C(=O)O)cc1,7.20176887512207,0.22641509433962265,O=C(O)CCC(=O)c1ccc2c(c1)CCC2
CHEMBL81446,COc1ccc(/C(C#N)=C/c2ccc(OC)c(OC)c2)cc1,5.138713359832764,0.203125,COc1ccc(Br)c(-c2nnc(CCC(=O)O)o2)c1
CHEMBL14745,Oc1ccc(/C(F)=C/c2ccccc2)cc1,5.153460502624512,0.2391304347826087,O=C(Cc1ccccc1)Oc1c(OC(=O)Cc2ccccc2)c(-c2ccc(O)cc2)c(O)c(O)c1-c1ccc(O)cc1
CHEMBL191836,O=C1C(c2ccc(O)cc2)=C(c2ccccc2)c2cc(O)cc(O)c21,5.625713348388672,0.30612244897959184,O=C(Cc1ccccc1)Oc1c(OC(=O)Cc2ccccc2)c(-c2ccc(O)cc2)c(O)c(O)c1-c1ccc(O)cc1
CHEMBL1301,N=C(N)c1ccc(/C=C/c2ccc(C(=N)N)cc2O)cc1,3.603041172027588,0.13725490196078433,O=C(O)CCC(=O)c1ccc2c(c1)CCC2
CHEMBL47426,COc1ccc(/C=C\c2cc(OC)c(OC)c(OC)c2)cc1,4.617420196533203,0.19298245614035087,COc1ccc(Br)c(-c2nnc(CCC(=O)O)o2)c1
CHEMBL29776,CC/C(=C(\c1ccccc1)c1ccc(OC(C)=O)c(OC(C)=O)c1)c1ccccc1,5.239667892456055,0.2826086956521739,CC(CC(=O)c1ccccc1)C(=O)O
CHEMBL45396,CC(=O)c1cccc(C2=C(c3ccc(S(C)(=O)=O)cc3)OC(C)(C)C2=O)c1,6.307546615600586,0.19230769230769232,Cc1cc(S(=O)(=O)N2CCC(c3ccccc3)CC2)ccc1C(=O)NCC(=O)O
CHEMBL166869,CCC1(C)OC(c2ccc(S(C)(=O)=O)cc2)=C(c2ccccc2)C1=O,6.36269998550415,0.2054794520547945,Cc1cc(S(=O)(=O)N2CCC(c3ccccc3)CC2)ccc1C(=O)NCC(=O)O
CHEMBL72303,CCC1=C(c2ccccc2)[C@@H](C)c2cc(O)ccc21,5.579761981964111,0.21818181818181817,O=C(Cc1ccccc1)Oc1c(OC(=O)Cc2ccccc2)c(-c2ccc(O)cc2)c(O)c(O)c1-c1ccc(O)cc1
CHEMBL428538,CN(C)CCSC1=Cc2ccccc2Sc2ccccc21,4.288344383239746,0.14754098360655737,O=C(O)CCc1nnc(-c2ccccc2I)o1
CHEMBL459124,COc1ccc(/C=C/c2cc(Br)c(OC)c(OC)c2)cc1O,4.989781856536865,0.1875,COc1ccc(Br)c(-c2nnc(CCC(=O)O)o2)c1
CHEMBL8505,CC(C)(C)c1cc(/C=C/c2cccc(C(F)(F)F)c2)cc(C(C)(C)C)c1O,5.988132476806641,0.25862068965517243,O=C(O)CCc1nnc(-c2cccc(C(F)(F)F)c2)o1
CHEMBL293150,Cc1cc(/C=C/c2c(F)cccc2F)cc(C)c1O,4.917614459991455,0.16666666666666666,O=C(O)CNC(=O)c1ccc(S(=O)(=O)N2CCC(c3ccccc3)CC2)c(F)c1
CHEMBL46774,CSc1ccc(C2=C(c3ccc(C)c(C)c3)C(=O)N3CCCC3C2)cc1,4.217694282531738,0.18309859154929578,Cc1cc(C(=O)CN2CCCC2)c(C)n1-c1ccc(F)cc1
CHEMBL147669,CSc1ccc2c(c1)C(SCCN(C)C)=Cc1ccccc1O2,4.294910907745361,0.13043478260869565,O=C(O)CCc1nnc(-c2ccccc2I)o1
CHEMBL108975,CS(=O)(=O)c1ccc(C2=C(c3ccc(Cl)cc3Cl)CCC2)cc1,5.423256874084473,0.20588235294117646,O=C(O)CNC(=O)c1ccc(S(=O)(=O)N2CCC(c3ccc(Cl)cc3)CC2)cc1
CHEMBL67931,COc1cc(Nc2c(C#N)cnc3cc(/C=C/c4ccccc4)ccc23)c(Cl)cc1Cl,5.619065284729004,0.20430107526881722,COc1ccccc1CNC(=O)Cn1c(CCC(=O)O)nc2c(Cl)cccc2c1=O
CHEMBL501751,O=C1Nc2cc([N+](=O)[O-])ccc2/C1=C(/Nc1ccc(CN2CCCCC2)cc1)c1ccccc1,4.887517929077148,0.18072289156626506,O=C(O)CNC(=O)c1ccc(S(=O)(=O)N2CCC(C3CCCC3)CC2)cc1
CHEMBL786,CC/C(=C(\c1ccccc1)c1ccc(OCCN(C)C)cc1)c1ccccc1.O=C(O)CC(O)(CC(=O)O)C(=O)O,4.839043617248535,0.22413793103448276,CC(CC(=O)c1ccccc1)C(=O)O
CHEMBL122,CS(=O)(=O)c1ccc(C2=C(c3ccccc3)C(=O)OC2)cc1,5.279911994934082,0.2222222222222222,O=C(O)CNC(=O)c1ccc(S(=O)(=O)N2CC=C(c3ccccc3)CC2)cc1
CHEMBL488025,CC1=C(CC(=O)O)c2cc(F)ccc2/C1=C\c1ccc(S(C)(=O)=O)cc1,4.738897323608398,0.23684210526315788,O=C(O)CNC(=O)c1ccc(S(=O)(=O)N2CCC(c3cccc(F)c3)CC2)cc1
CHEMBL196731,Oc1ccc(/C=C/c2ccc(O)cc2)cc1,3.4590868949890137,0.20512820512820512,O=C(Cc1ccccc1)Oc1c(OC(=O)Cc2ccccc2)c(-c2ccc(O)cc2)c(O)c(O)c1-c1ccc(O)cc1
CHEMBL259571,CC(C)c1c(O)cc(/C=C/c2ccccc2)cc1O,4.673186779022217,0.25,CC(CC(=O)c1ccccc1)C(=O)O
CHEMBL489,CC/C(=C(\c1ccc(O)cc1)c1ccc(OCCN(C)C)cc1)c1ccccc1,4.789914131164551,0.22033898305084745,O=C(Cc1ccccc1)Oc1c(OC(=O)Cc2ccccc2)c(-c2ccc(O)cc2)c(O)c(O)c1-c1ccc(O)cc1
CHEMBL285802,CN(C)CCOC1=Cc2ccccc2Sc2ccc(Cl)cc21,5.149326801300049,0.14285714285714285,Cc1cc(Cl)cc(-c2ccnc3cc(CN4C(=O)C5C(C4=O)C5(C)C)sc23)c1O[C@@H]1CCNC[C@@H]1C
CHEMBL83,CC/C(=C(\c1ccccc1)c1ccc(OCCN(C)C)cc1)c1ccccc1,4.833244323730469,0.22916666666666666,CC(CC(=O)c1ccccc1)C(=O)O
CHEMBL302647,Cc1ccc(/C(=C(/C#N)c2ccccc2)c2ccc(O)cc2)cc1,6.2572102546691895,0.22727272727272727,CC(CC(=O)c1ccccc1)C(=O)O
CHEMBL304867,COc1ccc(C(=C(C#N)c2ccccc2)c2ccc(OC)cc2)cc1,6.309047222137451,0.23255813953488372,CC(CC(=O)c1ccccc1)C(=O)O
CHEMBL668,CNCCCC1c2ccccc2C=Cc2ccccc21,5.129321098327637,0.15555555555555556,CC(CC(=O)c1ccccc1)C(=O)O
CHEMBL291808,CC1=C(c2ccc(O)cc2)C(c2ccc(OCCN3CCCCC3)cc2)Oc2cc(O)ccc21,4.031217575073242,0.19230769230769232,Cc1cc(C(=O)CN2CCCC2)c(C)n1-c1ccc(F)cc1
CHEMBL75015,COc1ccc(/C=C/c2cc(OC)c(OCc3ccccc3)c(OC)c2)cc1,4.524730682373047,0.21052631578947367,O=C(Cc1ccccc1)Oc1c(OC(=O)Cc2ccccc2)c(-c2ccc(O)cc2)c(O)c(O)c1-c1ccc(O)cc1
CHEMBL61360,CC(=O)N(O)C(C)c1ccc(/C=C/c2ccccc2)cc1,4.9286956787109375,0.27906976744186046,CC(CC(=O)c1ccccc1)C(=O)O
CHEMBL267928,Nc1nc(N)c2c(/C=C\c3ccc4ccccc4c3)cccc2n1,5.419695854187012,0.16,N#CSc1cc(SC#N)c(N)nc1N
CHEMBL490295,COc1cc(/C=C\c2ccc3[nH]ccc3c2)cc(OC)c1,4.518213272094727,0.15625,COc1ccc(Br)c(-c2nnc(CCC(=O)O)o2)c1
CHEMBL82091,COc1ccc(/C(C#N)=C/c2cc(OC)cc(OC)c2)cc1,5.051969051361084,0.21666666666666667,COc1ccc(Br)c(-c2nnc(CCC(=O)O)o2)c1
CHEMBL218747,CCc1cccc2c1CNc1c(cccc1CCc1ccccc1)/C=C\2COc1ccccc1NC(C)=O,5.435587406158447,0.2268041237113402,COc1ccccc1CNC(=O)Cn1c(CCC(=O)O)nc2c(Cl)cccc2c1=O
CHEMBL20482,O=C1/C(=C/c2ccc(Cl)cc2)c2ccccc2N1CCCN1CCN(c2cccc(Cl)c2)CC1,4.426471710205078,0.16883116883116883,Cc1cc(C(=O)CN2CCCC2)c(C)n1-c1ccc(F)cc1
CHEMBL126486,COc1cccc(/C=C/c2ccc(C(=O)Nc3cc(C(=O)Nc4nc(C(=O)NCCCN(C)C)c(CCC(C)C)s4)n(C)c3)cc2)c1,4.644009590148926,0.184,Cc1ccc(C(=O)Nc2cccc(C(F)(F)F)c2)cc1Nc1nc(-c2cccnc2)nc2nn(C)cc12
CHEMBL15770,CC1=C(CC(=O)O)c2cc(F)ccc2/C1=C\c1ccc([S+](C)[O-])cc1,3.779849529266357,0.2,Cc1cc(C(=O)CN2CCCC2)c(C)n1-c1ccc(F)cc1
CHEMBL36255,COc1ccc(/C=C\c2cc(OC)c(OC)c(OC)c2)c(O)c1O,4.719995498657227,0.19642857142857142,COc1cc2ncn(CC(=O)O)c(=O)c2cc1OC
CHEMBL370753,OCCN1CCN(CCCN2c3ccccc3C=Cc3ccccc32)CC1,4.8237128257751465,0.17391304347826086,Cn1cc(S(=O)(=O)N2CCC(c3ccccc3)CC2)cc1C(=O)NCC(=O)O
CHEMBL83527,COc1cc(/C=C/c2ccc(O)cc2)cc(OC)c1,4.336413860321045,0.19642857142857142,COc1ccc(Br)c(-c2nnc(CCC(=O)O)o2)c1
CHEMBL954,CCN(CC)CCOc1ccc(/C(=C(/Cl)c2ccccc2)c2ccccc2)cc1,4.950422763824463,0.22448979591836735,CC(CC(=O)c1ccccc1)C(=O)O
CHEMBL289351,COc1ccc(/C=C\c2cc(OC)c(OC)c(OC)c2)cc1OP(=O)([O-])[O-].[Na+].[Na+],5.515900611877441,0.16666666666666666,COc1cc2ncn(CC(=O)O)c(=O)c2cc1OC
CHEMBL1655,CN(C)CCOc1ccc(/C(=C(/CCCl)c2ccccc2)c2ccccc2)cc1,4.985013961791992,0.21568627450980393,CC(CC(=O)c1ccccc1)C(=O)O
CHEMBL504535,CCCN1CC(c2ccc(S(C)(=O)=O)cc2)=C(c2ccc(C)cc2)C1=O,4.966182708740234,0.19117647058823528,CN1CCC(NS(=O)(=O)c2ccc(C(=O)NCC(=O)O)cc2)CC1
CHEMBL166863,CC1(C)OC(c2ccc(S(N)(=O)=O)cc2)=C(c2cccc(F)c2)C1=O,6.400429725646973,0.21052631578947367,O=C(O)CNC(=O)c1ccc(S(=O)(=O)N2CCC(c3cccc(F)c3)CC2)cc1
CHEMBL108,NC(=O)N1c2ccccc2C=Cc2ccccc21,4.663994789123535,0.20512820512820512,CC(CC(=O)c1ccccc1)C(=O)O
CHEMBL165,Oc1ccc(/C=C/c2cc(O)cc(O)c2)cc1,3.61561918258667,0.20930232558139536,O=C(Cc1ccccc1)Oc1c(OC(=O)Cc2ccccc2)c(-c2ccc(O)cc2)c(O)c(O)c1-c1ccc(O)cc1
